AR,Skewness
2.50191,0.300987
2.30813,0.277887
1.84139,0.084148
2.01912,0.248938
2.31829,0.331526
2.17513,0.251891
2.38058,0.372706
1.76747,0.0322212
2.29022,0.410501
1.92608,0.159921
2.42088,0.310976
1.86425,0.159863
2.04748,0.244768
1.85644,0.0712171
2.25402,0.24507
2.73634,0.371469
2.1264,0.257699
1.83297,0.0779924
1.93047,0.16109
1.96355,0.224438
2.08374,0.198795
1.80222,0.0864259
2.17087,0.242833
1.80548,0.0982539
1.84329,0.112734
2.05089,0.22187
2.3873,0.284155
2.17775,0.232347
1.82438,0.0893927
2.1812,0.273378
2.08299,0.183665
1.96937,0.137383
2.65437,0.339967
2.25608,0.245278
1.93045,0.100382
1.9262,0.188662
1.80431,0.0661024
2.25243,0.227714
1.85724,0.081685
2.18608,0.286068
2.20455,0.314585
2.09903,0.28036
1.92762,0.175863
2.05614,0.258446
2.19611,0.267244
2.02833,0.181817
2.04037,0.225707
1.85948,0.15767
1.88415,0.188265
2.47111,0.312117
1.99467,0.143578
2.05594,0.181963
2.00164,0.167133
2.00775,0.14893
2.16108,0.343426
2.16655,0.281218
2.09343,0.247522
1.96247,0.205102
1.93411,0.133258
2.20884,0.240555
1.80129,0.0821366
2.05432,0.243711
2.20885,0.189628
1.90134,0.138267
1.8896,0.175291
2.12649,0.209855
1.88799,0.0745885
2.06719,0.273359
2.35733,0.278948
1.89481,0.117346
1.97362,0.151548
2.37095,0.356153
1.81988,0.0537352
1.95691,0.130442
2.30214,0.240885
2.09441,0.302182
1.79238,0.0712649
2.22918,0.223562
2.08092,0.30318
2.27482,0.24404
2.07205,0.168606
1.81824,0.115026
2.37976,0.276959
1.97069,0.149796
2.00423,0.116526
1.88211,0.185214
2.31163,0.230737
1.90196,0.0999271
1.9967,0.117521
1.88073,0.152707
2.13444,0.301149
1.84925,0.117253
2.6118,0.352641
2.19617,0.300709
2.07008,0.197706
2.45194,0.436153
1.78647,0.0364692
2.01882,0.144261
1.95036,0.217883
1.86151,0.0650978
2.36658,0.315741
1.87859,0.177475
2.00103,0.211672
1.81929,0.0613038
1.87174,0.120098
1.91119,0.205477
2.07866,0.282856
1.97777,0.235759
2.39874,0.41504
2.27606,0.3183
1.9208,0.144126
2.03108,0.253057
2.06732,0.220949
2.019,0.177032
2.13007,0.259017
2.11121,0.25996
2.27446,0.329623
2.48686,0.353129
1.90357,0.106965
2.04195,0.259318
1.86656,0.134144
2.26871,0.235483
2.19403,0.216226
1.90403,0.163598
2.32042,0.242189
1.79407,0.0609837
1.93678,0.227273
1.90141,0.150209
1.92923,0.097627
2.27653,0.293921
2.24667,0.206266
2.018,0.215574
2.12487,0.297296
2.39179,0.330352
2.01512,0.155734
2.53979,0.435153
1.79704,0.0691301
1.82702,0.0894806
2.239,0.21485
3.06152,0.450733
2.70413,0.341322
1.93099,0.165238
2.31878,0.256217
1.83177,0.0761534
2.20551,0.288121
2.06819,0.244389
2.03453,0.223017
1.99237,0.140439
1.93787,0.204674
1.86626,0.151615
2.31843,0.242166
1.79069,0.0815836
1.80968,0.0750745
2.0445,0.191912
1.97792,0.129389
2.31143,0.284772
2.13818,0.28478
2.55236,0.385599
1.9902,0.270662
1.93479,0.19875
1.90371,0.183619
2.34032,0.289293
1.96334,0.116314
1.97771,0.144686
2.28937,0.322998
2.47813,0.356473
2.40797,0.426699
2.40796,0.288006
2.79981,0.369837
2.06396,0.221834
2.15869,0.271857
2.05712,0.307983
1.8689,0.15819
1.90394,0.098009
2.85852,0.374431
2.08597,0.174134
1.97037,0.2146
2.34178,0.409367
2.15245,0.20708
1.81458,0.104074
2.21975,0.215345
2.32686,0.389883
2.40944,0.286606
1.95175,0.120105
2.19906,0.31674
2.0407,0.174418
2.11363,0.178651
2.06712,0.310954
2.05532,0.194426
1.97511,0.138666
1.98647,0.16402
2.11551,0.166424
1.99224,0.193503
1.91516,0.106279
1.93798,0.146618
1.99374,0.265679
2.05425,0.266619
1.99321,0.129514
2.02596,0.267759
2.0623,0.304426
2.11156,0.191733
2.03355,0.277505
1.99613,0.229273
1.85234,0.128246
2.04793,0.203026
2.16564,0.340572
1.77901,0.044263
2.10678,0.25238
2.01018,0.162146
2.45948,0.271207
2.10505,0.219001
1.88837,0.17755
2.26475,0.219289
1.85923,0.0805352
2.14828,0.175807
2.34442,0.261374
2.10543,0.262123
1.94942,0.206008
1.83637,0.0978984
1.9533,0.200754
2.01328,0.120624
2.25131,0.369307
1.80757,0.0968481
2.54632,0.288032
2.1688,0.235483
2.21362,0.222978
2.08293,0.312767
1.96913,0.165198
2.09099,0.161052
2.07491,0.204955
2.55981,0.334572
2.01886,0.145637
1.8874,0.189739
2.00082,0.162101
1.98927,0.229187
2.02741,0.221771
2.1956,0.274652
1.86137,0.0829454
1.93691,0.225205
1.91386,0.194606
2.33867,0.285484
1.8873,0.166846
2.16374,0.178284
1.82884,0.0704719
1.96928,0.161955
1.82397,0.0650394
2.03242,0.134224
2.03948,0.228376
1.85581,0.0793875
2.00709,0.264822
1.81643,0.0691747
1.95945,0.232552
1.95815,0.169371
2.45931,0.331841
2.57268,0.411175
2.04967,0.228673
1.86964,0.145873
2.29733,0.29168
2.13594,0.275111
2.0582,0.207792
1.85342,0.143491
2.14352,0.275512
1.8681,0.140613
2.64921,0.321991
2.20446,0.201941
1.8955,0.112992
2.21372,0.281225
2.05572,0.238069
2.40838,0.318059
2.25943,0.274344
2.22137,0.308856
2.01484,0.27082
1.98665,0.155518
2.19026,0.202192
1.94175,0.137558
1.81016,0.0543293
1.89418,0.198138
2.10189,0.238558
2.12815,0.327359
1.95156,0.163375
1.9282,0.222379
1.90147,0.194239
2.14443,0.24643
1.87006,0.0758486
1.98783,0.253844
2.17559,0.232022
2.09117,0.220526
1.91916,0.172221
1.94768,0.221431
2.07091,0.244007
2.31512,0.24161
1.84745,0.0592276
1.90008,0.184604
2.0405,0.234091
1.95171,0.168465
1.73982,0.0120567
1.92577,0.0986004
2.24784,0.299218
1.89414,0.120572
2.12807,0.220736
2.12858,0.240145
2.1009,0.276775
1.7693,0.0500143
2.51744,0.495503
1.91988,0.134943
1.89415,0.181803
1.96811,0.241056
1.9344,0.22487
2.04305,0.163851
2.09925,0.180877
2.23082,0.350573
2.63632,0.441184
2.19,0.296491
2.50994,0.280591
1.9402,0.177395
2.23732,0.257108
1.98999,0.204816
2.54897,0.480122
2.47784,0.284641
1.89414,0.185639
1.80861,0.0751982
1.88176,0.119185
1.98749,0.201464
2.15214,0.274155
2.30542,0.254851
1.88358,0.190551
2.16139,0.217351
2.14479,0.284654
1.96179,0.236873
2.18583,0.223618
2.24746,0.27743
1.8818,0.0999607
2.04399,0.218447
1.95635,0.142145
2.13993,0.327596
2.34986,0.289474
2.68447,0.356049
1.96521,0.108706
1.96855,0.225773
2.01094,0.177387
1.96696,0.178257
1.96877,0.241448
1.88466,0.140254
1.83966,0.0557569
1.99911,0.161227
2.07216,0.261024
1.88425,0.121428
1.85722,0.149167
2.42836,0.332073
2.26393,0.337839
1.97763,0.161804
2.0732,0.177791
1.91722,0.151788
2.08079,0.214164
2.18072,0.215
2.01324,0.216221
2.1376,0.297486
2.29552,0.396715
1.9964,0.225743
1.945,0.097299
2.0849,0.234681
1.98261,0.254004
2.54661,0.465213
2.11484,0.307151
1.91762,0.0822862
2.45017,0.422393
1.76747,0.0204386
2.23547,0.284557
1.86373,0.0830311
1.95612,0.222573
2.33818,0.381689
2.02246,0.245494
1.9582,0.196178
2.37335,0.274335
1.74422,0.0104346
2.07534,0.232831
2.16838,0.265168
1.77575,0.0449469
1.8037,0.0624784
1.96622,0.170034
1.87019,0.084534
1.9909,0.227291
1.75771,0.0171806
1.85928,0.0617885
1.93489,0.0889856
1.98662,0.125422
2.18539,0.220747
1.89551,0.175011
1.95782,0.135067
1.97013,0.129913
2.4122,0.287372
2.10603,0.239657
2.19355,0.228264
1.973,0.211586
1.94389,0.212455
1.90023,0.188865
1.9288,0.130297
3.41803,0.473369
2.22732,0.30453
1.93258,0.165956
1.953,0.210356
2.11139,0.322014
2.52951,0.367202
2.02853,0.173929
2.03903,0.21402
2.39042,0.35444
2.44834,0.358607
2.03678,0.207193
2.43086,0.29945
1.85171,0.149604
1.96433,0.16849
1.97803,0.26034
2.15438,0.210121
2.10417,0.222813
2.41645,0.334186
1.99337,0.25778
2.02622,0.280142
2.13477,0.257805
2.29326,0.253758
2.03943,0.218508
1.79132,0.0904454
2.07878,0.239395
1.97223,0.236723
2.26301,0.272508
2.16132,0.367189
1.97691,0.149835
1.93415,0.139021
1.84453,0.0682739
2.09798,0.246759
1.84054,0.117647
2.27396,0.241535
1.85594,0.118033
2.27992,0.277611
1.98194,0.206544
1.79196,0.0458651
2.0302,0.228576
1.90405,0.160606
2.06684,0.22807
1.94849,0.161522
2.04267,0.148277
1.9986,0.207132
2.18709,0.291584
1.92325,0.179673
2.2783,0.230902
2.06135,0.239192
1.97313,0.187308
1.99997,0.27669
1.96171,0.176106
2.14287,0.350787
1.99486,0.195987
2.09539,0.211205
2.37535,0.262233
2.23017,0.249286
2.5059,0.302596
2.35038,0.373855
2.26606,0.206431
1.97847,0.188195
2.47606,0.301473
1.97432,0.224877
1.79051,0.042612
1.86654,0.16112
2.61252,0.450042
2.09803,0.164273
2.16223,0.232393
1.95049,0.211685
2.198,0.322993
2.04137,0.306299
1.98365,0.164045
1.93078,0.224876
1.99354,0.123688
1.73697,0.00401836
2.03035,0.238285
2.451,0.366498
2.27879,0.384598
1.8157,0.100758
1.98322,0.217855
1.88577,0.148037
1.98214,0.198304
2.03377,0.270792
2.33203,0.306488
1.99279,0.200283
2.79465,0.47605
2.09798,0.173332
2.30262,0.321775
1.85585,0.113949
2.31377,0.277081
1.97298,0.253872
2.61467,0.340543
1.81008,0.0664615
2.08625,0.232657
1.76214,0.0157602
2.0164,0.131651
1.97465,0.172041
2.16388,0.36483
1.96,0.197237
2.10713,0.313338
2.23271,0.361382
1.83195,0.0846622
1.90572,0.149019
1.79141,0.0713835
2.40362,0.457599
1.97292,0.135656
1.99412,0.15062
2.37285,0.385221
2.02631,0.169936
1.91269,0.135062
2.09918,0.293529
1.89042,0.105915
2.39657,0.449069
2.02007,0.210167
1.85445,0.151799
1.91926,0.124946
1.94015,0.157792
1.99631,0.188388
2.36541,0.243473
2.26249,0.317369
1.99955,0.253442
1.96768,0.215448
1.96382,0.194548
2.08572,0.291156
1.88678,0.15095
2.21498,0.284907
1.83321,0.064518
1.79277,0.0867668
1.99416,0.25831
1.83299,0.134735
1.89851,0.0782101
2.38046,0.301214
2.25936,0.364185
2.63241,0.425322
2.32446,0.344672
1.7932,0.0598887
1.83148,0.0551816
2.35088,0.232191
2.25937,0.258531
1.91929,0.18609
1.76853,0.0506675
2.08236,0.26363
1.81171,0.0927875
1.96322,0.25301
2.13268,0.183357
2.07155,0.212179
2.00022,0.168451
2.33824,0.243446
2.33556,0.384016
2.33373,0.345592
1.966,0.139756
2.10296,0.228963
2.24449,0.224063
1.95984,0.116877
2.37402,0.238906
2.01827,0.126788
1.92432,0.164959
2.064,0.206854
2.6098,0.423794
2.22742,0.303801
2.12447,0.181459
2.1009,0.180686
1.82798,0.118668
2.05012,0.167354
2.10974,0.204916
1.95176,0.157892
2.20884,0.27654
2.24668,0.405712
1.85179,0.0939112
1.82856,0.0594894
2.07313,0.2641
2.0829,0.292971
1.83105,0.0663489
1.93022,0.120083
1.75235,0.0198573
1.90914,0.167845
1.95554,0.164448
1.98308,0.254043
2.11151,0.277428
2.08031,0.248486
1.95592,0.200814
1.96473,0.18196
2.10322,0.169381
2.12239,0.161463
2.52599,0.410096
2.30407,0.305471
2.02596,0.225416
1.93258,0.129409
2.25458,0.399227
1.93035,0.186185
2.01277,0.237566
2.43806,0.346824
2.57284,0.387421
1.77301,0.0488564
2.12308,0.27464
2.08193,0.31239
2.00347,0.123448
1.84275,0.136011
1.87429,0.179972
2.01403,0.206613
2.24273,0.3158
2.34854,0.433543
2.29184,0.368794
2.09951,0.189302
2.66238,0.361634
2.13402,0.276727
1.86281,0.170843
2.17404,0.324092
2.11472,0.3231
2.03987,0.141749
2.14625,0.362846
1.78318,0.0760403
1.95804,0.160187
2.32649,0.308789
2.10563,0.195849
1.80994,0.100569
2.0385,0.157323
1.879,0.152252
1.8406,0.0620043
1.7851,0.0439264
2.07614,0.175236
2.11656,0.326135
2.02169,0.274055
2.0142,0.125873
1.87762,0.137606
2.0456,0.305241
2.21967,0.320126
2.04862,0.259369
1.83969,0.099475
2.15628,0.189965
1.83693,0.0534816
2.67065,0.321534
1.76589,0.0202683
2.07887,0.223948
2.01894,0.197569
2.18424,0.194109
2.15875,0.250681
1.84172,0.148657
2.19937,0.196587
2.00283,0.158175
2.08279,0.272508
2.00818,0.273197
2.47388,0.434547
1.93758,0.228567
1.85397,0.0793283
2.19947,0.298125
1.8398,0.100735
1.80981,0.0810599
1.83899,0.113067
1.86445,0.118538
1.85092,0.0887061
1.83803,0.0908444
1.89032,0.14472
2.16971,0.243043
2.22911,0.20054
2.1498,0.298971
1.85094,0.0883802
1.9126,0.111105
1.91524,0.209464
2.12307,0.267395
1.83941,0.0776646
1.88875,0.0849215
2.74501,0.340449
2.09988,0.270854
2.01709,0.144954
2.11248,0.294341
2.0499,0.262871
2.07807,0.218771
1.86145,0.167405
2.07613,0.183445
2.09512,0.22886
2.12698,0.21503
2.02558,0.162174
2.08344,0.210643
1.94978,0.117961
1.89524,0.0938429
2.28171,0.37666
2.755,0.353591
2.03735,0.190188
2.12861,0.162627
2.42067,0.273115
2.10223,0.17505
2.28817,0.253438
2.57666,0.39679
2.08222,0.28398
1.947,0.0992998
1.96152,0.186246
1.89206,0.186603
2.36669,0.358021
1.98503,0.194462
2.03075,0.22693
2.09461,0.308423
2.23147,0.200819
2.38373,0.322143
1.91908,0.154191
1.90433,0.129204
1.79891,0.0849442
1.95612,0.0994607
2.0549,0.144757
2.54497,0.346037
2.04284,0.257823
2.02887,0.227129
2.33944,0.233595
1.86852,0.0891015
2.35175,0.246185
2.01689,0.274275
2.13645,0.269374
2.15338,0.326769
2.16355,0.222054
2.56292,0.374623
2.08041,0.29447
2.12796,0.24405
2.02029,0.201658
2.01283,0.209256
2.06633,0.18152
2.07825,0.195175
2.5266,0.409656
2.01792,0.236556
2.02281,0.173419
2.1348,0.266181
2.06077,0.293318
2.00429,0.191521
1.80077,0.0790618
2.03672,0.132033
1.83423,0.0908109
2.07231,0.245378
2.01869,0.130518
2.05047,0.173007
2.02333,0.214981
2.20111,0.242093
2.10443,0.165822
2.29203,0.301849
2.15412,0.353633
2.14251,0.328738
2.60312,0.337503
2.13256,0.196381
2.13105,0.302145
1.97772,0.231711
2.19371,0.270398
2.18997,0.185205
1.8841,0.130955
2.1205,0.257203
1.88651,0.149561
2.11689,0.224161
2.0346,0.260865
1.96402,0.219848
2.34287,0.320878
2.34347,0.276519
2.74134,0.454126
2.299,0.343742
1.87177,0.157038
1.86516,0.0826515
1.98746,0.253523
2.17665,0.239683
2.23986,0.214767
1.99378,0.261387
1.81668,0.123231
2.24213,0.267124
1.90173,0.132081
2.06834,0.304998
2.2987,0.279687
2.04154,0.225812
1.83796,0.0940151
2.24386,0.323171
1.80999,0.065609
2.21335,0.190259
1.96275,0.157432
2.02728,0.245712
2.30009,0.328261
2.31931,0.36337
1.89275,0.128451
2.16936,0.222335
2.74837,0.363879
1.80899,0.10659
2.06912,0.199349
2.01942,0.153833
2.10687,0.266183
1.99031,0.121012
2.09978,0.263605
1.8425,0.118438
2.47435,0.273845
2.15598,0.338777
1.89261,0.123849
1.83566,0.0699771
1.99751,0.230564
1.8225,0.0985148
2.45804,0.443571
2.35916,0.43116
2.18339,0.338016
2.05442,0.232873
2.25887,0.223028
2.15294,0.175756
1.88924,0.187832
1.9525,0.220525
1.91244,0.16397
1.97831,0.236136
1.77796,0.0628507
1.87315,0.0688868
2.22005,0.291722
1.96881,0.218266
1.75485,0.0207293
2.46343,0.266889
1.99367,0.118126
2.22634,0.279412
2.09591,0.317624
1.90628,0.100691
2.24629,0.308696
2.3092,0.246226
1.85639,0.147198
2.00286,0.223647
2.00716,0.202864
1.91814,0.181069
1.8538,0.0606057
1.99465,0.181418
1.9524,0.176138
2.14393,0.299273
2.32446,0.263644
2.0308,0.15907
1.96903,0.206253
1.88564,0.0688753
1.90201,0.167283
1.90088,0.133988
2.08668,0.250001
1.9427,0.189309
1.95324,0.12384
2.04229,0.141951
2.11826,0.163871
2.0692,0.201323
1.9918,0.121608
2.56075,0.325393
2.15184,0.233686
2.39615,0.377813
2.10317,0.20456
2.10112,0.198004
2.48487,0.342446
2.36759,0.387767
2.06382,0.276423
2.13982,0.285024
1.96834,0.228337
2.5067,0.29464
1.84175,0.0949305
2.18916,0.28357
1.82931,0.113649
3.12486,0.446777
1.84128,0.0653886
1.86282,0.109789
2.12068,0.317856
1.92216,0.150489
2.05888,0.203551
2.27809,0.258302
2.23324,0.313209
1.94678,0.150417
1.98007,0.180414
2.08477,0.327356
2.00898,0.268183
1.81591,0.0697201
2.21614,0.220317
2.01273,0.219211
2.06199,0.216799
2.13119,0.241545
2.2362,0.296935
1.98767,0.214481
2.22928,0.285957
2.16196,0.35611
2.05966,0.168532
1.80667,0.0463233
1.79069,0.0497587
2.29061,0.397792
2.17293,0.204246
1.97711,0.197781
1.80709,0.100513
1.87967,0.146077
1.9983,0.202733
2.14509,0.29267
2.01344,0.287542
2.25186,0.389225
1.86881,0.117854
2.24526,0.214317
2.20073,0.320141
2.05988,0.226085
2.01208,0.192315
2.15738,0.34599
1.83994,0.0495906
2.01802,0.151721
1.89403,0.17941
1.81963,0.117681
1.85026,0.151441
2.27929,0.235445
1.99348,0.133711
2.02532,0.255268
2.16841,0.215027
1.87431,0.0857052
2.07022,0.293885
1.90033,0.183519
2.12795,0.187668
2.02011,0.160278
2.07342,0.176761
1.92307,0.11183
1.91451,0.155081
2.18255,0.297135
1.9977,0.229791
2.02863,0.164361
2.0468,0.139367
1.92,0.21162
2.05667,0.181749
2.27842,0.306823
2.00366,0.259216
2.02956,0.219579
1.98983,0.13192
2.06603,0.233706
2.23244,0.272225
2.14887,0.282006
1.81561,0.113986
2.11895,0.267152
2.27981,0.361928
2.63001,0.355834
1.91623,0.0882405
2.04348,0.181498
2.1586,0.182748
2.05942,0.177641
2.18911,0.215633
1.85173,0.114518
2.19468,0.382163
2.26148,0.216814
2.36715,0.353559
2.16311,0.214518
2.38121,0.432315
1.90612,0.185426
2.39727,0.298339
2.04141,0.271595
2.23473,0.265142
1.99449,0.192085
1.99131,0.202175
2.16424,0.24664
1.89462,0.163308
2.1304,0.174667
1.82353,0.0457576
1.85916,0.163593
1.92814,0.127723
2.05491,0.16984
1.94301,0.148636
2.16444,0.292077
1.90913,0.116015
1.98023,0.196209
1.82479,0.0859569
2.78222,0.44761
1.74469,0.0212314
2.19802,0.383268
2.05505,0.278761
2.02866,0.133133
2.17081,0.252891
2.27838,0.355546
2.14605,0.259372
1.96781,0.172998
2.47593,0.27983
2.25098,0.277062
1.83146,0.123401
1.91741,0.0883303
1.92322,0.210215
2.07898,0.218759
1.87888,0.150256
1.99828,0.175909
1.96891,0.204942
1.99,0.220855
2.27333,0.351418
2.18091,0.267309
2.34053,0.306226
2.16582,0.214395
2.20416,0.247733
2.15009,0.199348
1.92364,0.13704
1.90296,0.084751
1.93708,0.209158
2.15792,0.251188
2.28925,0.365669
1.83573,0.129896
2.03443,0.193374
2.39019,0.348766
2.21037,0.229795
2.25517,0.271418
2.09929,0.187995
2.46991,0.332265
1.98059,0.185137
1.85401,0.145732
2.16588,0.197243
2.2698,0.258876
1.74388,0.0168166
1.96549,0.247426
2.11088,0.189776
1.97244,0.18144
2.29636,0.316334
2.40733,0.369452
1.87914,0.173776
1.90621,0.200481
2.32093,0.310898
2.134,0.180947
1.87148,0.164524
1.87256,0.118219
2.16303,0.310429
2.22859,0.222912
2.10463,0.327305
2.22573,0.19482
1.89674,0.178287
2.07923,0.291518
1.99004,0.175503
2.03214,0.206729
1.91264,0.193451
1.90519,0.205807
1.82357,0.0458042
2.00384,0.208736
1.99604,0.1952
1.83946,0.108938
1.81835,0.08655
2.0315,0.221015
2.01413,0.143967
2.19473,0.286797
2.00477,0.140115
1.97675,0.192429
2.04194,0.282502
2.35637,0.291768
2.17736,0.317036
2.14932,0.174399
2.19655,0.233002
1.91614,0.115319
2.2238,0.361809
1.84567,0.121318
1.94874,0.225959
1.92714,0.1962
1.82685,0.105456
2.15054,0.218585
2.63321,0.44281
2.07932,0.170522
1.82586,0.0517846
2.16675,0.319385
1.88436,0.154929
2.55446,0.316254
2.17163,0.322896
2.04471,0.30428
1.86732,0.146536
1.94023,0.104576
2.29965,0.36948
2.08913,0.154671
2.08385,0.324331
1.79385,0.0726687
1.99562,0.139152
2.42443,0.387394
2.21609,0.202466
2.0479,0.214353
1.91379,0.207426
1.90963,0.131501
2.04355,0.260268
1.88581,0.131197
1.94475,0.196012
2.58759,0.300793
1.87851,0.0840079
2.20748,0.359711
2.16038,0.243423
2.4266,0.271121
1.97612,0.117547
2.35031,0.28908
2.45852,0.283117
2.16253,0.209654
2.15465,0.286635
2.05688,0.204417
1.90977,0.0953847
2.16284,0.308545
1.82648,0.133479
2.06126,0.318225
2.06288,0.187318
1.81054,0.0440398
1.96732,0.163191
1.9689,0.172728
2.02949,0.234354
2.10017,0.216334
2.05777,0.137766
2.03041,0.254494
1.8051,0.0990984
2.13251,0.191661
1.83979,0.103064
2.15463,0.229415
2.18204,0.287264
2.20637,0.294532
1.91587,0.126625
2.18244,0.204895
2.02826,0.293726
2.18439,0.201387
2.1788,0.295865
1.79635,0.0500252
2.20529,0.229952
2.10611,0.247333
1.85397,0.0959247
2.15752,0.243019
1.76524,0.016838
2.11768,0.250711
1.96348,0.197467
1.96661,0.149373
1.93795,0.159995
2.09277,0.237809
1.9305,0.107635
2.19136,0.277411
2.14144,0.305219
2.04221,0.197267
1.90917,0.163978
1.93949,0.11049
2.07747,0.256535
1.94689,0.138898
2.45164,0.434672
1.75749,0.039963
2.04927,0.227683
2.14595,0.220777
2.0501,0.238542
2.10607,0.314287
2.06058,0.306918
2.36554,0.370463
1.86891,0.106469
1.9098,0.15605
2.04848,0.261874
2.01811,0.129823
2.16021,0.204998
1.97898,0.149695
2.04801,0.243082
1.93182,0.159649
1.85477,0.154763
1.92507,0.179752
2.18205,0.268796
2.10186,0.295816
1.96772,0.21987
2.56645,0.403582
1.82646,0.109102
1.78778,0.0332241
2.14233,0.352371
1.99372,0.151499
2.24364,0.386233
2.0737,0.195085
2.07473,0.257646
1.86637,0.11872
1.96092,0.220427
2.42176,0.329414
2.19714,0.261838
2.19602,0.236307
1.84966,0.0656378
2.07496,0.176518
1.89734,0.113785
2.02563,0.238712
2.05757,0.220385
1.8824,0.153102
2.63692,0.349035
2.02558,0.140709
2.01511,0.121234
2.32579,0.384546
2.36686,0.263179
2.13732,0.194096
1.9609,0.134895
1.92264,0.208247
1.92566,0.0874741
1.8461,0.11989
2.30653,0.225389
1.83355,0.110504
2.33422,0.268366
1.97451,0.194841
2.19994,0.296984
1.89511,0.0798471
2.00831,0.163359
1.88815,0.13281
1.94943,0.143084
1.88882,0.181227
2.18757,0.232491
2.28074,0.341992
2.04494,0.292542
2.1449,0.181362
2.01593,0.126431
1.91927,0.163993
2.06574,0.220783
1.89774,0.147528
2.04352,0.136245
2.8876,0.368218
2.04952,0.271329
2.02712,0.206119
1.96394,0.190213
2.2783,0.242694
2.31401,0.311471
2.19464,0.209677
2.14389,0.273955
1.89645,0.192803
2.31887,0.276018
1.95666,0.152483
2.17077,0.269597
2.06964,0.212508
1.8986,0.116118
1.93938,0.125938
2.20335,0.312618
1.8102,0.0980802
2.37413,0.262133
2.18376,0.23194
2.00209,0.230818
2.04277,0.142114
1.84855,0.142802
2.03947,0.205126
1.78259,0.0401392
1.84013,0.1461
2.2082,0.240412
2.13721,0.169821
2.06933,0.247213
2.17177,0.242535
1.84878,0.0710684
2.00294,0.280781
1.92402,0.193081
2.14369,0.193028
2.0669,0.170108
1.8221,0.0530941
2.2123,0.203551
2.14603,0.252855
2.21843,0.265038
1.90233,0.131959
2.01763,0.222088
2.33475,0.38175
2.12056,0.341219
3.05376,0.463192
2.0025,0.119827
2.15797,0.219524
2.17765,0.242543
2.17002,0.218502
2.2007,0.299669
1.94473,0.229346
2.42983,0.310148
2.0466,0.147718
1.85798,0.104931
2.87739,0.419173
1.91509,0.100987
2.14743,0.302128
1.82987,0.118044
2.2469,0.21706
2.17327,0.302947
1.90932,0.171101
1.90787,0.148884
2.13346,0.215277
2.07766,0.237673
1.91888,0.124916
2.35891,0.310009
2.12099,0.262092
2.03814,0.255733
2.03198,0.176318
1.96057,0.155549
1.91971,0.136429
2.2796,0.262776
2.8397,0.355302
2.31244,0.326353
1.80211,0.100234
1.82305,0.109433
2.29186,0.344073
2.09523,0.198492
1.98047,0.21933
1.92037,0.11017
2.1023,0.218024
1.97729,0.226772
2.00919,0.161108
2.26181,0.257742
2.14712,0.216766
2.0726,0.21065
2.29895,0.360315
1.9487,0.189408
2.03067,0.177141
1.8743,0.122784
2.37292,0.284744
2.09766,0.212498
2.47502,0.307688
1.82032,0.0455832
1.78,0.0259794
1.95512,0.241652
1.93526,0.119573
2.0379,0.245484
1.98906,0.214311
1.86628,0.142865
1.85031,0.136054
2.23073,0.304016
2.53328,0.387233
1.85124,0.0725545
2.23233,0.296732
2.28315,0.31586
2.29446,0.237332
1.78604,0.0409224
2.04907,0.174029
2.02785,0.200311
2.12563,0.171639
1.94296,0.181014
1.95763,0.13682
1.95998,0.186459
2.23937,0.276666
2.50687,0.315821
2.07333,0.293015
1.83837,0.0871811
1.95289,0.160429
2.20566,0.237089
2.41676,0.4235
2.28766,0.215039
2.21233,0.208856
2.3734,0.407954
1.8895,0.0956181
2.64122,0.314767
2.0606,0.207832
2.03162,0.187201
2.1853,0.288204
1.98878,0.122868
2.07342,0.222053
1.96656,0.238558
2.29269,0.30344
1.89391,0.175066
1.87288,0.177748
2.02862,0.183052
2.27545,0.267173
2.21225,0.266358
2.41079,0.436512
1.88936,0.0707655
2.0274,0.250657
2.4883,0.327588
2.15963,0.261341
2.28771,0.232809
1.80839,0.108732
1.8287,0.117092
2.17856,0.259288
2.04375,0.264505
2.53817,0.37263
1.90899,0.0815417
1.85498,0.147084
2.2781,0.321508
2.30983,0.311403
1.87397,0.109888
1.92466,0.211002
2.06786,0.184996
1.86826,0.169568
1.9874,0.218937
2.21729,0.195751
1.88447,0.0783407
1.83542,0.121692
2.34314,0.246268
1.92209,0.183735
2.05062,0.187153
2.13256,0.229301
2.03602,0.150497
2.37168,0.436436
1.93658,0.199562
1.83767,0.0944633
2.04943,0.197239
1.8593,0.137804
1.92693,0.124022
1.99244,0.210393
1.99454,0.122898
1.91516,0.121304
2.12227,0.17478
2.13448,0.199359
2.12779,0.168434
2.2132,0.229675
1.97103,0.252257
1.92783,0.223005
2.0775,0.258246
2.5346,0.295732
2.3622,0.280765
2.10382,0.238007
2.20244,0.319897
2.09761,0.158143
2.24957,0.337687
2.23586,0.29347
2.10225,0.189324
1.97048,0.250203
1.95459,0.1737
2.17337,0.286368
2.18866,0.204144
1.85918,0.143675
2.63016,0.400165
2.05122,0.177032
1.87749,0.125656
1.95333,0.238037
2.22521,0.199927
1.87737,0.162323
1.98223,0.239822
2.21768,0.276545
2.08793,0.166469
1.97002,0.130641
2.39339,0.256007
2.52985,0.294893
1.94565,0.185719
2.00321,0.184686
1.96702,0.173951
1.92879,0.155373
2.01829,0.210062
2.05376,0.14871
1.99953,0.173434
2.25422,0.293789
1.8862,0.110711
1.84308,0.0739263
2.09832,0.23321
2.24513,0.275982
1.97012,0.229069
2.34838,0.238274
1.91929,0.214754
1.90223,0.0933547
2.22516,0.230636
1.96713,0.193709
1.80008,0.079246
2.33277,0.267336
2.05388,0.144006
2.35307,0.292167
1.78571,0.0579876
2.31618,0.360056
2.10893,0.317756
1.95945,0.251873
2.19695,0.200033
2.08686,0.302474
2.36402,0.236961
1.97982,0.175703
2.0393,0.130549
2.20163,0.295816
2.0906,0.240134
2.17645,0.191948
1.92921,0.20544
2.18651,0.223569
2.11538,0.16338
1.94031,0.217369
1.91762,0.0850938
2.02286,0.185335
1.97928,0.13327
2.17605,0.289075
2.18746,0.195173
2.12171,0.163409
2.14468,0.270624
2.05135,0.139951
2.2873,0.25154
2.03485,0.232467
1.91859,0.160966
2.2114,0.317685
2.4915,0.279465
1.98575,0.256349
2.7546,0.37943
1.85518,0.107334
2.17728,0.285871
1.9526,0.12894
1.87366,0.159328
2.32909,0.374449
1.88109,0.161805
1.90741,0.119211
1.90694,0.129407
1.82035,0.0993435
1.90343,0.124486
2.25931,0.215408
1.77658,0.0260608
2.20854,0.23513
2.1062,0.180631
1.83983,0.0693947
2.7446,0.341863
2.00017,0.171277
1.86644,0.0706721
2.08774,0.174671
2.01101,0.245242
2.19435,0.286927
2.29105,0.256679
1.89487,0.118749
2.06657,0.289763
1.90225,0.118333
2.00688,0.151716
1.85633,0.130427
1.98577,0.21642
2.24982,0.220437
2.17283,0.312449
1.90702,0.101346
1.93096,0.196328
2.14326,0.207615
2.25723,0.271846
2.08123,0.264483
1.98846,0.144939
1.93592,0.158523
2.10376,0.332031
1.92677,0.17033
1.89952,0.0865697
2.66522,0.328273
1.87604,0.169252
1.77651,0.027491
1.9778,0.265271
1.96772,0.237108
1.8277,0.0906761
1.89088,0.18681
1.99334,0.162969
1.84177,0.0590102
2.01601,0.18924
2.32323,0.369255
2.53502,0.351587
2.05968,0.163742
1.85085,0.137061
2.25971,0.257468
1.96339,0.1391
1.89045,0.134124
1.99864,0.170616
2.16764,0.232105
1.98464,0.187857
1.94562,0.133266
2.06866,0.275292
1.93381,0.120502
2.12748,0.299819
2.38389,0.399625
2.03259,0.180512
1.80208,0.10204
2.02851,0.28221
1.90378,0.112369
1.84921,0.147363
1.80135,0.0469844
2.10706,0.189383
2.05787,0.237644
2.66527,0.332803
2.05688,0.290315
2.34624,0.293619
1.993,0.140811
2.04416,0.220351
2.63348,0.320756
2.2244,0.275195
2.27415,0.256808
2.29414,0.243105
1.77357,0.0663019
2.41609,0.307197
2.09073,0.265104
1.9403,0.106055
1.80155,0.0836858
2.21975,0.300506
1.87093,0.136658
2.10497,0.194966
2.34425,0.265555
2.04703,0.141661
2.20326,0.284945
2.1192,0.196894
1.82856,0.0780639
2.3992,0.249962
2.04162,0.254389
2.23152,0.203646
2.07497,0.288892
2.10951,0.284243
2.16249,0.294023
1.91153,0.182669
1.8926,0.154774
2.16008,0.19554
1.85349,0.157073
2.20352,0.230662
1.81051,0.0362856
1.89509,0.196513
1.94002,0.234389
2.20993,0.197668
1.97047,0.125379
1.85273,0.161863
2.04078,0.287421
2.08551,0.258911
2.18107,0.318599
2.15793,0.218605
2.04323,0.270625
1.7491,0.0124032
2.29335,0.37221
1.8308,0.0771589
2.05116,0.136218
2.24918,0.247984
1.97311,0.136298
1.81845,0.119477
2.01474,0.17292
1.89754,0.120368
2.42707,0.371724
2.72526,0.346766
2.08434,0.214081
2.21744,0.26338
2.06561,0.225998
2.09187,0.297243
2.20551,0.357819
1.87271,0.0775117
1.8378,0.0711744
2.21109,0.195588
2.13387,0.163043
2.04171,0.237748
2.11089,0.250588
2.18586,0.213274
1.89559,0.101782
2.08392,0.196681
1.7627,0.0363445
2.06622,0.237195
2.24789,0.262256
2.08304,0.256523
2.035,0.281593
1.81599,0.0663607
2.76162,0.343363
2.04984,0.263583
1.85294,0.118127
2.28704,0.33708
1.78742,0.0658094
2.15477,0.204637
1.99328,0.207903
2.07745,0.224891
1.80182,0.0739196
1.79268,0.0743096
2.2282,0.325569
2.14257,0.25
1.89171,0.192072
1.91094,0.172563
2.1354,0.219281
2.13685,0.253233
1.76948,0.0297131
2.13279,0.177217
1.84217,0.134169
2.04815,0.229596
1.97193,0.170586
2.52921,0.326501
1.83715,0.0875195
2.3404,0.392557
1.90085,0.169528
1.90249,0.087537
2.2051,0.347752
1.99873,0.264531
1.99953,0.189875
2.04534,0.204629
2.38812,0.275069
1.9003,0.10206
1.99438,0.251808
2.02147,0.201144
2.53595,0.300435
1.96526,0.245695
2.18287,0.180707
1.85799,0.0927835
2.58049,0.335229
2.15871,0.174989
2.23136,0.332971
1.92277,0.0841608
1.99991,0.178124
2.26535,0.228371
2.27535,0.250783
2.41291,0.337907
2.44674,0.388324
2.16361,0.269272
2.1548,0.303129
2.02314,0.250583
2.63645,0.394432
1.96757,0.166386
2.33518,0.247335
1.94473,0.18809
1.91088,0.1578
2.24253,0.336064
2.18932,0.19822
1.80792,0.0445425
1.93337,0.172271
2.4212,0.259291
1.97166,0.203483
2.03138,0.141978
2.26417,0.25409
1.86465,0.126931
2.21584,0.260827
2.21567,0.355475
2.20893,0.260664
2.09872,0.20913
2.04225,0.232709
1.79127,0.07717
1.9065,0.199049
2.07721,0.219063
1.78749,0.0555815
2.14338,0.325799
1.81988,0.0804361
2.14261,0.224281
1.90236,0.192374
2.08747,0.16963
2.01579,0.211272
1.95283,0.115956
2.04139,0.275582
1.98378,0.14681
2.04915,0.159556
2.0946,0.256263
2.13505,0.315205
1.87323,0.12231
1.78903,0.042146
1.83621,0.0874772
1.89969,0.204018
1.86666,0.111869
1.9331,0.167216
1.80239,0.0683904
1.80556,0.0612348
1.96504,0.125123
2.07754,0.159452
1.86309,0.169589
2.5777,0.302462
1.87622,0.132574
1.88163,0.102969
1.83578,0.0940084
2.56318,0.325226
1.86935,0.173367
1.9448,0.171089
2.0114,0.137446
1.79621,0.0929967
1.92823,0.137482
1.98039,0.178339
2.57979,0.296763
2.2899,0.267065
1.97854,0.19553
2.10608,0.208565
2.03657,0.166874
2.30131,0.368414
1.9359,0.142016
1.76454,0.0403449
1.9819,0.189642
2.13535,0.258198
2.08891,0.17796
1.98477,0.219726
1.97293,0.162079
2.0967,0.221751
1.78869,0.0415195
2.02612,0.2708
2.32489,0.310253
1.87666,0.0920152
1.99291,0.228445
2.37245,0.250796
2.24071,0.250387
2.35746,0.259672
1.88231,0.0907286
1.93577,0.106229
2.18418,0.352702
2.04543,0.160986
2.05303,0.170882
2.42358,0.332486
2.11052,0.204872
2.12155,0.288903
1.8574,0.141389
1.8047,0.0694792
1.81886,0.080481
2.36035,0.241017
1.96001,0.165368
2.11057,0.237879
1.99962,0.16134
1.93513,0.202184
2.29941,0.270517
2.1037,0.1931
2.6576,0.370307
1.84562,0.0562424
2.20219,0.29168
1.89497,0.115424
2.8783,0.392128
2.22731,0.223638
1.8756,0.0710689
2.01089,0.119125
2.2968,0.360699
1.84245,0.136204
2.26204,0.398083
1.88058,0.147272
1.88609,0.10442
2.06122,0.2564
1.99475,0.221092
2.0911,0.207079
2.04627,0.168225
2.22668,0.27066
2.479,0.296241
2.67794,0.369667
1.75967,0.0147356
1.97962,0.142667
1.85815,0.143278
2.25979,0.247037
2.08339,0.170739
1.79786,0.0527487
1.88894,0.108935
2.06279,0.304248
1.95945,0.186818
1.82964,0.0951272
2.04347,0.258849
2.07985,0.182988
1.95863,0.156986
1.95741,0.0995642
1.99977,0.225155
2.09084,0.26181
2.39955,0.249028
2.51409,0.28048
1.7977,0.10035
1.95945,0.23961
2.05503,0.227926
1.77294,0.0240019
1.99403,0.261602
1.82603,0.0672335
1.96273,0.224037
1.98411,0.225724
2.32173,0.227174
1.90427,0.107082
2.15859,0.230581
2.06551,0.189263
2.01291,0.217827
2.27236,0.268053
1.86565,0.136877
1.98392,0.112
1.91279,0.154568
2.15191,0.257969
2.50845,0.333226
1.95878,0.237192
2.14766,0.201552
1.82959,0.120858
2.18832,0.185172
2.1804,0.283203
2.0127,0.140137
2.02705,0.198891
1.96992,0.208294
1.94318,0.230098
2.33734,0.300073
2.04997,0.182353
1.79393,0.0950164
2.0109,0.198769
2.67342,0.405371
2.11449,0.195661
2.1454,0.304623
1.9454,0.184394
2.47283,0.294945
1.85617,0.100728
2.25553,0.265884
2.07198,0.220484
1.99365,0.217129
2.41443,0.303057
1.90246,0.171501
1.93725,0.181139
2.6866,0.363118
1.81515,0.118365
1.83846,0.0818741
2.24138,0.307932
2.02999,0.1413
1.97999,0.20163
1.85772,0.112467
2.13913,0.274707
1.79098,0.0876202
1.81181,0.0948591
2.10621,0.166054
2.19169,0.194391
2.49012,0.377974
2.22188,0.320314
1.87793,0.15096
2.4732,0.276171
2.05123,0.156007
1.96301,0.189032
1.84474,0.119048
2.07456,0.263036
1.99919,0.137851
2.21652,0.287102
2.1204,0.201994
2.5369,0.426657
2.19253,0.260411
2.12838,0.223818
1.88554,0.107512
1.96887,0.103788
1.85172,0.124327
2.14812,0.217117
2.22414,0.264579
1.95918,0.171134
1.84377,0.0633561
1.89203,0.128894
1.94345,0.204669
1.75187,0.0194558
2.42657,0.270738
1.85003,0.0639279
2.12599,0.29377
2.28063,0.229022
1.87114,0.11467
2.05929,0.186502
1.93523,0.215575
1.97296,0.154059
2.30434,0.324998
1.86904,0.169413
2.2178,0.209855
2.01569,0.166463
2.23548,0.218667
1.85909,0.116535
2.42811,0.36149
2.25105,0.264174
1.94497,0.124966
2.3391,0.291913
2.03675,0.290148
2.2172,0.31887
2.01323,0.226681
1.94522,0.110845
1.8418,0.0895795
1.84797,0.0884279
2.40014,0.409612
1.83443,0.131554
2.21812,0.232607
1.94919,0.20315
2.06545,0.27087
1.88945,0.0877049
1.91373,0.173655
1.85908,0.160932
1.83871,0.115203
1.92158,0.0973993
1.9794,0.175042
2.29537,0.331932
1.85727,0.137343
2.21954,0.255409
2.05271,0.1948
1.98732,0.246332
2.03103,0.157365
2.00112,0.235644
1.9975,0.277872
1.79149,0.0454679
1.79783,0.0964442
1.88725,0.143317
2.1051,0.337315
1.95801,0.243317
1.75934,0.0323266
1.88921,0.091745
1.99494,0.19342
2.30308,0.340967
2.03832,0.2255
1.81362,0.0690362
1.74162,0.0127162
1.97897,0.125328
2.18879,0.269356
2.02616,0.221751
2.11317,0.229911
1.96816,0.192145
1.91087,0.139304
2.09741,0.219451
2.1624,0.199966
2.25853,0.211299
1.90612,0.0913252
2.02044,0.175178
1.94991,0.212543
1.86634,0.0839597
2.00273,0.191063
1.93273,0.181481
2.12077,0.195489
2.23164,0.21115
1.99977,0.161254
2.08434,0.155323
1.88245,0.154988
2.54229,0.364798
1.85244,0.0686431
1.87973,0.145993
1.8888,0.0708089
2.32176,0.303015
1.95655,0.180578
1.94059,0.147452
1.91752,0.188712
2.03806,0.146528
1.94361,0.183217
1.98066,0.243612
2.14247,0.166896
2.11874,0.165394
1.90069,0.155333
2.3773,0.284576
1.84815,0.13769
1.84091,0.0584257
1.96359,0.211441
2.38745,0.262868
1.79728,0.0717789
2.20319,0.201544
2.32192,0.295387
2.04668,0.161599
2.20351,0.286556
2.02733,0.268524
1.98166,0.154385
1.82935,0.108388
2.22714,0.243491
2.10024,0.257836
2.27175,0.398855
1.93254,0.225646
1.91413,0.115526
2.00698,0.199589
2.18876,0.27872
2.2728,0.281461
1.86118,0.0846352
2.05324,0.249633
2.11302,0.292061
2.09133,0.235828
1.96087,0.228357
2.3376,0.312466
2.13723,0.229531
2.02717,0.151132
2.53339,0.28709
1.98658,0.264294
1.94301,0.129221
1.93177,0.159219
1.88516,0.107747
2.55764,0.3674
2.20407,0.216685
1.92139,0.161482
1.98442,0.258508
1.88311,0.0804366
1.80578,0.0659894
2.2379,0.262192
1.96257,0.203005
1.81555,0.0919301
2.12437,0.330319
2.02259,0.224535
1.77569,0.0606178
2.05692,0.156714
2.2942,0.262422
2.17853,0.217606
2.16678,0.322274
1.84989,0.134371
1.78627,0.0458978
1.98195,0.15329
2.06551,0.175079
2.28382,0.285206
2.08613,0.249484
2.27097,0.208088
2.03264,0.215124
2.13236,0.229633
1.97587,0.211029
2.39606,0.397677
1.80011,0.0876266
2.05243,0.24429
2.30017,0.290125
2.1306,0.178317
2.34989,0.276351
2.42929,0.297271
2.0634,0.230887
2.20216,0.260853
2.15883,0.282301
1.9405,0.155552
1.90252,0.122556
1.95431,0.214061
1.85456,0.0917528
1.97498,0.218814
2.32813,0.26242
2.15516,0.262281
2.40324,0.288395
2.21391,0.263521
2.13695,0.242431
1.97837,0.158468
2.20878,0.208076
1.85995,0.151736
2.01868,0.196229
2.08236,0.171989
1.96995,0.20535
1.74083,0.0146462
2.2524,0.257018
2.03751,0.259003
2.2036,0.257733
2.09471,0.236971
2.24398,0.225881
2.11595,0.192459
2.05028,0.156002
2.06835,0.200515
1.84237,0.0554955
1.91489,0.149278
2.16227,0.280807
1.90674,0.130102
2.06631,0.293594
1.86549,0.117446
2.04978,0.217168
1.89185,0.175049
1.98597,0.150402
2.02818,0.147139
1.99415,0.148289
2.37773,0.267975
2.07971,0.312328
2.36989,0.270597
1.90279,0.178216
1.84419,0.113333
2.1192,0.344658
2.04932,0.295247
1.96622,0.228451
2.08217,0.181363
2.27514,0.3242
2.00531,0.194296
1.94636,0.212483
1.88545,0.130328
2.31064,0.313243
1.99584,0.156764
2.27001,0.23139
1.99503,0.207509
1.92334,0.173168
2.01026,0.216287
2.0202,0.270885
2.16392,0.297649
2.40394,0.329774
2.16264,0.181903
2.09881,0.202396
1.8903,0.153331
2.1964,0.285115
2.0957,0.158
1.87576,0.178032
2.12347,0.32959
2.2052,0.311397
2.18349,0.370759
2.64322,0.447512
1.94626,0.123368
2.31696,0.240701
1.84387,0.117708
1.82546,0.119716
2.31182,0.257483
1.78719,0.0463117
2.22947,0.238817
1.80757,0.0590869
2.05636,0.166906
2.09277,0.230395
2.38625,0.258305
2.12667,0.233743
1.82115,0.0708849
1.9186,0.178591
1.77813,0.0340397
2.18828,0.277648
1.86114,0.089945
1.97857,0.155199
2.7301,0.358104
2.13268,0.184069
1.86232,0.143336
2.08807,0.219847
1.7831,0.0456328
1.98489,0.230247
2.53707,0.293071
1.84117,0.0649403
2.17377,0.358839
1.8476,0.143719
2.49688,0.325551
1.78141,0.0625414
2.27011,0.277676
2.04502,0.208778
2.34788,0.256522
1.83228,0.0625105
2.1734,0.180018
1.86334,0.12122
1.87956,0.0744205
2.09033,0.17844
2.27555,0.249958
2.14972,0.174236
1.89098,0.0989043
1.94703,0.134841
2.09104,0.224007
2.18684,0.310647
1.79376,0.0624592
2.05588,0.193147
1.79632,0.0743563
2.13572,0.205487
2.17594,0.197215
2.02999,0.262316
1.85984,0.151408
2.26403,0.241402
1.89493,0.0819311
1.93454,0.135507
2.05298,0.20194
2.19237,0.255029
2.23944,0.395382
1.98919,0.190573
2.24643,0.206758
2.11213,0.253217
1.8899,0.115479
2.09435,0.194915
2.05094,0.181052
1.88451,0.0753024
2.17874,0.252197
2.00399,0.151971
2.36398,0.295788
2.10138,0.208702
2.29778,0.264843
1.94752,0.207763
2.14482,0.173831
2.21638,0.299389
2.13867,0.308138
2.04924,0.294525
1.94685,0.135197
2.33875,0.431888
2.04208,0.131471
2.32225,0.28079
2.30392,0.270572
2.22346,0.2341
1.86392,0.107266
1.84371,0.0827374
2.22635,0.202259
2.71332,0.393995
1.88225,0.159282
1.98735,0.146566
1.92379,0.146796
1.93353,0.1556
2.19454,0.224512
1.90999,0.088126
2.19375,0.193325
2.08098,0.198673
1.95581,0.136938
2.12789,0.228196
2.05025,0.214907
2.07673,0.257814
1.88335,0.179845
2.07927,0.239446
1.88438,0.166262
2.38455,0.371272
1.99255,0.212025
1.93345,0.154053
2.01605,0.123297
2.09648,0.16559
1.87171,0.160376
2.11626,0.299395
1.8862,0.180818
2.00543,0.158403
1.95521,0.164908
2.03634,0.201505
2.41443,0.365391
2.02301,0.265859
1.96264,0.151829
2.23055,0.323024
2.18053,0.202983
1.77114,0.02975
2.17846,0.197605
2.14161,0.237093
1.94367,0.182232
2.41589,0.253476
1.87598,0.104387
1.88642,0.178408
2.0165,0.218405
2.24759,0.283611
2.01081,0.13464
2.0978,0.288372
1.92852,0.177056
2.10385,0.320446
2.0018,0.173253
2.02604,0.211214
2.04036,0.261975
1.89313,0.119507
1.84939,0.108519
1.7779,0.0386988
2.1808,0.310986
1.78584,0.0550384
1.94213,0.0935376
1.97861,0.250935
2.05055,0.135918
1.82858,0.128969
1.92651,0.18231
2.00321,0.192551
1.82107,0.124034
2.27736,0.238782
1.90837,0.134542
1.93126,0.124046
2.1734,0.265865
2.38152,0.352684
1.86014,0.0787354
2.15878,0.255345
2.19003,0.213268
2.15539,0.35089
1.8698,0.174532
1.94209,0.195475
1.93503,0.185901
2.61013,0.376392
1.80802,0.0914567
2.05843,0.269981
2.4338,0.265197
1.77729,0.0699187
2.02845,0.169644
1.99318,0.263907
2.71336,0.41171
2.265,0.396589
2.01859,0.121668
2.03191,0.202248
1.92848,0.119391
1.75513,0.0167859
1.81874,0.0424827
1.90665,0.16912
1.78631,0.0765701
2.13166,0.169102
2.00302,0.218175
1.85793,0.0601903
2.30027,0.306833
2.1683,0.223377
2.56907,0.291854
1.90243,0.160898
1.9589,0.105263
1.83356,0.123617
2.28425,0.323135
2.59438,0.30205
1.95097,0.140256
2.00018,0.215764
1.95562,0.169133
2.16003,0.220985
1.81299,0.111287
2.04151,0.166376
2.02481,0.155829
2.45199,0.41066
1.82362,0.0602031
1.88383,0.0909461
1.95526,0.0994189
2.68852,0.350815
2.09028,0.258154
1.861,0.14375
2.19556,0.285033
2.10315,0.211982
1.91721,0.142277
1.9983,0.186512
2.14794,0.181548
2.35251,0.251001
2.27712,0.210622
1.82385,0.0763629
2.29418,0.27019
2.10077,0.234304
2.33617,0.249094
1.82414,0.11046
1.74304,0.0121964
1.82418,0.127261
1.99308,0.242503
2.20303,0.252858
1.89291,0.0944729
2.1961,0.185135
2.13847,0.216517
2.11996,0.178854
1.93899,0.222237
2.05379,0.154056
2.29511,0.308694
1.77772,0.0734044
2.48425,0.379721
1.93713,0.172958
1.84584,0.103474
2.06068,0.205388
1.81224,0.112078
2.05655,0.178328
1.78877,0.057493
2.46553,0.30087
1.92028,0.219968
2.04693,0.191907
1.90809,0.186728
2.1919,0.253427
2.07716,0.201482
1.91183,0.134793
2.27198,0.341565
2.18901,0.275842
1.85366,0.0583943
1.89878,0.161155
2.25895,0.362854
1.93653,0.219393
2.37631,0.277365
2.06385,0.28869
2.15837,0.267481
1.7738,0.0622985
1.94797,0.20724
1.88153,0.0889806
2.02083,0.179315
2.35398,0.339258
2.21479,0.205725
1.93786,0.217893
2.13352,0.313699
1.8335,0.069938
2.1596,0.242277
1.91025,0.134767
1.8755,0.134119
1.82969,0.100668
2.22578,0.287983
1.99681,0.148566
2.0013,0.258323
1.80411,0.108362
2.11981,0.171167
2.16294,0.347397
2.07912,0.25549
2.57445,0.349647
1.84969,0.136562
2.20475,0.227794
1.90727,0.100143
2.03732,0.270928
2.1907,0.246616
1.83338,0.0793332
2.14684,0.238473
1.86394,0.0721698
1.83889,0.0717634
1.87826,0.101042
2.07904,0.166326
1.82316,0.0600365
1.86096,0.110864
1.97555,0.13208
2.01354,0.184461
2.60256,0.305274
1.88433,0.078723
1.7413,0.00467689
2.45483,0.29352
1.81485,0.0672394
2.20009,0.2725
2.07844,0.309067
1.99406,0.263316
2.00647,0.209102
2.60855,0.312312
1.94309,0.162816
2.17871,0.206798
1.77458,0.0549204
2.2285,0.272012
2.07383,0.220094
2.22334,0.237463
2.04116,0.236007
2.13599,0.170383
2.40921,0.26923
2.27722,0.216943
2.02858,0.286731
2.96319,0.527812
2.08098,0.160691
2.3794,0.335929
2.29977,0.34428
2.3951,0.27477
2.27383,0.216398
2.22647,0.254249
1.79651,0.0880453
1.99457,0.249162
2.08301,0.197668
2.3113,0.294386
1.96778,0.110891
1.80659,0.0652598
2.20814,0.228156
2.35869,0.348741
2.15166,0.303636
2.05318,0.153124
2.22575,0.290989
2.20854,0.192151
3.20626,0.461652
1.89482,0.0730296
1.90825,0.186145
2.0707,0.192087
1.90749,0.161301
2.07222,0.14856
2.38332,0.412028
1.97511,0.193312
1.77578,0.0559781
2.21718,0.311241
1.78785,0.0270528
2.17681,0.180399
1.92048,0.141185
2.14376,0.220145
2.34915,0.333374
1.77698,0.0435505
1.81715,0.11571
1.84813,0.0591023
1.86843,0.0644876
2.11645,0.21988
1.98631,0.166669
2.21361,0.323881
2.314,0.284461
2.14,0.205478
2.30043,0.371838
1.84658,0.0554747
1.92605,0.115949
1.77223,0.0192888
2.00905,0.124158
2.02589,0.266499
1.78648,0.0423561
2.24381,0.265259
1.7981,0.100103
1.81949,0.104892
2.20219,0.292257
1.98462,0.260521
1.9966,0.21168
2.04516,0.220013
1.8101,0.0749763
2.1266,0.208573
2.27821,0.362419
2.27104,0.410289
2.14717,0.349095
2.1179,0.167105
1.9569,0.100802
2.22872,0.236684
2.15375,0.28927
1.82574,0.133067
1.91589,0.159424
2.04076,0.153417
2.09285,0.274542
2.11259,0.216776
1.83538,0.0720108
1.89992,0.121536
2.26372,0.234847
1.78411,0.0354006
2.3034,0.308289
1.97434,0.205315
1.91915,0.158542
2.09991,0.23557
2.44152,0.333403
1.88759,0.111691
2.29186,0.257255
1.78651,0.0358305
1.97532,0.179515
2.01286,0.124386
2.49783,0.301555
1.98745,0.165565
1.95254,0.160607
2.16261,0.233584
2.1513,0.3133
2.04856,0.257454
1.92032,0.0918952
2.11213,0.314924
1.98711,0.131329
1.90795,0.178069
2.19306,0.207038
1.93961,0.184249
1.92122,0.170154
1.92112,0.154281
2.39785,0.247405
2.00554,0.261273
1.8204,0.0850995
1.90676,0.0946327
2.35093,0.26727
1.9439,0.235128
2.2564,0.289421
1.97631,0.259938
1.96393,0.143383
1.91484,0.210434
1.99153,0.155127
1.76839,0.0389034
2.12683,0.229116
2.03696,0.148405
2.39023,0.263293
2.0089,0.139552
1.90463,0.135894
2.07679,0.15429
2.33435,0.24908
2.13742,0.204908
1.93788,0.182914
2.00425,0.198184
2.47199,0.271015
1.90497,0.0792249
1.94238,0.169173
1.98054,0.218086
2.0322,0.236374
2.55888,0.374023
2.04184,0.22966
2.35919,0.316521
2.13137,0.174568
2.14614,0.184439
1.9096,0.149785
2.11672,0.253005
1.91972,0.101837
1.83487,0.120711
2.05696,0.2019
2.09063,0.273618
1.8772,0.080565
2.07502,0.149802
2.22581,0.206547
1.82961,0.0521304
2.15098,0.243701
1.80539,0.0465971
2.13861,0.271951
1.87286,0.17204
1.99115,0.190047
2.08493,0.197044
2.07679,0.231277
1.8742,0.155147
2.47659,0.272639
1.98674,0.19458
1.97189,0.171984
1.94529,0.126148
1.7747,0.0312866
2.11301,0.187985
1.82428,0.123864
1.88073,0.169893
2.32024,0.243094
2.13579,0.26223
2.19432,0.293096
2.4645,0.296747
1.90923,0.106476
2.04524,0.200298
2.21326,0.318045
1.8132,0.0680184
1.98879,0.217894
1.99859,0.132087
1.91887,0.196284
1.80877,0.110035
1.85069,0.0791505
2.42539,0.278209
2.14546,0.168404
1.89852,0.147736
1.82852,0.0661298
1.85268,0.0621693
2.21343,0.335025
2.04976,0.308934
2.09765,0.215796
1.91672,0.202025
2.03713,0.299031
1.76817,0.0582911
1.80955,0.0999758
1.90281,0.16973
2.05789,0.242596
2.08476,0.169311
2.24144,0.213935
1.84929,0.110151
2.01544,0.252621
2.47174,0.272306
1.98183,0.22835
2.11744,0.22632
1.9088,0.133695
1.81864,0.0935455
2.07538,0.283382
2.20492,0.250395
2.33849,0.379085
2.35993,0.302345
1.82773,0.0646033
2.25111,0.324322
2.10183,0.267747
2.09964,0.274168
1.94539,0.208659
1.98997,0.179676
2.18719,0.29371
2.0052,0.137426
1.97735,0.14509
2.03959,0.183467
1.9065,0.189833
2.32634,0.240751
1.97519,0.207473
2.03227,0.205226
1.77035,0.0483888
1.87934,0.143904
2.06987,0.308978
2.24582,0.240288
2.09392,0.264599
2.49116,0.307244
2.06698,0.310792
1.89573,0.160823
2.18367,0.244405
2.17742,0.315779
2.12307,0.176805
2.02577,0.258082
1.94701,0.232088
2.14339,0.320544
2.08034,0.175878
2.03668,0.281566
2.08337,0.213412
1.82228,0.12947
2.03766,0.251988
1.97704,0.15377
2.24978,0.305197
2.15439,0.332141
2.32903,0.269516
2.07297,0.209826
2.0449,0.187654
1.9368,0.164666
1.82727,0.0815014
2.0985,0.202434
1.85947,0.142357
2.13014,0.194806
2.18088,0.2226
1.87419,0.122684
1.78919,0.0583111
1.98923,0.159174
1.96349,0.182144
1.84841,0.129896
1.85831,0.0752087
2.31672,0.243157
1.81639,0.110154
1.8356,0.0905766
2.33433,0.227571
2.24295,0.371436
1.8192,0.0840059
2.00615,0.230261
2.03114,0.180083
1.92503,0.208239
2.0211,0.155762
2.25141,0.260334
1.78106,0.0230711
2.03893,0.169592
2.20678,0.235093
2.43643,0.283773
2.1944,0.188093
2.03645,0.180746
1.92878,0.205779
1.81979,0.0889597
2.03141,0.282477
1.95601,0.238838
2.14958,0.248072
2.23746,0.318794
1.84093,0.0850628
2.08481,0.181917
1.76244,0.026367
1.79189,0.060951
2.19119,0.292947
1.8391,0.0749244
2.16509,0.18309
1.93213,0.208942
2.02867,0.16612
2.30035,0.223713
1.80935,0.040692
2.00683,0.145009
2.36647,0.272486
2.04175,0.167742
2.16256,0.290875
1.78932,0.0650866
1.84981,0.0810503
1.81585,0.111219
1.78411,0.0349657
2.17157,0.273934
2.08668,0.216519
2.1708,0.205287
2.07454,0.248966
1.93398,0.0986188
1.8993,0.113433
2.03723,0.284575
2.00284,0.171666
2.08362,0.23215
2.03211,0.188327
1.96794,0.202751
2.2861,0.247467
1.97106,0.122372
1.80249,0.0699035
2.02027,0.158812
2.06767,0.179239
2.12422,0.16655
2.19203,0.223835
2.4249,0.289625
1.88455,0.0990714
1.87728,0.141077
1.99721,0.140146
2.59652,0.461066
2.22745,0.248526
1.82099,0.0890722
2.50658,0.276122
1.78125,0.0679674
2.12236,0.238406
2.03512,0.144355
2.08898,0.178533
1.78763,0.0674017
2.02579,0.235453
2.09006,0.309873
1.93298,0.118364
2.05036,0.275394
2.46216,0.340904
2.05011,0.1481
1.96959,0.209057
1.87281,0.104764
2.19664,0.273705
1.93561,0.190057
2.17691,0.254245
2.43146,0.266635
2.1353,0.312592
2.09059,0.305012
2.18598,0.205715
2.30413,0.249039
1.82798,0.131839
1.95674,0.166087
2.16317,0.286968
2.51982,0.287915
2.17813,0.284892
1.93098,0.0909238
1.9417,0.177937
1.8612,0.107824
1.99777,0.138711
1.80787,0.0694829
2.02633,0.293832
2.19679,0.213401
2.06342,0.226788
1.99004,0.135881
1.92888,0.133761
2.00013,0.20098
1.83245,0.0546382
2.15297,0.31205
2.04803,0.246406
2.19595,0.200711
2.16028,0.229916
2.26014,0.246389
2.33264,0.330752
2.26818,0.289974
1.99316,0.157026
1.93365,0.146421
1.75576,0.0209453
1.92852,0.107363
2.23171,0.215838
2.1257,0.252896
1.92017,0.193866
2.03896,0.199486
2.05507,0.194092
1.91846,0.160792
1.82544,0.0855662
2.29781,0.238608
1.81769,0.0855466
2.34974,0.346639
1.793,0.0584934
2.64902,0.340907
2.19116,0.233498
2.1005,0.225458
1.9898,0.231062
2.0846,0.208773
2.30465,0.268564
2.34831,0.237504
1.93109,0.0906472
2.08964,0.242108
1.96368,0.115302
1.90777,0.203377
2.04543,0.276259
2.10656,0.218906
2.22123,0.261558
2.11564,0.199767
2.39748,0.308479
2.1909,0.271792
2.14144,0.220605
1.80591,0.0944101
2.46832,0.276025
2.01978,0.235145
1.94387,0.130035
1.95965,0.103293
2.20542,0.200308
2.10909,0.160203
2.12602,0.215222
1.75851,0.025761
2.38846,0.255742
1.94315,0.239912
2.40265,0.286705
1.83238,0.077813
1.94574,0.179871
1.911,0.193033
1.96174,0.110644
2.21575,0.318424
1.99447,0.204622
2.44653,0.287132
1.99342,0.171362
2.02356,0.240807
2.20602,0.265256
2.03344,0.196463
2.08853,0.195775
2.13679,0.264332
1.92426,0.0874091
1.99182,0.139314
2.17388,0.265025
2.17413,0.235605
2.04787,0.208989
1.8378,0.116628
1.93809,0.10743
1.90887,0.0816021
2.03451,0.288973
2.37732,0.28006
1.79585,0.0501222
1.95355,0.225145
2.68245,0.347156
2.03661,0.249346
1.99575,0.119694
2.016,0.191874
2.11306,0.325864
2.2647,0.311723
1.87355,0.178164
2.04417,0.250746
1.84576,0.0853566
2.06919,0.185206
2.15344,0.244263
2.07459,0.22292
2.41694,0.26117
1.9166,0.0841246
1.77846,0.0470654
2.17711,0.291689
2.2275,0.202786
2.53367,0.341226
2.11118,0.176902
2.18929,0.285091
2.37692,0.268093
1.87375,0.0713027
2.5447,0.347464
2.36984,0.316744
1.95763,0.188131
1.97197,0.25341
1.84685,0.146193
1.85755,0.0870042
1.94502,0.127378
1.80656,0.0751452
1.93329,0.114807
1.78125,0.0712966
1.8683,0.126377
1.81111,0.0976632
2.31339,0.273031
1.91538,0.0923134
1.83309,0.0740567
2.27744,0.391341
2.29126,0.327088
2.01758,0.198668
1.76043,0.0460304
2.08742,0.265833
2.01569,0.179933
2.46261,0.287565
1.95431,0.15733
1.77663,0.0544426
2.23693,0.251542
1.99456,0.256246
2.126,0.246496
1.93381,0.163926
1.98941,0.199331
2.04172,0.204146
1.94939,0.103626
2.31486,0.283541
1.90579,0.167524
2.43431,0.353921
1.84757,0.0609184
2.24217,0.321086
2.37307,0.377927
2.21018,0.264147
2.37751,0.393207
2.56069,0.325596
1.95485,0.116238
2.27642,0.280694
2.0749,0.176276
2.20244,0.191568
1.84374,0.0831908
2.03578,0.231072
2.12718,0.17411
2.57074,0.301435
1.90523,0.109946
2.1351,0.230418
2.23764,0.383387
2.11231,0.162741
1.89186,0.191728
2.33187,0.334182
1.87035,0.129175
2.0072,0.159511
2.48094,0.385481
2.01594,0.147429
2.00051,0.143437
1.95377,0.120892
1.90521,0.148621
2.02452,0.162818
2.18672,0.225983
1.8717,0.09552
2.10449,0.311499
2.10142,0.221114
1.98606,0.156941
2.24639,0.284292
2.07586,0.195921
2.26965,0.250326
1.9388,0.174064
1.96126,0.116319
1.82918,0.0527299
2.12446,0.279249
2.15864,0.227719
2.19015,0.197069
1.84177,0.148546
2.84047,0.379875
2.25296,0.259856
1.86017,0.128171
2.1364,0.180888
2.51067,0.326489
2.05438,0.141238
1.85549,0.14996
2.37846,0.286304
1.99211,0.186792
2.16263,0.294231
1.85903,0.0699326
2.29387,0.228667
1.94141,0.165877
1.91327,0.131183
1.97311,0.230298
2.06982,0.204131
2.09894,0.30157
1.79411,0.0736162
1.91373,0.193875
1.75824,0.0139807
2.00328,0.138654
2.01189,0.238048
2.24886,0.249687
1.8631,0.078299
2.3445,0.292514
2.10798,0.169098
1.84509,0.122428
2.26747,0.240567
2.43634,0.265644
2.01459,0.139501
2.05671,0.178512
2.22083,0.272585
1.83343,0.133521
1.85856,0.0730843
1.94947,0.154362
2.02795,0.281322
1.81504,0.100556
1.83832,0.0754211
2.12237,0.248343
1.99254,0.159567
1.9218,0.160893
1.97955,0.207415
2.61471,0.31081
2.05833,0.226575
2.07725,0.241731
2.13981,0.202311
2.33205,0.253944
2.09231,0.238445
1.94326,0.0953809
2.03279,0.182129
1.95856,0.100498
1.9532,0.210591
1.79127,0.0705055
1.83466,0.109167
2.08836,0.162748
1.8908,0.0779441
2.13383,0.214671
1.83033,0.0874009
2.40582,0.254236
2.1726,0.192664
1.94728,0.11752
1.96334,0.177276
2.32506,0.284141
2.6323,0.309755
1.9435,0.195923
1.99151,0.128663
2.32741,0.265119
1.96439,0.227285
2.41234,0.302548
1.92203,0.147739
2.02378,0.212768
2.00408,0.190156
2.45376,0.286824
1.89123,0.173448
1.86413,0.0889199
1.91186,0.144983
1.94981,0.101227
2.17075,0.180819
2.17913,0.22538
1.80488,0.0617146
1.79819,0.0882296
1.85401,0.126322
1.9216,0.168909
1.96475,0.157778
2.27941,0.307858
1.85765,0.0833122
2.27758,0.246997
1.99875,0.137376
2.0962,0.20498
2.32906,0.43667
1.83201,0.050487
2.1564,0.207286
2.66733,0.339879
1.82774,0.059567
1.99528,0.179571
2.04608,0.151246
2.03524,0.238127
2.12602,0.233952
2.33215,0.321089
2.00084,0.185375
1.85818,0.072981
1.94014,0.145488
1.75525,0.0326583
2.09286,0.31697
2.04487,0.228999
2.04335,0.23639
2.13379,0.322625
2.01255,0.230126
2.21615,0.3305
1.97637,0.172036
1.98471,0.119292
2.33991,0.245423
2.06301,0.195982
2.10654,0.173868
1.99697,0.15666
2.40034,0.27599
1.90425,0.0903977
1.86828,0.145691
2.28102,0.250211
1.90183,0.172508
1.81033,0.108787
2.25325,0.228163
2.14753,0.240272
1.93146,0.11271
2.61642,0.347936
2.57045,0.293269
2.13598,0.230527
2.40544,0.279086
2.04118,0.171514
2.13581,0.201715
2.28719,0.234055
2.05601,0.172022
1.99086,0.183202
1.97417,0.105692
2.10293,0.214869
1.86384,0.157598
2.51679,0.306425
2.19234,0.243008
2.04791,0.242546
2.04513,0.138737
1.89451,0.139297
1.94065,0.145922
2.54003,0.310502
2.04869,0.160886
2.18284,0.220776
1.95749,0.127388
2.2379,0.378704
2.3088,0.251881
1.83498,0.113123
2.22536,0.262305
2.1891,0.350184
1.99123,0.129776
1.80001,0.0805567
2.03966,0.132873
2.40509,0.383587
2.20123,0.295022
2.03061,0.142657
1.88785,0.139683
2.12187,0.159196
2.09206,0.18053
2.29326,0.22626
2.05783,0.176571
2.29945,0.234689
1.84223,0.138742
2.16314,0.182531
2.02819,0.135812
2.35647,0.382605
2.24385,0.296114
2.0912,0.29969
2.63633,0.310238
2.02884,0.211385
2.14062,0.195973
1.83571,0.13239
2.0636,0.194107
2.1714,0.276665
1.86825,0.113587
1.94027,0.126125
2.00616,0.162644
2.3123,0.25348
1.97849,0.201329
2.36315,0.266434
1.84975,0.0873093
2.62069,0.315739
2.04107,0.299146
1.91965,0.159679
2.5826,0.386461
2.16244,0.246545
1.81674,0.0913305
1.96726,0.137211
1.81105,0.0601935
1.93296,0.10552
1.81416,0.0799952
1.88676,0.160421
2.07839,0.148197
1.94007,0.127977
2.21659,0.23905
2.28615,0.348147
1.98634,0.18625
2.04155,0.187225
1.78901,0.0309213
2.05661,0.163585
1.80748,0.0918132
2.2596,0.22218
1.89114,0.113828
1.7945,0.0762026
1.87084,0.162466
2.14724,0.181875
2.03326,0.243234
1.86381,0.160433
1.98095,0.174691
1.96788,0.218426
1.93371,0.191641
1.82233,0.0636595
1.89059,0.196269
2.09319,0.243985
1.87743,0.113316
1.90826,0.154212
2.0912,0.177412
2.37448,0.409482
2.08954,0.212674
1.98942,0.163047
1.79509,0.0575593
2.09743,0.24979
2.22416,0.246632
1.84952,0.0690079
2.26772,0.381951
2.09341,0.192791
2.04151,0.136846
1.86446,0.14897
2.0536,0.239284
1.84361,0.0710035
1.89185,0.0724037
2.0878,0.186001
2.25294,0.255465
2.25785,0.276974
2.71704,0.353241
2.09919,0.188055
2.21379,0.216497
1.86238,0.0932275
1.89614,0.0734956
2.00943,0.149045
1.9933,0.263542
1.97465,0.23108
1.9826,0.140607
2.44173,0.288804
2.33904,0.230346
2.16415,0.363113
2.18138,0.202721
2.01495,0.151699
2.03424,0.176266
2.08973,0.25254
1.77011,0.0324966
1.94538,0.221232
2.00358,0.140793
2.06891,0.292766
2.11298,0.179512
1.96299,0.173956
2.04119,0.1421
1.95856,0.248498
2.73309,0.407865
1.95546,0.133321
1.92771,0.224968
1.82317,0.113561
2.31567,0.264597
1.83953,0.0744678
2.00836,0.235085
2.27584,0.224762
2.06576,0.200149
2.17241,0.334404
2.03783,0.162619
2.72273,0.387707
2.14657,0.258892
2.12591,0.223347
1.96273,0.163935
2.02129,0.194817
2.09373,0.265926
1.99775,0.246716
2.37993,0.369148
2.29574,0.224767
1.93416,0.174823
1.87045,0.13212
2.13343,0.289715
1.99941,0.273024
1.90579,0.0844043
2.27608,0.260519
2.123,0.273808
2.17757,0.305006
2.13183,0.239679
2.03461,0.295841
1.87491,0.1681
1.95302,0.227285
1.78461,0.072345
2.21963,0.254476
2.20288,0.204774
2.10804,0.308459
1.89083,0.169209
2.05397,0.282279
1.88585,0.158644
1.78453,0.0283394
2.07262,0.163414
2.22489,0.2315
2.0181,0.240813
1.96696,0.20293
2.16404,0.208541
1.74825,0.0223375
2.08624,0.226295
2.00651,0.144051
2.41625,0.338936
1.94488,0.232114
1.86409,0.143535
2.10395,0.179481
1.9361,0.159094
2.74522,0.431667
2.18074,0.238455
2.27921,0.286343
1.77485,0.0289355
2.3897,0.275589
2.01718,0.215298
1.87549,0.070693
1.96436,0.195579
2.09598,0.168751
2.18294,0.21461
1.98328,0.176944
1.9581,0.180601
2.15763,0.175561
2.23645,0.227361
2.29669,0.241613
1.91416,0.195879
1.868,0.130616
2.08583,0.284807
2.26397,0.317296
2.13503,0.175855
1.95182,0.184245
1.93194,0.127827
1.93283,0.161385
1.97133,0.225375
2.35785,0.322937
1.83936,0.052168
2.13282,0.295755
2.05384,0.154391
2.19727,0.216546
2.10235,0.31315
1.98874,0.157739
2.30416,0.242785
2.30223,0.236336
1.85433,0.0687867
1.91598,0.18291
1.86546,0.17433
1.91961,0.112777
2.78561,0.450221
2.17669,0.257147
2.1081,0.179095
1.88135,0.0767334
1.87989,0.141377
2.1946,0.220923
2.15613,0.221657
2.07175,0.291825
2.07415,0.265816
2.30748,0.241215
2.23426,0.258193
2.09866,0.207809
2.21791,0.22767
1.90996,0.162644
2.2032,0.296222
1.73384,0.0026091
2.35242,0.311471
1.80342,0.0867187
1.8495,0.101109
1.81785,0.0943698
1.8967,0.194844
1.80188,0.0928862
1.90232,0.192762
1.95518,0.10223
2.11109,0.187917
2.07933,0.168805
2.09785,0.188628
2.21499,0.36293
1.85079,0.152946
2.42715,0.286542
2.63747,0.377269
2.03872,0.146151
2.13401,0.231082
2.05456,0.251883
1.96259,0.254838
1.97813,0.142424
2.34578,0.266132
2.08785,0.163735
2.2182,0.201602
2.20245,0.308503
1.87757,0.149374
2.07526,0.16834
2.01872,0.212257
2.40589,0.349624
2.06246,0.155587
1.98931,0.266796
1.8078,0.0922663
1.99363,0.183435
2.12086,0.310318
2.04258,0.136221
2.47591,0.305261
1.96053,0.173299
1.9364,0.129662
1.88271,0.0707165
2.33852,0.343073
1.99103,0.189602
1.9014,0.129638
1.86505,0.165669
2.11128,0.188395
2.0259,0.144944
1.78517,0.0278474
2.17525,0.202317
2.04425,0.217457
1.828,0.116324
2.04863,0.151015
2.15372,0.188533
1.96739,0.121565
2.24342,0.22499
2.31823,0.25427
1.99991,0.117847
2.24172,0.313154
2.07007,0.168948
1.93741,0.229256
1.91851,0.186781
2.08681,0.212371
1.86734,0.167812
1.83491,0.112203
2.40233,0.314682
2.03066,0.148209
1.92317,0.0845152
1.92686,0.215087
1.88655,0.149543
2.30887,0.25093
1.90742,0.166153
2.00861,0.188878
2.09149,0.205673
2.58848,0.39248
1.8934,0.0893355
2.19014,0.186525
2.3495,0.240341
1.96905,0.181083
2.41421,0.25
2.19737,0.204955
1.97938,0.266888
1.87492,0.125917
2.41421,0.25
2.32617,0.26768
1.83743,0.116227
1.93133,0.204634
2.52755,0.380297
2.33704,0.287412
2.17194,0.315432
1.94593,0.161897
2.05146,0.246968
2.00594,0.227472
1.83902,0.07437
1.92737,0.15132
2.05927,0.142349
2.10023,0.17893
1.7846,0.0414158
2.01364,0.237489
1.92937,0.114711
2.26899,0.216996
2.03988,0.261926
1.93646,0.225456
2.20949,0.240529
2.01505,0.13637
2.25747,0.266658
2.48422,0.30046
1.9354,0.127425
2.24913,0.2187
2.02342,0.210318
2.2003,0.300098
1.88399,0.0718793
1.9758,0.146071
1.98435,0.23135
1.86994,0.167957
2.03025,0.173286
2.39869,0.276584
1.86647,0.160067
1.98492,0.223509
2.19055,0.18799
2.17523,0.37079
2.23752,0.243761
2.12544,0.173075
2.12351,0.19615
1.90549,0.122486
2.04631,0.203145
2.36001,0.336831
1.86177,0.114782
1.94236,0.133613
1.75789,0.023792
2.09358,0.230674
2.44393,0.392673
1.87251,0.128107
1.89843,0.198856
2.15951,0.21891
2.1244,0.273313
2.30793,0.291841
2.216,0.204883
2.32486,0.267291
2.22304,0.210736
2.33815,0.40669
2.31837,0.308271
2.30583,0.277456
2.38494,0.271005
2.09671,0.260999
2.24937,0.229242
2.14726,0.181389
2.003,0.153441
1.95035,0.126536
2.03886,0.151683
2.192,0.262813
2.06087,0.179907
2.30046,0.25
2.17545,0.230436
1.83855,0.100741
1.82265,0.0612487
2.1654,0.262151
2.28899,0.383164
2.10898,0.235674
1.87816,0.116595
1.95849,0.178909
2.21106,0.331292
2.22964,0.19847
1.90339,0.162418
2.21166,0.338956
1.83999,0.112962
2.1387,0.194568
1.84713,0.121075
2.01715,0.286597
2.3284,0.304225
1.93136,0.144347
2.10398,0.281039
1.80847,0.0651856
1.85455,0.0980113
2.32879,0.305251
1.89213,0.107443
1.95241,0.102091
2.12127,0.189382
1.96838,0.249454
1.86777,0.124321
1.80849,0.049041
1.93056,0.220707
1.84742,0.0763676
1.85117,0.0779898
1.80871,0.0838437
1.90555,0.163364
1.97028,0.17709
2.55816,0.351343
1.98098,0.130499
2.12534,0.287652
1.75398,0.0229021
2.04984,0.137479
2.07994,0.153385
2.38924,0.244455
2.033,0.152232
2.33821,0.248357
1.82579,0.128445
2.07364,0.309579
2.23641,0.283455
1.92317,0.0964218
1.87823,0.116573
2.25101,0.404095
2.06382,0.249791
2.29315,0.269701
1.88414,0.126275
2.42772,0.33462
1.95837,0.137554
1.92763,0.15402
2.01021,0.132646
1.95565,0.14376
2.22213,0.203153
1.90663,0.176
1.76277,0.0405505
1.86231,0.126528
1.96999,0.186912
2.27901,0.214542
2.02119,0.141717
2.35428,0.344713
2.1731,0.296762
2.23044,0.293038
2.22428,0.286212
1.91088,0.114545
2.17645,0.257397
2.07914,0.145396
2.16304,0.287043
2.38135,0.251336
2.30537,0.25
1.95044,0.147086
1.98984,0.223398
2.22433,0.205419
1.98641,0.229784
2.21802,0.321299
2.10348,0.199109
1.8547,0.056776
2.09075,0.191537
2.21118,0.360903
2.05142,0.212098
1.93782,0.1236
2.25709,0.296052
2.22343,0.387781
2.16997,0.205075
2.13206,0.24697
2.25264,0.280141
1.96571,0.117951
1.84656,0.13253
2.04371,0.135028
1.83273,0.129813
1.83189,0.0701482
2.00463,0.276028
2.14103,0.296737
2.29358,0.238196
1.94891,0.217296
2.13623,0.166562
2.05011,0.212676
2.05496,0.142911
1.85219,0.150952
1.84243,0.148938
1.85838,0.0708132
2.23971,0.278008
2.01976,0.160385
2.13893,0.25518
1.93512,0.100014
1.7544,0.0230017
2.15337,0.204575
1.81391,0.115688
2.46253,0.273686
2.04162,0.17779
2.1173,0.16605
1.86113,0.0856035
2.01385,0.269792
1.93211,0.172513
2.07182,0.154366
2.33939,0.233292
2.06005,0.159008
2.0025,0.195936
1.85844,0.0778161
1.77855,0.028504
1.84203,0.0913032
1.81574,0.0981492
2.01928,0.131116
2.28678,0.294576
2.18017,0.194323
2.4053,0.25099
1.96766,0.252503
2.10323,0.248935
2.20268,0.338263
1.99185,0.252034
1.98168,0.137763
2.19493,0.304607
2.05236,0.246184
2.25422,0.382043
2.13921,0.191631
1.91228,0.185493
2.21236,0.195393
2.22261,0.200577
2.14815,0.28789
2.44751,0.322142
2.12193,0.204381
2.06554,0.255671
2.23462,0.312974
2.42767,0.327007
2.41023,0.274199
2.24807,0.283654
1.86057,0.0898592
2.20073,0.19823
2.04764,0.201038
2.45638,0.287729
2.29987,0.331435
2.07921,0.244106
2.03747,0.244326
2.28948,0.233965
1.97359,0.13598
2.16458,0.222679
2.47235,0.289689
1.95905,0.172053
2.03002,0.253546
2.23061,0.26323
1.98928,0.143072
2.41421,0.25
2.02816,0.178145
1.81013,0.101687
2.3262,0.25066
1.97419,0.161896
1.76854,0.0533242
2.16595,0.199101
2.03689,0.270774
2.46364,0.296033
2.12892,0.258799
2.16054,0.213922
1.93908,0.174758
2.03708,0.300854
2.06154,0.141302
2.00131,0.25038
1.89107,0.160492
2.11017,0.183712
1.89255,0.186243
1.78736,0.0831684
1.84216,0.0750779
2.02991,0.216986
1.8646,0.094498
2.21426,0.215972
1.99724,0.233787
2.16497,0.199692
2.09943,0.24868
2.29849,0.260663
2.02246,0.265942
1.85231,0.158696
1.78635,0.0520202
1.83152,0.129144
2.04436,0.264294
1.87891,0.152073
2.289,0.319274
2.18885,0.26068
2.08704,0.325149
2.24028,0.273237
1.85251,0.0672499
2.23555,0.21036
1.86122,0.0751291
2.39658,0.409592
2.13632,0.200487
1.78358,0.0412345
2.19001,0.208034
1.94583,0.236369
2.06792,0.201542
1.83912,0.0750382
1.9935,0.233813
2.54273,0.410075
2.02706,0.127105
2.08319,0.229145
2.32851,0.284237
2.14907,0.237134
2.29634,0.30614
2.25758,0.215941
2.30935,0.2679
1.89509,0.135073
1.93304,0.0933848
2.06859,0.14873
1.99136,0.204346
2.04555,0.186404
1.93242,0.200533
2.13936,0.301084
1.92637,0.131113
1.93875,0.162383
1.87931,0.102941
2.36184,0.326455
2.2281,0.307292
2.17881,0.331655
2.27433,0.313318
1.96914,0.15771
1.7583,0.0288787
1.94357,0.183918
2.23106,0.258593
2.28354,0.280296
2.3464,0.265662
2.26307,0.250668
2.14928,0.171043
2.3746,0.280753
1.88399,0.0819543
2.12831,0.186972
2.1164,0.16288
2.02177,0.150456
2.33527,0.269524
1.90224,0.119005
1.76564,0.0425953
1.79748,0.0431655
2.30536,0.226403
1.98585,0.168138
1.84438,0.070143
2.26632,0.229177
1.86705,0.0774727
2.63484,0.309488
2.13242,0.237353
2.07973,0.1829
1.92508,0.199863
2.13917,0.201349
1.89603,0.128976
2.0996,0.264777
1.79128,0.0847197
1.89256,0.0867907
2.05114,0.148416
1.95978,0.112847
1.89197,0.141618
2.14342,0.192142
2.41072,0.289175
2.2966,0.217464
2.26782,0.311553
1.89412,0.0944046
1.88762,0.117504
1.8707,0.119688
1.942,0.103556
2.03089,0.144738
2.08206,0.168132
2.21009,0.2294
1.91638,0.089735
1.90773,0.0801989
1.99536,0.268341
1.8254,0.127939
1.79261,0.0282513
1.74581,0.0179679
2.39392,0.323415
2.06812,0.145925
2.05721,0.286651
1.90713,0.0929291
2.29415,0.244302
2.30467,0.226938
2.60811,0.414197
1.83752,0.145058
2.23325,0.249708
2.03851,0.167381
2.26445,0.242699
2.18023,0.221078
2.37082,0.325722
2.59199,0.303044
1.82326,0.118897
2.33796,0.289106
1.92433,0.114354
1.84944,0.0802712
2.27142,0.322445
2.02767,0.246272
2.22371,0.286667
1.91358,0.115436
1.99094,0.180445
2.08086,0.186985
1.83348,0.0791786
1.96393,0.158179
2.10074,0.21061
1.86064,0.0869133
2.51478,0.288517
2.22319,0.203035
1.78309,0.0671934
2.61109,0.309701
1.86879,0.101086
2.19817,0.23044
2.00645,0.266525
1.78765,0.0516209
2.22429,0.232006
1.93882,0.105165
2.10098,0.214776
2.07169,0.318978
1.95533,0.168015
1.8946,0.16279
2.08382,0.163479
2.16348,0.339246
2.09598,0.253632
1.99901,0.16746
1.97453,0.122375
2.18624,0.223757
2.05594,0.196987
2.27853,0.238003
2.64261,0.315319
2.30454,0.26789
2.04001,0.194703
1.8875,0.194318
1.77196,0.0417842
1.8595,0.155009
1.85881,0.109435
1.83604,0.137678
2.10851,0.295444
2.07441,0.255736
1.93574,0.101729
2.31733,0.23848
1.79584,0.0965891
2.28309,0.259986
2.0436,0.227744
2.42147,0.255509
2.16547,0.280364
2.19151,0.253021
2.01801,0.183084
2.19733,0.187319
2.23061,0.393852
1.91682,0.0903567
1.98732,0.214119
2.02082,0.161335
2.05263,0.238707
1.83466,0.0793215
1.97236,0.186244
1.96897,0.248701
2.15298,0.261934
2.07124,0.318339
2.02677,0.161147
1.95761,0.159129
1.9739,0.119469
2.1718,0.237026
1.91533,0.195261
1.94986,0.19066
2.30897,0.25
2.28459,0.234748
1.848,0.104105
2.12419,0.178305
2.13564,0.297866
1.79907,0.0894297
2.33183,0.230088
1.77939,0.0501683
1.81845,0.114423
2.06315,0.231225
1.92809,0.210324
1.989,0.169476
1.98136,0.141053
2.13909,0.28199
2.31272,0.22216
2.11545,0.225239
1.97702,0.238618
2.86069,0.407276
2.08335,0.151475
2.4257,0.309394
2.14209,0.188935
2.67474,0.355629
2.17086,0.215023
2.0727,0.322862
1.90435,0.197558
1.97397,0.12379
2.06864,0.258759
1.86664,0.159899
1.91067,0.175803
2.06601,0.208782
1.89723,0.177219
2.2379,0.236045
2.02888,0.146219
1.85091,0.0810853
2.15076,0.22628
2.32192,0.247304
1.99636,0.26964
1.76946,0.0297447
1.92026,0.171219
1.97361,0.186385
1.9595,0.112854
2.15152,0.169878
2.14295,0.20066
1.99847,0.238974
1.97463,0.170171
2.02732,0.28338
2.20346,0.209132
1.96524,0.228847
1.9997,0.247961
2.10696,0.246268
1.86846,0.0618518
1.98909,0.122604
1.86983,0.101551
1.84339,0.139571
1.96544,0.147169
1.89541,0.103536
1.90001,0.117578
2.1479,0.218374
1.97803,0.227008
1.78913,0.0425033
1.83106,0.135781
1.82437,0.0597315
1.9761,0.191987
2.1826,0.346106
2.30617,0.228225
2.21532,0.248317
2.24078,0.215421
1.89911,0.157258
1.90499,0.191536
2.00465,0.182547
1.98199,0.233052
1.84104,0.0666853
2.16873,0.276803
2.07398,0.187832
2.30777,0.410815
2.09766,0.195415
2.27775,0.244361
2.47005,0.370773
1.99,0.191657
1.85525,0.140252
1.98279,0.138717
1.96251,0.174092
1.8277,0.0543253
2.28488,0.316374
2.16586,0.304322
1.80885,0.108097
2.09989,0.208241
2.40288,0.248512
1.98684,0.158151
1.84102,0.0571608
2.23663,0.247059
1.99921,0.12355
1.86714,0.145943
1.88352,0.0705656
2.33398,0.335989
2.15916,0.21465
1.97606,0.165792
1.98373,0.172466
2.40156,0.255398
1.82274,0.12788
2.1179,0.224618
1.88446,0.1018
2.33205,0.325318
2.34774,0.24888
2.33759,0.334309
1.81232,0.0401864
2.36884,0.387196
2.06745,0.159126
1.94677,0.164536
1.91293,0.142736
1.96354,0.130545
2.21258,0.262849
2.30165,0.314814
1.81462,0.0598399
1.79085,0.0356924
2.237,0.257249
1.87894,0.0977488
2.01022,0.244877
1.78105,0.0266987
2.3475,0.244759
2.03559,0.192444
2.41575,0.348214
2.18567,0.21328
2.09032,0.204386
2.20462,0.245843
1.87473,0.120953
2.57203,0.32551
1.9512,0.0966616
1.98665,0.178692
2.45396,0.284726
2.36434,0.288179
1.88794,0.0893093
2.46843,0.280588
2.26747,0.223295
2.15767,0.340497
1.88398,0.129067
1.96425,0.162492
2.03785,0.19563
2.02295,0.161208
2.47826,0.269329
2.07136,0.21249
1.98014,0.138585
2.07775,0.229812
2.23415,0.22267
1.9317,0.112207
2.32266,0.273369
1.96218,0.11971
2.23976,0.273958
1.94036,0.211882
2.05287,0.303037
2.24131,0.244199
2.02543,0.269858
1.80374,0.103501
2.06883,0.242396
2.16349,0.190422
1.99502,0.270644
1.88671,0.13522
1.86914,0.114162
1.92862,0.222221
2.17917,0.285673
2.09625,0.170266
2.19344,0.256177
1.84895,0.0723175
1.94603,0.191464
2.22031,0.315448
2.00504,0.149679
1.89812,0.15141
1.97794,0.243126
2.18235,0.214436
2.20739,0.218426
1.9108,0.160634
2.24881,0.220813
2.08255,0.170168
2.08179,0.304916
1.94748,0.125944
1.91552,0.113965
2.14318,0.180723
2.03651,0.259312
2.08108,0.19513
2.36152,0.237273
2.28317,0.2527
1.95209,0.171357
2.3168,0.273012
2.41102,0.401653
1.81549,0.0848208
2.02323,0.277798
2.14689,0.25689
2.12662,0.281478
2.12845,0.227499
1.9667,0.237249
2.18873,0.185759
2.17675,0.226831
2.13988,0.251258
1.82318,0.12812
2.29605,0.2743
2.22518,0.198008
2.10915,0.161377
2.05454,0.226026
2.22971,0.202568
1.81662,0.0603172
2.11936,0.31386
2.26188,0.239386
2.22694,0.332141
2.41659,0.273105
1.81152,0.0682165
1.88247,0.131375
2.19287,0.244159
2.2383,0.261728
2.26061,0.391548
2.2437,0.310101
1.8606,0.108567
1.75408,0.0348483
1.84242,0.0505197
1.86845,0.1708
1.83143,0.09805
2.38491,0.242104
1.96964,0.220165
2.21353,0.210977
1.8107,0.0542185
2.1,0.211281
1.99251,0.173728
2.114,0.230539
1.77634,0.0212936
2.01243,0.268362
2.17542,0.231825
2.26597,0.233167
1.8895,0.139613
1.95128,0.130013
2.03334,0.189044
2.03091,0.150709
1.85916,0.0679332
2.20327,0.233162
2.15842,0.336443
1.89674,0.129698
1.83911,0.0926141
2.17466,0.221564
2.25833,0.241298
2.30181,0.267672
1.90927,0.117487
1.96167,0.130191
1.83381,0.124419
2.13897,0.2503
1.84878,0.071189
2.25491,0.221083
2.02471,0.230794
2.37107,0.26752
2.18641,0.284151
1.94381,0.166233
2.33447,0.279981
2.23308,0.196033
2.15338,0.253808
2.14949,0.218788
1.98699,0.195644
2.02879,0.142827
2.11714,0.210413
1.92461,0.17276
1.95232,0.15844
2.00112,0.122232
1.82958,0.0919115
2.24974,0.234245
1.82748,0.0804757
1.86038,0.123781
2.09406,0.210032
2.17209,0.257837
1.87369,0.181828
1.91608,0.122737
1.78839,0.0362066
2.07859,0.197955
2.02938,0.268484
2.28208,0.22534
2.10138,0.21575
2.14638,0.193694
2.03173,0.202695
2.0073,0.165163
1.86965,0.0965955
1.90841,0.0857495
1.90337,0.155095
2.03186,0.226583
2.44518,0.25972
2.27502,0.279268
2.21346,0.216304
2.13214,0.191972
1.85896,0.16453
1.87739,0.182955
2.2555,0.207379
1.88792,0.157639
1.9167,0.166115
2.20938,0.283953
2.3587,0.253684
1.85381,0.0704878
2.04962,0.157182
2.09968,0.159652
1.87189,0.155784
2.41421,0.25
2.20391,0.251767
2.23413,0.301914
1.8298,0.0928271
2.07609,0.218392
2.01656,0.203078
2.27268,0.217738
2.03621,0.136355
1.96402,0.239828
2.37749,0.239966
2.02922,0.132572
2.01764,0.267311
1.89518,0.117237
1.98291,0.208364
2.12464,0.160575
2.03371,0.211456
1.83391,0.115938
1.84382,0.125671
1.87823,0.0755135
2.40571,0.255922
1.83478,0.121194
2.03221,0.198237
2.38089,0.250908
2.34791,0.294759
2.27344,0.211437
1.8227,0.0566559
2.0892,0.220108
1.96341,0.184578
1.91864,0.20922
2.17824,0.299195
2.07271,0.191443
1.93345,0.132093
1.93465,0.119622
1.79378,0.0407007
2.36981,0.338183
2.0192,0.190552
1.76655,0.0432927
1.8209,0.078999
1.97274,0.197489
2.24584,0.242006
1.86088,0.0737426
2.22749,0.257533
2.20169,0.286119
2.29735,0.235825
1.78786,0.0847259
2.14817,0.208599
1.98452,0.127611
1.75759,0.0425013
1.83245,0.107223
2.32961,0.241249
2.06344,0.188503
1.90278,0.190626
2.32253,0.288961
2.1184,0.172732
2.02359,0.178277
1.84495,0.147154
2.24062,0.205482
1.99333,0.118779
2.16642,0.240057
1.83704,0.0540156
2.01685,0.242606
2.19872,0.191269
2.14866,0.224229
1.85604,0.0722625
2.26277,0.249311
1.88338,0.123825
2.29199,0.241845
2.09725,0.286478
1.82682,0.126194
2.57618,0.341014
2.27697,0.2132
1.97318,0.210464
2.21288,0.294722
1.84004,0.102832
2.32085,0.243228
2.15759,0.239055
2.02007,0.263582
1.79894,0.0755236
2.27192,0.293386
2.33324,0.238472
1.96476,0.147661
1.77391,0.0550107
2.04797,0.193692
2.13988,0.18987
1.78464,0.0591159
2.18377,0.300716
1.99796,0.125431
2.0679,0.165994
1.95254,0.13008
2.41688,0.256321
1.81725,0.106954
2.22569,0.260442
2.09464,0.161266
2.41281,0.311439
1.79055,0.07869
1.95097,0.11157
2.34809,0.308483
2.34155,0.312814
1.90385,0.0834856
2.19642,0.276237
1.7744,0.0557602
1.97458,0.154376
1.93042,0.10149
2.15917,0.21154
2.08968,0.148082
2.03669,0.129785
1.93678,0.173171
2.31427,0.25
2.11859,0.171198
1.94179,0.122961
1.91403,0.101309
2.09949,0.207887
1.95919,0.20684
2.1778,0.18186
2.35285,0.267573
2.19151,0.273282
1.76116,0.0379876
2.10497,0.253599
1.94955,0.140487
1.92517,0.174398
2.28543,0.218036
2.04752,0.165626
2.31178,0.239789
2.03617,0.179884
1.91096,0.121259
1.84853,0.153166
1.97954,0.241224
2.3531,0.331913
2.09471,0.226631
1.89007,0.110405
1.95386,0.103147
2.15964,0.274041
2.19184,0.227819
2.14923,0.281758
2.44125,0.333579
2.22412,0.228419
1.99852,0.213951
1.93264,0.109219
1.83725,0.126122
2.56869,0.385831
2.48738,0.316491
1.87422,0.174885
2.01489,0.190468
2.78364,0.432062
1.82449,0.0664724
1.95405,0.16211
1.94832,0.111954
2.17835,0.208127
1.96073,0.151424
1.79899,0.061596
2.01725,0.141883
2.07418,0.202401
2.33269,0.243103
1.99998,0.202235
2.02266,0.205434
2.25619,0.220101
2.12224,0.237622
2.2779,0.210131
1.95623,0.23808
2.12238,0.20782
2.11967,0.190694
1.79361,0.0367645
1.85824,0.0681898
2.25858,0.204592
1.99923,0.201715
1.97247,0.14569
2.176,0.205538
1.87643,0.0889358
2.07653,0.293712
2.08221,0.17539
2.24504,0.30729
1.95183,0.180639
2.41274,0.267967
2.09889,0.224167
2.28281,0.371897
2.12314,0.204113
2.12996,0.213526
2.06253,0.166328
2.01551,0.221473
1.90151,0.133321
2.33398,0.33748
2.64096,0.348333
2.08896,0.189372
1.9819,0.110612
1.97378,0.234011
2.09387,0.270631
2.04148,0.235679
2.24028,0.227027
2.39757,0.340794
2.23576,0.275444
1.98701,0.270899
2.02071,0.271347
2.23087,0.24065
2.14771,0.195531
1.99537,0.181154
1.86522,0.108944
1.96351,0.241416
2.01788,0.188236
2.21222,0.200951
1.86571,0.144685
1.97455,0.129385
1.79978,0.0955291
2.2684,0.240044
2.32758,0.254258
1.91569,0.0952759
1.81077,0.0439902
1.91617,0.127971
1.97903,0.178651
2.11737,0.346629
2.1853,0.224827
2.26814,0.355466
1.83227,0.0790058
1.93088,0.168861
1.99041,0.16227
2.22569,0.282112
1.79824,0.0822786
2.43078,0.270663
1.98743,0.185485
2.14469,0.253729
2.38594,0.260093
1.89854,0.157212
1.89983,0.10448
2.19877,0.228805
1.994,0.192138
1.76592,0.0316176
2.09081,0.313654
2.28007,0.23259
2.04646,0.162778
2.01616,0.169484
2.24354,0.219491
1.77617,0.071143
2.11274,0.168651
2.11211,0.220757
1.90219,0.156678
2.41421,0.25
1.78224,0.0779512
2.3359,0.232461
2.41421,0.25
1.93328,0.0965059
2.34584,0.23582
2.2694,0.234927
2.44519,0.293767
2.41421,0.25
2.04522,0.132392
2.41421,0.25
2.28884,0.222061
2.41421,0.25
2.41421,0.25
2.31682,0.246581
2.23244,0.206161
2.01805,0.23192
1.90285,0.172586
1.91806,0.134366
2.42898,0.339631
1.82744,0.0551921
2.36677,0.40244
1.90465,0.154432
1.83477,0.13785
1.97122,0.136942
2.07442,0.242107
1.8209,0.0752687
1.95313,0.216815
2.23746,0.20424
1.98975,0.127492
1.91312,0.0900021
2.36953,0.250473
2.04597,0.163217
2.01599,0.161501
2.23186,0.273556
1.92231,0.141279
1.9215,0.192642
2.40818,0.266102
1.91844,0.127693
1.76087,0.0399663
1.90528,0.101238
2.28819,0.221627
2.05861,0.28239
1.93492,0.0993342
1.85014,0.138736
2.4899,0.270617
1.87863,0.175648
1.74656,0.0200964
1.76942,0.0478669
1.98108,0.21533
2.22161,0.205662
1.93768,0.130958
1.78143,0.034492
2.0965,0.278012
2.00011,0.209772
1.74415,0.0206021
1.81591,0.0878809
1.99697,0.18211
1.79611,0.0342604
2.41421,0.25
1.8079,0.0400017
1.97394,0.259931
1.85269,0.101452
1.98453,0.223456
1.87828,0.113855
1.91613,0.124852
2.09222,0.179777
1.92436,0.12962
2.04953,0.225667
2.50855,0.351284
2.53033,0.309478
1.93385,0.103405
1.90601,0.10062
2.05986,0.306318
2.08016,0.170869
2.1193,0.169771
2.25952,0.261357
2.23587,0.197413
2.25501,0.331799
2.22517,0.219186
1.79837,0.0637436
2.24412,0.25357
2.02586,0.19525
2.17015,0.176513
1.86386,0.0882868
1.89353,0.122234
2.05039,0.153275
2.15577,0.243178
2.17304,0.208159
1.83875,0.146851
2.30031,0.25
2.21623,0.222544
2.30038,0.25
2.1321,0.191729
1.98387,0.126977
1.98223,0.161965
2.41421,0.25
1.92498,0.157986
2.13016,0.185995
1.81978,0.0528671
1.99408,0.147868
2.12752,0.165965
2.06402,0.179367
2.19294,0.360421
2.39257,0.249028
2.10233,0.306771
2.03209,0.235248
1.76826,0.0433488
2.30046,0.25
2.19087,0.190482
2.16805,0.246099
2.06183,0.300042
2.08885,0.246629
2.02386,0.155654
1.98541,0.160178
1.90236,0.0973709
3.03492,0.526443
1.98194,0.184916
2.34238,0.245256
2.20496,0.323771
1.93765,0.184738
1.89897,0.113029
2.08344,0.202047
2.03231,0.201056
2.25572,0.305723
2.04922,0.145005
1.91176,0.208699
2.09051,0.167918
2.33478,0.24218
1.82127,0.043414
1.82583,0.129885
1.93981,0.141241
2.25971,0.206204
2.09745,0.235646
1.93869,0.162512
2.03026,0.212544
2.08933,0.157317
2.33593,0.256495
2.0649,0.258551
2.22075,0.268916
2.12452,0.221823
1.79654,0.0894808
2.30537,0.25
1.89837,0.103838
1.83033,0.0972149
1.963,0.116433
2.10402,0.245507
2.21952,0.247799
1.95808,0.192261
2.48374,0.387305
1.93457,0.173764
2.02243,0.152061
1.96155,0.218595
1.997,0.179492
1.85536,0.0657735
2.3019,0.229416
1.95426,0.239081
2.11547,0.1586
2.21121,0.193533
2.29408,0.234603
1.98371,0.182648
1.80076,0.0418898
1.81677,0.112401
1.80591,0.0796399
1.91078,0.118366
1.89902,0.136517
1.96357,0.151637
2.2642,0.229492
2.36055,0.281925
2.02599,0.247841
1.90152,0.197669
1.80877,0.0630904
1.76729,0.0419324
1.93051,0.176641
2.11922,0.251043
1.98652,0.215659
1.98149,0.221064
2.03283,0.296808
2.10574,0.265659
2.07611,0.197612
2.10612,0.154854
2.16077,0.181461
1.9418,0.159933
1.95489,0.2276
1.99588,0.211492
1.83633,0.0557347
2.14649,0.185156
1.87025,0.104362
2.43769,0.264415
2.06831,0.253161
2.25791,0.215813
2.33319,0.237159
2.51092,0.296391
2.24944,0.285608
2.10702,0.200604
2.21864,0.280823
2.26251,0.212531
1.976,0.153221
1.91356,0.100415
1.9755,0.137119
2.1607,0.317808
2.17459,0.272056
2.36197,0.396606
2.11857,0.181114
2.04908,0.203491
1.91856,0.107942
1.92409,0.0910279
2.22839,0.255328
1.86583,0.148369
2.1665,0.32362
2.15647,0.252863
1.8944,0.154287
2.27611,0.230234
1.88221,0.0708892
2.05545,0.197927
1.80243,0.0799749
1.8398,0.142461
2.13664,0.190538
2.33498,0.235903
2.0564,0.149952
2.34831,0.248396
2.32599,0.268006
2.01778,0.171352
2.30887,0.220057
2.26282,0.214265
1.98734,0.123542
1.98255,0.141105
1.7926,0.0868923
2.20154,0.285574
1.90595,0.0807302
2.52542,0.33025
2.121,0.1827
2.1511,0.190008
1.89692,0.114804
2.21826,0.200462
1.8653,0.161236
2.17263,0.181659
1.96198,0.136252
2.1786,0.211708
2.3549,0.313599
2.05341,0.275112
1.85434,0.133091
1.97399,0.163889
2.02219,0.156734
1.895,0.0856122
2.00512,0.15027
2.08057,0.155397
1.84593,0.0556021
2.41044,0.266822
1.81838,0.0792479
1.88156,0.146997
2.142,0.171341
1.9904,0.225878
2.09855,0.22361
2.12648,0.1848
2.13316,0.238288
2.10702,0.253425
1.93488,0.124877
2.04973,0.221098
2.13114,0.260292
2.12898,0.245985
2.45869,0.262247
2.30185,0.229623
1.93755,0.173054
1.8101,0.084591
2.25768,0.221543
2.29769,0.230842
2.34081,0.246088
2.27839,0.227758
2.45127,0.284447
2.06126,0.245001
2.05282,0.25174
1.86251,0.156522
1.96834,0.114466
2.06451,0.191308
2.09334,0.252093
1.98233,0.149917
2.14386,0.272959
2.24968,0.31555
2.15457,0.194733
1.94372,0.0932905
1.79026,0.0834838
1.98695,0.236781
1.81875,0.0741525
1.85022,0.0960862
2.07808,0.158775
2.08839,0.216925
2.17555,0.199273
1.94471,0.219572
2.24039,0.24708
1.87363,0.157468
1.82207,0.118944
2.30059,0.25
1.90249,0.0794357
1.80909,0.0755868
1.84037,0.120449
1.95709,0.145953
1.88596,0.115869
1.87546,0.107538
1.96405,0.138019
2.08041,0.183806
2.32366,0.24815
1.9766,0.152744
2.14188,0.170992
1.86589,0.131583
2.15468,0.196568
2.21371,0.220975
1.97006,0.132064
2.16428,0.227042
2.09089,0.152317
1.91504,0.0918454
2.41421,0.25
2.41421,0.25
1.81536,0.109677
2.03273,0.177855
1.78387,0.036744
2.3184,0.240902
2.73355,0.420682
2.18685,0.245352
2.37835,0.263644
2.00949,0.262386
2.37288,0.250095
2.25964,0.215282
1.84288,0.117535
2.35788,0.282928
2.01229,0.146612
2.33459,0.285573
2.18552,0.251588
2.21955,0.225197
2.0287,0.213952
2.38393,0.256765
1.9012,0.0882174
2.13757,0.302362
2.19065,0.209887
2.05309,0.267908
2.13652,0.211291
2.46833,0.292409
2.14036,0.264514
1.96645,0.163944
1.83685,0.10139
1.92119,0.223548
2.0309,0.216593
1.98718,0.226858
1.92402,0.198966
1.83908,0.0975998
2.05847,0.158738
2.23909,0.214811
1.97783,0.125719
2.08341,0.155978
2.18697,0.196947
2.27858,0.307064
2.06126,0.234037
1.77602,0.0501235
2.13656,0.245238
1.79229,0.0852196
2.03476,0.206533
2.2565,0.22094
1.98968,0.126884
2.21264,0.19717
2.38882,0.244244
2.26762,0.315582
1.98407,0.153604
1.97084,0.152123
2.07556,0.214576
1.85752,0.106501
2.19529,0.263171
1.87385,0.116451
2.21062,0.191028
2.1341,0.195966
2.34845,0.396952
1.94092,0.190741
1.82342,0.112827
1.8605,0.11195
1.89482,0.125662
1.83451,0.0930797
2.20533,0.262584
1.93148,0.0980378
1.97478,0.14858
2.37592,0.252843
2.44169,0.292603
1.85972,0.11835
2.11917,0.215595
2.12153,0.313238
2.38647,0.255206
2.10666,0.18957
2.2944,0.350842
1.91425,0.0933253
2.38559,0.272979
2.01449,0.124245
2.33155,0.253147
2.33882,0.24601
2.42351,0.255005
2.09241,0.22699
2.10957,0.248339
2.16915,0.175751
2.0797,0.268821
1.98495,0.147615
2.48794,0.320174
1.88705,0.158199
2.1166,0.296114
2.3432,0.23398
2.32372,0.225485
2.08115,0.153675
1.94875,0.157918
1.82613,0.0966291
2.33131,0.239804
2.28603,0.242351
2.20169,0.204608
2.31259,0.226923
2.10094,0.15392
2.18965,0.206515
1.96906,0.105088
2.33865,0.240253
2.37092,0.25
2.03624,0.254238
2.38429,0.276412
2.25577,0.237688
2.71041,0.326061
1.77341,0.0284572
2.15561,0.186049
2.27167,0.235927
1.8224,0.090329
1.84923,0.143461
2.36235,0.271925
1.99948,0.206469
2.40193,0.250111
2.02218,0.153267
1.83131,0.138876
1.89539,0.179347
2.32985,0.245623
1.86667,0.0643942
1.97537,0.191152
2.20645,0.225744
1.82523,0.130768
2.36076,0.249726
1.79732,0.0826859
2.05941,0.182904
1.89862,0.0783281
2.10036,0.233627
1.90652,0.0892537
1.96317,0.145428
1.94084,0.146986
1.9689,0.182476
2.29496,0.263058
1.89068,0.152039
2.29802,0.236958
2.39135,0.25
1.75156,0.0341953
2.20178,0.242053
2.11317,0.307065
1.87124,0.15353
2.72462,0.444499
2.04663,0.182698
2.29989,0.370028
1.80603,0.102897
2.03572,0.231335
1.91306,0.0910501
1.92503,0.154865
2.09635,0.169101
2.12425,0.28392
1.80975,0.102174
1.8476,0.100805
1.97342,0.138746
2.22163,0.233366
2.14996,0.204659
2.14944,0.17688
2.10232,0.201828
2.4339,0.344315
2.13786,0.177537
2.13992,0.231987
2.12271,0.223244
1.93479,0.105685
1.91579,0.0886556
1.87527,0.0655713
1.88755,0.0959887
1.82718,0.125641
2.174,0.229864
1.8757,0.116681
1.96542,0.256437
2.26597,0.244923
2.01152,0.277771
2.10887,0.166033
1.90264,0.136207
2.2382,0.260948
2.20404,0.23256
2.1179,0.210046
2.23244,0.197097
2.22588,0.296897
2.06175,0.147403
2.05778,0.275484
2.05004,0.226072
1.99823,0.169343
2.20511,0.232184
1.99131,0.252695
1.95363,0.165428
1.98568,0.18999
2.38563,0.246659
2.31081,0.23622
2.31199,0.251186
2.205,0.232642
2.06114,0.284471
2.26231,0.266382
2.29884,0.328323
1.97424,0.125289
2.30545,0.224201
2.31095,0.220233
2.21254,0.232503
2.04437,0.143606
2.25692,0.275039
2.193,0.220851
2.1856,0.366081
1.8956,0.0874106
2.11319,0.218352
1.86893,0.15401
2.37971,0.25
2.31512,0.324391
2.02927,0.275249
2.00432,0.161515
2.08485,0.163714
2.09595,0.2036
1.94466,0.154379
2.24776,0.263728
2.25385,0.214229
2.10132,0.199067
2.33257,0.284732
1.97502,0.121944
1.83226,0.122954
2.26757,0.265458
2.20424,0.298478
2.09098,0.217515
2.3235,0.238376
1.98627,0.253642
2.19074,0.220439
2.24622,0.306616
2.20883,0.264555
1.99187,0.137278
2.21781,0.231786
2.12798,0.208926
2.34164,0.338404
2.01431,0.123397
2.30727,0.238467
2.14942,0.216802
2.05466,0.267294
2.26116,0.206798
2.98273,0.475297
2.24528,0.306669
2.3602,0.241576
2.30538,0.237297
2.36971,0.244213
2.24012,0.334892
1.83918,0.0637437
1.81189,0.0686215
2.1761,0.266627
2.2131,0.229166
1.99154,0.123641
2.47614,0.391247
2.26643,0.208905
2.30156,0.232612
1.93458,0.143322
1.99661,0.139974
2.31864,0.36156
2.5082,0.322453
1.92886,0.154769
2.3047,0.251716
2.00528,0.189763
1.89475,0.0929649
2.11381,0.166716
2.28004,0.277332
2.0894,0.328349
1.91251,0.198451
2.19061,0.293257
2.41342,0.282981
2.31964,0.249324
1.94949,0.183182
2.39854,0.27756
2.29652,0.28385
1.92196,0.148712
2.2222,0.231913
2.2308,0.295182
2.0543,0.219634
2.05302,0.246538
2.12572,0.291534
1.93359,0.169084
2.41421,0.25
2.41421,0.25
2.39536,0.260789
2.31563,0.299789
2.26278,0.305996
1.95391,0.189667
2.17707,0.262233
2.15266,0.232661
2.01739,0.255687
1.88998,0.118156
2.18868,0.210103
1.93639,0.209819
2.2447,0.241862
2.00777,0.195944
2.25405,0.28576
2.1175,0.241503
2.21257,0.299286
2.17021,0.28193
2.22599,0.227642
2.10693,0.195947
1.99613,0.168246
1.87525,0.147904
2.69085,0.320963
2.09583,0.201269
1.96865,0.234705
2.28177,0.220905
2.12619,0.205227
2.05964,0.239049
1.79087,0.0324612
2.2596,0.221491
2.26914,0.218298
1.83787,0.0693034
2.29541,0.229578
1.87735,0.131525
2.08284,0.183709
1.8625,0.0622518
2.21786,0.192685
2.25386,0.237011
1.99848,0.135619
2.09023,0.234144
1.96157,0.174029
2.17429,0.266384
2.21279,0.213657
2.01037,0.13142
2.1179,0.165807
1.83065,0.137744
2.05325,0.20264
2.25136,0.240574
1.98127,0.157327
2.0912,0.193402
2.04457,0.13678
2.25602,0.234913
2.41421,0.25
2.19595,0.320536
2.0021,0.16164
1.86306,0.140634
1.91683,0.10937
2.10249,0.163294
2.10997,0.298945
2.13453,0.171468
2.16676,0.267285
1.99152,0.152634
2.08239,0.154952
1.95909,0.1496
2.25835,0.221397
2.11277,0.287957
1.99422,0.221351
1.87197,0.125537
2.021,0.138841
1.84867,0.085808
1.98012,0.21521
2.36181,0.3441
2.37467,0.24425
2.27907,0.22017
2.0238,0.17049
1.87997,0.157181
2.19914,0.246895
2.14129,0.262536
2.04043,0.175676
2.40486,0.248833
1.99624,0.273589
1.86416,0.0806084
1.99465,0.217782
2.0141,0.21101
2.34457,0.24075
1.80509,0.0962309
2.28999,0.257098
1.77414,0.0360316
2.16347,0.284849
2.3532,0.234602
1.95084,0.125012
2.08504,0.26601
2.38971,0.25
2.12173,0.18203
2.11129,0.190625
2.14474,0.245047
2.05491,0.215242
2.15115,0.214104
1.80447,0.0778697
2.28267,0.266151
1.88396,0.0777397
2.18175,0.244429
1.9738,0.15354
2.29302,0.214835
2.06244,0.228436
2.34356,0.273894
2.31205,0.232662
2.17822,0.237174
2.27245,0.323086
2.20145,0.189197
2.37679,0.242155
1.80199,0.0863545
1.85833,0.122489
2.20858,0.258646
2.53447,0.282261
2.13143,0.199794
1.89562,0.160359
2.23659,0.205811
1.88723,0.193016
2.19738,0.188373
1.9542,0.170303
1.98359,0.256781
2.24594,0.254533
2.10864,0.174954
2.2875,0.26097
2.24407,0.294626
2.36267,0.239484
1.93476,0.186697
1.84937,0.137655
2.43944,0.354752
2.10692,0.171778
2.06425,0.224235
2.01273,0.18249
2.63642,0.321284
2.08429,0.194731
1.98776,0.128669
2.35213,0.238418
2.12331,0.281036
2.25118,0.314617
2.37118,0.247492
1.95559,0.201008
1.8813,0.0963033
2.02166,0.164861
1.8872,0.184103
2.13226,0.207281
1.97755,0.264329
1.95207,0.203176
2.01451,0.200554
1.89644,0.11384
2.06756,0.208294
2.00525,0.173927
2.08465,0.208618
2.20802,0.190911
2.11235,0.201941
2.15175,0.234603
1.83819,0.0558984
1.97254,0.215167
2.02871,0.185179
2.24346,0.240379
2.27373,0.287811
2.25158,0.202033
1.99584,0.154775
1.99018,0.214813
2.27797,0.225919
2.2749,0.333668
2.00156,0.132704
2.05465,0.156273
1.83783,0.110655
2.27104,0.259285
2.3265,0.233198
2.51478,0.445353
2.16888,0.215276
2.2119,0.240019
2.23718,0.299222
2.20334,0.203879
1.99108,0.196972
2.41426,0.257935
2.04559,0.174248
1.82427,0.0714311
1.91364,0.0895113
2.12484,0.321585
2.06431,0.247681
2.28025,0.235822
2.20557,0.249468
1.81144,0.0761319
2.29492,0.239299
2.07306,0.158704
2.13327,0.250759
2.2614,0.219828
2.14426,0.214465
2.09117,0.176969
1.85049,0.0838813
2.02853,0.236493
2.18513,0.226027
2.02862,0.164391
2.1305,0.25297
2.05008,0.174561
1.92196,0.089587
2.13976,0.177512
1.98934,0.211911
2.06351,0.194609
2.20077,0.264374
2.02978,0.177995
1.9613,0.103922
2.09419,0.204859
2.23656,0.288622
1.83785,0.0969045
2.31749,0.255392
1.94403,0.169949
2.39135,0.25
1.7666,0.0166241
2.29114,0.225633
2.19568,0.219457
1.97888,0.107472
2.17195,0.22268
2.38121,0.245554
2.02012,0.24668
1.98244,0.146346
2.3819,0.319155
2.13742,0.301105
2.03984,0.18615
2.06694,0.23423
1.85964,0.0678244
1.90784,0.0784934
2.38866,0.262515
2.0485,0.184726
2.02902,0.211171
2.04825,0.15634
2.2166,0.240273
1.9593,0.0992066
2.12521,0.27132
1.9978,0.122086
1.82278,0.104205
2.16,0.270735
2.24308,0.250511
1.90017,0.134881
2.31745,0.254342
1.84868,0.0600478
1.95644,0.118538
2.27054,0.256397
2.45139,0.260262
2.39191,0.254363
2.0314,0.239958
1.87779,0.161593
2.09628,0.229038
2.20771,0.237683
2.39781,0.254057
2.21943,0.199196
2.12618,0.201312
1.97724,0.171576
2.32556,0.228043
2.31221,0.243567
1.96906,0.237182
2.39509,0.25133
2.31207,0.255096
1.94769,0.217557
2.16904,0.268445
2.26982,0.240263
2.38325,0.25
1.98271,0.129294
1.98997,0.225644
2.31176,0.255348
2.26204,0.213326
2.35573,0.25
2.31572,0.254657
2.19597,0.227001
1.95206,0.170247
2.28144,0.222632
2.29285,0.236782
2.21526,0.22607
2.36363,0.269236
2.2286,0.264679
2.01855,0.152066
1.81916,0.125799
2.01103,0.225679
2.23892,0.369238
2.25149,0.246127
2.29264,0.258521
2.15013,0.185447
1.91426,0.16632
2.35241,0.236179
2.32122,0.254229
2.27963,0.234425
2.31248,0.255205
1.77741,0.0577143
2.24451,0.238007
2.28447,0.236429
1.95546,0.147266
2.26096,0.256013
2.13241,0.19902
2.2384,0.277928
2.34727,0.263616
2.02943,0.234956
1.78643,0.0546096
2.16794,0.175077
2.36212,0.241067
1.75696,0.033319
2.41416,0.346987
1.89333,0.177638
2.39987,0.327837
2.32161,0.265588
1.75454,0.0390499
2.12799,0.18395
2.52855,0.280735
2.12591,0.212721
2.25548,0.233577
1.95655,0.24636
2.12107,0.250281
2.32023,0.253806
1.95789,0.191269
2.02903,0.18077
2.48258,0.282157
2.55723,0.389807
2.22484,0.247671
1.94546,0.152629
1.96011,0.157525
1.88854,0.101806
2.34068,0.259392
2.43063,0.317087
1.79936,0.0413344
2.24308,0.218166
2.20248,0.198636
2.06913,0.262931
2.29954,0.256087
1.92201,0.164943
2.18903,0.209121
1.95997,0.21358
2.09732,0.2091
2.28278,0.214461
2.24839,0.306386
1.9,0.147746
2.08502,0.159564
1.98945,0.217708
2.31959,0.299907
2.49258,0.275052
2.0001,0.234178
1.85195,0.0834043
2.32736,0.279533
2.05279,0.214303
2.32361,0.253769
2.26829,0.249584
2.12461,0.211694
2.37964,0.243589
2.52313,0.290152
2.40134,0.362666
1.95784,0.215431
1.885,0.109798
2.05787,0.205964
2.33654,0.250454
2.01024,0.163617
2.11208,0.272405
2.01558,0.183091
2.1656,0.210669
1.96031,0.240479
2.36237,0.238401
2.30749,0.233965
1.99423,0.154402
2.33092,0.233657
2.1307,0.226189
2.23598,0.329026
2.49293,0.294217
2.30116,0.259746
2.35959,0.247922
2.05802,0.154248
2.32545,0.253526
1.97638,0.116277
1.89986,0.0901476
2.07187,0.297796
2.12486,0.171493
2.32157,0.275288
2.24661,0.263617
2.28033,0.265159
2.05781,0.137296
2.21234,0.221582
2.04185,0.256032
2.39687,0.254446
1.78706,0.0381944
1.97375,0.161998
1.90403,0.1556
1.90596,0.20162
2.29838,0.220961
2.10719,0.15511
1.88368,0.117312
2.32401,0.253475
2.18164,0.304445
2.02253,0.221709
1.94691,0.174197
2.00364,0.12888
2.37156,0.243526
2.16836,0.181985
2.07996,0.160057
2.20328,0.250777
2.33626,0.233727
2.32214,0.253894
2.12967,0.173459
2.03445,0.187788
2.22281,0.20355
2.57345,0.29303
2.13071,0.299235
1.96524,0.244341
2.41421,0.25
2.08495,0.286758
1.9882,0.253849
2.39423,0.326606
1.81449,0.0467386
2.32137,0.231858
2.38188,0.396993
2.04241,0.153202
2.23225,0.256991
1.96122,0.218502
2.19945,0.234898
2.22714,0.211529
1.91848,0.136515
2.03453,0.184046
2.42417,0.258584
2.30749,0.225469
2.10902,0.26758
2.22023,0.36826
2.27253,0.212238
1.93667,0.205471
2.35337,0.293274
2.29506,0.284241
1.99436,0.26719
1.88956,0.146904
1.87736,0.133203
2.35473,0.277641
2.53785,0.302652
2.29875,0.275765
2.08977,0.154491
1.85542,0.154305
1.8544,0.129481
1.84156,0.102345
1.84963,0.0780704
2.22374,0.222196
2.00599,0.156301
2.28171,0.216357
2.0682,0.284471
2.17835,0.19896
2.03841,0.167001
1.8571,0.136411
2.21,0.242096
2.12211,0.168131
2.18337,0.257071
2.31208,0.369259
1.88242,0.180565
1.96835,0.157959
2.38779,0.293013
2.13547,0.216651
2.15495,0.238074
2.42945,0.254889
2.13299,0.166515
1.89487,0.0768288
1.92669,0.103686
1.8357,0.0782014
1.8545,0.162625
2.0094,0.227292
2.27017,0.290389
2.41421,0.25
2.24715,0.221698
1.87764,0.0958537
2.18649,0.208961
1.89535,0.120924
1.95213,0.123919
1.84124,0.0980744
2.05506,0.268336
2.15677,0.253849
2.50109,0.329415
2.18785,0.329927
2.32782,0.22701
2.24444,0.351644
2.34002,0.232159
1.84414,0.150003
2.00064,0.235369
1.96145,0.161184
2.33106,0.227607
2.46138,0.279451
2.03721,0.136518
2.19876,0.286627
1.89637,0.0860464
2.00572,0.234997
1.93161,0.17556
1.94812,0.117196
1.90718,0.189839
2.31617,0.282468
1.87908,0.0736853
2.20916,0.190934
2.34907,0.237406
1.91347,0.139875
1.85512,0.0608081
1.88939,0.0750831
2.12837,0.208541
2.14609,0.250519
2.27269,0.210482
2.04528,0.165395
2.26621,0.214949
1.96887,0.188771
2.39718,0.249894
2.41903,0.27516
2.14874,0.35142
2.0109,0.264914
2.36593,0.246906
2.32882,0.254883
2.31417,0.227092
2.41641,0.257319
2.38657,0.257702
2.01041,0.260022
1.86811,0.124229
2.04562,0.168593
2.37092,0.25
2.03161,0.178197
2.15266,0.335679
2.06475,0.181245
2.02618,0.190984
2.21765,0.222897
2.38254,0.245799
1.97599,0.109804
2.08507,0.238262
2.39678,0.25
2.24812,0.283756
2.0562,0.21196
2.13553,0.354491
2.0354,0.282686
2.41421,0.25
1.94358,0.14073
2.31158,0.229028
2.03569,0.249022
2.3598,0.238092
2.39678,0.25
2.03495,0.220385
1.91633,0.127561
2.10571,0.221695
2.37002,0.238885
2.62568,0.345871
2.3262,0.253859
2.33809,0.295146
2.08347,0.279995
2.20546,0.205296
2.40285,0.25
2.26397,0.231578
2.14055,0.244695
1.91263,0.085544
2.40136,0.249218
1.74677,0.0106096
2.50902,0.275655
1.88848,0.158111
2.0324,0.200757
2.0897,0.292343
1.90076,0.108699
1.96983,0.193369
2.10901,0.194212
2.04775,0.19415
2.40399,0.249754
2.09391,0.232189
1.83828,0.129799
2.00348,0.186424
2.40679,0.253603
2.11486,0.346804
1.8202,0.0861354
1.96449,0.123701
1.98599,0.198599
1.85782,0.153809
2.4065,0.25
2.28353,0.223954
2.18359,0.232072
2.22859,0.212002
2.41189,0.254012
2.00869,0.231766
1.91874,0.106624
2.12351,0.17522
2.40178,0.250516
2.09027,0.246691
2.41953,0.253598
2.19891,0.191032
1.9714,0.240402
1.97492,0.247571
1.82942,0.0605567
1.97118,0.130726
2.11669,0.164072
2.23158,0.239978
2.2693,0.229738
2.08026,0.167763
2.41297,0.252859
2.39908,0.248875
2.33784,0.228478
2.15196,0.208601
1.91445,0.217216
2.09928,0.191717
2.24124,0.235081
2.40257,0.248172
2.38604,0.252027
2.38241,0.246766
2.13532,0.240691
1.98564,0.174697
1.91749,0.154989
1.99502,0.275013
2.13442,0.205258
2.35918,0.238175
2.37073,0.25
2.20934,0.287992
2.36809,0.2817
1.92135,0.0870923
2.41156,0.253342
1.91156,0.131814
1.8865,0.100271
1.84974,0.155604
2.03263,0.157264
2.32638,0.254167
2.16004,0.187409
2.27279,0.248951
1.87567,0.0728768
2.3917,0.247434
2.08157,0.250785
1.78056,0.048945
2.14512,0.297871
2.23709,0.201092
1.99067,0.149341
2.23495,0.3099
1.81535,0.065782
2.05015,0.243924
2.04366,0.19245
1.85709,0.121631
1.86079,0.0621466
2.32525,0.232634
1.8486,0.104913
2.27337,0.218062
1.86354,0.119714
2.37114,0.241162
2.03406,0.143661
1.90111,0.143824
1.96822,0.228178
2.1366,0.27751
2.39227,0.286775
1.88219,0.126647
2.33154,0.260889
1.86466,0.112103
2.17962,0.185186
1.92533,0.221393
2.21234,0.320438
1.87733,0.170963
2.14089,0.278462
2.19313,0.241259
2.03162,0.28591
2.04383,0.253003
2.42451,0.25406
1.94385,0.128386
1.98529,0.160443
2.03635,0.231134
2.40084,0.249072
1.95769,0.205107
1.90289,0.170644
1.77818,0.0628965
2.2052,0.210822
1.92579,0.148922
1.96971,0.184882
2.07016,0.14131
2.07005,0.209077
2.36217,0.23723
1.76078,0.0142625
2.40504,0.247848
2.21244,0.246231
1.80941,0.0500458
2.10562,0.22971
2.4182,0.251118
2.1964,0.264657
1.85384,0.109297
2.05774,0.212175
1.99408,0.197044
2.4065,0.25
1.9152,0.2046
2.05002,0.221952
2.40458,0.25
2.40237,0.246898
2.00581,0.185177
1.83347,0.0970346
2.18883,0.216772
1.94548,0.146201
1.91348,0.0884099
1.92021,0.0932232
1.94167,0.114118
2.07552,0.171738
2.01293,0.139152
2.36975,0.238323
2.19956,0.209861
1.91794,0.169762
2.27365,0.208944
2.46533,0.284512
1.97642,0.163227
2.3922,0.247451
1.98265,0.169929
2.33012,0.355011
2.02726,0.212715
1.95996,0.187746
2.2791,0.21442
2.41043,0.251928
2.38396,0.244335
2.39604,0.246881
2.07344,0.206631
1.91113,0.159001
2.37042,0.241823
2.2074,0.262503
2.12924,0.162583
2.41421,0.25
2.41421,0.25
2.40285,0.25
2.11803,0.268926
2.30506,0.320407
2.22461,0.247795
1.81815,0.0481583
2.06997,0.259515
1.90253,0.185067
2.09843,0.181926
2.27241,0.208916
1.82165,0.0969539
1.93332,0.111053
2.01533,0.153092
1.83214,0.0525605
2.04999,0.16729
2.11079,0.21101
2.39366,0.246823
1.88776,0.1099
1.82451,0.0939233
2.00552,0.176788
2.08578,0.186197
2.16147,0.195229
2.22194,0.19593
1.87571,0.08617
2.41421,0.25
2.40414,0.249289
2.11933,0.159947
2.30164,0.256493
2.12496,0.174335
2.08384,0.173742
1.86316,0.15835
2.07259,0.186132
1.79274,0.0744096
1.98192,0.140048
2.22898,0.230925
2.41422,0.253233
1.86607,0.171409
1.81182,0.0792649
1.88029,0.146241
1.94684,0.112475
2.05692,0.22744
2.47384,0.283288
2.0354,0.269529
2.08505,0.171222
2.40156,0.251687
2.17367,0.272152
2.41421,0.25
2.41421,0.25
1.85501,0.160924
2.35414,0.238509
1.87759,0.182188
1.76058,0.0202999
2.00505,0.275268
2.71803,0.352372
2.41422,0.252383
2.41817,0.252578
2.2478,0.289331
2.41061,0.25072
2.41573,0.251216
2.29568,0.233502
2.39881,0.249085
1.88913,0.130452
1.90745,0.195517
2.39975,0.246068
2.20122,0.199522
2.12515,0.245921
1.97816,0.151724
2.3632,0.235622
2.45529,0.268093
2.39384,0.245769
2.41421,0.25
2.04767,0.211775
2.1505,0.313614
2.3914,0.246129
2.38027,0.240575
1.9757,0.208597
2.03757,0.18441
2.23028,0.251589
1.88608,0.187459
1.91641,0.133207
2.41421,0.25
2.41422,0.252146
1.92385,0.158726
2.40694,0.25006
2.40724,0.249287
2.00372,0.150883
2.02307,0.215586
1.78087,0.0442842
2.38986,0.244605
2.21341,0.195653
2.29364,0.223488
2.41421,0.25
2.41421,0.25
1.9464,0.204351
2.3292,0.241287
2.20548,0.187215
1.94727,0.11018
2.40842,0.25
1.7991,0.061712
1.87675,0.0916782
1.80579,0.037672
2.41421,0.25
2.41421,0.25
2.03503,0.20499
1.83279,0.0892896
2.38871,0.244278
1.81611,0.102146
2.39552,0.245763
1.8062,0.100236
1.89219,0.194642
2.24109,0.249868
2.40699,0.248806
2.15172,0.20362
2.07992,0.207669
2.41523,0.251611
2.11428,0.190407
1.97513,0.261394
2.00637,0.155621
2.41524,0.250288
2.40232,0.248263
1.92256,0.189972
2.30382,0.218907
1.98797,0.147519
2.04731,0.264102
2.20076,0.195392
2.21108,0.281724
1.85246,0.0960786
1.89822,0.123686
2.40995,0.25
2.01612,0.250811
2.12162,0.282041
2.38886,0.248011
1.97331,0.186412
2.10271,0.295825
2.19081,0.203587
1.79523,0.0907983
2.42075,0.251823
2.28215,0.264757
1.91277,0.183807
2.4147,0.251291
2.44982,0.321246
2.17095,0.284346
1.94473,0.225303
1.76392,0.0205432
2.41037,0.25
2.24517,0.25752
1.92413,0.204115
1.80529,0.0671188
2.39275,0.244798
2.41042,0.250788
2.41421,0.25
2.10196,0.168171
2.03616,0.183884
2.25481,0.27481
1.99006,0.214189
2.17712,0.20956
2.40647,0.249065
2.39436,0.244722
2.2,0.205155
2.41148,0.25
2.03423,0.242783
2.18977,0.199357
2.14979,0.18558
2.02601,0.17827
1.88043,0.184886
1.96972,0.1622
2.40243,0.247656
2.06728,0.209477
2.22743,0.377899
1.88288,0.159521
2.43825,0.365899
2.41421,0.25
2.41421,0.25
2.41204,0.249577
2.40954,0.249482
2.07563,0.200713
2.41168,0.249801
2.12351,0.310254
2.40538,0.248378
1.90103,0.156194
2.07662,0.209888
2.14285,0.18847
2.40452,0.248299
1.82967,0.105945
2.41421,0.25
2.14025,0.225602
2.41181,0.249699
2.41616,0.252281
2.06486,0.250585
1.83259,0.140215
2.40668,0.247926
1.86868,0.0872903
2.41421,0.25
1.92171,0.0838372
2.41421,0.250339
2.41312,0.250181
2.1939,0.261264
2.4124,0.250065
1.81551,0.0896603
2.41355,0.250423
2.40982,0.24948
2.15679,0.2102
2.4134,0.2498
2.41309,0.250419
2.40302,0.247626
2.05541,0.149731
2.40842,0.25
2.05485,0.185902
2.40995,0.25
2.00904,0.203804
2.41293,0.25
2.10728,0.32524
2.41421,0.25
1.98532,0.120709
2.41037,0.25
2.41518,0.250399
2.41304,0.2498
2.15346,0.276729
2.18349,0.192297
2.41286,0.249821
1.79194,0.0806513
2.30352,0.253315
2.04128,0.225571
2.41637,0.250602
2.40979,0.249066
1.9282,0.0998767
1.92732,0.201527
2.41281,0.250181
2.34479,0.246579
2.41311,0.249983
1.86324,0.139524
2.10706,0.310905
2.41361,0.25
2.41457,0.250299
2.41421,0.25
2.41421,0.25
2.41421,0.25
2.41421,0.25
2.41421,0.25
2.13618,0.313965
2.41293,0.25
2.02321,0.157258
1.89178,0.0975291
2.41421,0.25
2.41421,0.25
2.17984,0.201215
2.41493,0.250199
2.4135,0.2499
2.33086,0.260082
2.06395,0.151944
2.41361,0.25
2.17466,0.209279
1.79547,0.0655058
1.79297,0.0747357
2.0901,0.228425
1.86613,0.144742
1.82667,0.0645068
1.95689,0.239408
2.50458,0.308353
2.41317,0.250017
2.41427,0.250179
2.41457,0.2501
2.41421,0.25
2.27941,0.253912
2.41389,0.25
1.87487,0.131707
2.41234,0.249686
2.00564,0.230628
1.96186,0.100815
2.41421,0.25
2.03617,0.171536
2.0164,0.158291
2.23445,0.384861
2.36949,0.240864
2.16856,0.223673
1.99041,0.16195
2.40739,0.25045
2.41389,0.24997
1.85974,0.114063
1.80571,0.0843722
2.41421,0.2501
2.15165,0.272701
1.79392,0.0862846
2.41427,0.25003
2.41421,0.25
2.41421,0.25
2.41421,0.25
2.41421,0.25
2.41421,0.25
2.41421,0.25
2.41421,0.25
2.41421,0.25
2.41421,0.25
2.41421,0.25
2.41421,0.25
2.41421,0.25
2.41421,0.25
2.41421,0.25
2.41421,0.25
2.41421,0.25
2.41421,0.25
2.41421,0.25
2.41416,0.25
2.41421,0.25
2.41421,0.25
2.41421,0.25
2.41421,0.25
2.41421,0.25
2.41421,0.25
2.41421,0.25
2.41421,0.25
2.41421,0.25
2.41416,0.25
2.41421,0.25
2.41421,0.25
2.41421,0.25
2.41421,0.25
2.41421,0.25
2.41421,0.25
2.41421,0.25
2.41421,0.25
2.41421,0.25
2.41421,0.25
2.41421,0.25
2.41421,0.25
2.41421,0.25
2.41421,0.25
2.41421,0.25
2.41421,0.25
2.41421,0.25
2.41421,0.25
2.41421,0.25
2.41421,0.25
2.41421,0.25
2.41421,0.25
2.41421,0.25
2.41421,0.25
2.41421,0.25
2.41421,0.25
2.41421,0.25
2.41421,0.25
2.41421,0.25
2.41421,0.25
2.41421,0.25
2.41421,0.25
2.41421,0.25
2.41421,0.25
2.41421,0.25
2.41421,0.25
2.41421,0.25
2.41421,0.25
2.41421,0.25
2.41421,0.25
2.41421,0.25
2.41421,0.25
2.27624,0.251049
2.41421,0.25
2.41421,0.25
2.41421,0.25
2.41421,0.25
2.41421,0.25
2.41421,0.25
2.41421,0.25
2.41421,0.25
2.41421,0.25
2.41421,0.25
2.41421,0.25
2.41421,0.25
2.41421,0.25
2.41421,0.25
2.41421,0.25
2.41421,0.25
2.41421,0.25
2.41421,0.25
2.41421,0.25
2.41421,0.25
2.41421,0.25
2.41421,0.25003
2.41421,0.25
2.41421,0.25
2.41421,0.25
2.27599,0.211069
2.41421,0.25
2.41421,0.25
2.41421,0.25
2.41421,0.25
2.41421,0.25
2.41421,0.25
2.41421,0.25
2.41421,0.25
2.41421,0.25
2.41421,0.25
2.41421,0.25
2.41421,0.25
2.26717,0.208156
2.27185,0.208086
2.41421,0.25
2.41421,0.25
2.41421,0.25
2.41421,0.25
2.41421,0.25
2.41421,0.25
2.41421,0.25
2.41421,0.25
2.41421,0.25
2.41421,0.25
2.41421,0.25
2.41421,0.25
2.41421,0.25
2.41421,0.25
2.41421,0.25
2.41421,0.25
2.41421,0.25
2.41421,0.25
2.41421,0.25
2.41421,0.25
2.41421,0.25
2.41421,0.25
2.41421,0.25
2.41421,0.25
2.41421,0.25
2.41421,0.25
2.41421,0.25
2.41421,0.25
2.41421,0.25
2.41421,0.25
2.41421,0.25
2.41421,0.25
2.41421,0.25
2.41421,0.25
2.41421,0.25
2.41421,0.25
2.41421,0.25
2.41421,0.25
2.41421,0.25
2.41421,0.25
2.41421,0.25
2.41421,0.25
2.41421,0.25
2.41421,0.25
2.41421,0.25
2.41421,0.25
2.41421,0.25
2.41421,0.25
2.41421,0.25
2.41421,0.25
2.41421,0.25
2.41421,0.25
2.41352,0.249884
2.49815,0.272798
2.31197,0.224376
2.22747,0.205108
2.22159,0.25137
2.11012,0.16737
1.90704,0.106843
2.39833,0.246655
2.02184,0.147616
2.12535,0.247626
1.82074,0.0498693
2.1108,0.207474
1.92056,0.206107
1.90321,0.15405
1.91719,0.14728
1.97505,0.163139
2.00664,0.173474
1.91585,0.111397
1.96666,0.110754
1.89161,0.102494
2.08511,0.194038
1.85026,0.0931216
2.11082,0.293903
2.06192,0.211133
2.99657,0.428939
1.95224,0.0980942
1.94749,0.126301
2.47708,0.346319
2.31674,0.243176
2.28968,0.304407
2.13638,0.339172
2.39846,0.289544
1.96906,0.206004
1.79523,0.0934356
2.09384,0.31425
1.87616,0.112366
2.18425,0.263083
2.0604,0.159705
1.85755,0.110389
2.00426,0.128352
1.97033,0.184418
2.28493,0.252337
2.00339,0.121156
2.379,0.336963
1.88606,0.114993
2.45635,0.328511
2.23109,0.247635
1.88391,0.18998
1.97866,0.120589
2.06062,0.273599
2.09269,0.194115
1.77908,0.0631303
2.21894,0.22034
2.64972,0.388208
1.81089,0.0843297
2.02859,0.155322
1.84895,0.0672663
2.12445,0.19302
1.93472,0.166997
2.05572,0.288407
1.98758,0.251739
2.07444,0.218227
2.10844,0.20909
1.80865,0.0848926
2.08019,0.149911
2.00632,0.261191
1.9128,0.184317
2.08501,0.2068
2.0855,0.251682
1.83881,0.0553276
2.19313,0.189583
2.20693,0.329067
1.81929,0.0492673
2.04609,0.238189
2.12979,0.194562
2.03568,0.233465
2.16997,0.225895
1.9008,0.135031
2.63428,0.340637
1.88482,0.105535
2.01346,0.152288
1.87972,0.142494
2.12754,0.25259
2.28354,0.27312
1.82019,0.0654426
1.99302,0.17413
2.12683,0.253398
1.77316,0.0585545
2.04726,0.177783
1.96332,0.133801
1.82845,0.0904321
1.85008,0.0752985
1.9152,0.182347
2.01995,0.233666
2.27863,0.364508
2.25255,0.311807
1.92731,0.086631
1.95276,0.113115
2.095,0.173886
1.91349,0.135667
2.14893,0.282925
2.31635,0.325436
2.12807,0.209007
2.05622,0.191301
1.87239,0.129953
2.15525,0.299383
1.85645,0.0646811
1.99442,0.25054
2.20682,0.317519
1.82952,0.0587791
2.10749,0.177413
2.02458,0.22722
2.27536,0.222052
2.07068,0.271027
1.94148,0.143246
2.04573,0.15153
2.60625,0.335177
2.05168,0.186317
2.17769,0.187312
2.12453,0.230951
2.22879,0.220181
1.95601,0.170956
1.83185,0.0577271
2.3775,0.401783
1.88738,0.173668
2.11641,0.171336
1.77574,0.0640144
2.20429,0.243461
1.93767,0.127697
1.94977,0.210334
1.90623,0.138275
1.89431,0.129692
2.11965,0.287988
2.10787,0.190915
1.91702,0.128043
2.08419,0.300111
1.8321,0.126596
1.8114,0.1142
1.74896,0.0236637
2.11065,0.181629
2.0148,0.201672
2.16188,0.276986
1.78182,0.0737744
1.79753,0.0844742
1.88091,0.167093
1.78805,0.0415178
2.24722,0.233693
2.16785,0.276255
1.94265,0.125225
1.83767,0.142658
1.8703,0.177733
1.93682,0.147823
1.82488,0.116958
2.01026,0.214119
2.20167,0.189101
2.19659,0.210753
2.02918,0.251899
1.97473,0.191533
1.98704,0.26335
2.48645,0.269701
1.97503,0.192164
1.88932,0.0826952
2.42067,0.258216
2.01842,0.276321
2.14278,0.194558
1.85295,0.116873
1.87844,0.106176
2.16088,0.17471
1.98114,0.139379
1.9701,0.210333
2.19742,0.342179
2.40115,0.253275
1.8481,0.0894842
1.94231,0.178918
2.49041,0.377481
2.03309,0.145639
1.954,0.213926
2.03585,0.152915
1.85245,0.0844319
2.07969,0.234843
1.81226,0.0949997
2.03025,0.248289
2.08207,0.212993
1.9558,0.188213
2.17607,0.257404
2.07922,0.240135
2.02773,0.173641
2.01595,0.134095
2.14757,0.180675
1.88957,0.182634
2.13502,0.163526
2.18137,0.202886
1.93908,0.149273
1.86258,0.102811
2.20511,0.259077
1.80035,0.0991176
2.17533,0.3103
2.03389,0.239325
2.11092,0.30069
1.75717,0.0374303
2.19035,0.286327
1.79968,0.103073
1.887,0.111267
1.85498,0.103639
1.90778,0.0988356
2.1804,0.212941
1.94942,0.105829
1.90185,0.139749
1.86505,0.0917929
2.05759,0.186982
2.09714,0.33583
1.94818,0.140268
2.06532,0.289886
2.32738,0.387013
2.03723,0.302561
2.23269,0.292539
1.78803,0.0341152
2.13339,0.210373
1.93236,0.0931055
1.87241,0.175135
2.0081,0.211567
1.96224,0.177527
1.83257,0.127185
1.84381,0.147137
1.96146,0.10217
2.06143,0.146776
1.93455,0.166405
1.87994,0.124807
1.87253,0.135293
2.00323,0.181577
2.08689,0.186346
2.48656,0.269731
1.98229,0.132923
1.88999,0.11204
2.26683,0.349663
1.9778,0.132901
1.7937,0.0309702
2.16668,0.228791
1.95558,0.248309
1.86794,0.167225
2.34087,0.290133
1.95684,0.190788
2.07911,0.173437
1.89321,0.105723
1.98164,0.257893
2.26804,0.262666
1.90481,0.17258
2.47816,0.267489
1.78403,0.0384478
2.22199,0.288564
2.009,0.267353
2.02493,0.126777
2.25997,0.315446
1.92856,0.148878
2.28311,0.254237
2.11814,0.202289
2.20518,0.24514
1.89686,0.0869948
2.18178,0.30827
2.37169,0.276496
1.85218,0.132547
1.82865,0.061457
2.16836,0.187842
2.14566,0.184538
1.9442,0.193305
2.06376,0.310815
2.18825,0.18782
1.98235,0.227572
1.79139,0.0864329
1.93099,0.092634
2.22139,0.255738
2.45169,0.27982
2.09466,0.237402
2.02779,0.215566
1.78829,0.0835283
2.16769,0.218347
1.97259,0.150851
1.97007,0.193275
2.39835,0.314174
1.84293,0.137242
2.0081,0.262221
1.90677,0.171695
1.99504,0.118472
2.33281,0.299245
1.87802,0.170454
2.15191,0.229574
1.95735,0.247577
1.95386,0.129187
1.96665,0.130665
2.14148,0.227097
1.76658,0.0540985
1.97006,0.143621
1.8811,0.0972897
2.20413,0.355635
1.75196,0.0323708
2.34717,0.234411
2.36022,0.246938
2.20327,0.200895
2.18499,0.194456
2.02801,0.156802
2.09602,0.217837
2.2118,0.192593
2.15925,0.202308
2.25135,0.382782
1.91625,0.175575
1.93857,0.157592
1.82489,0.0435919
1.88654,0.188831
1.81066,0.0429323
2.04255,0.18697
2.08874,0.179687
1.92493,0.149094
1.99031,0.137985
1.80224,0.0742822
2.30248,0.261152
1.88657,0.0974638
2.45142,0.265946
1.82251,0.082407
1.94997,0.199983
2.14038,0.312425
2.03978,0.265118
1.84889,0.0985511
2.13952,0.297334
2.00206,0.211403
1.9949,0.167425
2.13487,0.332498
1.79397,0.0463127
1.89362,0.0821149
2.26458,0.220292
2.05089,0.152321
1.91401,0.174578
2.02395,0.19769
2.20452,0.324654
1.93838,0.218404
2.06904,0.147151
1.88836,0.0924313
2.18992,0.209029
2.04666,0.214053
2.05255,0.183928
2.08225,0.197879
2.12816,0.265459
1.82626,0.133133
2.14049,0.198685
2.04863,0.296254
2.01285,0.213783
2.04958,0.257277
1.84948,0.0574864
1.99754,0.151711
1.74549,0.0137479
1.89159,0.0837608
2.19787,0.255241
2.12441,0.198934
2.13982,0.182943
2.12309,0.296733
1.90147,0.175536
1.77958,0.0240504
2.01628,0.253329
2.15897,0.282313
1.91799,0.21221
2.17654,0.289536
1.95354,0.198817
1.93275,0.154736
1.83888,0.137322
2.16207,0.305017
1.88064,0.124896
1.77325,0.0629965
1.83365,0.138966
1.86036,0.0785713
2.11933,0.222514
1.94445,0.150276
2.35306,0.340455
1.78472,0.0265111
1.81074,0.092588
1.86222,0.0953174
2.46566,0.264132
2.27224,0.2409
1.91964,0.214316
1.73489,0.0047393
2.01267,0.182821
2.05087,0.271281
1.8785,0.125403
2.0087,0.142884
1.86586,0.080995
1.8775,0.149646
1.88005,0.164236
1.94019,0.153826
2.00055,0.153795
1.83117,0.0599785
2.01285,0.149403
1.75307,0.0213291
2.04189,0.192666
1.86033,0.124619
1.85589,0.119324
2.17051,0.274212
1.8324,0.0955611
2.61373,0.30261
1.92913,0.109154
2.04622,0.244704
2.3941,0.28814
1.93306,0.103456
2.22429,0.258718
1.91455,0.140303
2.1735,0.193857
1.96887,0.241476
1.94859,0.201334
2.37523,0.298888
1.97818,0.106305
2.10614,0.26849
2.27695,0.325004
2.27038,0.39225
2.43597,0.295341
1.94291,0.135129
2.10451,0.221921
1.92286,0.164312
2.08018,0.243406
2.3369,0.2338
2.31591,0.262895
2.04867,0.271947
1.97312,0.161695
2.16768,0.247772
2.22095,0.264231
1.89585,0.0753117
2.91086,0.382965
2.00609,0.213108
2.16549,0.249816
2.1139,0.189612
2.04424,0.186102
2.01176,0.243082
2.17648,0.24801
2.35526,0.391202
1.83195,0.0816279
2.2355,0.395263
1.95838,0.220842
2.11516,0.191024
1.85989,0.0770318
2.49065,0.372249
2.10437,0.184138
2.06927,0.221376
1.96582,0.221242
1.90758,0.108155
1.82197,0.0563891
2.26082,0.388184
2.61467,0.312393
2.91363,0.384047
1.87631,0.0849331
2.53414,0.303988
1.94796,0.133279
1.97974,0.169287
2.70873,0.439378
2.11378,0.167406
2.00492,0.193404
2.3016,0.339204
2.39422,0.328795
2.20088,0.190013
1.97971,0.117711
1.99555,0.180241
2.34156,0.313652
2.28585,0.370435
2.09375,0.183341
2.00773,0.237763
2.34812,0.249992
2.38918,0.290673
2.2052,0.191147
2.17604,0.236904
2.41923,0.257577
2.45456,0.265823
2.17675,0.293796
2.04862,0.235673
1.94212,0.154807
2.03112,0.128166
2.28983,0.214007
2.04341,0.168476
2.21375,0.197789
2.53471,0.304173
1.99541,0.195954
1.86155,0.0701363
1.78054,0.0346624
2.20447,0.202919
2.65014,0.326782
1.98786,0.135828
2.22596,0.265973
1.88481,0.147781
1.87031,0.179084
2.02596,0.284948
1.81703,0.0619006
1.95885,0.146886
1.93056,0.201912
1.78139,0.0660058
2.59681,0.314299
1.96756,0.110393
2.70048,0.335871
1.84406,0.0728237
2.37832,0.240711
2.33107,0.267893
2.03444,0.245071
2.20215,0.191921
1.9636,0.207891
2.07434,0.223268
2.19574,0.289022
1.8681,0.0692688
2.03377,0.180481
2.10114,0.180864
2.32125,0.239893
1.75307,0.0164342
2.19376,0.192889
1.9235,0.168511
1.88886,0.173158
1.84127,0.136521
1.75091,0.0171299
2.10076,0.205606
2.18069,0.217546
1.89017,0.127858
2.45107,0.260176
2.1839,0.200303
2.10226,0.22463
1.99973,0.165131
2.37421,0.254965
1.79254,0.0664849
1.77796,0.0268315
2.10107,0.179244
2.13923,0.315925
1.85724,0.0606537
1.87875,0.0664829
1.99479,0.168156
2.20618,0.324075
1.81933,0.0626509
2.00418,0.189975
2.22088,0.225914
1.89011,0.174769
2.16576,0.258048
2.04791,0.149415
2.10205,0.232658
2.34906,0.246034
2.28386,0.214411
2.54421,0.294895
1.88449,0.0852813
2.14387,0.2575
1.99282,0.203193
2.18272,0.184826
1.85146,0.152964
1.80361,0.0547003
1.95689,0.128017
1.8755,0.133272
2.16077,0.27988
2.17783,0.274355
2.26012,0.216916
1.99204,0.242688
1.75933,0.0360099
1.86693,0.101211
1.84555,0.106079
2.38849,0.259152
2.18209,0.245328
2.07471,0.316918
2.09061,0.228694
2.15852,0.173341
2.20516,0.242871
2.1182,0.326247
2.32888,0.28239
1.96586,0.190142
1.87932,0.131947
2.11981,0.27511
2.15249,0.231272
2.09673,0.245239
1.80206,0.0968553
2.20375,0.335444
2.13357,0.216585
2.2493,0.315476
2.18007,0.184058
1.99535,0.259505
2.01854,0.121687
2.04515,0.183861
2.06263,0.280007
2.24578,0.247064
2.12424,0.246215
2.12595,0.231367
2.23315,0.195908
2.18066,0.184185
1.93043,0.211965
2.23545,0.279333
1.86349,0.162509
1.91368,0.0975615
1.94033,0.199976
1.91869,0.102637
2.01136,0.23724
2.12445,0.245968
1.98186,0.183467
1.77564,0.0614589
1.95953,0.226536
2.11501,0.260938
2.39929,0.29144
2.12574,0.236171
1.93331,0.212001
2.0997,0.218069
2.01305,0.176574
2.09689,0.160804
1.98451,0.226894
2.282,0.279531
2.01592,0.189705
2.13824,0.18116
2.12876,0.169591
2.14071,0.180913
2.15574,0.253796
1.87567,0.128695
2.25305,0.251899
1.97599,0.172095
2.22885,0.194535
2.07486,0.270966
2.30089,0.330285
2.21884,0.25494
1.8996,0.0791565
1.95919,0.194944
2.19639,0.242123
1.96822,0.208511
2.1568,0.22392
2.20155,0.244251
2.21961,0.256806
2.06552,0.220104
2.05918,0.268038
2.04641,0.261667
1.97901,0.172598
2.19101,0.266204
1.81602,0.11124
2.05859,0.261815
2.2271,0.193975
1.95949,0.235486
2.26649,0.236264
2.41592,0.300399
1.80429,0.0551725
2.11543,0.241469
2.14312,0.209003
2.10334,0.184157
2.22248,0.19249
1.98833,0.124408
2.06612,0.239858
1.98691,0.210528
1.98829,0.212363
1.90811,0.195597
2.54332,0.339098
2.23115,0.195269
2.01772,0.199687
2.10687,0.233575
1.80631,0.0352552
2.16788,0.234871
1.87248,0.148753
2.06368,0.219088
1.95962,0.191684
2.21186,0.302528
1.95892,0.190936
1.928,0.162389
2.09778,0.214448
1.87081,0.162906
2.45254,0.269049
1.96093,0.190755
2.23983,0.204351
2.12256,0.161644
1.99784,0.219209
2.22747,0.318259
2.32074,0.262853
1.93287,0.115506
2.08177,0.170324
1.84272,0.107731
2.217,0.345569
1.926,0.136381
2.19357,0.189647
1.79456,0.0335041
1.99321,0.217247
2.0939,0.181456
1.89013,0.113708
1.78989,0.0763913
2.10024,0.222683
2.19376,0.242816
1.93013,0.0916783
2.07188,0.26482
2.13355,0.251466
1.81803,0.0741658
1.8848,0.152916
1.81833,0.0819969
1.83632,0.138026
2.19539,0.248952
1.87881,0.128994
1.81742,0.094618
2.21594,0.190383
2.0691,0.159126
3.1962,0.426041
2.13003,0.216418
2.08507,0.223809
2.09016,0.291172
2.01529,0.199155
2.19626,0.22887
1.88327,0.176697
2.10111,0.185621
1.95345,0.188906
2.28586,0.238022
2.06169,0.219348
2.14708,0.246445
2.06024,0.218679
2.26114,0.276458
2.33998,0.258328
2.20573,0.250586
1.9069,0.199849
2.21074,0.250997
1.76134,0.0197215
2.06934,0.22367
2.1083,0.160171
2.05658,0.23117
2.03508,0.133571
2.09578,0.276795
1.95828,0.197298
2.1785,0.258815
1.81178,0.0619025
2.24058,0.363585
2.22898,0.197787
2.24576,0.381185
2.19867,0.280502
1.88848,0.131972
2.30834,0.245165
2.4127,0.383868
2.04908,0.177618
2.11214,0.160862
2.18245,0.212559
1.87575,0.178256
2.18841,0.187341
2.15204,0.245073
1.96846,0.196844
1.93399,0.209321
1.81323,0.0664439
1.99126,0.213861
1.98679,0.123469
2.07294,0.159487
2.00343,0.195879
1.99193,0.113135
2.19681,0.207478
2.25349,0.348669
1.84588,0.117614
2.2668,0.233534
2.01803,0.125829
1.98969,0.113687
2.03852,0.294071
1.93103,0.144243
1.98247,0.212598
2.23393,0.28575
1.7968,0.0809198
2.20568,0.222342
1.83653,0.0766804
2.19125,0.222728
1.93504,0.219314
1.88378,0.122576
2.18597,0.223576
2.19671,0.266589
1.99291,0.215369
2.11832,0.255428
1.79782,0.0449071
1.95399,0.139732
2.12052,0.180989
2.29273,0.280971
1.95613,0.114404
2.01559,0.22217
1.98873,0.138754
2.23613,0.291161
2.1795,0.234091
2.06042,0.221347
1.7906,0.0665039
1.82016,0.0871966
1.98874,0.115794
2.05739,0.218079
2.18986,0.24938
1.93632,0.211729
2.02383,0.235265
2.04519,0.144389
1.81882,0.0505716
1.77894,0.0247991
2.08358,0.214682
2.25478,0.271897
1.97266,0.186274
2.05256,0.206546
2.11303,0.158385
1.82634,0.0690884
2.06171,0.207495
2.04007,0.205434
2.1062,0.267209
1.95785,0.148619
2.22883,0.238441
1.80981,0.0842733
2.24754,0.217644
1.9586,0.192934
1.98122,0.20944
1.94677,0.173401
1.89443,0.116476
1.96062,0.195708
1.90785,0.201322
1.98729,0.214931
2.19202,0.218507
2.14777,0.210732
1.77985,0.0634416
1.99529,0.237307
2.23003,0.300943
2.11043,0.212606
2.23781,0.208049
2.16179,0.253831
1.99372,0.212026
2.02347,0.196514
1.9276,0.148612
1.98976,0.21423
2.24087,0.20334
1.99572,0.127426
2.21024,0.199095
2.23313,0.195954
2.10579,0.258248
1.94446,0.233388
1.81135,0.0641838
1.97374,0.20483
2.14829,0.222365
1.8201,0.0957679
1.82034,0.0975539
2.00415,0.200484
2.29464,0.277069
1.94959,0.218048
1.85738,0.0578934
2.23136,0.273031
2.02054,0.234667
1.80419,0.0531147
1.97226,0.210416
1.99483,0.164385
1.89878,0.176141
2.1006,0.22078
2.16991,0.237113
2.21177,0.189051
1.90467,0.17236
1.91452,0.169537
1.8571,0.148219
2.0228,0.152966
2.02149,0.229245
1.9069,0.202148
2.17647,0.216563
1.98637,0.234534
2.20075,0.273821
1.94105,0.212932
1.87429,0.179648
2.07736,0.286842
1.87104,0.140568
2.03889,0.205047
1.94426,0.111053
2.03223,0.137797
2.0377,0.205221
1.97204,0.212615
2.16972,0.205887
1.99261,0.216939
2.01035,0.152527
1.9869,0.212461
2.26144,0.207145
1.95725,0.168553
2.11303,0.21715
1.9099,0.197832
1.77519,0.0318546
2.00866,0.219675
2.16999,0.241934
2.23245,0.195685
1.94375,0.174769
1.79794,0.0409263
2.20257,0.256155
2.05142,0.188469
1.79989,0.058309
1.88503,0.0904213
2.02051,0.181011
2.24269,0.291804
2.18271,0.243269
2.1547,0.257855
2.22297,0.277354
2.19815,0.273024
2.12522,0.238827
1.93573,0.206164
1.87707,0.0961776
1.94104,0.210673
2.10128,0.271464
1.9003,0.0962247
2.18821,0.216819
1.9931,0.260921
2.07749,0.148719
2.05098,0.215976
1.92101,0.21722
1.97667,0.121821
2.11194,0.164708
2.01162,0.253898
1.895,0.159104
1.90867,0.198515
2.02055,0.226893
2.11659,0.218755
2.00977,0.154637
2.14743,0.171656
1.97994,0.206009
1.87998,0.119144
2.10462,0.183852
1.97274,0.114985
2.02356,0.197123
1.93801,0.164345
1.97474,0.195298
1.95783,0.242725
1.98516,0.21235
1.80564,0.0917718
1.84335,0.0868146
2.00462,0.226788
1.98508,0.125615
2.12678,0.225423
1.90805,0.122043
1.85756,0.144055
2.04065,0.252011
1.94511,0.235325
2.15954,0.213885
2.20875,0.193126
2.1959,0.272326
2.0156,0.165556
2.24324,0.249832
1.77758,0.0415264
2.02589,0.167775
2.09304,0.175967
1.84039,0.0717092
2.12632,0.227173
1.87166,0.102988
2.12635,0.226347
1.77421,0.0646323
1.84084,0.0870126
2.01144,0.158494
1.96742,0.176416
1.84499,0.126498
2.10036,0.174735
1.95781,0.138083
1.98304,0.21187
2.20346,0.186331
1.83327,0.0622092
1.97341,0.204563
2.0222,0.200127
1.94331,0.207878
2.05401,0.240652
2.02332,0.129836
1.86088,0.124677
1.90882,0.19745
1.92802,0.104198
2.17804,0.213959
1.80793,0.0500791
1.97552,0.255093
1.94989,0.153439
1.88211,0.153447
2.06304,0.172123
2.00665,0.262844
1.75869,0.0421639
1.78036,0.0696481
1.89337,0.0902139
2.03072,0.238917
1.75402,0.0192771
1.92315,0.143013
1.82995,0.12425
2.00118,0.22488
1.99576,0.135475
2.17073,0.248116
2.43126,0.25474
1.79667,0.073665
1.90079,0.149723
2.0819,0.150812
2.08405,0.14644
2.11281,0.179628
2.18237,0.235157
1.91154,0.141472
2.11237,0.213618
2.18988,0.242315
1.88943,0.142713
1.81719,0.120186
1.94292,0.21666
2.11059,0.184715
1.8425,0.109422
1.9601,0.123078
2.05142,0.217071
2.17073,0.254317
2.11095,0.240657
1.82897,0.126732
2.02933,0.136726
2.13603,0.173528
1.95605,0.172129
1.87916,0.181356
2.01874,0.285553
2.11431,0.243852
2.03079,0.202631
1.79591,0.0512196
2.16846,0.231527
1.87686,0.104162
2.07345,0.286837
1.95893,0.101299
2.11616,0.161248
2.14847,0.197371
2.10658,0.156225
1.90516,0.121526
1.89862,0.151271
1.99227,0.180898
2.41082,0.316757
2.13396,0.287512
1.87512,0.128124
2.08492,0.177419
2.03002,0.221351
2.01354,0.183314
2.09892,0.167102
1.84913,0.0880933
1.92071,0.0850753
2.00223,0.217399
2.05149,0.141687
1.74497,0.0122281
1.8965,0.132507
1.81817,0.0681307
1.97729,0.210894
1.8011,0.0558135
1.9917,0.187844
2.12778,0.196053
1.92639,0.109662
1.82411,0.0425889
1.87936,0.142087
1.97407,0.207794
1.82181,0.0466158
1.95352,0.130911
2.15646,0.221725
1.92755,0.0921578
1.80023,0.070527
2.0485,0.216079
2.43356,0.333662
2.18469,0.329112
2.18939,0.215411
1.79371,0.0504745
2.10364,0.226922
2.30335,0.328
1.95756,0.198997
1.80934,0.0720043
1.90053,0.136704
1.95245,0.100401
2.20613,0.247642
1.91034,0.116089
1.90421,0.175235
1.82972,0.053612
2.03692,0.210457
1.79506,0.0590069
1.86597,0.0728594
1.96849,0.129051
1.83191,0.131459
1.82855,0.0549724
1.92949,0.109678
2.05421,0.204397
2.05628,0.248085
1.92958,0.107875
1.89594,0.186699
2.11436,0.312636
1.91649,0.140532
2.22354,0.25871
1.99517,0.170174
2.14535,0.267197
2.23098,0.195215
1.99381,0.126686
1.96657,0.180943
2.10798,0.290706
1.91211,0.0907743
1.96359,0.209637
2.30523,0.272335
1.95734,0.199827
2.01225,0.288354
1.79105,0.0617021
1.89521,0.160826
2.03803,0.293627
1.87688,0.183138
2.0269,0.294832
1.96322,0.200639
1.96745,0.130554
2.21548,0.27386
1.73572,0.00356315
1.91504,0.0985689
1.87127,0.125455
2.03542,0.15854
2.03312,0.174883
2.08967,0.150461
1.96332,0.192425
1.90383,0.202276
1.91319,0.114125
2.05439,0.183438
2.11357,0.220303
2.12337,0.183394
2.22629,0.199442
1.89523,0.116796
1.91189,0.105159
1.8242,0.0776072
1.98934,0.120289
1.9707,0.120117
1.97056,0.113991
1.99891,0.24851
2.1337,0.179071
1.86484,0.159526
2.00856,0.195765
2.03418,0.177193
2.16039,0.245713
1.93325,0.216642
2.48848,0.372945
1.75762,0.0266421
1.87056,0.0865603
2.5764,0.393605
1.76796,0.0553937
2.07063,0.168784
2.0234,0.187804
1.94301,0.181529
1.74494,0.0142742
2.38283,0.303913
1.83471,0.0729322
1.96919,0.205098
1.92607,0.162069
2.00653,0.277497
2.13504,0.222738
2.12125,0.187957
2.23344,0.203316
2.0646,0.199083
2.16584,0.193385
1.8529,0.0599066
2.02277,0.151406
1.95494,0.194203
1.78968,0.029329
1.9192,0.206788
2.1425,0.170792
1.85743,0.128761
1.84445,0.0924795
2.01901,0.148701
1.85859,0.0922127
2.14462,0.20356
1.75309,0.0321935
2.00988,0.128871
1.86517,0.070504
2.1323,0.207146
1.8295,0.12809
2.09404,0.310924
2.10392,0.160779
1.95682,0.134173
1.87635,0.15519
2.04162,0.213856
2.0922,0.296665
1.99476,0.147882
2.39023,0.298739
2.21892,0.269719
1.77869,0.0336793
2.08622,0.148377
1.90196,0.0960807
2.00838,0.163527
2.13988,0.212386
1.91845,0.151131
1.94135,0.111797
1.92791,0.192771
2.07116,0.2231
1.92345,0.120156
2.15703,0.245268
1.89332,0.112145
1.89174,0.123933
2.04319,0.269103
1.81946,0.0596426
1.76997,0.0430294
1.94525,0.131368
1.86946,0.132703
2.0553,0.19404
1.96972,0.139924
1.92671,0.123589
1.85423,0.155706
1.83162,0.0978097
1.82024,0.0724525
1.74761,0.0151961
1.79715,0.0630968
2.12384,0.188854
1.89859,0.105704
1.75977,0.0433101
2.10128,0.165344
2.09925,0.21802
1.80756,0.0678889
1.93259,0.116949
2.39105,0.278447
1.74987,0.0254691
2.1305,0.165613
2.75522,0.338578
2.07532,0.311917
1.791,0.0562599
2.06014,0.137752
1.76257,0.0199834
1.93086,0.157947
2.22884,0.232672
1.89011,0.160137
1.79119,0.062568
1.89749,0.195073
2.3784,0.320468
1.96273,0.107746
1.811,0.0898509
2.13868,0.166585
2.01617,0.130586
1.82254,0.0801156
1.93479,0.12311
2.14366,0.208364
1.89004,0.1118
1.83582,0.093152
1.88525,0.0864206
1.88392,0.191525
1.80699,0.03606
1.82986,0.0615074
1.91501,0.134627
1.92085,0.104257
2.00015,0.266605
2.00029,0.187494
2.25666,0.326386
1.78196,0.0503147
1.90265,0.156959
1.9754,0.122247
1.9828,0.208239
1.79794,0.0827981
2.0324,0.252135
1.90557,0.118418
1.76286,0.0267692
2.0568,0.195268
1.82277,0.101613
1.81163,0.0835736
2.08244,0.147134
1.80636,0.101445
1.8781,0.0879052
1.80444,0.0873195
2.25282,0.294419
2.03204,0.248474
1.96147,0.1491
1.95918,0.107399
1.78153,0.0653401
1.89245,0.184778
1.80599,0.0880684
1.95767,0.142481
2.04453,0.148394
1.77635,0.0281011
2.21042,0.234307
1.78054,0.0636682
1.91996,0.173274
1.91552,0.199494
1.84713,0.0525146
1.83011,0.0501955
1.86187,0.107684
1.99414,0.164772
1.93171,0.106422
1.74037,0.0042497
1.89519,0.150047
2.07756,0.169888
2.03394,0.155722
1.9957,0.131698
1.80704,0.0550389
1.88442,0.0687658
2.17827,0.183341
1.75429,0.0192401
1.78224,0.0519477
1.93928,0.128144
2.0159,0.288282
2.26286,0.295189
1.92366,0.213726
1.88962,0.179102
1.95003,0.16911
1.77741,0.0528994
1.76759,0.0542522
1.90154,0.178157
2.02678,0.22151
2.07803,0.207005
1.79785,0.0989942
2.05873,0.14972
2.0333,0.150884
2.18503,0.185383
2.11806,0.216843
1.8016,0.0966322
1.99388,0.183138
1.79697,0.0483823
1.86345,0.0721024
2.21846,0.250604
1.99512,0.196074
1.82872,0.0783533
1.83526,0.092293
1.97074,0.157152
1.98248,0.175291
2.07496,0.157006
1.77952,0.0351797
1.9921,0.154571
1.76065,0.0248249
1.94393,0.109106
2.1775,0.266387
1.92488,0.105758
2.02976,0.251867
1.81406,0.0902745
2.06374,0.264731
1.8636,0.0902269
2.0256,0.172431
1.96067,0.135104
1.98678,0.181313
1.83127,0.0878199
1.93303,0.139479
2.05738,0.181987
2.23048,0.254902
1.9263,0.154044
2.50427,0.305612
2.08192,0.155729
1.94017,0.100978
1.80612,0.0464039
1.88278,0.12551
1.89881,0.154356
2.0992,0.15712
1.87511,0.0977527
1.97999,0.243251
2.12592,0.170444
1.83855,0.129919
1.78383,0.0742384
1.9677,0.187135
2.06479,0.18733
2.10461,0.189399
1.91205,0.0931875
1.81546,0.0694511
1.95081,0.0994941
1.90759,0.153418
1.97557,0.168803
2.2171,0.291146
1.96572,0.135278
1.88855,0.109677
1.97881,0.231532
1.97332,0.22535
1.78861,0.0794393
1.93124,0.14369
1.83652,0.13358
1.83494,0.0897679
1.77467,0.0563346
2.13697,0.315355
1.78274,0.0718892
1.86567,0.100832
1.92025,0.142331
2.1576,0.300115
2.00941,0.129765
1.95011,0.10461
1.86449,0.0749903
1.8471,0.0969269
1.77443,0.0534634
2.12857,0.270258
2.18995,0.262624
1.76505,0.0256703
2.14173,0.344773
1.9016,0.154399
2.10719,0.178666
1.88663,0.126547
2.17436,0.329069
1.86207,0.129326
2.1164,0.239361
1.99672,0.116726
1.93527,0.180193
1.89477,0.107284
2.05204,0.202632
2.027,0.155516
2.04765,0.157658
2.22606,0.26268
1.92667,0.166458
2.10976,0.202679
1.97669,0.137844
2.07749,0.20376
1.88885,0.0864615
1.86352,0.127504
1.91895,0.0980982
2.04169,0.185793
1.88598,0.145366
2.01691,0.130696
2.39016,0.28166
1.99959,0.125142
1.83922,0.060936
1.85299,0.143328
1.85633,0.0979682
1.89735,0.096511
2.18106,0.194681
1.90023,0.122562
1.92505,0.156866
2.06523,0.249728
2.25966,0.306135
1.85053,0.0909691
1.9383,0.123061
1.90672,0.0977063
2.09729,0.23898
1.86764,0.131208
2.06876,0.168744
2.08364,0.212942
2.42264,0.25914
1.86738,0.0683901
1.90736,0.0956846
1.98442,0.26724
1.9171,0.124537
1.99061,0.119284
1.82686,0.132781
1.919,0.150378
2.19292,0.252154
1.87778,0.107863
1.96818,0.173534
1.77414,0.0566243
1.93685,0.233112
1.98789,0.188679
2.11817,0.172933
1.80995,0.0639678
2.12523,0.236758
1.97136,0.181168
2.05583,0.14397
1.79818,0.0584657
2.18902,0.317372
2.14309,0.223479
2.07789,0.305232
1.98153,0.143269
1.99199,0.161763
1.96793,0.13104
1.82114,0.057195
1.92413,0.207873
2.10773,0.2934
2.07941,0.265545
1.80656,0.0868099
1.86993,0.0935278
2.01904,0.254133
1.79858,0.0766597
1.9244,0.177546
2.14033,0.200849
2.25553,0.299654
1.88997,0.111248
2.01577,0.195413
1.95875,0.103842
1.86737,0.122109
2.18422,0.209976
1.82702,0.0491861
1.89188,0.173643
1.78231,0.0256125
1.87362,0.151914
2.2364,0.325944
1.79878,0.0484043
1.92758,0.0954281
1.82947,0.0566807
1.91202,0.137484
2.03176,0.147168
2.29122,0.292106
1.87594,0.116502
1.97363,0.163311
1.82775,0.0958409
1.92026,0.138695
1.8316,0.116408
1.90754,0.0999975
1.76317,0.0160027
1.96503,0.120161
1.92963,0.199299
2.01465,0.169963
1.80875,0.101914
2.20172,0.196456
2.05263,0.155092
1.82159,0.0953754
1.78499,0.0775801
1.91312,0.0817034
1.88306,0.172087
1.84632,0.102404
2.08707,0.201375
2.08331,0.153249
1.85082,0.0544328
1.90555,0.184469
1.73326,0.000594352
1.79063,0.0549877
1.82046,0.0474186
2.0332,0.128067
1.83017,0.125784
2.08029,0.266551
2.0545,0.197087
1.91521,0.134582
1.77468,0.041789
1.99766,0.251562
1.8509,0.0978948
2.22164,0.265271
1.80651,0.0384054
2.22865,0.203819
1.91464,0.216368
2.01589,0.123009
2.11096,0.185635
1.8306,0.103119
2.10507,0.207816
1.90279,0.173978
1.92723,0.205985
1.89059,0.108794
1.91793,0.146359
1.84151,0.0805471
1.93879,0.130099
1.87962,0.100132
2.12009,0.247059
2.00175,0.167405
2.21006,0.303792
1.86434,0.128888
2.05399,0.199467
1.95483,0.10289
2.07336,0.184052
2.06659,0.145565
1.83257,0.0996903
2.11586,0.257068
1.89682,0.0808726
1.84401,0.144402
1.82991,0.0650504
2.13698,0.22245
1.93655,0.152423
2.29052,0.243986
2.0019,0.120295
1.76296,0.0513657
1.84662,0.0802075
1.81687,0.0568184
2.15995,0.171904
2.08058,0.22813
1.83265,0.0534939
1.78115,0.0521342
1.90223,0.127326
2.01957,0.144687
1.98174,0.177368
1.85382,0.0602544
2.07055,0.178587
2.13913,0.18647
1.8118,0.0459985
1.90056,0.0905632
2.1992,0.198319
1.88393,0.119555
2.24037,0.323218
2.12449,0.23055
1.88229,0.0796405
2.00164,0.181928
1.93771,0.113632
1.81689,0.0656473
1.90454,0.148215
2.00193,0.137568
1.81482,0.0518931
2.01363,0.238842
1.99841,0.17847
1.81853,0.0421638
2.12651,0.310118
1.75818,0.0303686
1.80944,0.049778
2.18061,0.331802
1.98756,0.135284
1.8704,0.0840323
1.83254,0.0805926
1.77232,0.0649057
2.1524,0.19932
2.19796,0.194732
2.13089,0.254284
2.06924,0.175538
2.03115,0.133179
1.79381,0.0553945
1.93232,0.166459
1.79674,0.0363969
1.98673,0.120428
1.95442,0.174398
2.06914,0.177104
2.38913,0.251124
2.20742,0.304994
2.27151,0.214374
1.95334,0.140042
2.00217,0.128325
1.99406,0.132219
1.97719,0.14414
2.11416,0.255589
1.95756,0.228929
1.81145,0.0641921
1.93506,0.103845
1.87564,0.0687261
1.84296,0.078065
1.81364,0.0442131
1.76366,0.0427745
1.80635,0.0995753
1.76952,0.0251709
1.78767,0.0734746
2.23106,0.265233
1.8624,0.097193
2.022,0.275743
2.07352,0.19027
1.94655,0.158957
1.76303,0.035009
1.86945,0.0956867
1.99382,0.162444
2.2601,0.370406
1.86564,0.0996774
2.00097,0.249037
1.79957,0.0851499
1.80337,0.080915
1.75961,0.0456389
1.82779,0.0448455
1.98882,0.23913
2.03336,0.233353
2.2158,0.307221
2.05096,0.137444
1.86216,0.0663516
2.08332,0.264219
1.75047,0.01701
1.99804,0.155221
1.7977,0.0325832
1.81894,0.0854636
1.82127,0.0585603
2.0658,0.146007
1.73891,0.00725494
1.86859,0.0983583
1.91518,0.111833
1.78165,0.0730155
1.93498,0.159324
2.00206,0.170895
1.91118,0.189161
1.94736,0.166073
1.95474,0.174001
1.74154,0.010381
2.04412,0.295646
2.07978,0.23126
1.99991,0.175392
2.13153,0.184397
1.79132,0.0425466
1.96197,0.130663
1.90942,0.183178
1.80792,0.0706016
2.419,0.251335
2.0607,0.262011
1.8616,0.0823263
2.09239,0.218275
1.85433,0.0766026
1.95392,0.134684
1.79001,0.0284624
1.85337,0.132347
1.87157,0.15424
1.98095,0.241446
1.85269,0.121225
2.11227,0.166954
1.78913,0.0338846
1.95206,0.224473
2.43895,0.290791
1.86341,0.100689
1.76032,0.0307702
1.86309,0.0810712
1.95862,0.160247
1.80763,0.0622179
1.80387,0.0374738
1.82044,0.0719428
2.01976,0.141405
1.87795,0.082965
2.05373,0.251043
1.83421,0.135737
2.07465,0.181781
1.89596,0.111139
2.05168,0.155518
2.35779,0.312602
2.22196,0.221775
1.84761,0.0572003
1.99524,0.121928
2.09384,0.154833
2.41738,0.250885
2.00047,0.133786
1.82658,0.0929271
2.21491,0.227911
1.7768,0.0714967
1.95444,0.098824
1.9477,0.106077
2.08657,0.227294
1.83645,0.0954953
2.13547,0.16368
2.1293,0.319829
1.97835,0.15913
1.937,0.166472
1.94126,0.200989
1.8653,0.102653
1.93335,0.148203
2.41644,0.250621
2.16863,0.174877
1.93871,0.137738
1.78023,0.0620211
1.81877,0.0858553
1.82824,0.121405
1.86443,0.156869
1.88018,0.0802905
1.78004,0.0478859
1.77044,0.0382815
1.92059,0.100351
2.42074,0.287217
2.09756,0.176232
1.89095,0.134993
1.82762,0.108465
1.9221,0.106801
1.969,0.120853
2.03883,0.280941
1.91729,0.108446
1.88619,0.0988792
2.41579,0.250442
1.75405,0.0325514
2.1323,0.204567
1.81618,0.0685934
1.83343,0.0629912
1.91613,0.122323
1.77788,0.0470912
1.87455,0.183175
1.87021,0.0749795
2.21766,0.311682
2.05697,0.167332
1.87625,0.0694709
1.78021,0.0592939
1.78964,0.0519108
1.89808,0.187549
2.41528,0.250297
1.86605,0.144907
2.18507,0.231312
1.85311,0.127341
2.32816,0.324757
1.99407,0.152105
2.07032,0.315625
1.78206,0.031695
1.74414,0.012822
1.83008,0.0525871
2.00449,0.123156
1.9343,0.186607
1.81713,0.110115
1.86965,0.161622
1.86247,0.0862923
1.75393,0.01547
1.82358,0.117357
1.97379,0.2166
1.78922,0.0735617
1.90127,0.180974
2.41548,0.250354
1.85088,0.0578944
1.89612,0.0823723
1.8394,0.0661187
1.91536,0.142613
2.13978,0.168304
1.80117,0.0422654
1.82893,0.100538
2.04123,0.179652
1.85325,0.0581172
2.2089,0.188126
2.07419,0.156171
1.94334,0.167274
1.8712,0.0629102
1.82083,0.0655177
1.78346,0.0500218
1.85357,0.0718224
2.41421,0.249998
2.14257,0.202785
1.98593,0.160267
2.4142,0.249997
1.90463,0.204485
2.19524,0.322438
1.83001,0.0636604
2.02863,0.225187
1.97555,0.207678
2.08109,0.144758
1.74703,0.010163
2.56414,0.308299
1.778,0.0381261
2.21295,0.207649
2.07905,0.211551
2.41491,0.250194
1.89399,0.120348
1.75402,0.0317976
2.13509,0.186451
1.89078,0.0735109
2.00621,0.157993
1.75401,0.02944
2.41488,0.250185
1.99419,0.114315
1.75989,0.0210707
2.4142,0.249997
1.88199,0.09636
1.94716,0.227076
2.27552,0.209218
2.19055,0.241906
2.41478,0.25016
2.39333,0.315718
1.79258,0.0313141
1.95882,0.233214
2.04549,0.238612
2.07631,0.241733
1.79534,0.0544322
2.41542,0.250336
1.94431,0.234801
2.41555,0.250373
1.89425,0.177543
1.83883,0.104792
2.27128,0.211139
1.95227,0.126094
1.84117,0.091932
1.75862,0.0418977
1.82315,0.0532053
2.41421,0.249999
1.97301,0.212793
2.41421,0.249998
2.41421,0.249998
2.39942,0.24584
2.4142,0.249997
2.12733,0.218155
2.35445,0.328138
2.4142,0.249995
1.83619,0.0878713
2.13782,0.265755
2.41741,0.286747
1.76921,0.0490039
1.85707,0.123905
2.4261,0.288991
1.91484,0.148849
1.92534,0.163839
1.93934,0.0948756
1.97415,0.194412
2.14924,0.333157
1.93563,0.151772
2.3817,0.29137
2.33019,0.231121
1.88708,0.157284
1.94259,0.149365
1.91491,0.105595
1.86769,0.151753
1.84409,0.0897343
1.959,0.105479
2.49243,0.338989
2.41549,0.250356
2.42605,0.288952
1.93072,0.15153
2.06997,0.198737
2.26011,0.310953
1.87674,0.132008
1.84614,0.0902252
2.01408,0.194165
2.24055,0.279204
2.31915,0.264994
2.41756,0.28673
1.8981,0.18935
2.41303,0.320431
2.41421,0.249998
2.19358,0.292178
1.87093,0.0898277
1.89424,0.0994546
2.41418,0.249992
2.19051,0.255474
1.88671,0.0812959
2.01197,0.146195
2.4142,0.249998
1.80364,0.0384468
1.87034,0.0878937
2.17007,0.195719
2.4152,0.250277
1.88071,0.129079
1.80387,0.0342323
1.8929,0.192842
1.86063,0.135064
1.86369,0.0718964
2.41531,0.250307
1.89001,0.0805523
2.41573,0.250424
1.86525,0.13907
1.74494,0.00939911
1.77178,0.0227789
2.41628,0.286461
2.10202,0.161373
2.41515,0.250261
2.41589,0.25047
2.42502,0.288708
2.06371,0.201667
1.79912,0.0576556
1.77694,0.0558175
2.41495,0.250206
2.49477,0.339295
2.13393,0.221408
2.41549,0.250357
2.41625,0.286427
1.81181,0.0837461
1.94029,0.144108
1.88313,0.138476
1.84449,0.105669
2.05279,0.229528
1.84508,0.119681
1.99449,0.178988
2.05514,0.152577
2.0103,0.177787
1.8871,0.173488
2.41421,0.249998
1.77609,0.0456686
2.4163,0.250583
1.93635,0.133388
1.76162,0.0436693
2.37286,0.262063
2.00134,0.262384
2.41484,0.250176
1.83226,0.0678732
2.41421,0.249998
1.91638,0.123247
2.06873,0.142993
1.84193,0.0952574
1.80337,0.0679617
2.4142,0.249998
1.85274,0.0911808
1.9202,0.110036
2.47174,0.334222
2.07953,0.228804
1.82173,0.0896511
2.41421,0.249998
2.42506,0.288663
1.76005,0.0428996
1.762,0.0370114
2.03694,0.131111
1.81857,0.0434568
2.41413,0.249977
1.99167,0.225029
2.08417,0.204973
1.98063,0.19256
1.88591,0.108554
2.21047,0.339829
2.02935,0.192163
2.30393,0.407166
1.76595,0.0463147
1.99979,0.263743
2.32826,0.239849
2.11259,0.193958
2.10115,0.170762
1.77913,0.0322228
1.83362,0.138357
1.75804,0.0422849
1.74922,0.0141947
2.39052,0.31462
2.01952,0.137842
1.88343,0.0886958
1.76581,0.0323688
2.16654,0.174272
2.41421,0.249999
1.78104,0.0716802
1.9902,0.127102
2.4142,0.249997
2.44271,0.270498
1.91959,0.107319
1.90681,0.118268
2.41421,0.249998
2.49934,0.339546
2.31225,0.319304
1.83166,0.128377
2.09774,0.203461
1.96488,0.103665
1.88552,0.12003
2.4142,0.249997
2.42575,0.288709
2.3912,0.314962
2.14212,0.165946
2.12891,0.186913
1.86356,0.1125
2.04333,0.149999
1.82823,0.0501462
2.11517,0.267516
1.9742,0.185844
2.48784,0.297288
2.38976,0.314294
1.79806,0.0916485
1.91383,0.117844
1.84428,0.113547
2.17027,0.317847
2.49437,0.339037
1.80169,0.0442157
2.04797,0.219629
2.00648,0.186587
1.9097,0.0992019
1.88168,0.116956
1.85087,0.0986102
2.39012,0.314282
1.74687,0.0175503
1.81745,0.112496
2.09481,0.17852
2.38975,0.314325
2.41594,0.28618
1.87303,0.0993885
1.8303,0.0872993
1.78673,0.0563383
1.99828,0.166727
2.15321,0.236581
1.86766,0.136511
1.87315,0.155328
2.13154,0.195315
1.96596,0.169743
1.78493,0.083803
2.44502,0.314577
1.75619,0.0221531
1.81203,0.0671661
1.73995,0.0101704
1.75726,0.0127012
1.89958,0.127721
1.90044,0.164341
2.41504,0.250231
2.03727,0.273823
2.04138,0.228891
2.4142,0.249997
1.75716,0.0360899
2.49497,0.339041
1.91557,0.0954354
1.86048,0.0958758
1.82115,0.0877338
2.07078,0.208869
1.75927,0.0312474
1.76205,0.0265569
2.15644,0.237284
1.8441,0.148277
1.85451,0.073318
2.4949,0.339055
1.96953,0.125544
1.82624,0.0643186
2.12697,0.20469
2.44797,0.285185
1.82037,0.0823887
2.23003,0.220994
1.86149,0.134983
2.01048,0.151239
2.10473,0.225674
1.85409,0.083657
1.77593,0.0573831
2.24772,0.23575
2.40409,0.26946
2.41477,0.250157
2.42746,0.288946
1.92356,0.12165
1.75296,0.0182
2.19972,0.192532
2.41421,0.249998
1.83893,0.123059
2.02136,0.28313
2.00121,0.180303
1.94137,0.225205
2.14191,0.210219
2.05359,0.141177
2.41508,0.250243
2.15866,0.254821
1.99634,0.26204
1.81723,0.0808147
2.00976,0.144419
1.79007,0.0711741
2.05954,0.150537
1.99663,0.178757
2.32699,0.22483
2.41492,0.250198
2.41587,0.250464
2.41048,0.319306
2.17241,0.3291
2.49538,0.33904
2.13152,0.251682
2.08798,0.149475
1.9215,0.0870938
1.93899,0.106355
2.41421,0.249999
2.0948,0.204536
2.43218,0.255932
1.88066,0.122584
2.50169,0.339918
2.10607,0.179287
2.0081,0.121018
1.95158,0.115498
1.77864,0.0336026
2.41565,0.250402
1.91842,0.103215
2.14867,0.176841
2.21495,0.190085
2.41421,0.249998
2.41421,0.249999
1.77428,0.0465671
2.54707,0.305207
2.16929,0.270629
2.41604,0.250511
2.47305,0.334026
1.78497,0.0522072
1.93355,0.117528
2.41417,0.249988
1.77535,0.0390774
2.03887,0.15285
1.84635,0.104306
2.41513,0.250258
2.00687,0.118506
2.11625,0.30685
2.14429,0.342998
2.06287,0.313779
1.98246,0.199794
1.88355,0.141597
2.11809,0.265388
1.91512,0.153309
1.90259,0.0987593
2.06227,0.195462
2.35411,0.268355
1.98185,0.114108
2.27226,0.274205
2.40976,0.318992
2.05226,0.136101
2.41514,0.250259
2.04591,0.216561
2.04173,0.195735
2.00963,0.167479
2.2888,0.213303
2.00593,0.165224
2.3051,0.242698
1.87905,0.0954948
1.85738,0.115179
1.89459,0.199021
2.41519,0.250274
1.88015,0.0720649
2.02685,0.227065
1.90899,0.119529
2.18243,0.275787
2.29684,0.229717
1.87504,0.0783405
2.15267,0.275835
2.4142,0.249997
1.94776,0.243271
1.86386,0.128877
1.88849,0.0975067
2.497,0.339213
1.86331,0.0989859
2.26372,0.300825
2.38012,0.240349
1.95928,0.134778
2.08942,0.254007
1.91172,0.201399
1.8234,0.0600208
2.41421,0.249998
2.20823,0.194173
1.82951,0.0488003
2.4142,0.249998
2.43314,0.326857
2.05175,0.259664
1.93212,0.221863
2.47343,0.333978
2.03373,0.132982
1.90075,0.183852
2.15672,0.209917
2.21658,0.190611
2.01024,0.176065
2.42708,0.288696
1.8148,0.108639
2.00347,0.13771
1.81196,0.0762061
1.83629,0.142241
2.50002,0.339578
2.43305,0.326805
2.41421,0.249998
1.7638,0.0458797
2.08502,0.191587
1.95222,0.14202
2.41523,0.250285
2.28431,0.227353
2.31454,0.238996
1.84561,0.119245
1.84163,0.111922
1.83892,0.0965373
1.83235,0.0589225
1.79816,0.0480037
2.30872,0.264835
2.14361,0.216388
1.79614,0.0550765
2.17279,0.200648
1.99864,0.136625
2.41421,0.249998
2.415,0.25022
1.7985,0.0527886
2.41254,0.279852
1.99659,0.226347
2.40971,0.318813
2.4142,0.249997
1.85993,0.138539
2.49758,0.339213
2.01189,0.229699
2.38755,0.313452
1.96333,0.155643
1.93552,0.0977199
2.41529,0.250302
2.4104,0.268885
1.83933,0.0682973
2.41509,0.250245
1.98771,0.22033
2.4983,0.339352
2.21294,0.260963
2.45349,0.331617
2.06746,0.148821
2.03478,0.233807
1.97927,0.106783
2.28861,0.241986
2.15675,0.195399
1.91923,0.0827041
2.35888,0.287811
1.93506,0.158097
2.41012,0.268961
2.17449,0.17683
2.45345,0.331577
1.96004,0.234975
2.29701,0.226778
2.15926,0.17174
2.05764,0.170453
2.1291,0.207315
2.41421,0.249999
2.19775,0.184498
2.41421,0.249998
2.41508,0.250242
2.17196,0.211197
1.75559,0.0401901
1.76974,0.0497576
1.81096,0.0681167
1.82252,0.0829127
2.25533,0.359092
1.98631,0.25541
2.3866,0.313079
1.82764,0.0562492
2.42587,0.288362
1.98059,0.199684
2.41419,0.249993
1.96824,0.180175
2.47353,0.33384
2.31464,0.238909
1.83289,0.11025
1.82641,0.0842848
1.95301,0.226938
1.83519,0.0862781
2.42703,0.288577
1.7829,0.0700427
2.41421,0.249999
1.86883,0.111632
2.23126,0.220999
2.36304,0.244755
2.47448,0.333917
1.92506,0.116991
1.91946,0.103227
1.96356,0.149092
2.41564,0.285744
1.96376,0.200869
2.02632,0.183953
2.09517,0.166363
1.9164,0.158425
2.41421,0.249999
1.82004,0.10186
2.12092,0.232764
2.415,0.250219
2.1443,0.195774
2.41488,0.250186
1.81069,0.0837166
2.13996,0.352345
2.05088,0.164634
2.23084,0.233776
2.41576,0.285753
2.41484,0.250175
2.41468,0.250129
2.38615,0.312774
1.83429,0.0601699
2.41492,0.250197
2.49831,0.339215
1.95373,0.104149
2.4091,0.318334
2.2613,0.204803
2.41535,0.250319
1.79513,0.0761607
1.9896,0.187571
2.00784,0.162352
2.11863,0.188167
2.38595,0.312675
2.41685,0.250738
2.15917,0.192854
1.95211,0.112622
2.12124,0.198775
2.16802,0.177758
2.11092,0.168294
2.40833,0.318335
2.38699,0.313145
2.41014,0.320981
1.84645,0.0777284
1.7849,0.0403526
2.41421,0.249998
1.75196,0.0262541
2.12311,0.16164
1.79765,0.0699939
1.82265,0.0582827
1.862,0.0853267
2.12998,0.217554
2.42985,0.261646
2.41421,0.249999
2.41421,0.249999
2.38595,0.312717
2.41421,0.249999
2.41495,0.250206
1.84866,0.0682006
1.94613,0.208229
1.81091,0.0785135
1.88104,0.104996
1.95721,0.163621
1.98284,0.134897
1.85543,0.163812
2.14207,0.247211
1.84167,0.0530827
1.98409,0.167789
2.4185,0.251196
2.41421,0.249999
1.94918,0.172197
2.49772,0.339062
1.97317,0.109646
2.14248,0.166067
1.77976,0.053627
1.99499,0.159387
1.80158,0.0636758
2.42869,0.272996
2.42577,0.288217
2.17242,0.256797
1.94453,0.164287
2.42755,0.288568
2.38575,0.312696
1.96054,0.139133
1.88675,0.165378
2.16962,0.199101
1.86039,0.0709616
2.41678,0.250716
2.33287,0.242012
1.78346,0.0351437
2.36628,0.236363
1.8393,0.11107
1.82982,0.0517787
2.39982,0.25338
2.35121,0.283408
2.41554,0.285614
2.05593,0.1652
2.18154,0.198758
2.41419,0.249994
2.41634,0.250594
2.03997,0.203627
1.78338,0.05795
2.04843,0.192543
2.13538,0.196579
2.00213,0.185006
1.90478,0.164591
2.4155,0.285565
2.41421,0.249998
2.38483,0.277782
1.84928,0.0592892
1.80065,0.0368435
1.88732,0.0875322
1.75595,0.025966
2.30423,0.25506
2.22176,0.192278
1.87501,0.094066
2.41503,0.250229
2.50321,0.288108
1.93864,0.109981
1.91004,0.171699
1.81176,0.0463282
2.38399,0.247266
2.2428,0.222667
1.88278,0.101697
1.79099,0.0460455
1.74391,0.00642429
1.93939,0.136552
2.31337,0.220754
2.03945,0.137286
1.94299,0.133634
2.04746,0.221497
2.04258,0.225151
1.99352,0.118028
2.41469,0.250135
2.29459,0.218875
2.28536,0.252002
2.03262,0.190783
1.91624,0.122539
1.78411,0.0557034
2.1219,0.225586
2.35904,0.234262
2.33015,0.225769
2.3842,0.311996
2.17228,0.210513
2.42278,0.252438
2.47457,0.333758
1.89818,0.165539
1.81928,0.0708661
1.90478,0.111299
2.13671,0.234031
1.87101,0.0715136
2.06549,0.14742
2.4142,0.249995
2.4142,0.249997
2.41834,0.251152
2.35506,0.233102
2.04033,0.172549
2.3142,0.238485
1.78041,0.0316446
1.94675,0.149547
1.7862,0.0722522
1.88304,0.128336
2.41421,0.249999
2.33674,0.227723
1.88358,0.174957
1.8575,0.0679724
2.19995,0.185215
1.78597,0.0741175
1.756,0.0388307
2.14317,0.166303
1.95811,0.214837
1.96536,0.207546
2.34019,0.22874
1.88122,0.161627
1.91217,0.116312
2.3047,0.218142
1.82675,0.0869504
1.94085,0.134814
2.49915,0.339105
2.3474,0.230861
1.81575,0.103955
2.2023,0.185982
1.99052,0.112914
2.47797,0.336851
2.40569,0.327577
1.86071,0.097569
1.83355,0.0930162
1.95586,0.150126
1.794,0.0553496
1.92605,0.178082
1.81131,0.0727089
1.85566,0.150197
2.25709,0.203486
1.92774,0.151008
2.40809,0.317883
2.4142,0.249997
1.8934,0.127857
1.74151,0.00494235
2.41484,0.250176
2.38402,0.266353
1.95274,0.182293
2.01433,0.258159
2.51705,0.331275
1.82196,0.07745
1.87232,0.118815
1.96023,0.238495
2.00049,0.145545
1.95811,0.129462
1.85599,0.0869362
2.41396,0.271531
2.13311,0.284475
1.78738,0.0776956
1.8472,0.154588
1.87014,0.15058
2.06121,0.266095
1.87064,0.163136
1.84697,0.123387
1.9323,0.206807
2.49527,0.348079
2.05105,0.259772
2.26949,0.230302
1.75492,0.0295121
2.02384,0.229872
1.88461,0.184937
1.8818,0.0763627
2.41564,0.285494
2.4142,0.249996
2.08759,0.251173
2.01155,0.159008
2.17787,0.177952
1.93567,0.194307
2.41421,0.249998
1.88356,0.0838879
2.11081,0.155185
2.1825,0.230793
2.28988,0.249643
2.09499,0.17112
2.0289,0.13476
2.4142,0.249997
2.24417,0.199419
2.05816,0.177507
2.26577,0.206194
2.5002,0.339215
2.1952,0.200475
1.99624,0.18869
2.12207,0.175311
1.82206,0.114889
1.94606,0.123762
2.4741,0.33345
1.94094,0.199613
1.9851,0.124444
2.30982,0.219686
2.02125,0.174581
1.86993,0.098428
1.90067,0.0954812
2.41503,0.250227
1.86935,0.130656
2.15926,0.252735
2.08166,0.166576
2.00801,0.283907
2.18208,0.245387
2.20678,0.212402
2.20481,0.1868
1.82816,0.0642795
1.78382,0.06909
2.51782,0.28274
2.17827,0.284815
1.8575,0.117352
1.87464,0.157191
1.87778,0.121886
1.83389,0.112258
1.92965,0.154969
2.49455,0.340477
2.00646,0.140152
2.09055,0.177735
2.41474,0.250146
1.93563,0.0898159
1.99851,0.223405
1.77093,0.0623157
2.41494,0.250202
2.3143,0.238346
2.26063,0.247514
2.38311,0.311593
2.2421,0.295174
2.18157,0.179175
2.22939,0.194723
2.16113,0.291633
2.11977,0.218027
1.90798,0.176862
1.76582,0.040135
2.2603,0.231263
1.89105,0.186947
2.08517,0.213391
1.91223,0.197047
1.82643,0.0869618
1.82048,0.10967
2.15513,0.174517
2.03989,0.264476
2.34901,0.277752
2.20613,0.187229
2.41421,0.249998
1.95034,0.122077
2.10226,0.193134
1.77224,0.0298617
2.11052,0.254265
1.80499,0.0899641
2.41421,0.249998
2.50247,0.316436
1.89948,0.101672
2.32418,0.349936
1.9107,0.143531
2.40696,0.317405
2.03424,0.292814
1.83847,0.0835244
2.19388,0.20063
2.20679,0.210562
2.0568,0.202302
1.95038,0.237003
1.74078,0.0142182
2.00925,0.224166
2.02308,0.149589
2.11021,0.336929
1.95297,0.152588
1.8666,0.140047
2.12423,0.203418
1.87693,0.130743
1.75423,0.03138
2.41419,0.249994
2.41421,0.249998
1.93164,0.0890468
2.24385,0.328274
1.79021,0.0364146
1.89039,0.155032
1.8003,0.054848
1.96235,0.143616
2.07136,0.181304
2.13656,0.233642
2.0818,0.217208
1.96959,0.146283
2.24334,0.213414
1.94482,0.158224
1.81252,0.0693
2.09487,0.309901
1.78223,0.0678259
2.26362,0.236637
2.40133,0.343257
2.19305,0.265794
1.9758,0.167637
1.80354,0.0883527
2.10426,0.187918
2.18101,0.257106
1.92355,0.142644
1.81852,0.113316
2.22996,0.272545
2.27832,0.240678
1.971,0.237855
1.86032,0.145485
1.89579,0.144931
1.97923,0.232221
2.47486,0.333427
1.78727,0.0541433
1.77807,0.0692833
1.9096,0.175059
1.98979,0.211619
2.00881,0.210148
1.95128,0.144386
1.79281,0.0548201
2.15367,0.169858
2.13578,0.177101
1.80273,0.0870649
2.34844,0.256025
1.84006,0.0538449
1.87924,0.139103
2.1497,0.181559
2.10122,0.237579
1.83889,0.121022
1.77765,0.0568964
2.1572,0.210463
2.04235,0.210006
1.9375,0.183555
1.97403,0.147552
1.88334,0.112774
1.90318,0.126124
2.15067,0.168844
2.14464,0.166802
2.14176,0.237173
2.04654,0.173084
2.00898,0.229301
2.07362,0.197068
2.1237,0.273121
2.38325,0.31102
2.41777,0.250993
1.79471,0.0557161
1.89328,0.107353
2.42573,0.321276
1.76528,0.0279459
1.87435,0.160169
2.12091,0.222604
1.98695,0.166014
2.41839,0.251167
2.01597,0.196151
2.22287,0.223598
1.76525,0.0448763
2.6088,0.335304
2.25122,0.201643
2.73817,0.363161
2.15707,0.268849
2.41419,0.249995
2.72655,0.374815
1.84773,0.0816958
2.29451,0.294205
2.08564,0.172399
2.05534,0.14086
2.08659,0.189213
1.9311,0.196895
2.10129,0.210808
2.14828,0.200456
2.37273,0.330749
1.83577,0.066041
2.05365,0.256001
2.101,0.158201
2.15892,0.336563
2.18352,0.183709
1.95737,0.202968
2.23529,0.257159
2.40746,0.316592
2.35991,0.264342
2.08914,0.243834
2.4142,0.249996
2.12885,0.161414
1.94384,0.21879
2.03241,0.160377
2.2402,0.23968
2.1863,0.259065
1.79094,0.0715893
1.80517,0.107268
2.24993,0.382194
2.18094,0.195943
2.20048,0.270955
1.9242,0.12403
1.9978,0.197156
1.94561,0.1744
2.30556,0.302172
1.99038,0.158075
1.77702,0.04877
1.77165,0.0311609
1.77342,0.0256424
1.76578,0.0547431
1.94037,0.190773
1.92322,0.0957511
2.50171,0.387374
1.8788,0.181308
1.87792,0.131365
1.85192,0.154389
2.2705,0.207665
1.94489,0.120731
1.96843,0.127996
1.9032,0.0991555
2.1059,0.226941
2.18111,0.192728
1.84972,0.113104
2.07339,0.206989
1.89201,0.0738744
2.00141,0.235253
1.87404,0.181053
2.1174,0.175981
2.02674,0.239241
2.13445,0.202364
2.14089,0.207968
1.76855,0.043873
2.37082,0.373964
1.81865,0.119786
2.05009,0.14424
1.82353,0.0818086
2.06674,0.192395
1.98735,0.227712
1.9009,0.0923471
2.01382,0.218951
2.25691,0.263853
2.4142,0.249995
1.97125,0.177007
1.95994,0.165825
2.09099,0.233041
2.28619,0.221427
2.41497,0.322493
1.9757,0.196961
1.99692,0.248883
1.9284,0.173391
2.02692,0.142373
1.98638,0.142523
2.23536,0.295594
2.14132,0.176596
2.09808,0.179847
2.14846,0.24246
2.10433,0.167388
2.10371,0.254105
2.15628,0.237507
1.82808,0.0854612
1.86371,0.0888144
2.05473,0.151537
1.89736,0.127299
1.86744,0.10277
1.85981,0.149277
2.12505,0.223635
2.18119,0.325103
2.39575,0.317366
2.08633,0.223728
1.74882,0.0289773
2.12394,0.201957
1.95838,0.186778
2.04659,0.200276
2.01867,0.175426
1.96517,0.229828
2.28096,0.252562
2.07918,0.166595
1.98278,0.125334
1.73696,0.00579682
2.15452,0.301517
1.78592,0.0515018
2.43741,0.302257
2.14413,0.269122
1.9432,0.102513
2.22528,0.284562
2.4142,0.249996
2.12212,0.33671
2.13742,0.181188
2.02007,0.154177
2.00679,0.271458
1.79339,0.058821
1.78456,0.07162
2.11253,0.155783
2.1726,0.202822
1.85469,0.154849
1.98098,0.189904
1.78039,0.0561996
2.15646,0.205263
1.96557,0.194683
2.36818,0.273633
2.28329,0.29508
2.09189,0.208885
1.90911,0.0906256
2.07562,0.279803
2.18872,0.185954
1.7989,0.0849287
2.13861,0.21671
2.05231,0.177096
2.17031,0.2149
2.10818,0.227462
1.98317,0.210167
2.61918,0.311366
2.26663,0.269066
1.75832,0.0141677
1.90634,0.167972
2.12355,0.159592
2.34789,0.231004
2.04393,0.190796
2.21895,0.207405
2.03105,0.146225
1.91844,0.105383
2.01141,0.152304
2.1879,0.203109
1.99717,0.245993
2.08388,0.237545
2.03343,0.170088
2.1292,0.22355
1.8831,0.0829644
1.80477,0.078559
2.21827,0.193645
1.95797,0.105277
2.03559,0.216049
2.12019,0.270059
1.7827,0.0446663
1.91065,0.13608
1.90932,0.142916
2.04672,0.21919
2.50185,0.339022
1.85302,0.0942899
1.77762,0.0667234
1.87272,0.0904159
1.93518,0.103602
2.326,0.237539
2.32864,0.261389
2.19878,0.250879
2.41419,0.249994
2.39582,0.418955
2.09292,0.279093
1.82555,0.123214
1.88152,0.0794643
1.82423,0.113665
1.9283,0.191473
1.77073,0.0335392
2.11344,0.156098
2.09264,0.227508
1.89082,0.175525
2.18039,0.242651
2.21207,0.234379
1.90636,0.145113
1.76132,0.0418119
2.10553,0.266119
1.99709,0.195518
2.2544,0.262946
2.17539,0.258229
2.00063,0.249241
2.13406,0.187208
1.86408,0.0830825
2.23612,0.229618
2.35685,0.303406
2.03222,0.175887
2.22681,0.246821
2.09794,0.231395
1.81435,0.0752265
1.94705,0.168682
2.46117,0.263552
1.87921,0.093242
1.83893,0.0599543
2.40025,0.305839
2.31092,0.304209
2.42376,0.321653
2.39488,0.244952
2.1917,0.232957
2.19963,0.253762
2.08223,0.173659
2.59081,0.33295
1.93135,0.176912
1.98581,0.18897
2.07057,0.204172
2.00031,0.169079
2.31674,0.239078
1.8524,0.06236
2.00012,0.20952
1.96823,0.234878
2.1515,0.297872
1.98827,0.154493
2.34465,0.251528
1.74692,0.0248987
1.78613,0.0521531
1.81826,0.0616604
1.85947,0.0964357
1.82315,0.0477766
1.81254,0.0976975
2.16527,0.248096
1.95432,0.157849
1.86798,0.120097
2.13533,0.196815
2.56924,0.304235
2.71698,0.342219
1.88219,0.0716726
2.37751,0.246681
1.97257,0.16531
2.71917,0.449254
1.94788,0.162322
1.82762,0.107598
2.24185,0.285039
2.07946,0.160403
2.12733,0.343135
1.8979,0.148205
1.90962,0.129726
2.09781,0.229227
1.8456,0.0643269
2.6183,0.337487
1.9638,0.187799
1.82384,0.11059
2.05342,0.192866
2.28382,0.22837
2.31479,0.249302
1.78703,0.0406461
2.00897,0.255362
2.07735,0.277624
2.15448,0.211268
1.89977,0.170421
2.19068,0.203975
1.78845,0.0336455
1.94212,0.147271
2.32471,0.25859
2.11012,0.209469
2.377,0.266365
1.94258,0.204489
2.08942,0.318552
2.2091,0.226929
1.88176,0.134576
2.14026,0.273158
1.83027,0.0462345
2.25408,0.275584
2.41796,0.251045
1.86715,0.0669059
2.02495,0.137035
2.12788,0.221269
2.25866,0.203978
2.02451,0.154418
2.0601,0.200457
1.92961,0.0983012
2.02139,0.257267
2.14868,0.301914
2.37083,0.321645
2.42153,0.277212
1.77569,0.0337942
2.13683,0.173926
2.1633,0.203472
1.91224,0.105155
1.87309,0.144906
2.40358,0.247015
1.82964,0.0982482
2.26795,0.243955
2.32235,0.255895
2.29185,0.237661
2.12418,0.262843
1.98175,0.252861
1.78201,0.0783934
1.94255,0.217296
2.05182,0.243131
1.96763,0.106327
2.1415,0.272082
1.9438,0.160436
1.82608,0.119473
2.45222,0.265048
2.14267,0.248192
1.82808,0.0719249
2.17928,0.19576
1.8382,0.135405
2.41225,0.249451
2.32937,0.258244
1.98616,0.232771
1.90416,0.196702
2.31703,0.286887
1.77622,0.0453822
1.83675,0.090519
1.92943,0.164506
1.9737,0.217498
1.91626,0.153838
2.04117,0.19328
1.93361,0.158508
1.7826,0.0661139
2.14198,0.231252
2.24875,0.268566
2.18188,0.233929
1.79837,0.0416484
1.89728,0.125016
1.92024,0.129768
2.20822,0.28156
2.05401,0.201787
2.05049,0.143121
1.94659,0.131253
2.27257,0.223735
1.79502,0.0606781
2.24427,0.246529
2.02183,0.172637
2.32475,0.289302
2.38081,0.25194
1.85219,0.142391
2.09255,0.1518
1.94608,0.107144
1.81338,0.0510026
2.35908,0.301467
1.79499,0.0884313
1.88414,0.180676
1.98434,0.19719
2.0782,0.202657
2.37727,0.279928
1.96022,0.227886
2.02461,0.180082
1.94361,0.104789
1.95466,0.176708
1.86057,0.0830718
1.76006,0.0363925
2.47435,0.332411
1.99309,0.137661
1.8104,0.10188
1.87546,0.0926901
1.95832,0.127747
1.81104,0.0828206
2.21911,0.191669
2.22982,0.271345
1.92721,0.208071
2.18887,0.236764
1.76172,0.0189028
1.75041,0.0262758
2.61519,0.316998
1.87352,0.167565
1.98071,0.210893
1.85409,0.125527
1.95431,0.135962
2.20698,0.249411
2.00599,0.175151
1.94197,0.183173
2.17096,0.20871
2.01921,0.166695
2.42899,0.288237
2.14738,0.302269
1.88005,0.108357
2.0962,0.150087
2.20917,0.236577
1.85532,0.0754648
2.46971,0.397417
2.29801,0.231395
2.11359,0.194852
2.10955,0.241732
2.0327,0.127951
2.03163,0.127053
2.05179,0.209012
1.83736,0.131072
2.48909,0.340105
2.21102,0.249987
2.22954,0.243198
2.1844,0.238339
1.82654,0.120555
2.08891,0.19493
1.84091,0.062771
1.99036,0.138865
1.80304,0.0757839
2.31327,0.278738
1.87157,0.155537
1.85089,0.122461
1.82617,0.0802392
2.00183,0.137116
2.10771,0.198808
2.17705,0.209763
2.27384,0.25664
2.16879,0.225014
1.86259,0.121539
1.97479,0.132519
1.88687,0.188951
1.80325,0.0657048
1.90324,0.0790708
1.87071,0.0749378
2.19186,0.18822
2.4344,0.32513
2.41419,0.249993
1.85303,0.148071
2.3948,0.320453
2.07788,0.164261
2.0095,0.225723
1.81417,0.0884817
2.20125,0.187918
2.08763,0.191607
1.81953,0.0511281
2.02043,0.137181
2.11207,0.206315
2.09,0.147907
1.84359,0.0694869
2.06846,0.321265
1.95288,0.162484
1.79669,0.0733329
1.83049,0.0485906
2.1579,0.230683
2.2373,0.26482
1.80647,0.0535593
2.42654,0.315531
2.01045,0.219946
1.8581,0.109226
1.96385,0.218979
1.95709,0.130705
2.29521,0.256115
2.17037,0.186798
1.87909,0.113225
2.35383,0.320121
1.77315,0.0672413
2.15661,0.282259
1.99886,0.187055
1.82942,0.105312
1.79363,0.0791151
1.88298,0.176868
1.87316,0.110451
1.92053,0.116776
2.26751,0.262282
2.08481,0.162857
1.90799,0.132332
1.83696,0.0836222
2.05502,0.305671
2.52692,0.280362
2.32115,0.261454
1.83261,0.086806
2.22931,0.306294
1.87464,0.0724034
2.09531,0.149774
2.69398,0.331802
1.93267,0.130377
2.45345,0.271747
1.96598,0.113603
2.09179,0.299877
2.35904,0.243192
1.90549,0.140896
1.80928,0.0823489
2.42063,0.25179
1.86241,0.0704062
2.20354,0.273477
2.17313,0.214968
1.83685,0.066992
2.02118,0.159369
2.06292,0.242902
2.04044,0.148991
2.25919,0.225719
1.96347,0.14296
2.36145,0.335203
2.06796,0.181544
2.19177,0.190328
2.29585,0.295287
2.16437,0.212659
2.00404,0.231476
1.78537,0.0788336
1.83312,0.0793511
2.16367,0.250644
2.02923,0.189741
2.02438,0.151132
1.767,0.0332265
2.00139,0.181594
1.74441,0.0221287
1.95932,0.102422
2.0916,0.214931
1.9787,0.167456
1.85739,0.0879244
2.02187,0.128318
1.89893,0.190888
1.88564,0.148596
2.37597,0.23999
2.02156,0.256591
2.0921,0.154379
1.88359,0.0904118
1.75657,0.0188116
1.8835,0.105766
1.93696,0.198336
1.7802,0.0257778
1.79413,0.075169
1.80335,0.0919065
1.98757,0.128375
2.21816,0.25065
1.87476,0.0965028
2.56509,0.412502
1.81663,0.0863294
2.38264,0.279684
1.75924,0.012956
2.51492,0.377778
2.0049,0.232895
1.92261,0.11503
1.91388,0.190937
2.04945,0.182906
2.22321,0.192743
2.46768,0.354815
2.51394,0.299853
1.837,0.0769699
1.89283,0.18972
2.07952,0.144204
2.06664,0.155828
1.89493,0.178693
1.98313,0.166026
2.22481,0.366607
1.83865,0.138166
1.99243,0.163904
1.82121,0.10797
2.18983,0.204839
2.06688,0.22014
1.76503,0.0540562
2.04021,0.175169
1.84313,0.113418
1.77321,0.0319087
1.85571,0.119148
2.20759,0.31053
1.87837,0.13265
1.98645,0.257537
1.86726,0.096477
2.14614,0.220081
2.43892,0.289638
1.85154,0.0990519
1.84173,0.0654378
1.75168,0.018685
1.85956,0.0616385
2.17255,0.201372
1.83357,0.0509476
2.30966,0.283197
1.9542,0.150976
1.88867,0.10461
1.94258,0.162798
2.00663,0.187705
2.01695,0.156493
2.11901,0.200097
1.9134,0.181519
1.85987,0.119232
2.30722,0.323647
1.84316,0.0724467
2.02916,0.172351
2.27271,0.242886
2.08799,0.16478
2.17186,0.222348
1.98089,0.261005
1.95245,0.127746
1.89611,0.104755
1.83179,0.0491881
2.06969,0.218457
2.04508,0.256797
2.13398,0.199155
1.8113,0.0973145
1.97003,0.178027
1.92695,0.19003
2.05327,0.157728
2.09053,0.253338
1.90582,0.0785611
1.82199,0.103896
1.94058,0.119286
2.06728,0.184093
1.95411,0.142025
1.98777,0.151816
2.0372,0.285465
2.41418,0.249991
2.31176,0.321541
2.15117,0.190683
1.88864,0.108752
1.81933,0.0450455
1.84723,0.11868
2.04468,0.246866
2.05754,0.145805
2.39952,0.288095
1.96579,0.150921
2.10151,0.268134
2.24579,0.240672
1.8462,0.0698998
2.17379,0.227321
1.85747,0.0666599
2.38355,0.249782
2.38507,0.28071
1.86642,0.152768
2.43016,0.287629
1.87693,0.0719178
1.79149,0.0348278
1.86091,0.109535
1.76941,0.0506283
2.23961,0.266706
1.85946,0.0886302
2.18532,0.201628
2.19048,0.248536
2.01812,0.206346
1.75468,0.0273569
2.25125,0.224354
1.76629,0.030024
1.92903,0.176376
1.94506,0.101529
2.00558,0.148651
1.85604,0.123197
2.18383,0.203877
2.10269,0.189013
2.16652,0.24227
2.45452,0.329855
1.92642,0.188549
1.8962,0.116993
1.81835,0.0455554
1.99804,0.164185
2.10023,0.224035
2.19004,0.21513
2.13558,0.196148
2.27138,0.211654
2.48346,0.30399
1.99165,0.24379
1.89673,0.106806
2.20548,0.250322
2.22769,0.33388
2.0003,0.148615
2.41887,0.332129
2.21354,0.272045
2.19548,0.266148
2.00281,0.183736
2.05006,0.158623
2.01813,0.225802
2.01967,0.153131
2.1141,0.231176
1.96557,0.216043
2.05502,0.23432
1.95714,0.188114
1.75459,0.0312518
2.41418,0.24999
1.75971,0.0325571
1.89189,0.110275
2.35583,0.243359
2.47285,0.365089
2.07586,0.26266
1.98471,0.182776
2.31488,0.255115
1.77669,0.0360777
1.94704,0.161736
2.13561,0.216214
2.41418,0.24999
2.47797,0.345686
2.03322,0.136454
1.99727,0.174356
1.98841,0.158457
1.95351,0.123773
2.11472,0.256843
1.9897,0.225352
2.08518,0.185765
1.80343,0.0890035
2.07132,0.240648
1.78822,0.0381822
2.12227,0.180065
2.02374,0.134559
2.1809,0.178954
2.04596,0.174059
1.98715,0.125024
1.92412,0.154336
2.56925,0.337376
2.24115,0.303193
2.00837,0.261564
2.26487,0.288794
2.09088,0.188423
2.20884,0.209398
1.91188,0.151219
1.96732,0.11213
1.9034,0.137876
1.82889,0.0616728
2.26844,0.222776
2.41475,0.25015
2.01888,0.1661
1.85859,0.166429
1.8862,0.174437
2.32608,0.245383
2.06791,0.289065
2.023,0.146167
2.09505,0.227699
2.04291,0.130919
2.33531,0.281114
2.25264,0.32908
2.59856,0.34396
2.41416,0.249985
1.92237,0.11655
2.16561,0.292522
2.05332,0.201283
2.08423,0.301492
2.0553,0.150155
1.93732,0.150056
1.80487,0.0433294
2.05896,0.224243
1.88467,0.171877
1.84126,0.0686898
1.97386,0.18558
2.14862,0.269498
1.98444,0.164014
2.17342,0.218856
1.99192,0.131582
1.97635,0.142396
1.91993,0.170348
2.15873,0.22307
2.02732,0.130509
2.0123,0.281281
2.23145,0.202225
1.90874,0.102362
2.0132,0.242631
2.06584,0.155616
1.82859,0.0981913
1.91055,0.203395
1.87683,0.101997
2.16119,0.320524
2.25442,0.236927
1.74061,0.0147882
1.77514,0.07039
2.27824,0.223955
1.81657,0.078052
2.66471,0.349785
1.7348,0.00225288
2.22354,0.254969
2.02559,0.218822
1.92386,0.0851709
2.49104,0.280542
1.86615,0.111424
1.96321,0.100364
1.77431,0.0650603
2.31184,0.34142
1.8003,0.0566829
2.27096,0.281475
1.80391,0.0851892
2.01854,0.180373
1.90197,0.104496
1.87865,0.126945
1.99485,0.138637
1.77888,0.0376823
2.32152,0.280363
2.1752,0.267965
2.06538,0.142183
2.42495,0.273933
2.41465,0.283615
1.99717,0.154456
2.23082,0.302001
2.14479,0.191497
1.91009,0.0909077
2.2547,0.258153
1.82853,0.114197
2.46069,0.350368
1.80178,0.1017
1.73697,0.00366222
1.95089,0.16277
1.91753,0.0938618
2.0736,0.162861
2.0133,0.138815
1.92435,0.122492
2.08487,0.146096
2.32506,0.281878
2.43806,0.288999
2.01888,0.141369
2.20996,0.223512
1.93422,0.142678
1.85614,0.0908366
1.95698,0.203717
1.87355,0.0936613
2.1723,0.273144
1.97301,0.125483
2.26901,0.229276
2.40226,0.361708
2.15067,0.180701
1.83045,0.118014
1.96221,0.215249
2.07893,0.242598
1.93819,0.216201
2.07108,0.276364
1.9902,0.159755
1.91991,0.112617
1.80066,0.0938241
1.80338,0.0500088
1.99606,0.23282
1.91209,0.113303
1.95067,0.0984245
2.05163,0.220895
2.0671,0.314471
2.09224,0.18752
1.78091,0.0275913
1.82115,0.0780678
1.88342,0.136388
2.03256,0.190807
2.32124,0.253432
2.25575,0.213114
2.43547,0.288596
1.93818,0.112047
1.86121,0.122553
1.94472,0.177373
2.7488,0.447911
1.99316,0.179336
2.78309,0.345483
1.93598,0.216643
2.0263,0.162905
1.99265,0.122283
2.12654,0.212143
2.14473,0.273184
2.08072,0.235489
1.78222,0.0425069
1.92819,0.163381
2.08617,0.159895
2.46768,0.318797
2.14952,0.245197
2.35703,0.267784
1.82336,0.106406
2.01332,0.126625
1.97302,0.231214
2.38494,0.249383
1.84342,0.0841892
2.0825,0.14967
2.60348,0.318762
2.01548,0.121334
2.00054,0.176076
2.06823,0.255917
2.2628,0.248736
2.27019,0.221855
1.83091,0.097122
1.94847,0.160305
1.93806,0.227829
1.86678,0.0648234
1.92695,0.0913571
1.97147,0.115042
1.96363,0.154204
1.98323,0.210639
1.96659,0.115136
2.13099,0.167765
2.02533,0.277745
2.08185,0.211748
2.16416,0.182354
2.41123,0.282479
2.08739,0.202701
1.92885,0.17101
1.89873,0.0937368
2.0546,0.193666
1.93459,0.164019
1.90607,0.163006
1.90379,0.188219
1.80868,0.0663324
1.79425,0.0388627
2.14519,0.213071
2.41399,0.249938
1.86164,0.157897
1.86237,0.141551
2.43851,0.25674
1.75352,0.0129843
1.82571,0.0809428
1.77768,0.0604627
1.78315,0.055795
1.9321,0.138805
1.88558,0.15564
2.35379,0.284846
1.89615,0.148264
1.90462,0.084734
2.41402,0.249946
2.16956,0.216423
1.91661,0.202384
2.02813,0.189982
1.87091,0.116851
2.07363,0.294484
2.20344,0.222896
2.22503,0.237192
1.82183,0.0939142
1.91677,0.189298
1.81261,0.0739915
2.4233,0.323207
1.80714,0.0590559
1.97429,0.232676
1.96335,0.118774
2.3953,0.277456
1.97649,0.18087
2.1518,0.200976
2.01266,0.129149
2.27617,0.252059
2.01567,0.289018
2.14488,0.283349
1.9493,0.151155
1.88263,0.0835789
2.42013,0.251652
2.21953,0.257184
2.27989,0.211534
1.80127,0.0562251
2.04919,0.217033
1.92505,0.141708
1.80069,0.0550117
2.02513,0.238364
2.21477,0.225713
1.93227,0.107379
2.1218,0.189704
1.84844,0.0976092
1.78136,0.0765971
2.03914,0.221336
2.40606,0.266491
1.86573,0.115204
1.82652,0.111592
1.89476,0.12622
2.42915,0.286698
1.80667,0.0641242
2.00467,0.162909
2.10698,0.244326
1.93721,0.119939
2.04228,0.162937
2.12872,0.224693
2.41034,0.281813
2.01203,0.24529
2.44781,0.354052
2.10627,0.219365
1.94147,0.20071
2.37574,0.299905
2.30687,0.221378
2.02866,0.266387
2.1968,0.268236
2.04822,0.182882
1.87153,0.101195
1.78943,0.0308992
1.96715,0.233351
2.49039,0.363299
2.39833,0.347573
1.8571,0.163596
2.05044,0.149282
1.79649,0.0501671
1.82089,0.119237
2.05175,0.137545
1.93227,0.219023
2.36143,0.296761
2.1978,0.242286
1.81648,0.0989677
1.87315,0.0727637
2.16766,0.24738
1.74725,0.0259164
1.80031,0.0967553
1.81981,0.110274
1.7691,0.0442953
2.25019,0.34422
2.2643,0.262101
1.93801,0.146459
1.81732,0.0575931
2.06118,0.216005
2.83375,0.426708
2.14111,0.17355
1.97685,0.188267
2.03299,0.248077
1.8569,0.115813
2.18791,0.197193
2.30788,0.226081
2.45702,0.271555
1.79636,0.0762978
1.84878,0.128159
1.75402,0.0334817
1.85327,0.132784
2.13503,0.171382
1.78805,0.0448676
2.0954,0.254355
1.93243,0.218967
1.98916,0.172461
1.88559,0.116011
2.01273,0.174863
1.75813,0.0202379
1.91661,0.136122
2.02817,0.171277
2.27594,0.215769
2.35943,0.247934
1.79381,0.0300889
2.00095,0.176998
2.06915,0.228718
1.86783,0.111494
1.96402,0.256146
2.39052,0.362841
2.10298,0.15284
2.06684,0.194853
1.86414,0.131463
2.49889,0.366649
2.29807,0.268731
1.88127,0.171212
2.41184,0.282478
2.12951,0.267893
1.84234,0.146029
2.14768,0.306998
1.74776,0.0277487
2.10806,0.154164
2.06278,0.29861
2.23734,0.25836
1.81402,0.104379
1.83876,0.125577
1.83527,0.136811
2.18448,0.311154
1.82196,0.0930737
2.06833,0.175254
2.41085,0.281954
2.07172,0.235523
1.82291,0.0955463
1.90593,0.121001
1.98471,0.191136
2.17134,0.298335
2.00651,0.172021
2.14629,0.290859
1.90291,0.159898
2.06074,0.26415
1.79003,0.0611086
1.94664,0.110358
1.85664,0.149607
2.04076,0.174009
1.79944,0.0747272
2.2617,0.240933
1.92372,0.21318
1.76566,0.0336138
2.09522,0.258378
2.19179,0.186524
1.85474,0.111361
1.848,0.0674407
2.21614,0.226497
1.85103,0.154347
2.00757,0.166092
2.41419,0.249993
1.85423,0.154609
2.05029,0.239174
1.80968,0.0864694
1.86972,0.0667574
2.43527,0.294433
2.02049,0.179463
2.06377,0.220118
1.816,0.0800748
2.30595,0.220986
1.94466,0.134523
1.84433,0.152616
1.82601,0.0451196
1.96435,0.16084
1.94055,0.129694
1.86593,0.111722
1.77822,0.0532617
2.11375,0.211704
1.94243,0.18673
1.98149,0.199014
1.77821,0.0712252
2.52981,0.366105
2.04747,0.19391
1.78432,0.0578477
2.03447,0.257337
2.22295,0.238263
1.82593,0.0751326
1.91882,0.14086
1.96202,0.156922
1.92733,0.153558
2.08176,0.254898
2.04788,0.203865
1.83814,0.102468
1.87747,0.179685
2.12245,0.28426
2.07154,0.147521
2.12674,0.164347
1.82511,0.0428674
2.22404,0.249851
1.89374,0.0818598
2.39713,0.336767
2.35212,0.28938
1.78457,0.0422624
1.84804,0.0987177
1.90358,0.184911
1.7772,0.0610294
2.08245,0.145243
2.15812,0.172181
1.85832,0.136111
1.95921,0.127252
2.00325,0.170059
2.17223,0.242228
1.81704,0.0442683
2.2938,0.284223
2.03936,0.228962
1.92139,0.163155
1.94572,0.2372
2.17725,0.224189
2.08458,0.291824
1.91945,0.132702
2.24144,0.300996
1.84777,0.0732441
2.16911,0.1886
1.91518,0.207343
2.11647,0.180862
1.77847,0.0562129
1.98631,0.139718
2.08133,0.229214
2.26139,0.228165
1.95049,0.114584
2.18106,0.238168
1.95323,0.171053
2.0795,0.242964
1.86976,0.103632
2.16831,0.212512
1.87861,0.0862144
2.16931,0.311324
1.91294,0.121007
1.95489,0.170513
2.06085,0.140652
1.79629,0.0970602
1.81107,0.102216
2.00836,0.218915
2.24247,0.241106
1.79967,0.0373699
2.06847,0.151773
2.2496,0.241578
2.03198,0.205759
1.82194,0.1214
2.26306,0.318822
1.99984,0.167259
1.9397,0.21527
2.14552,0.21319
1.76138,0.0436165
1.86949,0.0896338
1.79954,0.0637902
2.1928,0.226959
2.07382,0.237567
2.15434,0.183251
1.86264,0.113061
2.10665,0.238684
1.76264,0.0146381
2.42318,0.273462
2.06869,0.166501
2.18156,0.250416
2.28526,0.214657
1.90668,0.0931521
1.74967,0.0298991
1.75008,0.00958405
1.92728,0.123489
1.82048,0.06894
1.94604,0.100866
2.0239,0.179153
2.06847,0.220612
2.10537,0.236089
2.11762,0.218128
1.95037,0.17619
2.29245,0.373309
2.29605,0.28663
1.86998,0.0828476
1.84613,0.0523802
2.4247,0.252927
2.27315,0.291019
1.96729,0.204752
2.05836,0.171611
2.02321,0.169908
2.094,0.163476
2.25817,0.353111
2.03976,0.176819
1.82307,0.0971478
2.17641,0.280137
1.79268,0.0903249
1.824,0.1133
1.85986,0.104344
3.4258,0.507095
1.82472,0.104373
2.09583,0.174035
2.07749,0.153561
2.07122,0.143508
1.90748,0.112951
1.96123,0.21238
2.38902,0.29717
1.99256,0.221929
1.87571,0.0795185
2.0764,0.172604
1.99404,0.194674
1.75202,0.0252173
1.97699,0.231807
2.37757,0.244612
2.09196,0.235765
3.20161,0.424555
2.12688,0.238197
2.10024,0.165452
1.84917,0.132522
2.06041,0.143071
1.9061,0.151171
2.13595,0.197573
1.88436,0.166514
1.85716,0.145143
1.78511,0.0722608
1.98808,0.129944
1.89528,0.196641
2.4018,0.300311
1.93046,0.164639
2.05872,0.212922
1.99703,0.272888
2.05346,0.192182
1.89253,0.10601
2.32257,0.262483
2.0919,0.248617
1.78984,0.0834576
2.15275,0.267742
2.74505,0.402548
2.45313,0.265516
2.05322,0.260135
2.00218,0.197667
1.94576,0.101755
2.11128,0.30445
2.27984,0.242697
2.23,0.288738
1.95512,0.139622
2.11068,0.23651
2.2935,0.226421
2.60166,0.331624
2.37444,0.317173
2.46455,0.3044
2.32272,0.231733
2.10372,0.259468
1.84899,0.089661
2.14315,0.236439
1.81568,0.0396728
2.07252,0.240025
1.98906,0.156979
1.94065,0.201595
2.11723,0.164447
1.94104,0.193053
2.03413,0.269142
1.8543,0.134466
2.10911,0.171173
2.54139,0.351665
2.00039,0.241287
2.26093,0.267563
2.46393,0.351732
1.82091,0.0724061
1.87647,0.11234
2.07996,0.230038
1.94709,0.221322
1.85953,0.128831
2.1404,0.25563
1.80636,0.0694686
2.07887,0.158501
2.05034,0.196136
2.06534,0.142525
2.11096,0.312047
2.0157,0.211912
1.93728,0.0945142
2.35181,0.307417
1.74918,0.018764
1.98595,0.151355
2.11324,0.238017
2.07976,0.24591
2.23541,0.246112
1.76245,0.0434991
2.05024,0.196736
1.84293,0.0785237
2.14086,0.342799
1.78841,0.0421563
1.9086,0.100648
1.81106,0.0611895
1.97205,0.16521
2.06785,0.203066
2.12808,0.344348
2.11691,0.285565
2.65485,0.385765
2.26521,0.259567
2.19607,0.187185
2.11458,0.254477
2.11731,0.162971
2.30556,0.226836
2.10931,0.283485
1.82018,0.119836
1.94373,0.13724
1.86263,0.0780169
2.03216,0.127288
2.22563,0.344325
2.02428,0.140077
2.24858,0.269236
1.90528,0.190723
1.96636,0.113645
2.244,0.20871
2.06713,0.154505
2.59636,0.377461
1.89182,0.0729183
1.9393,0.170989
1.8537,0.128494
1.98886,0.119306
1.86003,0.134746
1.79717,0.0600611
2.03567,0.259677
2.19546,0.313038
1.9544,0.103516
2.11259,0.289376
2.24082,0.380586
1.84576,0.153147
2.03749,0.185712
2.04215,0.278301
1.96132,0.231242
2.08117,0.152965
2.03835,0.23525
2.33326,0.31889
1.89612,0.178836
2.01225,0.140563
2.07814,0.146678
1.95694,0.167088
1.95175,0.191583
1.88442,0.0924196
2.17005,0.299191
2.15925,0.279043
1.98368,0.226844
2.21714,0.2494
1.89338,0.084281
1.79566,0.0844244
1.85594,0.100404
1.89941,0.0809601
1.8859,0.19334
1.92129,0.114194
2.09961,0.236674
2.05561,0.258132
1.83713,0.127852
2.19253,0.369911
1.87078,0.103915
1.78934,0.0479968
2.0552,0.208387
2.04281,0.138599
2.40959,0.281606
1.85842,0.159752
2.17793,0.284261
1.76909,0.0349209
2.15503,0.173481
2.31531,0.299801
2.14127,0.198935
2.05312,0.18419
2.41072,0.249025
2.05459,0.207782
2.19526,0.222241
2.05537,0.147076
1.89573,0.147032
1.89991,0.115181
2.07054,0.253428
1.90812,0.142753
1.84221,0.1424
1.99968,0.118965
2.41419,0.249995
1.89765,0.0978698
2.33498,0.230311
1.79372,0.068258
2.14954,0.249934
2.43616,0.285834
1.99476,0.270699
1.9153,0.152916
2.41451,0.250082
2.15756,0.328011
1.88014,0.107665
2.20171,0.225108
2.1908,0.304264
2.40966,0.280354
2.41418,0.249991
2.46504,0.295461
2.42684,0.284827
1.91629,0.193416
2.41421,0.249999
1.92384,0.215611
2.4118,0.280911
1.88088,0.113329
1.93027,0.11758
2.11752,0.203395
2.23668,0.228125
2.04001,0.146839
1.94776,0.206172
2.0646,0.181946
2.40694,0.284279
1.89881,0.145962
2.42949,0.28552
2.1745,0.260403
1.83894,0.112141
2.45121,0.327398
1.78305,0.080059
1.95951,0.12364
2.2962,0.31715
1.93068,0.194366
2.13293,0.192029
2.24714,0.256471
1.95193,0.139041
2.25111,0.262483
1.886,0.0803385
1.96914,0.225676
2.41375,0.24987
1.84727,0.132088
1.84012,0.0933211
1.91665,0.120122
2.08153,0.20768
1.99197,0.265581
2.4156,0.298963
1.89667,0.142048
1.84994,0.100306
2.11139,0.289074
2.13097,0.264512
2.05712,0.158771
2.13893,0.177858
2.27935,0.299741
1.9612,0.155273
2.13532,0.182163
1.8317,0.0838737
1.86279,0.116943
1.82902,0.107394
1.88987,0.101449
1.95028,0.223936
2.28728,0.269745
1.8437,0.0907262
2.05089,0.229389
2.43989,0.406922
1.84753,0.125557
2.18707,0.273084
1.82207,0.094682
1.82811,0.109785
1.99542,0.12426
2.06256,0.18699
1.8604,0.134775
2.22022,0.258896
1.88227,0.164118
2.07417,0.177076
1.93009,0.132335
2.02925,0.183053
2.28361,0.284798
2.11354,0.187322
1.81903,0.0589214
1.90144,0.157499
1.79863,0.0380578
1.78629,0.0636197
1.92832,0.133031
1.8622,0.152262
1.78939,0.0841338
2.09458,0.250745
2.41009,0.248845
2.11563,0.176842
1.96214,0.141732
2.1364,0.327786
1.8544,0.0697381
2.41306,0.249679
1.9714,0.193422
1.91966,0.19145
1.96962,0.123784
1.83396,0.100257
1.99841,0.258289
2.19775,0.280069
1.86275,0.10919
1.76862,0.0495907
1.83158,0.140058
2.07966,0.30481
2.30484,0.27197
1.871,0.171128
1.94457,0.175543
1.97839,0.17616
1.86593,0.130223
2.07655,0.272956
2.13278,0.202785
1.94574,0.104589
2.05291,0.228166
2.38524,0.260065
2.80533,0.400295
2.04354,0.221835
2.07636,0.146696
2.17773,0.251743
1.93436,0.230423
2.03017,0.222
1.87647,0.105998
2.01058,0.276852
2.0961,0.2538
1.98642,0.162398
1.84544,0.124078
1.91939,0.13709
1.84806,0.142756
2.45977,0.28171
1.92057,0.131747
1.87703,0.070779
2.0424,0.149612
1.79119,0.0556771
1.98953,0.272294
1.94724,0.157461
1.77089,0.0439601
1.94295,0.157545
2.38883,0.353278
1.84307,0.124122
1.81493,0.116581
2.0298,0.179834
1.79207,0.0761945
2.23,0.198425
2.19556,0.200099
1.91234,0.173291
1.82172,0.0881546
2.16344,0.285084
1.89001,0.185299
1.81226,0.0603735
1.82936,0.0683169
2.33145,0.316785
2.16857,0.20648
1.99072,0.132254
2.76491,0.518161
1.88635,0.182079
2.15385,0.215419
2.11603,0.343386
1.93156,0.154608
1.98878,0.132306
2.20837,0.266125
2.30606,0.221816
2.30815,0.222858
2.29012,0.224464
1.92974,0.152785
1.92611,0.124305
1.92161,0.16426
2.02916,0.259047
2.14405,0.289149
2.34738,0.244522
1.94909,0.168815
1.8957,0.128073
2.15576,0.210074
2.36161,0.302468
2.06101,0.182089
2.07228,0.237429
1.92212,0.174302
2.0006,0.231044
1.91453,0.124693
1.95356,0.217084
2.40599,0.285354
1.82663,0.114093
1.94038,0.184793
2.04758,0.148607
1.96655,0.113266
2.08124,0.284076
2.45755,0.346565
2.46974,0.359045
1.76851,0.0566138
2.0417,0.171497
2.16827,0.199519
1.84137,0.0661241
1.7756,0.030108
2.02183,0.147097
1.86494,0.0792341
2.08789,0.154957
1.97342,0.11535
1.91765,0.150729
1.85856,0.0574978
1.92808,0.217139
1.82816,0.0865586
2.02938,0.152924
1.97423,0.164218
1.98243,0.124495
1.85087,0.105844
2.08651,0.188444
2.20811,0.219647
1.79565,0.0594863
2.02071,0.14855
2.17527,0.326246
2.31757,0.285129
1.79153,0.033283
1.88894,0.14276
2.00751,0.253784
1.90713,0.148714
1.91037,0.101512
1.94672,0.131722
2.40471,0.277764
1.96817,0.180963
1.90527,0.158827
1.88951,0.192119
1.96997,0.137086
2.16572,0.270951
1.85734,0.0614351
1.96051,0.196161
1.7818,0.0583935
1.76086,0.0229921
1.82847,0.0496178
1.85303,0.113228
2.40978,0.276164
2.15749,0.205061
2.30878,0.301526
1.89185,0.0817813
2.27828,0.248731
2.28208,0.256364
1.93188,0.165608
2.14767,0.186372
1.90607,0.096514
2.04892,0.17479
1.82268,0.0620351
1.88511,0.117532
2.04333,0.131242
2.04622,0.133396
1.93036,0.172459
1.84447,0.0632178
2.42773,0.273111
1.74818,0.0181045
1.9405,0.161839
1.81491,0.0555092
2.10156,0.202694
1.86801,0.126623
2.07243,0.14574
1.8351,0.141834
1.89777,0.0865764
1.90516,0.157151
1.94735,0.113812
2.02983,0.14069
2.00222,0.254346
2.5335,0.288661
1.79202,0.0823902
1.90427,0.15115
2.14473,0.247801
2.02627,0.126687
1.90647,0.15742
2.01473,0.126525
1.78619,0.03468
1.88423,0.179719
2.41339,0.250157
1.93053,0.0907379
1.77391,0.0391731
1.91864,0.134104
1.94798,0.165106
2.19815,0.281754
1.94295,0.130643
1.97646,0.160781
2.1326,0.178908
1.88951,0.104118
2.1378,0.230036
2.37388,0.30952
2.12733,0.256189
2.17276,0.335552
1.93286,0.214568
2.35599,0.251247
1.88486,0.147524
1.90525,0.0771092
2.12837,0.301511
1.89139,0.147
2.26852,0.244835
1.97905,0.157636
1.79105,0.0825842
2.36022,0.299955
1.82825,0.0772981
1.93929,0.184948
1.8472,0.0849963
2.29787,0.254549
2.05168,0.22136
1.75085,0.0287663
2.08597,0.278365
2.33216,0.318016
2.37165,0.272725
1.89747,0.156099
2.02892,0.166748
2.03705,0.143458
2.21555,0.190489
1.90189,0.173925
2.02794,0.218155
1.8419,0.0816492
2.25088,0.273602
2.14291,0.339825
1.96696,0.182004
2.10994,0.200223
1.89216,0.171055
1.83228,0.122435
2.05537,0.153494
2.01971,0.141197
2.01192,0.129063
2.30013,0.245992
2.07345,0.19115
2.02572,0.157324
1.90437,0.169511
2.02574,0.199061
2.11406,0.164677
2.4195,0.263826
2.33939,0.275929
1.86708,0.1233
1.8692,0.101725
2.11355,0.164585
1.96248,0.106085
1.81025,0.0982979
2.24889,0.261084
1.7666,0.016619
2.17232,0.176133
2.26584,0.324929
2.01988,0.147195
1.87511,0.150617
1.87764,0.185102
1.89785,0.113299
2.3284,0.225715
1.95695,0.204037
1.99781,0.16928
2.08481,0.179372
1.83279,0.10842
2.14913,0.249251
2.48699,0.382531
2.03576,0.255801
2.53355,0.370288
2.68207,0.411657
2.17141,0.300987
2.10711,0.16495
1.99675,0.185805
2.15257,0.299774
1.92476,0.215712
1.82604,0.0500064
2.22472,0.269106
2.09155,0.220964
1.89058,0.169021
2.00701,0.231706
2.17127,0.199213
2.04752,0.278418
1.91857,0.126951
1.92365,0.0908293
2.4473,0.341636
2.63153,0.362598
1.90762,0.101833
2.08106,0.309176
1.84031,0.11269
1.89159,0.138383
2.25017,0.339739
1.88979,0.11967
1.99511,0.15121
2.02446,0.194198
2.46441,0.297031
1.84693,0.0754381
2.01252,0.139656
2.14462,0.196411
1.9571,0.207252
1.90679,0.122169
1.99992,0.133133
2.00237,0.151085
2.14159,0.176853
2.16142,0.250487
1.80418,0.0874194
2.39925,0.308536
2.3569,0.299189
2.02521,0.266387
2.41154,0.249998
1.98282,0.116034
2.00057,0.189069
2.3211,0.242901
1.86548,0.155711
2.14269,0.166061
1.90584,0.17277
1.85171,0.138053
2.40147,0.247006
1.98718,0.168912
1.92162,0.210916
2.07767,0.241319
1.82687,0.0546636
1.9998,0.24576
2.11399,0.160406
2.18965,0.20982
2.01524,0.171777
1.95263,0.19926
2.41628,0.28344
2.3569,0.234212
1.94966,0.210999
2.28511,0.229309
1.87982,0.163498
2.12954,0.165637
2.33831,0.22869
2.09524,0.251342
1.86898,0.089992
1.9336,0.116558
1.84876,0.0877894
2.00185,0.241679
1.90753,0.182654
1.88317,0.0742285
1.99965,0.263497
2.19509,0.226919
1.89385,0.167601
2.20103,0.22377
2.36787,0.311297
2.01517,0.239449
1.78647,0.0857924
1.92528,0.102438
2.13164,0.190047
1.88853,0.175108
2.21103,0.264929
1.94846,0.120169
1.95209,0.139212
1.8211,0.0668989
1.98427,0.232838
2.72185,0.369312
2.06478,0.165627
1.89313,0.14228
2.19321,0.192592
1.76541,0.0337302
2.27921,0.229768
1.84434,0.0565541
2.12292,0.226638
1.92432,0.134856
2.40934,0.249996
1.86338,0.118732
1.96927,0.154275
1.91497,0.115052
2.36574,0.349902
1.90603,0.128545
2.20529,0.187107
1.93587,0.166378
2.07099,0.217018
1.96276,0.150228
2.00593,0.136072
2.17734,0.211687
2.18278,0.210754
2.46005,0.264038
1.95183,0.149149
2.00013,0.130557
2.11903,0.184897
2.05906,0.205889
1.94389,0.0974079
1.94029,0.171256
2.2972,0.381887
2.02218,0.181125
1.84839,0.138453
1.84603,0.0840558
1.82937,0.0492689
2.60303,0.379454
2.32646,0.320653
2.26694,0.312186
1.86775,0.143598
2.13272,0.207228
2.15665,0.213824
2.12981,0.276596
1.8207,0.0638664
2.60555,0.382322
1.95441,0.122743
2.16856,0.206249
1.90162,0.0943778
2.1716,0.207106
2.16961,0.180407
1.93193,0.169598
2.8455,0.359304
2.3773,0.27802
1.8785,0.168326
1.84839,0.106133
1.99121,0.137753
1.8158,0.0954245
2.47611,0.276543
1.9698,0.105523
1.90308,0.193392
2.13795,0.3377
2.03426,0.199425
2.36991,0.237426
2.146,0.235867
2.03011,0.141006
1.81227,0.0489793
2.40885,0.292439
2.07858,0.268099
1.78995,0.0389007
1.81161,0.104296
1.98413,0.196479
1.85631,0.14006
2.25067,0.211847
2.25539,0.293474
2.24008,0.236001
1.85461,0.113211
2.02554,0.200634
1.99602,0.244829
2.05759,0.257617
2.05415,0.284196
2.06243,0.173453
1.88588,0.124194
1.8106,0.0540659
1.91207,0.136049
2.07729,0.168892
1.97354,0.115414
1.85071,0.0895122
2.35647,0.28152
1.82247,0.115251
2.09233,0.268753
2.35879,0.234242
1.85325,0.0928381
1.83178,0.122141
2.00584,0.140981
2.01211,0.145409
1.83789,0.0887123
1.96546,0.128566
2.24555,0.239356
2.26036,0.281555
2.0376,0.161982
2.63177,0.377421
2.19727,0.253448
1.92814,0.157946
1.91952,0.152859
1.95317,0.236163
1.80371,0.0687151
2.11279,0.155734
2.37034,0.24593
2.03307,0.176116
2.12759,0.296352
1.90201,0.0825182
2.0411,0.224794
2.39555,0.244745
1.93826,0.125612
2.33612,0.383368
2.03879,0.14388
1.86915,0.176541
1.78312,0.0422448
2.06846,0.140989
1.82636,0.116449
1.99138,0.140399
2.27334,0.239879
2.33283,0.260511
1.92133,0.153315
2.00441,0.123195
2.01671,0.196639
1.78677,0.0823483
2.03256,0.217817
2.4191,0.281213
2.03587,0.26106
2.09094,0.175024
2.04499,0.165024
1.88812,0.0881849
2.11648,0.160505
2.60358,0.31606
2.18389,0.184568
2.15557,0.191653
1.95739,0.242301
2.09945,0.225374
2.09793,0.303321
2.05899,0.180635
1.81444,0.0462269
1.75181,0.017191
1.89886,0.133248
2.08876,0.202684
2.24621,0.239292
2.32085,0.299191
2.34443,0.236802
2.57878,0.319055
1.88186,0.151726
1.77963,0.0462933
2.05693,0.195655
1.90112,0.143269
1.92089,0.189272
1.81886,0.0800218
1.82939,0.0659606
2.09805,0.252698
1.92599,0.129732
1.89786,0.13272
1.84063,0.12727
1.9793,0.138234
2.11055,0.230051
2.25141,0.240624
2.13896,0.313218
1.98687,0.150291
1.85439,0.129678
2.04106,0.214554
2.18215,0.220968
2.2238,0.19502
1.94971,0.235998
2.46411,0.317634
1.76498,0.0440836
1.9849,0.165966
2.0205,0.267578
2.03451,0.144267
2.03529,0.156014
1.82309,0.0436376
1.86015,0.0980527
1.86845,0.118197
2.39556,0.244748
1.84607,0.0533436
1.88189,0.124323
2.03923,0.220338
1.92,0.171045
2.08693,0.196523
1.82739,0.0865261
2.19153,0.187658
1.86218,0.166603
2.30329,0.240173
2.54745,0.424805
2.12868,0.174642
1.98212,0.135534
2.21198,0.259896
1.87756,0.0749509
2.05539,0.242187
2.0634,0.296374
2.17777,0.238109
1.90348,0.180348
1.97987,0.151797
2.02051,0.284835
1.77803,0.0226805
1.83426,0.0783923
1.94391,0.13863
2.07966,0.305905
1.86883,0.168911
1.91083,0.13288
2.04517,0.257412
2.41222,0.296519
1.77947,0.0651954
2.13632,0.246618
2.16763,0.180504
1.77479,0.0487652
1.86953,0.175785
1.82229,0.0666126
2.09556,0.149722
1.89978,0.173044
1.84432,0.12773
1.92705,0.191715
2.0935,0.316037
1.80879,0.0629244
1.85343,0.161603
1.9187,0.19816
1.83982,0.140105
1.88245,0.0767905
1.99101,0.253412
1.96166,0.105378
2.01537,0.239906
1.84403,0.101114
1.88595,0.0758503
1.89819,0.183772
1.86992,0.170989
1.9256,0.115515
1.86057,0.108112
2.03249,0.210885
2.41225,0.273191
1.82017,0.108571
1.76498,0.0366724
1.90099,0.192299
1.89893,0.174825
2.71373,0.390696
1.83812,0.101605
2.19681,0.188523
1.82153,0.0637665
1.80775,0.0368187
2.01998,0.228654
1.84021,0.114429
1.84182,0.122218
1.9784,0.127813
1.85527,0.114947
2.06484,0.278188
2.17397,0.189719
1.84685,0.154393
1.94388,0.137677
1.97956,0.166376
2.02699,0.297571
1.89994,0.0896661
2.13373,0.176727
2.13736,0.196911
2.10781,0.31981
1.80296,0.101559
2.06462,0.222015
1.89381,0.0790778
2.60322,0.308673
1.81278,0.0882964
1.83807,0.0885954
1.9687,0.157017
1.86618,0.0791419
2.06284,0.220859
1.96911,0.124177
2.01203,0.16692
2.40921,0.249995
1.92219,0.149579
1.94003,0.141877
1.96014,0.213001
2.06618,0.206268
1.82785,0.126399
1.93081,0.0902742
1.96749,0.135345
2.26714,0.303363
1.84529,0.0644634
1.87516,0.146709
2.01031,0.201093
2.00492,0.250609
1.90247,0.104896
2.23372,0.206812
2.13232,0.29867
1.83797,0.0560143
1.87582,0.181973
2.06595,0.304723
1.83767,0.110025
1.92858,0.0927028
2.0759,0.161546
1.91632,0.109697
1.87524,0.0921558
1.8476,0.0942624
2.05497,0.159937
2.32345,0.241926
2.13664,0.193025
1.82775,0.127485
1.88615,0.14763
1.87962,0.0961855
2.17111,0.374936
1.84492,0.11833
2.23665,0.21696
2.88167,0.45488
2.40845,0.248407
2.12844,0.194717
1.86056,0.109595
2.02411,0.153887
2.05578,0.184233
1.87577,0.158948
1.84319,0.0802727
2.03337,0.239407
2.23379,0.318455
2.24129,0.296117
2.05518,0.241755
2.06972,0.145526
2.17858,0.324543
2.177,0.227628
1.85755,0.147468
2.0657,0.241302
1.92867,0.211862
1.7701,0.0192032
1.97097,0.260405
2.01283,0.134962
2.17347,0.231062
1.82382,0.0431142
1.88595,0.0899234
1.79935,0.0585899
1.9837,0.135664
1.92233,0.0902471
1.78607,0.0485304
2.15128,0.302942
2.40487,0.330591
1.87676,0.123651
2.34601,0.396019
1.81929,0.0804923
2.22525,0.237751
1.90267,0.0818795
2.02205,0.191491
2.09644,0.332897
2.06085,0.234865
1.93985,0.229121
1.9633,0.155149
2.12826,0.295723
1.81883,0.089239
1.86471,0.161034
1.94069,0.205141
1.94891,0.213285
2.14799,0.17272
1.89377,0.186183
2.25451,0.266748
1.96706,0.184922
1.89209,0.0810217
1.92803,0.148856
1.91601,0.178139
2.41299,0.249994
1.90333,0.194748
2.05075,0.215138
1.7799,0.0250962
1.9223,0.204065
2.09433,0.333886
1.87108,0.163256
1.95582,0.237763
2.08717,0.330054
1.82983,0.114138
1.91381,0.123685
1.88806,0.103137
1.77296,0.0628212
1.81283,0.089957
2.17569,0.219498
2.30212,0.250318
1.82078,0.0797451
1.91924,0.0833206
1.75186,0.0279673
2.30868,0.300748
1.78623,0.030628
1.87502,0.124899
2.18626,0.251228
1.89135,0.0761376
2.03457,0.166405
1.97884,0.13638
1.80016,0.0952929
2.03284,0.261704
1.89793,0.153437
2.30261,0.288947
2.2205,0.323388
2.37857,0.326029
1.90895,0.164714
1.75959,0.0322229
1.90656,0.138839
1.85217,0.0827959
1.85251,0.0639093
1.91196,0.14074
1.82919,0.113213
2.18721,0.200931
1.87908,0.146006
1.99326,0.255214
2.00336,0.24751
2.25237,0.229169
1.96016,0.2453
1.95063,0.102875
1.9392,0.207421
1.80892,0.112203
2.02434,0.135033
1.90001,0.132771
1.86956,0.154807
1.77812,0.0457291
2.07102,0.161131
1.95056,0.158498
2.09663,0.173038
1.85761,0.112159
1.95983,0.207154
1.89984,0.190605
1.89126,0.0743194
1.80958,0.0492011
1.95708,0.202542
1.92658,0.139085
2.16233,0.269258
2.16064,0.254247
1.94146,0.20437
2.07768,0.224455
1.96057,0.231632
1.89265,0.190137
2.02225,0.189019
2.23606,0.225813
2.02328,0.284866
1.94549,0.108034
2.34958,0.364501
1.76157,0.0357048
2.88877,0.403281
2.08355,0.257669
1.89299,0.106861
2.31012,0.224556
1.86314,0.137526
1.89416,0.160635
2.11706,0.208936
1.80947,0.104924
2.13207,0.237733
1.91632,0.0833152
1.89629,0.150616
1.98946,0.194057
2.05534,0.171085
2.37881,0.242892
1.85675,0.111588
2.04731,0.177776
2.04748,0.161343
1.92145,0.176707
2.01187,0.161092
1.96259,0.126223
2.17313,0.20052
2.16058,0.203752
2.21684,0.272119
2.05617,0.259778
2.15862,0.242078
1.90784,0.1138
2.0181,0.241175
1.98842,0.160871
1.90148,0.109015
1.86935,0.0925989
2.15563,0.255607
2.03659,0.145368
2.08656,0.301057
1.76719,0.0286845
2.03271,0.288522
2.25122,0.229024
1.80987,0.0537177
2.05366,0.16044
2.10452,0.16909
2.20273,0.234187
2.29146,0.221603
2.44674,0.290474
1.91403,0.184466
2.10964,0.206315
1.99717,0.126727
2.17708,0.319948
1.94432,0.103269
1.95292,0.195983
1.87859,0.124184
1.99725,0.221246
1.95428,0.14368
1.83261,0.0523434
2.25912,0.263239
2.30804,0.381516
1.83182,0.0563747
1.99592,0.238553
1.87966,0.10962
1.81853,0.0806802
2.16644,0.19445
2.31603,0.30407
2.07708,0.182198
2.07139,0.281485
1.81022,0.108434
1.93045,0.197945
1.80251,0.0970893
1.95485,0.218466
1.91037,0.106484
1.99899,0.132378
2.09893,0.155594
1.84011,0.139164
1.98824,0.169963
2.34444,0.321608
2.04395,0.171672
1.81877,0.0447811
1.86297,0.10322
2.38268,0.282217
1.95716,0.203315
2.53942,0.46759
1.92206,0.146997
2.14047,0.215549
1.97229,0.229413
1.88944,0.0958994
2.15045,0.220583
1.82188,0.0869832
2.06725,0.141905
1.91099,0.160512
1.88173,0.16521
1.8975,0.127833
1.77472,0.0400358
2.68298,0.426123
2.04856,0.26897
2.50244,0.332986
2.11723,0.323479
1.88575,0.116146
1.97677,0.186895
2.0223,0.250798
2.29273,0.241255
2.03672,0.137214
2.23001,0.24795
1.83123,0.129131
2.11178,0.276012
1.90639,0.189954
2.06202,0.220738
1.89165,0.0918824
1.75237,0.0121762
1.90835,0.193882
2.15393,0.319588
1.90414,0.18101
2.3264,0.257739
1.98381,0.207724
1.89684,0.158656
2.11424,0.195014
2.07947,0.260276
2.41177,0.306844
2.41303,0.250082
2.13479,0.246115
1.81545,0.116513
1.78086,0.0782241
2.33383,0.399894
2.14433,0.195056
2.05644,0.145007
1.98346,0.195008
2.291,0.235483
1.83419,0.127973
1.83357,0.13015
1.88349,0.136014
2.03302,0.248085
2.4064,0.275909
1.91819,0.179687
2.08485,0.155766
2.10009,0.255512
2.20818,0.28727
1.85783,0.111699
1.95358,0.240807
1.7581,0.016318
1.82892,0.123821
1.91018,0.0953772
1.90334,0.189592
1.87084,0.0643559
1.76326,0.0457226
2.60603,0.41555
2.15966,0.30527
2.11668,0.169715
1.78354,0.0651472
2.05846,0.138961
1.85245,0.0768906
2.01004,0.282189
1.93856,0.225257
2.05656,0.186991
1.8652,0.0785013
2.14187,0.272528
1.80289,0.069415
2.19594,0.385958
2.21822,0.387335
2.07585,0.255859
2.06095,0.270681
1.89282,0.120915
1.77406,0.0211765
2.25797,0.223786
1.91544,0.140045
1.97088,0.22537
1.95605,0.235985
2.61766,0.371457
1.86737,0.107292
2.36614,0.305191
2.07853,0.163468
1.98219,0.152687
2.09455,0.217877
1.9572,0.164844
2.07822,0.204586
1.97643,0.147955
2.89738,0.472934
1.85276,0.0580163
1.90969,0.0960479
2.44954,0.2934
1.78145,0.0395555
1.83156,0.102254
1.84302,0.100329
1.94122,0.222872
1.7901,0.0492072
2.06041,0.165301
2.14612,0.310493
1.84273,0.138952
1.77614,0.0221061
2.05011,0.19837
2.26476,0.344957
2.13507,0.232133
2.01238,0.259495
2.00457,0.142155
2.33377,0.393035
1.9697,0.198446
1.89252,0.189229
2.03563,0.183592
1.91203,0.171846
1.8908,0.191668
1.78115,0.0782332
2.04552,0.156675
1.85057,0.139055
1.9677,0.14437
2.43073,0.286288
1.82943,0.124295
1.98538,0.128419
1.8518,0.120272
1.89774,0.169975
2.14028,0.34534
1.84724,0.0594521
1.89,0.148613
1.95809,0.201221
1.79824,0.0895088
2.0656,0.303658
1.83006,0.123088
1.96021,0.146767
2.42163,0.325362
1.96812,0.202514
1.83976,0.0721653
2.24292,0.278468
2.00664,0.204052
2.29209,0.279848
1.96811,0.114034
2.12818,0.277266
2.0939,0.305097
1.74615,0.0137089
1.80868,0.0970224
1.77437,0.0588086
2.41042,0.289651
1.80845,0.0910892
1.76598,0.0539512
2.24187,0.224737
2.1747,0.33016
2.108,0.237557
2.08961,0.278579
1.94704,0.12803
2.99892,0.406939
2.10886,0.154587
2.34024,0.239426
1.99207,0.178908
2.0494,0.138341
2.06256,0.191385
2.116,0.257531
2.05188,0.282671
1.9345,0.186249
1.87164,0.130607
1.77818,0.0409796
1.86589,0.154558
2.58756,0.440879
1.82202,0.0790493
1.98083,0.122137
2.10993,0.216013
1.84302,0.126732
2.22015,0.24186
1.93712,0.121967
2.01613,0.233592
1.94897,0.112664
1.91193,0.126374
1.85004,0.146553
1.86286,0.167073
1.85692,0.14406
1.85274,0.132019
1.93476,0.0908467
2.05741,0.172411
2.19228,0.248794
2.00281,0.116164
1.80922,0.0406621
2.09153,0.308847
2.21026,0.1986
1.83483,0.119692
1.87965,0.187023
1.82635,0.111143
1.9997,0.132389
1.86069,0.156677
1.83144,0.0993074
1.96304,0.193891
1.94774,0.235018
2.40948,0.29992
2.15875,0.207166
1.93432,0.091621
2.39896,0.283013
1.91722,0.174842
2.31803,0.235868
2.02099,0.12754
2.16216,0.178143
2.2947,0.230915
2.01133,0.220289
1.82297,0.0684497
1.78096,0.0741014
2.36665,0.242823
2.06817,0.142467
2.43356,0.414341
1.87395,0.132851
2.05546,0.231786
1.91495,0.116123
1.89298,0.193116
2.27043,0.233635
2.12654,0.208256
1.8731,0.166234
2.19408,0.3012
2.08421,0.209324
2.00965,0.176708
1.98517,0.252137
2.09716,0.185838
1.85407,0.0932507
2.10321,0.222056
2.15872,0.248651
1.80738,0.0684363
2.00319,0.18075
2.40436,0.250633
1.89264,0.142384
2.23954,0.230342
2.05741,0.233799
2.07437,0.221281
1.86226,0.121585
2.09165,0.232359
1.84646,0.135202
1.96879,0.153331
1.86799,0.15407
2.00747,0.146094
1.9245,0.143914
2.25113,0.297516
1.95544,0.19622
2.08713,0.25325
2.08768,0.297984
2.15283,0.193659
2.20482,0.320346
2.07717,0.195086
2.41081,0.263597
1.9269,0.152513
1.92158,0.104289
1.97714,0.197445
2.55057,0.396101
1.83668,0.0819886
2.13609,0.272514
1.91473,0.186779
2.04793,0.149003
1.82117,0.0423404
2.2702,0.268419
1.8975,0.0839376
1.75562,0.0322984
2.14454,0.221316
2.08568,0.219459
2.40965,0.286937
1.8706,0.0885366
1.99373,0.233409
2.43795,0.306216
1.93331,0.150817
1.91951,0.105529
2.00154,0.193342
2.0161,0.269945
1.89039,0.170333
2.16882,0.199609
2.11557,0.257975
2.14104,0.332979
1.98666,0.265892
2.07897,0.244681
2.2398,0.249353
1.93198,0.1776
2.17202,0.209086
2.02434,0.20738
2.20138,0.1941
1.93514,0.212934
2.16497,0.186805
1.96776,0.154196
2.04427,0.15189
2.35163,0.340403
1.95699,0.0998781
2.35,0.26997
2.026,0.187292
1.99706,0.142442
2.03657,0.183634
2.07233,0.262623
2.33466,0.32018
2.49795,0.399434
1.97273,0.116458
2.23867,0.244047
2.19767,0.383239
1.78949,0.0341424
2.58645,0.308152
2.03879,0.183421
2.50782,0.276411
2.09054,0.27489
1.97276,0.186593
2.50146,0.318364
2.22169,0.33138
2.23358,0.295212
2.16316,0.265196
1.84576,0.108244
1.9422,0.196336
2.37023,0.282011
2.0688,0.24796
1.88106,0.0920897
1.96146,0.204583
2.13469,0.204604
2.20114,0.216525
1.98689,0.11049
2.30328,0.229809
2.35533,0.361259
2.60035,0.431779
1.95834,0.207363
1.90792,0.105718
1.9845,0.256541
1.74186,0.0179439
2.16253,0.175247
2.29532,0.362161
2.32641,0.40996
2.34901,0.322508
1.96536,0.227342
2.01,0.287222
2.19517,0.270365
1.92588,0.178155
2.60008,0.411649
2.40373,0.363715
1.96057,0.163799
2.16757,0.259928
1.92409,0.149125
1.85483,0.109152
1.83349,0.115156
2.00047,0.268892
2.36076,0.37338
2.07095,0.16606
2.17515,0.213803
1.97899,0.239683
2.5039,0.355177
2.12053,0.173848
2.24051,0.250681
2.22696,0.262374
2.05753,0.179006
2.65566,0.515911
1.89487,0.13969
2.16874,0.348141
1.88066,0.179468
2.85215,0.396613
1.98817,0.228226
2.21928,0.354806
2.06102,0.156836
1.99445,0.24445
2.16416,0.297949
2.18682,0.326592
1.90667,0.0891538
2.06475,0.150122
3.36471,0.448923
2.17104,0.288353
1.84988,0.154
1.94757,0.123047
2.23021,0.252507
1.90961,0.106335
2.0756,0.20741
2.02122,0.257682
2.03534,0.260601
1.768,0.0262348
1.88177,0.167289
2.28182,0.222054
1.99196,0.267093
2.18391,0.368002
1.88761,0.132956
2.16682,0.241131
2.11847,0.231414
2.56695,0.319379
2.25745,0.226417
2.08363,0.249943
2.24077,0.316841
2.07602,0.290382
2.02077,0.152657
2.42748,0.361937
2.12072,0.32283
2.03349,0.204118
2.26877,0.232089
2.42194,0.314466
2.74916,0.347377
2.06892,0.289283
2.06308,0.167834
1.99332,0.257662
1.95332,0.231731
1.83812,0.13969
2.05307,0.208317
1.87901,0.117382
