$MeshFormat
4.1 0 8
$EndMeshFormat
$PhysicalNames
4
1 1 "wall"
1 2 "inflow"
1 3 "outflow"
2 10 "fluid"
$EndPhysicalNames
$Entities
44 6 1 0
1 -15 -8 0 0 
2 20 -8 0 0 
3 20 8 0 0 
4 -15 8 0 0 
10 1 0 0 0 
11 0 0 0 0 
101 0.9938441702975689 0.002120446268577791 0 0 
102 0.9755282581475768 0.004642478697789043 0 0 
103 0.9455032620941839 0.008657805881786928 0 0 
104 0.9045084971874737 0.01391432151578623 0 0 
105 0.8535533905932737 0.02010727189427988 0 0 
106 0.7938926261462366 0.02690516557180014 0 0 
107 0.7269952498697734 0.03396239283851917 0 0 
108 0.6545084971874737 0.04091740721174359 0 0 
109 0.5782172325201155 0.04738299171095792 0 0 
110 0.5 0.05294025200057158 0 0 
111 0.4217827674798847 0.05714810961619571 0 0 
112 0.3454915028125263 0.05957471676541357 0 0 
113 0.2730047501302266 0.05984812623738171 0 0 
114 0.2061073738537635 0.0577141302439613 0 0 
115 0.1464466094067263 0.05308322966879785 0 0 
116 0.09549150281252627 0.04604893316916266 0 0 
117 0.05449673790581611 0.03686654594320223 0 0 
118 0.02447174185242318 0.02589331317485283 0 0 
119 0.006155829702431115 0.01350336812255479 0 0 
201 0.006155829702431115 -0.01350336812255479 0 0 
202 0.02447174185242323 -0.02589331317485285 0 0 
203 0.05449673790581605 -0.03686654594320221 0 0 
204 0.09549150281252627 -0.04604893316916266 0 0 
205 0.1464466094067262 -0.05308322966879783 0 0 
206 0.2061073738537634 -0.0577141302439613 0 0 
207 0.2730047501302266 -0.05984812623738171 0 0 
208 0.3454915028125263 -0.05957471676541357 0 0 
209 0.4217827674798845 -0.05714810961619573 0 0 
210 0.4999999999999999 -0.05294025200057158 0 0 
211 0.5782172325201153 -0.04738299171095794 0 0 
212 0.6545084971874737 -0.04091740721174359 0 0 
213 0.7269952498697734 -0.03396239283851917 0 0 
214 0.7938926261462365 -0.02690516557180011 0 0 
215 0.8535533905932737 -0.02010727189427988 0 0 
216 0.9045084971874737 -0.01391432151578623 0 0 
217 0.9455032620941839 -0.008657805881786928 0 0 
218 0.9755282581475768 -0.004642478697789043 0 0 
219 0.9938441702975689 -0.002120446268577791 0 0 
1 -15 -8 0 20 -8 0 1 1 2 1 -2 
2 20 -8 0 20 8 0 1 3 2 2 -3 
3 -15 8 0 20 8 0 1 1 2 3 -4 
4 -15 -8 0 -15 8 0 1 2 2 4 -1 
20 0 0 0 1 0.05940759851781639 0 1 1 2 10 -11 
21 0 -0.05940759851781639 0 1 0 0 1 1 2 11 -10 
1 -15 -8 0 20 8 0 1 10 6 1 2 3 4 -21 -20 
$EndEntities
$Nodes
13 6052 1 6052
0 1 0 1
1
-15 -8 0
0 2 0 1
2
20 -8 0
0 3 0 1
3
20 8 0
0 4 0 1
4
-15 8 0
0 10 0 1
5
1 0 0
0 11 0 1
6
0 0 0
1 1 0 34
7
8
9
10
11
12
13
14
15
16
17
18
19
20
21
22
23
24
25
26
27
28
29
30
31
32
33
34
35
36
37
38
39
40
-14.00000000000068 -8 0
-13.00000000000573 -8 0
-12.00000000001103 -8 0
-11.00000000001632 -8 0
-10.00000000002161 -8 0
-9.000000000026908 -8 0
-8.000000000031994 -8 0
-7.00000000003498 -8 0
-6.000000000040014 -8 0
-5.000000000045304 -8 0
-4.000000000050594 -8 0
-3.000000000055888 -8 0
-2.000000000061178 -8 0
-1.000000000066469 -8 0
-7.176126359809132e-11 -8 0
0.9999999999229487 -8 0
1.999999999917659 -8 0
2.999999999917442 -8 0
3.999999999922299 -8 0
4.999999999927152 -8 0
5.999999999932008 -8 0
6.999999999936868 -8 0
7.999999999941721 -8 0
8.999999999946578 -8 0
9.999999999951434 -8 0
10.99999999995629 -8 0
11.99999999996115 -8 0
12.999999999966 -8 0
13.99999999997086 -8 0
14.99999999997572 -8 0
15.99999999998057 -8 0
16.99999999998543 -8 0
17.99999999999029 -8 0
18.99999999999515 -8 0
1 2 0 15
41
42
43
44
45
46
47
48
49
50
51
52
53
54
55
20 -7.000000000002774 0
20 -6.000000000005547 0
20 -5.000000000008319 0
20 -4.000000000011092 0
20 -3.000000000013866 0
20 -2.000000000016642 0
20 -1.000000000019417 0
20 -2.20188312027858e-11 0
20 0.9999999999805826 0
20 1.999999999983357 0
20 2.99999999998613 0
20 3.999999999988905 0
20 4.999999999991678 0
20 5.999999999994452 0
20 6.999999999997225 0
1 3 0 34
56
57
58
59
60
61
62
63
64
65
66
67
68
69
70
71
72
73
74
75
76
77
78
79
80
81
82
83
84
85
86
87
88
89
19.00000000000508 8 0
18.00000000001015 8 0
17.00000000001523 8 0
16.0000000000203 8 0
15.00000000002538 8 0
14.00000000003046 8 0
13.00000000003553 8 0
12.00000000004061 8 0
11.00000000004568 8 0
10.00000000005076 8 0
9.000000000055827 8 0
8.000000000060902 8 0
7.000000000065974 8 0
6.000000000071049 8 0
5.000000000076119 8 0
4.000000000081194 8 0
3.000000000086267 8 0
2.000000000086267 8 0
1.00000000008119 8 0
7.612044328197953e-11 8 0
-0.9999999999289564 8 0
-1.99999999993403 8 0
-2.999999999939106 8 0
-3.999999999944176 8 0
-4.999999999949253 8 0
-5.999999999954326 8 0
-6.999999999959403 8 0
-7.999999999964476 8 0
-8.999999999969553 8 0
-9.999999999974627 8 0
-10.9999999999797 8 0
-11.99999999998477 8 0
-12.99999999998985 8 0
-13.99999999999493 8 0
1 4 0 15
90
91
92
93
94
95
96
97
98
99
100
101
102
103
104
-15 7.000000000002774 0
-15 6.000000000005547 0
-15 5.000000000008319 0
-15 4.000000000011092 0
-15 3.000000000013866 0
-15 2.000000000016642 0
-15 1.000000000019417 0
-15 2.20188312027858e-11 0
-15 -0.9999999999805826 0
-15 -1.999999999983357 0
-15 -2.99999999998613 0
-15 -3.999999999988905 0
-15 -4.999999999991678 0
-15 -5.999999999994452 0
-15 -6.999999999997225 0
1 20 0 339
105
106
107
108
109
110
111
112
113
114
115
116
117
118
119
120
121
122
123
124
125
126
127
128
129
130
131
132
133
134
135
136
137
138
139
140
141
142
143
144
145
146
147
148
149
150
151
152
153
154
155
156
157
158
159
160
161
162
163
164
165
166
167
168
169
170
171
172
173
174
175
176
177
178
179
180
181
182
183
184
185
186
187
188
189
190
191
192
193
194
195
196
197
198
199
200
201
202
203
204
205
206
207
208
209
210
211
212
213
214
215
216
217
218
219
220
221
222
223
224
225
226
227
228
229
230
231
232
233
234
235
236
237
238
239
240
241
242
243
244
245
246
247
248
249
250
251
252
253
254
255
256
257
258
259
260
261
262
263
264
265
266
267
268
269
270
271
272
273
274
275
276
277
278
279
280
281
282
283
284
285
286
287
288
289
290
291
292
293
294
295
296
297
298
299
300
301
302
303
304
305
306
307
308
309
310
311
312
313
314
315
316
317
318
319
320
321
322
323
324
325
326
327
328
329
330
331
332
333
334
335
336
337
338
339
340
341
342
343
344
345
346
347
348
349
350
351
352
353
354
355
356
357
358
359
360
361
362
363
364
365
366
367
368
369
370
371
372
373
374
375
376
377
378
379
380
381
382
383
384
385
386
387
388
389
390
391
392
393
394
395
396
397
398
399
400
401
402
403
404
405
406
407
408
409
410
411
412
413
414
415
416
417
418
419
420
421
422
423
424
425
426
427
428
429
430
431
432
433
434
435
436
437
438
439
440
441
442
443
0.9972593846932509 0.001213116006277718 0
0.9943736120176198 0.002016192625619248 0
0.9914195964888247 0.002533243276407528 0
0.9884511948637582 0.002961608009784982 0
0.9854777342409563 0.003353567703131082 0
0.9825026929618389 0.003733410237183698 0
0.9795278037950486 0.004114444878395886 0
0.9765541105425015 0.004504679050916883 0
0.9735818697787622 0.004905853164517072 0
0.9706097942330092 0.005308234905439534 0
0.9676376724256485 0.005710285591739537 0
0.9646654385630418 0.00611150122149994 0
0.9616930403731067 0.006511500499088298 0
0.9587204384528368 0.006909986804089831 0
0.9557476029354388 0.007306724070100849 0
0.9527745095638889 0.007701520868755331 0
0.949801137740338 0.008094219314917639 0
0.9468274713144483 0.008484686913143418 0
0.9438535451295257 0.008873153802213684 0
0.940879550363535 0.00926111995734028 0
0.9379054902531779 0.009648567453770632 0
0.9349313364087337 0.01003528595883908 0
0.931957061152431 0.01042109297668122 0
0.9289826498933362 0.01080582695153993 0
0.9260080799511203 0.01118934590780161 0
0.9230333365380212 0.01157152215024155 0
0.9200584084181714 0.01195224026377842 0
0.9170832781347017 0.01233139629660999 0
0.9141079382113588 0.01270889401066049 0
0.9111323773086025 0.01308464527597131 0
0.9081565865040182 0.01345856813260413 0
0.9051805572949789 0.01383058609769776 0
0.9022043344001315 0.01420106220936819 0
0.8992280309493148 0.01457088486747211 0
0.8962516381407822 0.01493998820522545 0
0.8932751442639441 0.01530827698148124 0
0.8902985392386771 0.0156756628385947 0
0.8873218126965223 0.01604206359049118 0
0.8843449553017827 0.01640740225428963 0
0.8813679591338016 0.01677160631772132 0
0.8783908161295412 0.01713460734129456 0
0.8754135183956557 0.01749634041076113 0
0.8724360598118299 0.01785674350169832 0
0.8694584330862584 0.01821575745245119 0
0.8664806326868584 0.01857332527219802 0
0.863502653021481 0.01892939206489282 0
0.8605244863930422 0.01928390500874446 0
0.8575461309679235 0.0196368121743607 0
0.8545675774526558 0.01998806389944571 0
0.8515888506209978 0.0203378325242739 0
0.8486100307655567 0.02068680436644101 0
0.8456311177143945 0.02103498279763 0
0.8426521058748176 0.02138231424195127 0
0.8396729893523531 0.02172874742303255 0
0.8366937627358637 0.02207423301786314 0
0.8337144209752403 0.02241872344489459 0
0.8307349589920333 0.02276217270677556 0
0.8277553719322932 0.02310453617938788 0
0.8247756555425599 0.02344577040538297 0
0.8217958048252058 0.02378583310031902 0
0.8188158164471273 0.0241246827431518 0
0.8158356855051857 0.02446227882275199 0
0.8128554082863415 0.02479858141136298 0
0.8098749813624587 0.02513355116553747 0
0.8068944003221872 0.02546714937323889 0
0.8039136615837977 0.0257993376616816 0
0.8009327621860642 0.02613007794036368 0
0.7979516980659465 0.02645933251573538 0
0.7949704664950406 0.02678706374920005 0
0.7919890815045718 0.02711339774493319 0
0.7890076033645276 0.02743888200682449 0
0.7860260341914105 0.02776352925364909 0
0.7830443694542164 0.02808730079803636 0
0.7800626061259317 0.02841015866985373 0
0.7770807396951698 0.02873206583964346 0
0.7740987669887718 0.02905298581978496 0
0.7711166842438932 0.0293728827871397 0
0.7681344883418554 0.02969172137046429 0
0.7651521753988607 0.03000946672710527 0
0.7621697427239652 0.03032608426456974 0
0.7591871871309012 0.03064153975586925 0
0.756204505128462 0.03095579925716706 0
0.7532216938495653 0.03126882895181786 0
0.7502387501653502 0.03158059518903265 0
0.7472556710125587 0.03189106439688202 0
0.7442724541137892 0.03220020295780842 0
0.7412890959323518 0.03250797737279591 0
0.7383055938949892 0.03281435398426952 0
0.7353219451811241 0.03311929905686946 0
0.7323381469570143 0.03342277870939429 0
0.7293541968154894 0.03372475882771037 0
0.7263700935567465 0.03402522118473422 0
0.7233858830076291 0.03432461831689063 0
0.7204015847785024 0.034623142533989 0
0.7174171962047827 0.03492075736606807 0
0.7144327132868925 0.0352174269155636 0
0.7114481329749002 0.03551311556638747 0
0.7084634520955526 0.03580778803188658 0
0.7054786677904187 0.03610140925531479 0
0.7024937768404776 0.03639394442289834 0
0.6995087761614637 0.03668535886372728 0
0.6965236629091426 0.03697561799073336 0
0.693538434396944 0.03726468726194531 0
0.6905530874256887 0.03755253219976868 0
0.6875676193027487 0.03783911824816204 0
0.6845820273729051 0.03812441077553023 0
0.6815963088678312 0.03840837504722048 0
0.6786104609603231 0.03869097617912445 0
0.6756244809914667 0.03897217907585775 0
0.6726383664792296 0.03925194839055396 0
0.6696521146601279 0.0395302485284962 0
0.6666657228991222 0.03980704356936168 0
0.6636791886869406 0.04008229722873415 0
0.6606925094867175 0.04035597283337445 0
0.6577056827447119 0.04062803328095532 0
0.6547187059203127 0.04089844099780909 0
0.651731606164258 0.04116748647580121 0
0.6487444189351248 0.04143556069879377 0
0.6457571413393263 0.04170262630139654 0
0.6427697704084522 0.04196864421127984 0
0.6397823028269511 0.04223357552132746 0
0.6367947355821677 0.04249738138240168 0
0.6338070658708443 0.04276002296428548 0
0.6308192906733212 0.04302146144673524 0
0.6278314069325927 0.04328165795803201 0
0.6248434119609367 0.04354057349520486 0
0.6218553029807734 0.04379816892053506 0
0.6188670770675661 0.04405440492306247 0
0.6158787315111932 0.04430924194476527 0
0.6128902635977612 0.04456264015707175 0
0.609901670626845 0.04481455941712566 0
0.6069129499757459 0.04506495922019994 0
0.6039240990958779 0.04531379865784072 0
0.6009351152200241 0.04556103639961209 0
0.5979459958595438 0.04580663060882023 0
0.5949567384954919 0.04605053892494895 0
0.5919673405313917 0.04629271842331643 0
0.5889777995492786 0.04653312554950238 0
0.585988113021661 0.04677171609707252 0
0.5829982785284471 0.04700844514340349 0
0.5800082936470046 0.04724326701073268 0
0.5770181612408113 0.04747620276993848 0
0.5740279271524033 0.04770782829817773 0
0.5710375999558248 0.04793825022935735 0
0.5680471768609257 0.04816742456845511 0
0.5650566550645704 0.04839530719950616 0
0.5620660317760361 0.04862185383592722 0
0.5590753042194708 0.04884701997307061 0
0.5560844696624914 0.04907076083912618 0
0.5530935255231246 0.04929303134044943 0
0.5501024691613049 0.04951378603042507 0
0.5471112978605142 0.0497329790636689 0
0.5441200092590506 0.04995056411728603 0
0.5411286006827422 0.05016649439212974 0
0.5381370697783371 0.05038072251849143 0
0.5351454140172898 0.0505932005431644 0
0.5321536310922425 0.05080387985132471 0
0.5291617185838 0.05101271113957413 0
0.5261696742072569 0.05121964434668345 0
0.5231774956778861 0.0514246286100002 0
0.5201851807676339 0.05162761220697177 0
0.5171927272669243 0.05182854250163147 0
0.5142001330807086 0.05202736588028162 0
0.5112073960160661 0.05222402770579912 0
0.508214514135791 0.05241847223230801 0
0.5052214853167825 0.0526106425698662 0
0.5022283076869314 0.05280048058920619 0
0.4992349813117505 0.05298795703569129 0
0.4962415438554268 0.05317365233201427 0
0.4932480090602251 0.05335777284532797 0
0.4902543748252941 0.05354026968331672 0
0.4872606391137716 0.05372109344128979 0
0.4842667997828051 0.05390019416137223 0
0.4812728549189823 0.05407752126057409 0
0.4782788025052856 0.05425302349816452 0
0.4752846406819615 0.0544266489065353 0
0.4722903675905356 0.05459834474562598 0
0.469295981443247 0.0547680574426955 0
0.4663014805107731 0.05493573253539748 0
0.4633068631177468 0.05510131461268833 0
0.4603121276574062 0.05526474725280833 0
0.4573172725585658 0.05542597296181603 0
0.4543222964184976 0.05558493310097266 0
0.4513271976628213 0.05574156783682851 0
0.4483319751214307 0.05589581604019887 0
0.4453366275209555 0.05604761523946725 0
0.4423411535513103 0.05619690153986172 0
0.4393455521936577 0.0563436095268956 0
0.4363498224829718 0.05648767219474338 0
0.4333539635235554 0.05662902085752917 0
0.4303579745431029 0.05676758505456932 0
0.4273618546127344 0.05690329246617591 0
0.424365603467299 0.05703606877450051 0
0.4213692211340108 0.05716584676287241 0
0.4183727324195449 0.05729315007812311 0
0.4153761522079262 0.05741828109756658 0
0.4123794799212001 0.05754118687530171 0
0.4093827149890074 0.05766181339147148 0
0.4063858570586127 0.05778010548187284 0
0.4033889056738643 0.05789600678646925 0
0.40039186059341 0.05800945966978537 0
0.3973947216883199 0.058120405155402 0
0.3943974888595302 0.05822878285615622 0
0.3914001621052024 0.05833453089533939 0
0.3884027415285977 0.05843758582664212 0
0.3854052273595393 0.05853788254978329 0
0.382407619974213 0.0586353542220904 0
0.3794099199165081 0.05872993216559108 0
0.3764121279304892 0.05882154576898114 0
0.3734142445105416 0.0589101223984901 0
0.3704162709844963 0.05899558725729454 0
0.3674182079993433 0.05907786331544852 0
0.3644200572134191 0.05915687114061681 0
0.3614218200478352 0.05923252880523394 0
0.3584234982332494 0.05930475173526322 0
0.3554250937305781 0.05937345256814212 0
0.3524266083619105 0.05943854100708972 0
0.3494280450612612 0.05949992363050946 0
0.3464294063711333 0.05955750375111026 0
0.3434306991278073 0.05961139858937189 0
0.3404319375364299 0.05966218645242065 0
0.3374331247701091 0.0597098556760526 0
0.3344342632849668 0.05975434848607534 0
0.3314353553979417 0.05979560513300043 0
0.3284364040782984 0.05983356378882893 0
0.3254374119636618 0.05986816046284486 0
0.3224383823715003 0.05989932888498648 0
0.3194393184816302 0.05992700040532648 0
0.3164402237480791 0.05995110387151033 0
0.3134411019510614 0.05997156550358689 0
0.3104419572715836 0.05998830876076425 0
0.3074427935314897 0.06000125420278413 0
0.304443615771981 0.06001031933005531 0
0.3014444286194315 0.06001541842885288 0
0.2984452372110374 0.06001646239284652 0
0.295446047305344 0.06001335853810573 0
0.2924468648467695 0.06000601040375374 0
0.2894476962894336 0.05999431753756668 0
0.2864485482031205 0.0599781752637514 0
0.2834494280587071 0.05995747443845207 0
0.2804503441397756 0.05993210118500558 0
0.277451304538323 0.05990193659735635 0
0.2744523181014497 0.05986685643475485 0
0.2714533938507432 0.05982682908422775 0
0.2684545329480567 0.05978229965282596 0
0.2654557419980379 0.05973328918964257 0
0.2624570287319832 0.05967973293420002 0
0.2594584014251103 0.05962156273912052 0
0.2564598688812134 0.05955870690880193 0
0.2534614396749609 0.05949109000746735 0
0.250463123616185 0.05941863270102409 0
0.2474649307999004 0.05934125153326745 0
0.2444668711076005 0.05925885868854316 0
0.2414689563663666 0.05917136181041341 0
0.2384711978551414 0.05907866367430832 0
0.2354736080954598 0.0589806619556719 0
0.232476200116953 0.05887724890309042 0
0.2294789878902578 0.05876831101998406 0
0.2264819863199116 0.05865372870402498 0
0.2234852106670102 0.05853337583011024 0
0.2204886781793171 0.05840711938514493 0
0.2174924063288894 0.05827481892856658 0
0.214496414408234 0.05813632614507906 0
0.211500722818972 0.05799148425292393 0
0.2085053532272924 0.05784012739176684 0
0.205510329201178 0.0576820873621478 0
0.2025156601707153 0.0575174501702766 0
0.1995213597881408 0.05734624264700033 0
0.1965274470810652 0.05716837892187217 0
0.1935339432030827 0.05698376701459333 0
0.1905408693696665 0.05679230834712284 0
0.1875482485013211 0.05659389744066694 0
0.1845561043140511 0.05638842141648243 0
0.1815644625626529 0.05617575959392923 0
0.1785733496622935 0.05595578285991595 0
0.175582793856096 0.05572835315797345 0
0.172592826149898 0.05549332291249037 0
0.1696034785466882 0.05525053417332804 0
0.1666147852367718 0.05499981790378243 0
0.1636267834411866 0.05474099316539389 0
0.1606395123768879 0.05447386604262378 0
0.1576530147164312 0.05419822866578493 0
0.1546673357819425 0.05391385790515767 0
0.1516825254123119 0.05362051416291132 0
0.148698636448092 0.05331793967328791 0
0.1457157278683326 0.05300585208363277 0
0.1427338696666342 0.05268388225975598 0
0.1397531195144007 0.05235181429780422 0
0.136773530568976 0.05200948071280698 0
0.1337951607635532 0.05165669987155186 0
0.1308180706859996 0.05129327452280707 0
0.1278423270039391 0.05091899082903641 0
0.1248679987318902 0.05053361634948108 0
0.121895162427536 0.05013689893334545 0
0.1189238996655794 0.04972856441023569 0
0.1159542988780651 0.04930831455913467 0
0.112986456136538 0.04887582462770716 0
0.1100204761527747 0.04843074050709764 0
0.1070564735719181 0.04797267550834754 0
0.1040945732373821 0.04750120644837272 0
0.1011349142568683 0.04701586970572306 0
0.09817764869945951 0.04651615566914238 0
0.09522294764763206 0.0460014998628294 0
0.09227107961896919 0.04547083723582553 0
0.08932228430356692 0.04492335131445599 0
0.0863767566148179 0.04435856469777309 0
0.08343470265233913 0.04377595038001381 0
0.08049635306834708 0.0431749276745638 0
0.07756196506065434 0.04255485494874034 0
0.0746318254146868 0.04191502112968648 0
0.07170624653085889 0.04125463381867452 0
0.06878559278465429 0.04057281202206162 0
0.06587026217217642 0.039868566140011 0
0.06296072018520334 0.03914078652525994 0
0.06005749191473638 0.03838821788804357 0
0.05716118649850247 0.03760943577880684 0
0.05427251376641853 0.03680280925659194 0
0.05139251874715711 0.03596574297252222 0
0.04852225239654981 0.03509590163737576 0
0.04566272554641321 0.03419139006040105 0
0.04281511477848195 0.03325004343708669 0
0.03998080950535843 0.03226937499284577 0
0.03716146431171312 0.03124650644796191 0
0.03435907214559863 0.03017807925332288 0
0.03157606893666411 0.02906014051746407 0
0.02881547211923796 0.02788798932790161 0
0.0260810843244566 0.02665597218592478 0
0.02337780125279082 0.02535712188516432 0
0.02071212508094947 0.0239828815557078 0
0.01809160616633572 0.02252439940270693 0
0.015526088967886 0.02097129814327145 0
0.0130287338630273 0.01931094048302965 0
0.0106175853860309 0.01752788407747405 0
0.008318030202690636 0.01560332887582084 0
0.006166676849425968 0.01351483982727166 0
0.004321931921141376 0.01115590318482698 0
0.002945900452927546 0.008495203997616461 0
0.001944953205266249 0.005669181031926882 0
0.001063861908357644 0.002802375488008947 0
1 21 0 339
444
445
446
447
448
449
450
451
452
453
454
455
456
457
458
459
460
461
462
463
464
465
466
467
468
469
470
471
472
473
474
475
476
477
478
479
480
481
482
483
484
485
486
487
488
489
490
491
492
493
494
495
496
497
498
499
500
501
502
503
504
505
506
507
508
509
510
511
512
513
514
515
516
517
518
519
520
521
522
523
524
525
526
527
528
529
530
531
532
533
534
535
536
537
538
539
540
541
542
543
544
545
546
547
548
549
550
551
552
553
554
555
556
557
558
559
560
561
562
563
564
565
566
567
568
569
570
571
572
573
574
575
576
577
578
579
580
581
582
583
584
585
586
587
588
589
590
591
592
593
594
595
596
597
598
599
600
601
602
603
604
605
606
607
608
609
610
611
612
613
614
615
616
617
618
619
620
621
622
623
624
625
626
627
628
629
630
631
632
633
634
635
636
637
638
639
640
641
642
643
644
645
646
647
648
649
650
651
652
653
654
655
656
657
658
659
660
661
662
663
664
665
666
667
668
669
670
671
672
673
674
675
676
677
678
679
680
681
682
683
684
685
686
687
688
689
690
691
692
693
694
695
696
697
698
699
700
701
702
703
704
705
706
707
708
709
710
711
712
713
714
715
716
717
718
719
720
721
722
723
724
725
726
727
728
729
730
731
732
733
734
735
736
737
738
739
740
741
742
743
744
745
746
747
748
749
750
751
752
753
754
755
756
757
758
759
760
761
762
763
764
765
766
767
768
769
770
771
772
773
774
775
776
777
778
779
780
781
782
0.001063861912990209 -0.002802375502314178 0
0.001944953214112431 -0.005669181060377405 0
0.00294590046991263 -0.008495204038271122 0
0.004321931952340818 -0.01115590323378462 0
0.006166676898824685 -0.01351483987948938 0
0.008318030266460106 -0.01560332893301388 0
0.01061758546562979 -0.01752788413987446 0
0.01302873395969613 -0.01931094055063613 0
0.0155260890815272 -0.02097129821522445 0
0.01809160629698049 -0.02252439947842311 0
0.02071212522892741 -0.02398288163487473 0
0.02337780141796157 -0.02535712196727709 0
0.02608108450618405 -0.02665597227039031 0
0.02881547231797174 -0.0278879894147544 0
0.03157606915229288 -0.02906014060645693 0
0.03435907237834987 -0.03017807934435757 0
0.03716146456132811 -0.03124650654075334 0
0.03998080977226675 -0.03226937508737374 0
0.04281511506212604 -0.03325004353298176 0
0.04566272584680471 -0.03419139015750879 0
0.04852225271395378 -0.03509590173562314 0
0.05139251908173492 -0.03596574307179849 0
0.05427251411814286 -0.03680280935673012 0
0.05716118686710456 -0.03760943587978281 0
0.06005749230033988 -0.03838821798982361 0
0.0629607205875925 -0.03914078662770298 0
0.06587026259128562 -0.03986856624301645 0
0.06878559322125012 -0.04057281212572609 0
0.07170624698434203 -0.04125463392276123 0
0.07463182588502371 -0.04191502123409715 0
0.07756196554734381 -0.04255485505327582 0
0.08049635357182582 -0.04317492777922928 0
0.08343470317295822 -0.04377595048478718 0
0.0863767571529768 -0.04435856480263402 0
0.08932228485804067 -0.04492335141906958 0
0.09227108019048848 -0.04547083734023575 0
0.09522294823596202 -0.04600149996689554 0
0.09817764930442772 -0.04651615577292077 0
0.1011349148791675 -0.04701586980930389 0
0.10409457387625 -0.0475012065515827 0
0.1070564742278066 -0.04797267561121278 0
0.1100204768256131 -0.04843074060955641 0
0.1129864568261025 -0.04887582472967433 0
0.1159542995848312 -0.04930831466062691 0
0.1189239003893964 -0.04972856451117477 0
0.1218951631687111 -0.05013689903371574 0
0.1248679994895069 -0.05053361644910114 0
0.1278423277786151 -0.05091899092793001 0
0.1308180714778215 -0.0512932746209239 0
0.1337951615721468 -0.05165669996878403 0
0.1367735313944292 -0.05200948080910348 0
0.1397531203567708 -0.05235181439310835 0
0.1427338705254307 -0.05268388235394927 0
0.1457157287451722 -0.05300585217682454 0
0.1486986373430761 -0.05331793976546811 0
0.1516825263234719 -0.05362051425386816 0
0.1546673367090381 -0.05391385799485187 0
0.1576530156601441 -0.05419822875426401 0
0.1606395133378451 -0.05447386612992263 0
0.1636267844184234 -0.0547409932514005 0
0.1666147862302743 -0.05499981798847256 0
0.1696034795564244 -0.05525053425667474 0
0.1725928271763004 -0.05549332299450273 0
0.1755827948990923 -0.05572835323861691 0
0.1785733507216176 -0.05595578293914086 0
0.1815644636388969 -0.05617575967174891 0
0.1845561054065267 -0.05638842149281525 0
0.1875482496107997 -0.05659389751553372 0
0.1905408704964861 -0.05679230842050967 0
0.1935339443471573 -0.05698376708645632 0
0.1965274482417726 -0.05716837899213466 0
0.1995213609653994 -0.05734624271562043 0
0.2025156613650598 -0.05751745023724653 0
0.205510330412409 -0.05768208742741572 0
0.2085053544556471 -0.057840127455199 0
0.2115007240641077 -0.05799148431447169 0
0.2144964156702727 -0.05813632620474695 0
0.2174924076068318 -0.05827481898630651 0
0.2204886794738357 -0.05840711944098591 0
0.223485211978157 -0.05853337588405058 0
0.2264819876479369 -0.05865372875606933 0
0.2294789892347522 -0.05876831107011013 0
0.2324762014775859 -0.05887724895128005 0
0.2354736094734654 -0.05898066200196043 0
0.2384711992499501 -0.05907866371866619 0
0.2414689577779549 -0.05917136185282968 0
0.244466872535444 -0.05925885872899207 0
0.2474649322436046 -0.05934125157172863 0
0.2504631250767624 -0.05941863273751348 0
0.2534614411520689 -0.05949109004196348 0
0.2564598703738894 -0.05955870694127086 0
0.259458402935119 -0.05962156276958715 0
0.2624570302595589 -0.05967973296265178 0
0.2654557435431236 -0.05973328921606023 0
0.2684545345092382 -0.0597822996771688 0
0.2714533954286962 -0.05982682910649022 0
0.274452319696411 -0.05986685645474177 0
0.2774513061472062 -0.05990193661484594 0
0.2804503457667384 -0.05993210120005897 0
0.2834494297021921 -0.05995747445106555 0
0.2864485498623117 -0.05997817527393236 0
0.2894476979659136 -0.05999431754533642 0
0.2924468665391839 -0.06000601040911644 0
0.2954460490146222 -0.06001335854107476 0
0.2984452389358477 -0.06001646239342977 0
0.3014444303599799 -0.06001541842706155 0
0.3044436175286872 -0.06001031932589858 0
0.3074427953051824 -0.06000125419626739 0
0.310441959062922 -0.05998830875188995 0
0.3134411037588101 -0.0599715654923663 0
0.3164402255714711 -0.05995110385795541 0
0.3194393203226831 -0.05992700038942744 0
0.3224383842282847 -0.05989932886676465 0
0.3254374138374028 -0.05986816044229328 0
0.3284364059695111 -0.05983356376594465 0
0.3314353573063895 -0.0597956051077884 0
0.3344342652092051 -0.05975434845855821 0
0.3374331267095699 -0.05970985564624393 0
0.3404319394933817 -0.05966218642028884 0
0.3434307011024119 -0.05961139855491471 0
0.3464294083620481 -0.05955750371416525 0
0.3494280470694592 -0.0594999235906631 0
0.3524266103843865 -0.05943854096442727 0
0.3554250957708635 -0.05937345252261341 0
0.3584235002883166 -0.05930475168695878 0
0.3614218221201555 -0.05923252875411875 0
0.3644200593010142 -0.05915687108676159 0
0.367418210104292 -0.05907786325882098 0
0.3704162731074292 -0.05899558719789563 0
0.3734142466494548 -0.05891012233639493 0
0.3764121300873485 -0.05882154570415143 0
0.3794099220890388 -0.05872993209811393 0
0.382407622163122 -0.05863535415196391 0
0.3854052295653534 -0.05853788247700909 0
0.3884027437500041 -0.05843758575128258 0
0.3914001643439818 -0.05833453081735251 0
0.3943974911148757 -0.05822878277558739 0
0.3973947239598192 -0.05812040507228425 0
0.400391862882606 -0.05800945958407938 0
0.4033889079795178 -0.05789600669823829 0
0.4063858593817768 -0.05778010539109353 0
0.4093827173290081 -0.0576618132981868 0
0.4123794822774665 -0.05754118677955201 0
0.4153761545819444 -0.0574182809993084 0
0.4183727348082387 -0.05729314997750187 0
0.4213692235399173 -0.05716584665979981 0
0.4243656058909983 -0.05703606866830465 0
0.4273618570529309 -0.05690329235683448 0
0.4303579770013734 -0.05676758494203901 0
0.4333539659979301 -0.05662902074192742 0
0.436349824971544 -0.05648767207618977 0
0.4393455546988489 -0.05634360940530447 0
0.4423411560732211 -0.05619690141525523 0
0.4453366300599857 -0.05604761511185204 0
0.4483319776756052 -0.05589581590970173 0
0.4513272002336294 -0.05574156770340104 0
0.4543222990067105 -0.05558493296460058 0
0.4573172751626284 -0.05542597282260751 0
0.4603121302773056 -0.05526474711079145 0
0.4633068657563632 -0.05510131446773212 0
0.4663014831658659 -0.05493573238764982 0
0.4692959841131668 -0.0547680572922757 0
0.4722903702783378 -0.05459834459238849 0
0.4752846433866499 -0.05442664875056227 0
0.4782788052266514 -0.05425302333949423 0
0.4812728576553017 -0.05407752109933473 0
0.4842668025363652 -0.05390019399745646 0
0.4872606418849419 -0.05372109327470172 0
0.4902543776123354 -0.05354026951418808 0
0.4932480118631392 -0.05335777267368708 0
0.4962415466742063 -0.05317365215789035 0
0.4992349841462559 -0.05298795685912211 0
0.5022283105142904 -0.05280048041100962 0
0.5052214881275091 -0.0526106423904911 0
0.5082145169265648 -0.05241847205205002 0
0.5112073987889828 -0.05222402752460525 0
0.5142001358368052 -0.052027365698162 0
0.5171927300075744 -0.05182854231856954 0
0.5201851834899602 -0.05162761202323303 0
0.5231774983833808 -0.05142462842555651 0
0.5261696768975158 -0.05121964416149469 0
0.5291617212563013 -0.05101271095388156 0
0.5321536337494086 -0.0508038796650262 0
0.5351454166575322 -0.05059320035643543 0
0.5381370724002157 -0.05038072233149843 0
0.5411286032883217 -0.05016649420478814 0
0.5441200118472306 -0.04995056392973576 0
0.5471113004302369 -0.04973297887604732 0
0.5501024717130218 -0.04951378584275896 0
0.5530935280593591 -0.04929303115261016 0
0.5560844721810667 -0.04907076065133064 0
0.5590753067228197 -0.04884701978519185 0
0.5620660342635938 -0.04862185364806016 0
0.5650566575364679 -0.04839530701169273 0
0.5680471793123885 -0.04816742438111107 0
0.5710376023911673 -0.04793825004220519 0
0.5740279295725891 -0.04770782811119256 0
0.5770181636429424 -0.04747620258339329 0
0.580008296032799 -0.04724326682413955 0
0.5829982808980728 -0.04700844495653568 0
0.5859881153743767 -0.04677171591004626 0
0.5889778018854631 -0.04653312536234412 0
0.5919673428490964 -0.04629271823623854 0
0.5949567407973202 -0.04605053873779584 0
0.5979459981449177 -0.04580663042169102 0
0.6009351174882742 -0.04556103621261329 0
0.6039241013481597 -0.0453137984709274 0
0.6069129522109483 -0.04506495903351349 0
0.609901672846074 -0.04481455923062192 0
0.6128902658001706 -0.04456263997086891 0
0.6158787336977152 -0.0443092417588306 0
0.6188670792375387 -0.04405440473749731 0
0.6218553051334219 -0.04379816873545058 0
0.6248434140975589 -0.04354057331053321 0
0.6278314090549757 -0.04328165777366038 0
0.6308192927783931 -0.04302146126297194 0
0.6338070679589376 -0.04276002278114339 0
0.6367947376543432 -0.0424973811998284 0
0.6397823048800104 -0.04223357533964557 0
0.6427697724453744 -0.04196864403026594 0
0.6457571433577189 -0.04170262612130255 0
0.6487444209380543 -0.04143556051938462 0
0.6517316081512616 -0.0411674862971554 0
0.6547187078928339 -0.0408984408197975 0
0.6577056846987469 -0.04062803310350947 0
0.6606925114234234 -0.04035597265643406 0
0.6636791906077104 -0.04008229705221434 0
0.6666657248002174 -0.03980704339364873 0
0.6696521165442223 -0.03953024835338537 0
0.6726383683468981 -0.03925194821603166 0
0.6756244828389014 -0.03897217890232037 0
0.6786104627898458 -0.03869097600639446 0
0.6815963106818769 -0.03840837487510538 0
0.6845820291709276 -0.03812441060411767 0
0.6875676210846633 -0.03783911807749562 0
0.6905530891881997 -0.03755253203020029 0
0.6935384361451638 -0.03726468709301801 0
0.6965236646422923 -0.03697561782255488 0
0.6995087778785979 -0.036685358696422 0
0.7024937785432687 -0.03639394425633519 0
0.7054786694746374 -0.03610140908993976 0
0.7084634537644333 -0.03580778786741429 0
0.7114481346278082 -0.03551311540291127 0
0.7144327149255182 -0.03521742675294632 0
0.7174171978253334 -0.03492075720471641 0
0.7204015863837226 -0.03462314237365994 0
0.7233858845958119 -0.03432461815778422 0
0.7263700951248107 -0.03402522102718976 0
0.7293541983641165 -0.03372475867138609 0
0.7323381484931244 -0.03342277855354479 0
0.7353219467017404 -0.03311929890182862 0
0.738305595398269 -0.03281435383025889 0
0.7412890974208877 -0.03250797721958253 0
0.7442724555869767 -0.03220020280548567 0
0.7472556724708855 -0.03189106424543008 0
0.7502387516073635 -0.03158059503863296 0
0.7532216952753406 -0.0312688288024931 0
0.7562045065390933 -0.0309557991088323 0
0.75918718852847 -0.03064153960833346 0
0.7621697441050364 -0.03032608411822348 0
0.7651521767636663 -0.03000946658195272 0
0.7681344896919255 -0.02969172122637046 0
0.7711166855766529 -0.02937288264440713 0
0.7740987683013314 -0.02905298567875233 0
0.7770807409916621 -0.02873206569989515 0
0.7800626074060264 -0.02841015853145202 0
0.783044370718291 -0.02808730066096684 0
0.7860260354369485 -0.02776352911821142 0
0.789007604589962 -0.02743888187321667 0
0.791989082714054 -0.02711339761272906 0
0.7949704676866099 -0.02678706361852215 0
0.7979516992392228 -0.02645933238644944 0
0.8009327633395164 -0.02613007781267297 0
0.8039136627205911 -0.02579933753526875 0
0.8068944014384999 -0.02546714924856171 0
0.8098749824602547 -0.02513355104240972 0
0.8128554093678271 -0.02479858128956769 0
0.8158356865677012 -0.02446227870261891 0
0.8188158174938354 -0.02412468262435289 0
0.8217958058559371 -0.02378583298290129 0
0.8247756565568874 -0.02344577028942275 0
0.827755372928587 -0.02310453606509957 0
0.8307349599717089 -0.02276217259402457 0
0.8337144219357822 -0.02241872333399825 0
0.8366937636777743 -0.02207423290879152 0
0.8396729902768476 -0.02172874731567213 0
0.8426521067847955 -0.02138231413599085 0
0.8456311186085719 -0.0210349826932438 0
0.8486100316422045 -0.02068680426385643 0
0.8515888514829943 -0.02033783242317915 0
0.8545675783041613 -0.01998806379927497 0
0.857546130562919 -0.01963681222223694 0
0.8605244871957167 -0.01928390491341339 0
0.8635026530455292 -0.01892939206202372 0
0.8664806334501258 -0.01857332518073932 0
0.8694584338302305 -0.01821575736293102 0
0.8724360605348082 -0.01785674341435497 0
0.8754135191013447 -0.01749634032517947 0
0.8783908168132849 -0.01713460725807145 0
0.8813679598026074 -0.0167716062360346 0
0.884344955957584 -0.0164074021739298 0
0.8873218133385583 -0.01604206351157749 0
0.8902985398687649 -0.01567566276092945 0
0.8932751448813462 -0.01530827690518068 0
0.8962516387489581 -0.01493998812988671 0
0.8992280315354199 -0.01457088479471385 0
0.9022043349797664 -0.01420106213728082 0
0.9051805578614907 -0.01383058602706988 0
0.9081565880148571 -0.01345856794324457 0
0.9111323778433607 -0.01308464520860702 0
0.9141079387355109 -0.01270889394431222 0
0.9170832794411823 -0.01233139613047287 0
0.92005840891462 -0.0119522402003748 0
0.9230333370174122 -0.01157152208876886 0
0.9260080804108166 -0.01118934584863412 0
0.9289826503350956 -0.01080582689448763 0
0.9319570627190314 -0.01042109277374398 0
0.9349313350922911 -0.01003528612981901 0
0.9379054903541417 -0.009648567440628938 0
0.9408795509276839 -0.009261119883788159 0
0.9438535454726933 -0.008873153757425256 0
0.9468274716427266 -0.008484686870167304 0
0.9498011380562985 -0.008094219273306561 0
0.9527745098598521 -0.007701520829558269 0
0.9557476032187031 -0.00730672403238932 0
0.9587204387227962 -0.00690998676797854 0
0.9616930406255249 -0.0065115004651817 0
0.9646654387967363 -0.00611150118999828 0
0.9676376726471104 -0.005710285561807707 0
0.9706097944352288 -0.005308234878066304 0
0.9735818696870333 -0.004905853176934588 0
0.9765541107063189 -0.004504679029056201 0
0.9795278039392197 -0.004114444859754617 0
0.982502693092742 -0.003733410220518219 0
0.9854777343534352 -0.003353567688647 0
0.9884511949599815 -0.00296160799668102 0
0.991419596575415 -0.00253324326297168 0
0.9943736120662678 -0.002016192615664861 0
0.9972593847117005 -0.001213115998981493 0
2 1 0 5270
783
784
785
786
787
788
789
790
791
792
793
794
795
796
797
798
799
800
801
802
803
804
805
806
807
808
809
810
811
812
813
814
815
816
817
818
819
820
821
822
823
824
825
826
827
828
829
830
831
832
833
834
835
836
837
838
839
840
841
842
843
844
845
846
847
848
849
850
851
852
853
854
855
856
857
858
859
860
861
862
863
864
865
866
867
868
869
870
871
872
873
874
875
876
877
878
879
880
881
882
883
884
885
886
887
888
889
890
891
892
893
894
895
896
897
898
899
900
901
902
903
904
905
906
907
908
909
910
911
912
913
914
915
916
917
918
919
920
921
922
923
924
925
926
927
928
929
930
931
932
933
934
935
936
937
938
939
940
941
942
943
944
945
946
947
948
949
950
951
952
953
954
955
956
957
958
959
960
961
962
963
964
965
966
967
968
969
970
971
972
973
974
975
976
977
978
979
980
981
982
983
984
985
986
987
988
989
990
991
992
993
994
995
996
997
998
999
1000
1001
1002
1003
1004
1005
1006
1007
1008
1009
1010
1011
1012
1013
1014
1015
1016
1017
1018
1019
1020
1021
1022
1023
1024
1025
1026
1027
1028
1029
1030
1031
1032
1033
1034
1035
1036
1037
1038
1039
1040
1041
1042
1043
1044
1045
1046
1047
1048
1049
1050
1051
1052
1053
1054
1055
1056
1057
1058
1059
1060
1061
1062
1063
1064
1065
1066
1067
1068
1069
1070
1071
1072
1073
1074
1075
1076
1077
1078
1079
1080
1081
1082
1083
1084
1085
1086
1087
1088
1089
1090
1091
1092
1093
1094
1095
1096
1097
1098
1099
1100
1101
1102
1103
1104
1105
1106
1107
1108
1109
1110
1111
1112
1113
1114
1115
1116
1117
1118
1119
1120
1121
1122
1123
1124
1125
1126
1127
1128
1129
1130
1131
1132
1133
1134
1135
1136
1137
1138
1139
1140
1141
1142
1143
1144
1145
1146
1147
1148
1149
1150
1151
1152
1153
1154
1155
1156
1157
1158
1159
1160
1161
1162
1163
1164
1165
1166
1167
1168
1169
1170
1171
1172
1173
1174
1175
1176
1177
1178
1179
1180
1181
1182
1183
1184
1185
1186
1187
1188
1189
1190
1191
1192
1193
1194
1195
1196
1197
1198
1199
1200
1201
1202
1203
1204
1205
1206
1207
1208
1209
1210
1211
1212
1213
1214
1215
1216
1217
1218
1219
1220
1221
1222
1223
1224
1225
1226
1227
1228
1229
1230
1231
1232
1233
1234
1235
1236
1237
1238
1239
1240
1241
1242
1243
1244
1245
1246
1247
1248
1249
1250
1251
1252
1253
1254
1255
1256
1257
1258
1259
1260
1261
1262
1263
1264
1265
1266
1267
1268
1269
1270
1271
1272
1273
1274
1275
1276
1277
1278
1279
1280
1281
1282
1283
1284
1285
1286
1287
1288
1289
1290
1291
1292
1293
1294
1295
1296
1297
1298
1299
1300
1301
1302
1303
1304
1305
1306
1307
1308
1309
1310
1311
1312
1313
1314
1315
1316
1317
1318
1319
1320
1321
1322
1323
1324
1325
1326
1327
1328
1329
1330
1331
1332
1333
1334
1335
1336
1337
1338
1339
1340
1341
1342
1343
1344
1345
1346
1347
1348
1349
1350
1351
1352
1353
1354
1355
1356
1357
1358
1359
1360
1361
1362
1363
1364
1365
1366
1367
1368
1369
1370
1371
1372
1373
1374
1375
1376
1377
1378
1379
1380
1381
1382
1383
1384
1385
1386
1387
1388
1389
1390
1391
1392
1393
1394
1395
1396
1397
1398
1399
1400
1401
1402
1403
1404
1405
1406
1407
1408
1409
1410
1411
1412
1413
1414
1415
1416
1417
1418
1419
1420
1421
1422
1423
1424
1425
1426
1427
1428
1429
1430
1431
1432
1433
1434
1435
1436
1437
1438
1439
1440
1441
1442
1443
1444
1445
1446
1447
1448
1449
1450
1451
1452
1453
1454
1455
1456
1457
1458
1459
1460
1461
1462
1463
1464
1465
1466
1467
1468
1469
1470
1471
1472
1473
1474
1475
1476
1477
1478
1479
1480
1481
1482
1483
1484
1485
1486
1487
1488
1489
1490
1491
1492
1493
1494
1495
1496
1497
1498
1499
1500
1501
1502
1503
1504
1505
1506
1507
1508
1509
1510
1511
1512
1513
1514
1515
1516
1517
1518
1519
1520
1521
1522
1523
1524
1525
1526
1527
1528
1529
1530
1531
1532
1533
1534
1535
1536
1537
1538
1539
1540
1541
1542
1543
1544
1545
1546
1547
1548
1549
1550
1551
1552
1553
1554
1555
1556
1557
1558
1559
1560
1561
1562
1563
1564
1565
1566
1567
1568
1569
1570
1571
1572
1573
1574
1575
1576
1577
1578
1579
1580
1581
1582
1583
1584
1585
1586
1587
1588
1589
1590
1591
1592
1593
1594
1595
1596
1597
1598
1599
1600
1601
1602
1603
1604
1605
1606
1607
1608
1609
1610
1611
1612
1613
1614
1615
1616
1617
1618
1619
1620
1621
1622
1623
1624
1625
1626
1627
1628
1629
1630
1631
1632
1633
1634
1635
1636
1637
1638
1639
1640
1641
1642
1643
1644
1645
1646
1647
1648
1649
1650
1651
1652
1653
1654
1655
1656
1657
1658
1659
1660
1661
1662
1663
1664
1665
1666
1667
1668
1669
1670
1671
1672
1673
1674
1675
1676
1677
1678
1679
1680
1681
1682
1683
1684
1685
1686
1687
1688
1689
1690
1691
1692
1693
1694
1695
1696
1697
1698
1699
1700
1701
1702
1703
1704
1705
1706
1707
1708
1709
1710
1711
1712
1713
1714
1715
1716
1717
1718
1719
1720
1721
1722
1723
1724
1725
1726
1727
1728
1729
1730
1731
1732
1733
1734
1735
1736
1737
1738
1739
1740
1741
1742
1743
1744
1745
1746
1747
1748
1749
1750
1751
1752
1753
1754
1755
1756
1757
1758
1759
1760
1761
1762
1763
1764
1765
1766
1767
1768
1769
1770
1771
1772
1773
1774
1775
1776
1777
1778
1779
1780
1781
1782
1783
1784
1785
1786
1787
1788
1789
1790
1791
1792
1793
1794
1795
1796
1797
1798
1799
1800
1801
1802
1803
1804
1805
1806
1807
1808
1809
1810
1811
1812
1813
1814
1815
1816
1817
1818
1819
1820
1821
1822
1823
1824
1825
1826
1827
1828
1829
1830
1831
1832
1833
1834
1835
1836
1837
1838
1839
1840
1841
1842
1843
1844
1845
1846
1847
1848
1849
1850
1851
1852
1853
1854
1855
1856
1857
1858
1859
1860
1861
1862
1863
1864
1865
1866
1867
1868
1869
1870
1871
1872
1873
1874
1875
1876
1877
1878
1879
1880
1881
1882
1883
1884
1885
1886
1887
1888
1889
1890
1891
1892
1893
1894
1895
1896
1897
1898
1899
1900
1901
1902
1903
1904
1905
1906
1907
1908
1909
1910
1911
1912
1913
1914
1915
1916
1917
1918
1919
1920
1921
1922
1923
1924
1925
1926
1927
1928
1929
1930
1931
1932
1933
1934
1935
1936
1937
1938
1939
1940
1941
1942
1943
1944
1945
1946
1947
1948
1949
1950
1951
1952
1953
1954
1955
1956
1957
1958
1959
1960
1961
1962
1963
1964
1965
1966
1967
1968
1969
1970
1971
1972
1973
1974
1975
1976
1977
1978
1979
1980
1981
1982
1983
1984
1985
1986
1987
1988
1989
1990
1991
1992
1993
1994
1995
1996
1997
1998
1999
2000
2001
2002
2003
2004
2005
2006
2007
2008
2009
2010
2011
2012
2013
2014
2015
2016
2017
2018
2019
2020
2021
2022
2023
2024
2025
2026
2027
2028
2029
2030
2031
2032
2033
2034
2035
2036
2037
2038
2039
2040
2041
2042
2043
2044
2045
2046
2047
2048
2049
2050
2051
2052
2053
2054
2055
2056
2057
2058
2059
2060
2061
2062
2063
2064
2065
2066
2067
2068
2069
2070
2071
2072
2073
2074
2075
2076
2077
2078
2079
2080
2081
2082
2083
2084
2085
2086
2087
2088
2089
2090
2091
2092
2093
2094
2095
2096
2097
2098
2099
2100
2101
2102
2103
2104
2105
2106
2107
2108
2109
2110
2111
2112
2113
2114
2115
2116
2117
2118
2119
2120
2121
2122
2123
2124
2125
2126
2127
2128
2129
2130
2131
2132
2133
2134
2135
2136
2137
2138
2139
2140
2141
2142
2143
2144
2145
2146
2147
2148
2149
2150
2151
2152
2153
2154
2155
2156
2157
2158
2159
2160
2161
2162
2163
2164
2165
2166
2167
2168
2169
2170
2171
2172
2173
2174
2175
2176
2177
2178
2179
2180
2181
2182
2183
2184
2185
2186
2187
2188
2189
2190
2191
2192
2193
2194
2195
2196
2197
2198
2199
2200
2201
2202
2203
2204
2205
2206
2207
2208
2209
2210
2211
2212
2213
2214
2215
2216
2217
2218
2219
2220
2221
2222
2223
2224
2225
2226
2227
2228
2229
2230
2231
2232
2233
2234
2235
2236
2237
2238
2239
2240
2241
2242
2243
2244
2245
2246
2247
2248
2249
2250
2251
2252
2253
2254
2255
2256
2257
2258
2259
2260
2261
2262
2263
2264
2265
2266
2267
2268
2269
2270
2271
2272
2273
2274
2275
2276
2277
2278
2279
2280
2281
2282
2283
2284
2285
2286
2287
2288
2289
2290
2291
2292
2293
2294
2295
2296
2297
2298
2299
2300
2301
2302
2303
2304
2305
2306
2307
2308
2309
2310
2311
2312
2313
2314
2315
2316
2317
2318
2319
2320
2321
2322
2323
2324
2325
2326
2327
2328
2329
2330
2331
2332
2333
2334
2335
2336
2337
2338
2339
2340
2341
2342
2343
2344
2345
2346
2347
2348
2349
2350
2351
2352
2353
2354
2355
2356
2357
2358
2359
2360
2361
2362
2363
2364
2365
2366
2367
2368
2369
2370
2371
2372
2373
2374
2375
2376
2377
2378
2379
2380
2381
2382
2383
2384
2385
2386
2387
2388
2389
2390
2391
2392
2393
2394
2395
2396
2397
2398
2399
2400
2401
2402
2403
2404
2405
2406
2407
2408
2409
2410
2411
2412
2413
2414
2415
2416
2417
2418
2419
2420
2421
2422
2423
2424
2425
2426
2427
2428
2429
2430
2431
2432
2433
2434
2435
2436
2437
2438
2439
2440
2441
2442
2443
2444
2445
2446
2447
2448
2449
2450
2451
2452
2453
2454
2455
2456
2457
2458
2459
2460
2461
2462
2463
2464
2465
2466
2467
2468
2469
2470
2471
2472
2473
2474
2475
2476
2477
2478
2479
2480
2481
2482
2483
2484
2485
2486
2487
2488
2489
2490
2491
2492
2493
2494
2495
2496
2497
2498
2499
2500
2501
2502
2503
2504
2505
2506
2507
2508
2509
2510
2511
2512
2513
2514
2515
2516
2517
2518
2519
2520
2521
2522
2523
2524
2525
2526
2527
2528
2529
2530
2531
2532
2533
2534
2535
2536
2537
2538
2539
2540
2541
2542
2543
2544
2545
2546
2547
2548
2549
2550
2551
2552
2553
2554
2555
2556
2557
2558
2559
2560
2561
2562
2563
2564
2565
2566
2567
2568
2569
2570
2571
2572
2573
2574
2575
2576
2577
2578
2579
2580
2581
2582
2583
2584
2585
2586
2587
2588
2589
2590
2591
2592
2593
2594
2595
2596
2597
2598
2599
2600
2601
2602
2603
2604
2605
2606
2607
2608
2609
2610
2611
2612
2613
2614
2615
2616
2617
2618
2619
2620
2621
2622
2623
2624
2625
2626
2627
2628
2629
2630
2631
2632
2633
2634
2635
2636
2637
2638
2639
2640
2641
2642
2643
2644
2645
2646
2647
2648
2649
2650
2651
2652
2653
2654
2655
2656
2657
2658
2659
2660
2661
2662
2663
2664
2665
2666
2667
2668
2669
2670
2671
2672
2673
2674
2675
2676
2677
2678
2679
2680
2681
2682
2683
2684
2685
2686
2687
2688
2689
2690
2691
2692
2693
2694
2695
2696
2697
2698
2699
2700
2701
2702
2703
2704
2705
2706
2707
2708
2709
2710
2711
2712
2713
2714
2715
2716
2717
2718
2719
2720
2721
2722
2723
2724
2725
2726
2727
2728
2729
2730
2731
2732
2733
2734
2735
2736
2737
2738
2739
2740
2741
2742
2743
2744
2745
2746
2747
2748
2749
2750
2751
2752
2753
2754
2755
2756
2757
2758
2759
2760
2761
2762
2763
2764
2765
2766
2767
2768
2769
2770
2771
2772
2773
2774
2775
2776
2777
2778
2779
2780
2781
2782
2783
2784
2785
2786
2787
2788
2789
2790
2791
2792
2793
2794
2795
2796
2797
2798
2799
2800
2801
2802
2803
2804
2805
2806
2807
2808
2809
2810
2811
2812
2813
2814
2815
2816
2817
2818
2819
2820
2821
2822
2823
2824
2825
2826
2827
2828
2829
2830
2831
2832
2833
2834
2835
2836
2837
2838
2839
2840
2841
2842
2843
2844
2845
2846
2847
2848
2849
2850
2851
2852
2853
2854
2855
2856
2857
2858
2859
2860
2861
2862
2863
2864
2865
2866
2867
2868
2869
2870
2871
2872
2873
2874
2875
2876
2877
2878
2879
2880
2881
2882
2883
2884
2885
2886
2887
2888
2889
2890
2891
2892
2893
2894
2895
2896
2897
2898
2899
2900
2901
2902
2903
2904
2905
2906
2907
2908
2909
2910
2911
2912
2913
2914
2915
2916
2917
2918
2919
2920
2921
2922
2923
2924
2925
2926
2927
2928
2929
2930
2931
2932
2933
2934
2935
2936
2937
2938
2939
2940
2941
2942
2943
2944
2945
2946
2947
2948
2949
2950
2951
2952
2953
2954
2955
2956
2957
2958
2959
2960
2961
2962
2963
2964
2965
2966
2967
2968
2969
2970
2971
2972
2973
2974
2975
2976
2977
2978
2979
2980
2981
2982
2983
2984
2985
2986
2987
2988
2989
2990
2991
2992
2993
2994
2995
2996
2997
2998
2999
3000
3001
3002
3003
3004
3005
3006
3007
3008
3009
3010
3011
3012
3013
3014
3015
3016
3017
3018
3019
3020
3021
3022
3023
3024
3025
3026
3027
3028
3029
3030
3031
3032
3033
3034
3035
3036
3037
3038
3039
3040
3041
3042
3043
3044
3045
3046
3047
3048
3049
3050
3051
3052
3053
3054
3055
3056
3057
3058
3059
3060
3061
3062
3063
3064
3065
3066
3067
3068
3069
3070
3071
3072
3073
3074
3075
3076
3077
3078
3079
3080
3081
3082
3083
3084
3085
3086
3087
3088
3089
3090
3091
3092
3093
3094
3095
3096
3097
3098
3099
3100
3101
3102
3103
3104
3105
3106
3107
3108
3109
3110
3111
3112
3113
3114
3115
3116
3117
3118
3119
3120
3121
3122
3123
3124
3125
3126
3127
3128
3129
3130
3131
3132
3133
3134
3135
3136
3137
3138
3139
3140
3141
3142
3143
3144
3145
3146
3147
3148
3149
3150
3151
3152
3153
3154
3155
3156
3157
3158
3159
3160
3161
3162
3163
3164
3165
3166
3167
3168
3169
3170
3171
3172
3173
3174
3175
3176
3177
3178
3179
3180
3181
3182
3183
3184
3185
3186
3187
3188
3189
3190
3191
3192
3193
3194
3195
3196
3197
3198
3199
3200
3201
3202
3203
3204
3205
3206
3207
3208
3209
3210
3211
3212
3213
3214
3215
3216
3217
3218
3219
3220
3221
3222
3223
3224
3225
3226
3227
3228
3229
3230
3231
3232
3233
3234
3235
3236
3237
3238
3239
3240
3241
3242
3243
3244
3245
3246
3247
3248
3249
3250
3251
3252
3253
3254
3255
3256
3257
3258
3259
3260
3261
3262
3263
3264
3265
3266
3267
3268
3269
3270
3271
3272
3273
3274
3275
3276
3277
3278
3279
3280
3281
3282
3283
3284
3285
3286
3287
3288
3289
3290
3291
3292
3293
3294
3295
3296
3297
3298
3299
3300
3301
3302
3303
3304
3305
3306
3307
3308
3309
3310
3311
3312
3313
3314
3315
3316
3317
3318
3319
3320
3321
3322
3323
3324
3325
3326
3327
3328
3329
3330
3331
3332
3333
3334
3335
3336
3337
3338
3339
3340
3341
3342
3343
3344
3345
3346
3347
3348
3349
3350
3351
3352
3353
3354
3355
3356
3357
3358
3359
3360
3361
3362
3363
3364
3365
3366
3367
3368
3369
3370
3371
3372
3373
3374
3375
3376
3377
3378
3379
3380
3381
3382
3383
3384
3385
3386
3387
3388
3389
3390
3391
3392
3393
3394
3395
3396
3397
3398
3399
3400
3401
3402
3403
3404
3405
3406
3407
3408
3409
3410
3411
3412
3413
3414
3415
3416
3417
3418
3419
3420
3421
3422
3423
3424
3425
3426
3427
3428
3429
3430
3431
3432
3433
3434
3435
3436
3437
3438
3439
3440
3441
3442
3443
3444
3445
3446
3447
3448
3449
3450
3451
3452
3453
3454
3455
3456
3457
3458
3459
3460
3461
3462
3463
3464
3465
3466
3467
3468
3469
3470
3471
3472
3473
3474
3475
3476
3477
3478
3479
3480
3481
3482
3483
3484
3485
3486
3487
3488
3489
3490
3491
3492
3493
3494
3495
3496
3497
3498
3499
3500
3501
3502
3503
3504
3505
3506
3507
3508
3509
3510
3511
3512
3513
3514
3515
3516
3517
3518
3519
3520
3521
3522
3523
3524
3525
3526
3527
3528
3529
3530
3531
3532
3533
3534
3535
3536
3537
3538
3539
3540
3541
3542
3543
3544
3545
3546
3547
3548
3549
3550
3551
3552
3553
3554
3555
3556
3557
3558
3559
3560
3561
3562
3563
3564
3565
3566
3567
3568
3569
3570
3571
3572
3573
3574
3575
3576
3577
3578
3579
3580
3581
3582
3583
3584
3585
3586
3587
3588
3589
3590
3591
3592
3593
3594
3595
3596
3597
3598
3599
3600
3601
3602
3603
3604
3605
3606
3607
3608
3609
3610
3611
3612
3613
3614
3615
3616
3617
3618
3619
3620
3621
3622
3623
3624
3625
3626
3627
3628
3629
3630
3631
3632
3633
3634
3635
3636
3637
3638
3639
3640
3641
3642
3643
3644
3645
3646
3647
3648
3649
3650
3651
3652
3653
3654
3655
3656
3657
3658
3659
3660
3661
3662
3663
3664
3665
3666
3667
3668
3669
3670
3671
3672
3673
3674
3675
3676
3677
3678
3679
3680
3681
3682
3683
3684
3685
3686
3687
3688
3689
3690
3691
3692
3693
3694
3695
3696
3697
3698
3699
3700
3701
3702
3703
3704
3705
3706
3707
3708
3709
3710
3711
3712
3713
3714
3715
3716
3717
3718
3719
3720
3721
3722
3723
3724
3725
3726
3727
3728
3729
3730
3731
3732
3733
3734
3735
3736
3737
3738
3739
3740
3741
3742
3743
3744
3745
3746
3747
3748
3749
3750
3751
3752
3753
3754
3755
3756
3757
3758
3759
3760
3761
3762
3763
3764
3765
3766
3767
3768
3769
3770
3771
3772
3773
3774
3775
3776
3777
3778
3779
3780
3781
3782
3783
3784
3785
3786
3787
3788
3789
3790
3791
3792
3793
3794
3795
3796
3797
3798
3799
3800
3801
3802
3803
3804
3805
3806
3807
3808
3809
3810
3811
3812
3813
3814
3815
3816
3817
3818
3819
3820
3821
3822
3823
3824
3825
3826
3827
3828
3829
3830
3831
3832
3833
3834
3835
3836
3837
3838
3839
3840
3841
3842
3843
3844
3845
3846
3847
3848
3849
3850
3851
3852
3853
3854
3855
3856
3857
3858
3859
3860
3861
3862
3863
3864
3865
3866
3867
3868
3869
3870
3871
3872
3873
3874
3875
3876
3877
3878
3879
3880
3881
3882
3883
3884
3885
3886
3887
3888
3889
3890
3891
3892
3893
3894
3895
3896
3897
3898
3899
3900
3901
3902
3903
3904
3905
3906
3907
3908
3909
3910
3911
3912
3913
3914
3915
3916
3917
3918
3919
3920
3921
3922
3923
3924
3925
3926
3927
3928
3929
3930
3931
3932
3933
3934
3935
3936
3937
3938
3939
3940
3941
3942
3943
3944
3945
3946
3947
3948
3949
3950
3951
3952
3953
3954
3955
3956
3957
3958
3959
3960
3961
3962
3963
3964
3965
3966
3967
3968
3969
3970
3971
3972
3973
3974
3975
3976
3977
3978
3979
3980
3981
3982
3983
3984
3985
3986
3987
3988
3989
3990
3991
3992
3993
3994
3995
3996
3997
3998
3999
4000
4001
4002
4003
4004
4005
4006
4007
4008
4009
4010
4011
4012
4013
4014
4015
4016
4017
4018
4019
4020
4021
4022
4023
4024
4025
4026
4027
4028
4029
4030
4031
4032
4033
4034
4035
4036
4037
4038
4039
4040
4041
4042
4043
4044
4045
4046
4047
4048
4049
4050
4051
4052
4053
4054
4055
4056
4057
4058
4059
4060
4061
4062
4063
4064
4065
4066
4067
4068
4069
4070
4071
4072
4073
4074
4075
4076
4077
4078
4079
4080
4081
4082
4083
4084
4085
4086
4087
4088
4089
4090
4091
4092
4093
4094
4095
4096
4097
4098
4099
4100
4101
4102
4103
4104
4105
4106
4107
4108
4109
4110
4111
4112
4113
4114
4115
4116
4117
4118
4119
4120
4121
4122
4123
4124
4125
4126
4127
4128
4129
4130
4131
4132
4133
4134
4135
4136
4137
4138
4139
4140
4141
4142
4143
4144
4145
4146
4147
4148
4149
4150
4151
4152
4153
4154
4155
4156
4157
4158
4159
4160
4161
4162
4163
4164
4165
4166
4167
4168
4169
4170
4171
4172
4173
4174
4175
4176
4177
4178
4179
4180
4181
4182
4183
4184
4185
4186
4187
4188
4189
4190
4191
4192
4193
4194
4195
4196
4197
4198
4199
4200
4201
4202
4203
4204
4205
4206
4207
4208
4209
4210
4211
4212
4213
4214
4215
4216
4217
4218
4219
4220
4221
4222
4223
4224
4225
4226
4227
4228
4229
4230
4231
4232
4233
4234
4235
4236
4237
4238
4239
4240
4241
4242
4243
4244
4245
4246
4247
4248
4249
4250
4251
4252
4253
4254
4255
4256
4257
4258
4259
4260
4261
4262
4263
4264
4265
4266
4267
4268
4269
4270
4271
4272
4273
4274
4275
4276
4277
4278
4279
4280
4281
4282
4283
4284
4285
4286
4287
4288
4289
4290
4291
4292
4293
4294
4295
4296
4297
4298
4299
4300
4301
4302
4303
4304
4305
4306
4307
4308
4309
4310
4311
4312
4313
4314
4315
4316
4317
4318
4319
4320
4321
4322
4323
4324
4325
4326
4327
4328
4329
4330
4331
4332
4333
4334
4335
4336
4337
4338
4339
4340
4341
4342
4343
4344
4345
4346
4347
4348
4349
4350
4351
4352
4353
4354
4355
4356
4357
4358
4359
4360
4361
4362
4363
4364
4365
4366
4367
4368
4369
4370
4371
4372
4373
4374
4375
4376
4377
4378
4379
4380
4381
4382
4383
4384
4385
4386
4387
4388
4389
4390
4391
4392
4393
4394
4395
4396
4397
4398
4399
4400
4401
4402
4403
4404
4405
4406
4407
4408
4409
4410
4411
4412
4413
4414
4415
4416
4417
4418
4419
4420
4421
4422
4423
4424
4425
4426
4427
4428
4429
4430
4431
4432
4433
4434
4435
4436
4437
4438
4439
4440
4441
4442
4443
4444
4445
4446
4447
4448
4449
4450
4451
4452
4453
4454
4455
4456
4457
4458
4459
4460
4461
4462
4463
4464
4465
4466
4467
4468
4469
4470
4471
4472
4473
4474
4475
4476
4477
4478
4479
4480
4481
4482
4483
4484
4485
4486
4487
4488
4489
4490
4491
4492
4493
4494
4495
4496
4497
4498
4499
4500
4501
4502
4503
4504
4505
4506
4507
4508
4509
4510
4511
4512
4513
4514
4515
4516
4517
4518
4519
4520
4521
4522
4523
4524
4525
4526
4527
4528
4529
4530
4531
4532
4533
4534
4535
4536
4537
4538
4539
4540
4541
4542
4543
4544
4545
4546
4547
4548
4549
4550
4551
4552
4553
4554
4555
4556
4557
4558
4559
4560
4561
4562
4563
4564
4565
4566
4567
4568
4569
4570
4571
4572
4573
4574
4575
4576
4577
4578
4579
4580
4581
4582
4583
4584
4585
4586
4587
4588
4589
4590
4591
4592
4593
4594
4595
4596
4597
4598
4599
4600
4601
4602
4603
4604
4605
4606
4607
4608
4609
4610
4611
4612
4613
4614
4615
4616
4617
4618
4619
4620
4621
4622
4623
4624
4625
4626
4627
4628
4629
4630
4631
4632
4633
4634
4635
4636
4637
4638
4639
4640
4641
4642
4643
4644
4645
4646
4647
4648
4649
4650
4651
4652
4653
4654
4655
4656
4657
4658
4659
4660
4661
4662
4663
4664
4665
4666
4667
4668
4669
4670
4671
4672
4673
4674
4675
4676
4677
4678
4679
4680
4681
4682
4683
4684
4685
4686
4687
4688
4689
4690
4691
4692
4693
4694
4695
4696
4697
4698
4699
4700
4701
4702
4703
4704
4705
4706
4707
4708
4709
4710
4711
4712
4713
4714
4715
4716
4717
4718
4719
4720
4721
4722
4723
4724
4725
4726
4727
4728
4729
4730
4731
4732
4733
4734
4735
4736
4737
4738
4739
4740
4741
4742
4743
4744
4745
4746
4747
4748
4749
4750
4751
4752
4753
4754
4755
4756
4757
4758
4759
4760
4761
4762
4763
4764
4765
4766
4767
4768
4769
4770
4771
4772
4773
4774
4775
4776
4777
4778
4779
4780
4781
4782
4783
4784
4785
4786
4787
4788
4789
4790
4791
4792
4793
4794
4795
4796
4797
4798
4799
4800
4801
4802
4803
4804
4805
4806
4807
4808
4809
4810
4811
4812
4813
4814
4815
4816
4817
4818
4819
4820
4821
4822
4823
4824
4825
4826
4827
4828
4829
4830
4831
4832
4833
4834
4835
4836
4837
4838
4839
4840
4841
4842
4843
4844
4845
4846
4847
4848
4849
4850
4851
4852
4853
4854
4855
4856
4857
4858
4859
4860
4861
4862
4863
4864
4865
4866
4867
4868
4869
4870
4871
4872
4873
4874
4875
4876
4877
4878
4879
4880
4881
4882
4883
4884
4885
4886
4887
4888
4889
4890
4891
4892
4893
4894
4895
4896
4897
4898
4899
4900
4901
4902
4903
4904
4905
4906
4907
4908
4909
4910
4911
4912
4913
4914
4915
4916
4917
4918
4919
4920
4921
4922
4923
4924
4925
4926
4927
4928
4929
4930
4931
4932
4933
4934
4935
4936
4937
4938
4939
4940
4941
4942
4943
4944
4945
4946
4947
4948
4949
4950
4951
4952
4953
4954
4955
4956
4957
4958
4959
4960
4961
4962
4963
4964
4965
4966
4967
4968
4969
4970
4971
4972
4973
4974
4975
4976
4977
4978
4979
4980
4981
4982
4983
4984
4985
4986
4987
4988
4989
4990
4991
4992
4993
4994
4995
4996
4997
4998
4999
5000
5001
5002
5003
5004
5005
5006
5007
5008
5009
5010
5011
5012
5013
5014
5015
5016
5017
5018
5019
5020
5021
5022
5023
5024
5025
5026
5027
5028
5029
5030
5031
5032
5033
5034
5035
5036
5037
5038
5039
5040
5041
5042
5043
5044
5045
5046
5047
5048
5049
5050
5051
5052
5053
5054
5055
5056
5057
5058
5059
5060
5061
5062
5063
5064
5065
5066
5067
5068
5069
5070
5071
5072
5073
5074
5075
5076
5077
5078
5079
5080
5081
5082
5083
5084
5085
5086
5087
5088
5089
5090
5091
5092
5093
5094
5095
5096
5097
5098
5099
5100
5101
5102
5103
5104
5105
5106
5107
5108
5109
5110
5111
5112
5113
5114
5115
5116
5117
5118
5119
5120
5121
5122
5123
5124
5125
5126
5127
5128
5129
5130
5131
5132
5133
5134
5135
5136
5137
5138
5139
5140
5141
5142
5143
5144
5145
5146
5147
5148
5149
5150
5151
5152
5153
5154
5155
5156
5157
5158
5159
5160
5161
5162
5163
5164
5165
5166
5167
5168
5169
5170
5171
5172
5173
5174
5175
5176
5177
5178
5179
5180
5181
5182
5183
5184
5185
5186
5187
5188
5189
5190
5191
5192
5193
5194
5195
5196
5197
5198
5199
5200
5201
5202
5203
5204
5205
5206
5207
5208
5209
5210
5211
5212
5213
5214
5215
5216
5217
5218
5219
5220
5221
5222
5223
5224
5225
5226
5227
5228
5229
5230
5231
5232
5233
5234
5235
5236
5237
5238
5239
5240
5241
5242
5243
5244
5245
5246
5247
5248
5249
5250
5251
5252
5253
5254
5255
5256
5257
5258
5259
5260
5261
5262
5263
5264
5265
5266
5267
5268
5269
5270
5271
5272
5273
5274
5275
5276
5277
5278
5279
5280
5281
5282
5283
5284
5285
5286
5287
5288
5289
5290
5291
5292
5293
5294
5295
5296
5297
5298
5299
5300
5301
5302
5303
5304
5305
5306
5307
5308
5309
5310
5311
5312
5313
5314
5315
5316
5317
5318
5319
5320
5321
5322
5323
5324
5325
5326
5327
5328
5329
5330
5331
5332
5333
5334
5335
5336
5337
5338
5339
5340
5341
5342
5343
5344
5345
5346
5347
5348
5349
5350
5351
5352
5353
5354
5355
5356
5357
5358
5359
5360
5361
5362
5363
5364
5365
5366
5367
5368
5369
5370
5371
5372
5373
5374
5375
5376
5377
5378
5379
5380
5381
5382
5383
5384
5385
5386
5387
5388
5389
5390
5391
5392
5393
5394
5395
5396
5397
5398
5399
5400
5401
5402
5403
5404
5405
5406
5407
5408
5409
5410
5411
5412
5413
5414
5415
5416
5417
5418
5419
5420
5421
5422
5423
5424
5425
5426
5427
5428
5429
5430
5431
5432
5433
5434
5435
5436
5437
5438
5439
5440
5441
5442
5443
5444
5445
5446
5447
5448
5449
5450
5451
5452
5453
5454
5455
5456
5457
5458
5459
5460
5461
5462
5463
5464
5465
5466
5467
5468
5469
5470
5471
5472
5473
5474
5475
5476
5477
5478
5479
5480
5481
5482
5483
5484
5485
5486
5487
5488
5489
5490
5491
5492
5493
5494
5495
5496
5497
5498
5499
5500
5501
5502
5503
5504
5505
5506
5507
5508
5509
5510
5511
5512
5513
5514
5515
5516
5517
5518
5519
5520
5521
5522
5523
5524
5525
5526
5527
5528
5529
5530
5531
5532
5533
5534
5535
5536
5537
5538
5539
5540
5541
5542
5543
5544
5545
5546
5547
5548
5549
5550
5551
5552
5553
5554
5555
5556
5557
5558
5559
5560
5561
5562
5563
5564
5565
5566
5567
5568
5569
5570
5571
5572
5573
5574
5575
5576
5577
5578
5579
5580
5581
5582
5583
5584
5585
5586
5587
5588
5589
5590
5591
5592
5593
5594
5595
5596
5597
5598
5599
5600
5601
5602
5603
5604
5605
5606
5607
5608
5609
5610
5611
5612
5613
5614
5615
5616
5617
5618
5619
5620
5621
5622
5623
5624
5625
5626
5627
5628
5629
5630
5631
5632
5633
5634
5635
5636
5637
5638
5639
5640
5641
5642
5643
5644
5645
5646
5647
5648
5649
5650
5651
5652
5653
5654
5655
5656
5657
5658
5659
5660
5661
5662
5663
5664
5665
5666
5667
5668
5669
5670
5671
5672
5673
5674
5675
5676
5677
5678
5679
5680
5681
5682
5683
5684
5685
5686
5687
5688
5689
5690
5691
5692
5693
5694
5695
5696
5697
5698
5699
5700
5701
5702
5703
5704
5705
5706
5707
5708
5709
5710
5711
5712
5713
5714
5715
5716
5717
5718
5719
5720
5721
5722
5723
5724
5725
5726
5727
5728
5729
5730
5731
5732
5733
5734
5735
5736
5737
5738
5739
5740
5741
5742
5743
5744
5745
5746
5747
5748
5749
5750
5751
5752
5753
5754
5755
5756
5757
5758
5759
5760
5761
5762
5763
5764
5765
5766
5767
5768
5769
5770
5771
5772
5773
5774
5775
5776
5777
5778
5779
5780
5781
5782
5783
5784
5785
5786
5787
5788
5789
5790
5791
5792
5793
5794
5795
5796
5797
5798
5799
5800
5801
5802
5803
5804
5805
5806
5807
5808
5809
5810
5811
5812
5813
5814
5815
5816
5817
5818
5819
5820
5821
5822
5823
5824
5825
5826
5827
5828
5829
5830
5831
5832
5833
5834
5835
5836
5837
5838
5839
5840
5841
5842
5843
5844
5845
5846
5847
5848
5849
5850
5851
5852
5853
5854
5855
5856
5857
5858
5859
5860
5861
5862
5863
5864
5865
5866
5867
5868
5869
5870
5871
5872
5873
5874
5875
5876
5877
5878
5879
5880
5881
5882
5883
5884
5885
5886
5887
5888
5889
5890
5891
5892
5893
5894
5895
5896
5897
5898
5899
5900
5901
5902
5903
5904
5905
5906
5907
5908
5909
5910
5911
5912
5913
5914
5915
5916
5917
5918
5919
5920
5921
5922
5923
5924
5925
5926
5927
5928
5929
5930
5931
5932
5933
5934
5935
5936
5937
5938
5939
5940
5941
5942
5943
5944
5945
5946
5947
5948
5949
5950
5951
5952
5953
5954
5955
5956
5957
5958
5959
5960
5961
5962
5963
5964
5965
5966
5967
5968
5969
5970
5971
5972
5973
5974
5975
5976
5977
5978
5979
5980
5981
5982
5983
5984
5985
5986
5987
5988
5989
5990
5991
5992
5993
5994
5995
5996
5997
5998
5999
6000
6001
6002
6003
6004
6005
6006
6007
6008
6009
6010
6011
6012
6013
6014
6015
6016
6017
6018
6019
6020
6021
6022
6023
6024
6025
6026
6027
6028
6029
6030
6031
6032
6033
6034
6035
6036
6037
6038
6039
6040
6041
6042
6043
6044
6045
6046
6047
6048
6049
6050
6051
6052
-14 1.941752314493783e-11 0
9.000000000055829 7.000000000005074 0
9.999999999951434 -6.999999999995143 0
5.000000000076124 7.000000000005075 0
3.99999999991976 -6.999999999997682 0
-6.000000000040142 -7.000000000005162 0
-6.988570653031212 7.033518227572168 0
1.000000000083732 6.999999999997465 0
-3.765185145986938 7.061673412073891 0
-2.00000000006118 -7.000000000005293 0
19 -1.941752314493783e-11 0
-9.005995026713851 -7.005483757306821 0
14.00000000003046 7.000000000005077 0
13.99999999997086 -6.999999999995147 0
-14.00509191659214 -2.912783182711907 0
19.00000000000277 -4.000000000011092 0
18.99999999999723 2.999999999986132 0
-11.00000000001632 -7.000000000005295 0
-10.9999999999797 6.999999999994927 0
16.0000000000203 7.000000000005077 0
-13.99999999999723 -4.99999999999168 0
-14.00000000000277 4.000000000011092 0
16.99999999998543 -6.999999999995147 0
18.99999999999723 4.99999999999168 0
1.958438024318672 -6.989840478307822 0
-1.99999999993403 6.999999999994927 0
7.999999999941721 -6.999999999995147 0
-0.04770741189151575 -6.991050793447986 0
-3.000000000055888 -7.000000000005294 0
-4.096424441769309 -6.948242901802043 0
2.000000000088804 7.000000000002537 0
5.835760706081018 -7.040228786515014 0
3.094698300010324 7.024917222294041 0
6.000000000071049 7.000000000005075 0
-7.021728554632261 -7.049291577568297 0
-0.9239126769806599 7.019487931152465 0
7.007523432672458 7.023573274088982 0
-14.010632369414 2.010632369427674 0
-8.913201473838264 7.007905334535084 0
-5.948076703141778 6.973187924983442 0
-13.99999999999731 -0.99999999998067 0
-12.00000000001102 -7.000000000005295 0
-14.00000000000114 -7.000000000001141 0
-13.99999999999492 6.999999999994927 0
18.99999999999845 5.999999999996616 0
18.99999999999514 -6.999999999995143 0
18.00000000001015 7.000000000005077 0
-12.99999999998985 6.999999999994927 0
19.00000000000277 -2.000000000016642 0
15.99999999998037 -6.999999999995845 0
18.99999999999731 0.99999999998067 0
12.999999999966 -6.999999999995145 0
11.99999999996115 -6.999999999995143 0
12.00000000004061 7.000000000005076 0
10.00000000005076 7.000000000005073 0
19.00000000000115 7.000000000001152 0
19.00000000000277 -6.000000000005547 0
-14.00000000000277 6.000000000005547 0
9.000000000055238 6.000000000009557 0
2.802861300621864 6.145025466524237 0
-3.213073318139489 -6.167205324380967 0
-1.155909393881486 6.155909393942385 0
-6.132443694300097 -6.132443694268204 0
-6.889256881331216 6.052253540454427 0
18.00000000000183 -1.749589362276538e-11 0
-13.06251425479019 -0.06251425477085448 0
13.99999999996999 -5.999999999991161 0
5.204615228058557 6.183421966491505 0
-11.00748439975227 -6.007484399746538 0
16.99999999998392 -5.9999999999918 0
-13.00000000000162 5.999999999993777 0
1.834090943606686 6.165909056479583 0
-1.147339067389089 -7.069143540940024 0
0.9322531634729168 -7.067746836455322 0
2.932718691962957 -7.049198317545176 0
-5.119437633443262 -7.067287896089029 0
4.067596226444326 7.067596226368202 0
0.06765712575367244 7.067657125669941 0
-2.935314008198867 7.064685991735162 0
4.932403773559765 -7.067596226359996 0
-4.644962366016227 7.070849050844648 0
6.097489345134612 6.127594050601537 0
6.653824033535862 -7.047590195398873 0
-8.014394855122267 -7.014394855095357 0
-14.02022495216273 1.092731819047103 0
-7.965487130504018 7.034512869455382 0
-14.0254995404074 -1.974500459573267 0
7.947951618127165 6.955806080268758 0
8.978757856913399 -7.021242143028322 0
-10.0045203944974 -7.004520394481078 0
-9.815181328951432 7.015179087061883 0
-14.00000000000199 3.000000000013082 0
-14.00828474241685 -3.868358192988845 0
-13.00039003887295 -7.001274277729849 0
-14.00250149984258 -5.997498500149099 0
13.00000846659974 -6.000014871465052 0
17.99999999999676 4.999999999993984 0
18.00000000000217 -5.999999999994549 0
17.99999999999855 6.0000000000064 0
18.99999999999926 1.999999999981404 0
-11.99999999998399 6.999999999995712 0
18.99999999999821 3.999999999987926 0
19.00000000000239 -1.000000000019034 0
14.99999889607282 -7.000001103898548 0
10.99999999995598 -6.999999999995453 0
17.99999999999219 -6.999999999997048 0
13.00000000003536 7.000000000004907 0
11.00000000004546 7.000000000004849 0
15.00000000002488 7.000000000004585 0
19.00000000000221 -3.000000000013306 0
17.00000000001398 7.000000000003825 0
19.00000000000131 -5.000000000006861 0
-14.0000000000012 5.000000000006751 0
8.968738959056981 -6.052503183913061 0
2.842652671080834 -6.195345578940321 0
-0.7334292364327712 -6.335197553044916 0
2.045429875109009 5.377181426495594 0
5.334821328740742 5.381007245959865 0
14.00000000003065 6.000000000009786 0
13.99968714106442 -5.000874846777561 0
18.0000000000047 -2.000000000015226 0
-10.00900435656888 6.025917120454598 0
-13.07316081321834 1.98203961456422 0
-5.271205676212825 -6.22224976594641 0
5.180907513638843 -6.256938854533151 0
-3.243803764315933 6.218823450441978 0
-8.044735994928946 -6.059130849997393 0
-10.02617940993774 -6.023215404666548 0
8.000141247602549 6.038472454595682 0
-13.104681109438 -2.061304560827677 0
-13.01601570896891 -4.007973697481186 0
-11.99999999999969 5.999999999993777 0
-13.00673284490368 -5.995768654930579 0
18.0000431220524 1.999962525209989 0
17.99999999999813 3.999999999993906 0
14.99999337655782 -6.000006623407764 0
12.00000000004086 6.000000000009672 0
-2.274166224980386 -6.085821521903256 0
4.341580129602301 6.206197041256985 0
-4.006978784671011 -6.106022948387144 0
-1.982167475383136 6.173741918493276 0
1.302132009855169 -6.337352221779631 0
-7.159416342947736 -6.13956820452582 0
-13.12101605391532 0.7752320049844773 0
-8.04901020718142 6.083523076667251 0
-4.991133926380355 6.152828020903407 0
7.021371004461038 6.115038847699338 0
6.958975543250556 -6.129021073224401 0
1.010534717274909 6.176443773665689 0
-13.0667085985373 -1.086366986180461 0
10.9959432473271 -6.007057509653682 0
-11.99560738831548 -6.011877011442087 0
-13.00837977152108 3.991620228494772 0
-13.00000000000084 4.999999999993412 0
12.00001899565259 -6.000018995682526 0
10.00000000005 6.000000000009612 0
18.00004636575101 0.999953634228809 0
18.00004636575652 -0.9999536342633595 0
18.00000000000452 -4.000000000011564 0
15.99999999998131 -5.999999999992531 0
16.00000000002063 6.00000000000933 0
18.00000000000122 -4.999999999994451 0
17.00000000000104 6.000000000006324 0
-5.998025997449816 6.081099416810955 0
3.58272874442811 6.369556824499824 0
-0.419923160324191 6.377549717148016 0
-6.944133062839954 -5.337221547501207 0
-6.899299426525775 5.181799990239505 0
8.031473991404884 5.069650451275112 0
-2.926951846781886 -5.429045065439196 0
-0.3017568022153869 5.551691186716138 0
-12.15113488627608 -0.6552541356006765 0
17.00012982032253 0.999916545410983 0
1.271427854050238 5.361893983640099 0
-12.22501512083128 1.104222854926183 0
-10.06679692246079 -5.078951284030835 0
11.99253685037 -5.007482145268164 0
17.00009056436893 -1.000044198627627 0
3.633799927165122 -6.179320943825807 0
-0.0305335550027845 -6.126486382786883 0
-4.044376177086392 6.192485093066814 0
5.972473701141327 -6.199009232615369 0
4.513002478899376 5.405317462197101 0
3.610052715336658 5.439021729511855 0
2.750461059100422 5.408339719218143 0
-1.926470614424966 5.403180697949796 0
-9.07453172268764 -6.048352312755198 0
1.986676414463327 -6.123930060550813 0
9.956990754734171 -6.011748204317954 0
-9.062123688105734 6.119072709254519 0
-5.323176756256276 -5.424782913698369 0
-13.03114076547232 -2.99604401747412 0
-12.03646653983407 4.028470805101736 0
-12.02513732161011 -5.025343588613451 0
-13.0180707956011 3.00969102409388 0
-12.01023587802675 5.010235878019691 0
-11.01025102540282 6.019425194952029 0
-13.0131453154709 -4.994828382007509 0
7.991175175456981 -6.074252536111387 0
12.99999786190062 -5.003537102619902 0
9.998661607536945 5.001338392527905 0
11.00030079165113 6.000300791615116 0
13.00000662345074 6.000006623424999 0
14.99994846837746 -5.000032535640393 0
18.00002781893274 2.99997218105033 0
18.00000466874875 -3.000004668758097 0
17.00000927280541 4.000009272801264 0
16.00000331170058 5.000003311708865 0
17.00000110389482 5.000001103904388 0
15.00000220781981 6.000002207803768 0
17.00000700313905 -4.000007003128986 0
17.00000233436745 -5.000002334358041 0
7.11682528732181 5.230814072710566 0
6.18637286683958 5.31615988595964 0
-5.127111511724217 5.353665275100597 0
-1.440879329284617 -6.221044227678848 0
4.392048036400832 -6.149189602866672 0
-4.568933899161938 -6.324335147916969 0
7.051684430124162 -5.238082147902161 0
1.263370816240687 -5.504030032820237 0
1.758311539149112 4.73759085097972 0
0.851216846736493 0.02320573096817395 0
0.7500115200245527 0.03464827601558971 0
0.648496648256661 0.04466873246010215 0
3.369505694737375 -5.441471967390884 0
7.185527253697765 4.332342237786523 0
4.19218481966027 4.715215791106285 0
12.00676024940749 -4.014227523865276 0
-4.233971555036297 5.272513250496441 0
16.00004384041894 4.000037879322385 0
14.99993740988988 -4.000069506360604 0
-7.812151228440685 -5.191112684396662 0
-3.753388370588958 -5.359069512994068 0
-8.952268892533816 5.17634040922402 0
-11.06735220434005 4.062539112640998 0
8.997498187877357 -5.086247177754487 0
-12.05189383394897 3.048895787769702 0
13.0001603072649 5.00016693065925 0
10.98767764273483 5.012923648504449 0
15.00002072147446 5.000019617577649 0
17.00037858467958 1.999666516168472 0
17.00002383385291 -3.000026168233151 0
-9.13613710699072 -5.141908692209388 0
5.508195736541539 4.645742929674407 0
-7.75918588893656 5.173296964087271 0
2.961624684973863 4.78308386230961 0
5.185813483348653 -5.488672188697166 0
0.5297854802452888 5.476995456698297 0
-12.17002313093989 0.1766280211167763 0
-1.069543338660832 5.407398604347819 0
-12.1716844472885 -1.89379488206695 0
-12.13116143574708 2.065332952411365 0
-12.06067628388196 -3.037509215890827 0
10.01454218379023 -5.034728044742828 0
2.704652465405553 -5.471965944200116 0
-4.57282938979644 -5.634791497439403 0
-12.05668209472704 -4.036962578992809 0
-11.0422580513928 -5.031845652790729 0
-10.01831505658857 5.065610934787875 0
-2.229721778970254 -5.341371050120495 0
-0.7793395870855994 -5.469298874217786 0
-11.03290888020757 5.038400685943049 0
9.014485683603642 5.015824076076253 0
-5.985383928016709 5.222827000518462 0
11.0018248769863 -5.009288026607559 0
13.00218596704087 -4.002252076622163 0
17.00006794218717 3.000049396055688 0
-6.128261283461725 -5.316571914889975 0
17.00032683280676 -0.0002927727641543476 0
16.00001444575965 -4.000027270997701 0
17.00006994314858 -2.000037941746477 0
15.99993077985203 -5.000017688517961 0
-2.648671188206206 5.686536774416945 0
-3.207721596942168 -4.730516032676285 0
3.008042878251472 -4.93815386336489 0
-6.006869477305116 4.330397051297804 0
-0.461597538486995 4.7345750048126 0
-2.60578662177451 4.784688793594343 0
10.97220322532615 4.042380659833943 0
12.01221211410671 -3.026627166955814 0
-11.24739779263516 -0.07058869319846767 0
16.00028793940949 0.9997014157271966 0
-5.337365146924547 -4.643295452012279 0
1.188132907989111 4.711467875646338 0
-11.20611812152289 -2.129681602821735 0
-8.014586496909589 4.221956009145371 0
-9.131585452935662 -4.225337277367909 0
-10.10272740748876 4.104850470184191 0
9.080077124750924 -4.145894189116869 0
-11.09959732812077 -4.087341922916852 0
11.02433246933976 -4.026860246539835 0
-6.975395118988779 -4.459772530238408 0
15.00177592181984 4.001751698978556 0
16.00017697991405 -1.000066724393441 0
15.00006730505851 -3.000115067281266 0
-0.03208092554581501 -5.411338699191234 0
-1.315041974061032 4.759168015127804 0
6.337966505926063 4.47336271901999 0
-11.31231708938207 1.013975621070772 0
-11.12388235927173 3.122331209041845 0
6.101197982418289 -5.35436726638108 0
4.258623811210483 -5.352167175198939 0
-5.027700096201003 4.559936733935891 0
-4.484996590840594 -4.784902360522496 0
3.578678127893428 4.687953555828324 0
1.93739847633451 -5.449519413480989 0
-3.347484503980537 5.474816190776661 0
-1.6411550911267 -5.462981252685793 0
8.004306578195861 -5.168781873605567 0
12.00551322268972 5.005352915434488 0
9.036148993461627 4.053311462000935 0
8.088104710997248 4.137700676700941 0
14.00171283912223 5.001692117657553 0
13.99878522509984 -4.003426361287314 0
16.00012361200218 -2.000085890451321 0
16.00006547202148 -3.000058713525396 0
16.00015664778019 3.000126584915408 0
2.234095032381784 4.673073473935625 0
0.4886007879813248 -5.616500387519847 0
0.3143828934696707 6.275056209982591 0
-2.561991287207634 6.428757627016458 0
-8.412309981112521 -5.310873559087505 0
4.790442297256788 4.719701091247194 0
0.2231319332788329 4.858885166884521 0
-4.697121423072922 -4.113503032486616 0
5.57500606196847 3.85494623154941 0
-0.7595864642658128 -4.754799252259239 0
0.1607168691826599 4.177935964283353 0
0.5469249123023142 0.05272621391063575 0
-5.277924591562589 3.79871543088384 0
2.663359130932472 4.29088061833157 0
5.165127025444139 -4.73604405035729 0
8.121549751058726 3.223101434298042 0
-10.34508948982831 0.1711840878625268 0
-10.18899828749152 3.187343783037692 0
-2.477915277658618 -4.69551869484679 0
-4.103795668059158 4.435869748347514 0
11.0302735107603 -3.046519784831952 0
15.00263105558573 3.004226106784092 0
13.00166183011658 -3.011204218973766 0
0.5169887628044124 -4.936108362715792 0
1.839404813417528 4.261113892892881 0
-7.618281464438382 -4.10442578458283 0
-0.9771996305126711 4.109111343211794 0
3.678762374575246 4.085419354230154 0
6.235616749663013 -4.479955912371044 0
8.10173307523387 -4.275624503449511 0
-6.928226728485274 4.292785574861735 0
-11.23553065265003 -1.187285095367137 0
-3.358208876562381 4.681363886822449 0
-8.989358259827359 4.16871463570343 0
-11.20149294558789 2.096125969500161 0
1.245615763007618 -4.715731959797804 0
-10.1864409683562 -4.154649280826773 0
-1.914371716132691 4.755379143799988 0
-11.13298390396515 -3.074792611806652 0
11.94938700915501 4.028169131605627 0
-6.154635265906567 -4.506915785503422 0
3.528489856243522 -4.741840545837124 0
10.0457206559121 -4.092414629464644 0
6.348470620103734 3.635415160908661 0
9.998264617960498 4.02739978516225 0
13.9916925662004 4.010159858722053 0
14.00275509175161 -3.006114147980413 0
15.00216174177044 -1.002070652307706 0
16.00140630698124 -0.001376764814623788 0
16.00182760998418 1.997990411189954 0
15.00181725230286 -2.001808707581943 0
-3.775661039556089 -4.664944612844087 0
5.005888694414386 4.142383829713238 0
0.6513526351092995 -6.273861109134985 0
-8.358969691033618 -4.505545700504705 0
0.7504906988503777 4.929810255300864 0
0.762485191111784 -0.03330864059203622 0
0.6609645624970194 -0.04334280023489586 0
0.8698172929291536 -0.02141252304517972 0
5.612455814925059 3.113752896630802 0
2.888482989029064 -4.286965704091307 0
0.7350032415982739 -4.24775912807856 0
0.4724600693778438 -0.05759273152454331 0
5.474531667368728 -3.838260549799492 0
8.169892624213595 -3.385288418262351 0
10.9632862457044 3.077359032090038 0
11.03310168470451 -2.075856550970046 0
-6.166115520597479 -3.708739910807781 0
-8.288693005881914 -3.573040528826449 0
-7.121435845748479 3.38442954195675 0
-10.27760859714088 -0.7207940768964495 0
14.00941108650999 3.016471915877355 0
-2.760089930645494 4.093194254814772 0
-4.459075727559211 3.715337490098355 0
-3.981296566213955 -3.966278023349982 0
-10.29113396825076 -2.351705256961525 0
-9.158332161180137 3.245245667664124 0
-10.25196300693443 2.234882762025856 0
10.07358344313264 -3.132829742457331 0
1.321743227176954 4.156376142960641 0
-1.906527886604234 -4.909056137643082 0
1.884710233409461 -4.816099610426953 0
-2.887101292511536 -4.238083479540221 0
4.210396175981578 -4.614722831513179 0
7.191837140268637 -4.383660967717988 0
-9.354502652753826 -3.393398961765536 0
-0.3957239983963719 4.179072314560284 0
-10.33983388034498 1.077441390229521 0
-6.068965036297826 3.496054948871687 0
7.208690260957053 3.46454497873458 0
12.90972132563859 4.011567606307977 0
-5.383599733715366 -3.93250096653118 0
-0.1612918165087821 -4.814245864963763 0
9.058481744526686 3.113528588567123 0
14.01144869774997 -1.017078326700983 0
13.00935298156885 -2.017802108791007 0
15.00560887823984 2.008007375039757 0
15.0045088173284 0.002803926074354257 0
14.00601139162269 -2.010308287300252 0
-10.2356466349879 -3.246339093661624 0
0.7306440649551584 4.406201969443865 0
4.31540415647199 4.021438856411922 0
2.241671144046448 4.016272359616119 0
-3.503843614414689 3.964062560011412 0
-6.952476349903153 -3.645786520329072 0
4.886499205259659 3.456674881582015 0
4.989473161497817 2.833692228154773 0
-3.660740905593403 3.257669839911261 0
-0.2534789574533392 3.670290255302919 0
1.218571827588525 3.624145295269878 0
-5.439263283130313 -3.20354746628537 0
-6.272893034661229 2.671327829054487 0
8.14539856445672 2.310018254228078 0
-9.454214095767986 0.154017478652469 0
14.01339949642265 -0.01464889836918176 0
-9.289132907098505 2.315833992528407 0
7.293428897623957 -3.513037138024299 0
13.01278306534226 3.02393285729877 0
10.08676044446295 -2.176673996218369 0
-2.087837257060301 4.147302944902255 0
2.761186870168296 3.632570340698273 0
0.08956286919368531 -4.209357917976057 0
-8.491671077381321 -2.602539991711169 0
-8.053714015468881 3.311039091661812 0
-5.277889381269765 3.030103947422451 0
-4.625762107086181 -3.432870623783494 0
0.7150306205168055 3.793230220395095 0
6.420625584344894 2.857161713098449 0
-2.412386425557182 -4.01781377182922 0
3.521726247805376 -4.157712199225358 0
-9.36801063641499 -2.449122710023319 0
11.95133256317262 3.050748618074053 0
1.262916889403781 -4.175347086784532 0
9.080755125317751 -3.217313347399188 0
-6.202466734174484 -2.959860953427799 0
13.0183488960331 -1.030039751360684 0
15.00534230782758 0.9977495576562634 0
12.01603700752943 -2.046023535832149 0
14.01400447534137 2.025251309457946 0
9.998820568875765 3.062934108333612 0
4.257117465123242 3.405472274376753 0
1.707747052817431 3.671459267103486 0
2.299027859494637 -4.256000775049243 0
-2.917517945347784 3.44753852059065 0
-1.379168129374524 -4.817494186811555 0
-10.4930873426087 -1.587710062268769 0
-7.474088195184606 -3.41520495789575 0
2.453719150320783 -4.869784218435584 0
-3.338407091222249 -4.039676995308493 0
0.4272407947082245 0.05990001707899344 0
2.357200569865026 -3.702620384983856 0
4.338339962416532 2.755589357839192 0
-3.171974938288903 2.91509611610839 0
0.5532476762461029 -3.753863756520116 0
0.3765006878480652 -0.06181942950655942 0
0.8665202471282838 3.341732028474772 0
0.3134245652532855 0.06297071132329486 0
-4.858531933641567 -2.783937110942297 0
-5.446282829729635 2.164295188903923 0
7.316302788173507 -2.676311864887785 0
10.07834230294909 -1.229952336266685 0
10.96934980647446 2.19394652759622 0
-0.5716405280974979 -4.141886452630613 0
13.0269534083481 -0.04359366328613157 0
-8.578630530659261 -1.745292960206067 0
13.02639673645453 2.032909368038878 0
9.178216270990053 -2.308769173926287 0
12.03668498590405 -1.063570669293495 0
-2.257836328109825 3.550851083475356 0
4.100176633466344 -4.068116648419303 0
-7.646192942980706 -2.66727892572619 0
3.745196207165811 3.55351502831622 0
-9.39312673266253 1.285508398122604 0
6.424741067021502 -3.656465044314293 0
-3.412771257366735 -3.541039499526742 0
-9.282496338320632 -0.7031000985461423 0
5.761504356242853 2.476869459583905 0
0.216207979536923 3.676213584512936 0
-4.383231928993421 2.935123357475395 0
7.229689448630711 2.555381772315474 0
2.92701822717454 -3.632894342403279 0
14.01421469143519 0.9764787180232058 0
-7.144598391601171 2.518962936878521 0
-5.528814597464131 -2.51468925005497 0
-3.92416611568137 -3.345771141727694 0
9.063272055134378 2.193566594310458 0
2.197664455615941 3.533268287048762 0
-9.455045373478914 -1.549084279296998 0
1.685553538817427 -4.231296756608904 0
1.309334863685753 3.162027515227094 0
-6.930881412583326 -2.861345926059849 0
-1.803939112341379 -4.262578848818149 0
-1.536876365789227 4.231188802340298 0
-2.882570432887458 -3.742512467432635 0
3.310615999496303 3.674468234829452 0
-8.265033209551305 2.403882590754693 0
0.5652831930579134 -0.05138593112652717 0
2.679873125141013 -3.213071199263731 0
-2.823865550785004 -3.124728829780055 0
0.9129050784371919 2.924483387302748 0
-4.83746781981106 -2.093791588878922 0
7.295238396707207 1.705221604565961 0
9.211151347010064 -1.448329174724988 0
1.070258304528278 -3.704159670306744 0
12.12737142946947 -0.1607547333198424 0
2.32451825567038 3.134060298350964 0
0.05261143293060154 3.229042065341475 0
-7.380324942857889 1.640725566311279 0
3.302038587570392 3.142755786684987 0
1.969659395048005 -3.832134085825128 0
6.499488412335671 -2.852870367892645 0
-6.327849938317935 1.879091345788814 0
1.882780492961824 3.169124765953365 0
-8.557071135286032 0.4853466932105871 0
-8.751067901049932 -1.104708057433659 0
-6.933134297559357 -2.056566644633999 0
-4.137100078827926 -2.691835946832257 0
-8.419443116733248 1.462263935715521 0
-0.0715985008218703 -3.690089317936881 0
-1.116156121973065 -4.233055369611622 0
8.165056588918972 -2.5288849289206 0
12.09450544671839 2.016625351766682 0
13.03796674500939 1.117142025114401 0
6.51710387825882 2.123401134114813 0
5.221732500115111 2.077761520089896 0
-1.579495638050891 3.625214653097478 0
11.03118850066909 -1.106799028532213 0
3.535490831461 -3.596050866344011 0
-1.957429783511354 -3.635027964962441 0
10.00166526465816 2.102212321729265 0
-7.754366757402522 -1.905175041377295 0
8.148692514105701 1.398307895726389 0
-2.509446275003643 3.029297172003523 0
-6.202459966856815 -2.207365755074105 0
3.823901538960037 3.008111924060012 0
-2.438259714905195 -3.518754572710911 0
4.683423136293539 -4.019718230778512 0
3.159037864673268 4.19239599437123 0
-4.788089593714793 2.440153243987891 0
-3.710253853754715 2.548502967553685 0
5.643967006898155 -3.05553279747965 0
0.4337936753161072 3.335417052264475 0
0.2355676883026885 0.06226846863766888 0
4.543184750094879 2.165192353327312 0
0.426046178431924 -3.259275976592265 0
0.2954386757109824 -0.06301254089954862 0
2.047114542067195 2.745824807734464 0
-4.646599815025754 1.819241378702321 0
6.574239826469328 1.344088801941339 0
5.805899963395346 -2.187502841294874 0
3.217825251189416 -3.151109998167804 0
-6.295906553527251 -1.533784069053518 0
-6.550699237709142 0.8431277015968736 0
-0.3731115299972702 3.237163965998401 0
10.08418385433779 -0.3055239080206433 0
-0.5828765784737306 -3.58048747565402 0
-4.12935523675674 -1.953089459197661 0
-7.846410281624453 -1.070329250569917 0
1.253605105570223 2.769300715501569 0
9.063005028105646 1.290330030931039 0
3.417007239851627 2.60132271957555 0
-1.051663869588628 3.589208757230102 0
10.9407812351348 1.191834179362019 0
-1.366474875838205 -3.717095482708973 0
8.296919031867708 -1.617954412031591 0
12.13695003109797 0.8115754834813236 0
-2.751879005757488 2.587601563241399 0
-2.11504638178498 -3.073689829550205 0
4.149435479679076 -3.480108488094297 0
4.866850882055624 -3.301621430725355 0
2.301310608954394 -3.189546077944022 0
0.4750086725782366 2.905679808004252 0
11.08738551287818 -0.1435866998897948 0
-3.197129623453365 -2.319393215977206 0
5.390631964110399 1.470776130086214 0
0.5624136597337841 -0.05202171065730548 0
6.548088856392271 -2.033390795774427 0
7.407790033036134 0.9589252568202848 0
0.5592990362824716 -0.05183785512800564 0
-4.2720084989123 2.302913077116576 0
-5.443187204865753 1.255969531126515 0
5.88346977473722 1.761016346288312 0
3.849769015221931 2.557977966178269 0
2.752097937381739 3.025788231590725 0
-5.631414530665372 -1.819714423133471 0
-1.867150107040587 3.061744668201662 0
-3.15677172369473 -2.701521464113115 0
-8.608806204036735 -0.41298716271026 0
1.561020029141801 -3.7075379298811 0
-7.63196977294324 0.6422863733655577 0
0.5656557521251689 -0.05432520281387863 0
0.5173915397517067 -0.05482113739522666 0
4.770768480881202 1.520834773457354 0
2.562657749073205 -2.794965707102747 0
-4.48512806295963 1.101711968978537 0
5.934502983019081 1.054135950613676 0
6.220567425204734 -1.416215068261044 0
-3.156097917464737 2.171865926685593 0
-5.57342918240787 -1.002562776834244 0
-7.077895160001237 -0.2609870295798027 0
9.15513948658803 -0.5262965918619664 0
3.528277278926626 2.13325960702042 0
-2.44637621012901 -2.685834528605914 0
8.266874480402366 0.7185260280593028 0
0.9087126733915537 -3.226555248611784 0
2.915358535126138 2.569117633191031 0
3.76441829871011 -3.02086927572777 0
-3.815089906489207 1.734470057482179 0
7.442613722270917 -1.814411561707054 0
1.013056276512846 2.578428987479787 0
0.9345675518942391 0.01334991759845218 0
-7.030161414210038 -1.289042475416428 0
-0.4651458365024229 -3.170499974367506 0
0.09643333366458146 2.836171965831475 0
-0.003133218048947201 -3.262527670477199 0
-4.458085651480392 -1.397784217859348 0
9.884463405981519 1.134355041134479 0
4.012541937645934 2.198011934101976 0
-1.629970583903831 -3.238153452718908 0
-7.892186785462066 -0.1564242656333757 0
-2.12966764252429 2.637273176064942 0
-5.080020351911476 -1.475726689864139 0
6.604395770552319 0.535122956555671 0
1.634871856360526 2.774634218074704 0
-0.6996718571099921 3.767167654618325 0
5.012457138463621 -2.572601380213469 0
1.935961522659811 -3.313993470531455 0
-3.475666604466944 -3.009183261833419 0
-0.8202928295989506 3.288155602786528 0
-3.607708365850861 -2.394185782943541 0
2.461705993430447 2.679311837369204 0
-0.9199925003299083 -3.773699815700227 0
-1.26881556944131 3.074742131260174 0
0.5768540843088499 -2.873237000230603 0
0.2233589203041044 -0.06152990690373548 0
1.744346543874191 2.391817109876334 0
-3.012250618158836 1.547607092874135 0
0.5413428194428936 -0.05315802595021336 0
0.5802431231937137 -0.05023325127141288 0
0.5054113188173953 -0.05560382042402267 0
0.532339677150746 -0.05357004890984923 0
3.029381401011456 2.118534313035495 0
-4.823217636455661 -0.8047382452057947 0
5.892392097366899 0.2998716421989729 0
6.705880479070743 -1.048709892595575 0
-0.266273982187851 2.791236576509114 0
0.5263746482482284 -0.05421182355538465 0
-2.408429287543044 2.239639758760252 0
0.520199118464073 -0.05517572782559437 0
-3.766282010488715 1.050819386749501 0
0.5742583404503488 -0.05069815608264418 0
8.371056781850021 -0.6917595353465396 0
5.567427931958577 -1.396620296581148 0
0.7314888104440821 2.559975271509488 0
-0.06014359904663305 -2.869041573150598 0
-1.037052645832681 -3.302090637756546 0
-3.871493000307844 -1.208730588196733 0
1.407615603065264 -3.265195375622149 0
7.593296179386575 0.1428392871237283 0
-0.8476559165750299 2.819929119251547 0
3.011594682463221 -2.741115550485745 0
1.324834265233936 2.421317597357373 0
4.358602420673551 -2.726535584257349 0
-1.806433634826649 -2.720055066351486 0
-6.346054868886018 -0.7256116821799354 0
3.684329182239934 1.728335501970043 0
9.252982405931679 0.4422533492311679 0
2.149918659385627 2.356947806602578 0
0.5712667656913907 -0.05092867394756371 0
0.5862248330219815 -0.04976155128610311 0
0.592207738944146 -0.04928226008692541 0
0.5980778336288155 -0.04835375172659638 0
0.6041455394576278 -0.04807727222547929 0
0.5382416968108005 -0.05343913745657942 0
0.6101260433840988 -0.04757786380327837 0
0.6161058921691714 -0.04707232035962247 0
0.6221115312326347 -0.04678639545461286 0
0.5113800551420422 -0.05499137463726197 0
0.4993212450972977 -0.05563895727735267 0
0.5682663380020191 -0.05154466888350175 0
0.5144056757090034 -0.05595510093182168 0
2.587196709527426 2.243999475206492 0
-1.587848849622735 2.630213178310261 0
2.171917031270182 -2.852281523774558 0
-2.817815585099405 -2.520513922457347 0
4.145532738682965 1.817547557092225 0
5.27347228210601 0.8955545845758242 0
2.463023437395083 -2.418597792417693 0
3.183810740890364 1.674143055500644 0
1.48989894376194 2.125463095680117 0
-0.5383658437806943 2.466135507440367 0
0.4874190429700135 -0.05648854144925429 0
5.267963171961434 0.213888755840426 0
-4.241835780268287 -0.6771874436290152 0
-2.892948533415757 -2.034003644935584 0
2.278636982949274 2.007861301729261 0
-5.135399505553192 -0.1727053056574531 0
5.916638046115786 -0.9324846061877345 0
-1.162762878145845 2.485344854434431 0
0.9637924606507543 2.284679322111938 0
-2.102995689513039 -2.469718345947419 0
4.598063092729515 0.8029452280676492 0
4.672401696015262 -2.029346991506349 0
3.830921957759978 1.291327929005126 0
3.443734480663233 -2.693600675059898 0
-3.427007942074956 -1.795558046491415 0
6.917394962946199 -0.2437886493833872 0
-1.376158209911601 -2.845301330238303 0
-0.443131226061354 -2.759022428174102 0
1.750192064126461 -2.91618767850563 0
0.9091673842817813 -2.827637377395597 0
-6.278996639007826 -0.008389104384583601 0
-1.776680185439417 2.267193681486874 0
0.4931587566111968 -0.05617265624707869 0
0.5473713058892546 -0.05226967789939814 0
0.6280903147722281 -0.04626965353707976 0
0.6340684967303429 -0.04574779881136058 0
0.640046100950784 -0.04522114334121136 0
2.693605030892487 1.850140538330481 0
4.276069612983904 1.307905860296014 0
0.5772711590791727 -0.05087974267381077 0
0.583252694948046 -0.05041316108146038 0
0.5892345854073233 -0.04993923144135043 0
0.5445020156405509 -0.05362335105952182 0
0.5953796204576416 -0.04960200313901884 0
0.6010775277398349 -0.04923594645563206 0
0.6250780221542218 -0.04698788291136237 0
0.5351341757115637 -0.05394876274759574 0
0.607260268779479 -0.04923992691771315 0
0.6191488013811627 -0.04797465398843103 0
0.6132420606628353 -0.04873746408649451 0
0.5295970274343318 -0.05448828688629107 0
0.5084077970864664 -0.05573806270047146 0
0.5022378377011911 -0.05616912449354271 0
-2.71842436108339 1.891341779004449 0
0.5229504161627977 -0.05518858999621255 0
-5.779864825028442 -0.3215102892359758 0
0.5693307833760115 -0.05484216921989979 0
1.882274766711491 2.070608606068835 0
7.55452685956536 -0.8789641273234033 0
8.452459962100718 0.04662778976717619 0
10.24995928285279 0.4638663923634454 0
-0.006171134272707097 2.433681777081619 0
0.565854050433868 -0.05790137494387794 0
0.5085958459982993 -2.510544049444263 0
3.377557145779855 1.231682773872716 0
-1.395295414983184 2.151931989224821 0
2.375401889990588 1.661513856515219 0
0.5480863472744041 -0.05601122989407562 0
4.62095818400375 0.1493274723585724 0
0.579113700995987 -0.05329442716100387 0
-2.443636255446115 1.541086835413053 0
-3.672282131900434 -0.5049700109256008 0
-2.973414878930315 -1.497159559240397 0
5.327205737911211 -0.9061400058815989 0
0.4814483469029414 -0.05707157427248668 0
0.6545419749402551 2.230584935759633 0
0.1548989028680627 0.05690364162654768 0
0.5856719014761375 -0.05298783522345096 0
0.5916552977075626 -0.05251241702087618 0
-0.04644618695250377 -2.497545244277771 0
0.597943469535936 -0.05216363035381562 0
0.6299934952221173 -0.04960556554633848 0
0.6225561125619309 -0.04958598553999383 0
0.6160585475635535 -0.05005842687866256 0
0.6103266306859508 -0.05063338819084985 0
0.4992212887588196 -0.05905171575684781 0
0.5037224073716644 -0.0593139772267266 0
-4.476957181361348 -0.1106806717232473 0
4.173336076548631 -2.061931847614852 0
1.64275019368262 1.872926728056121 0
-2.102926008741312 1.910855675418008 0
2.014784172186696 -2.491703156538728 0
1.284827095641897 -2.877726219861427 0
2.85552660486787 1.531159938519354 0
-0.877869130961167 -2.834219975444489 0
-1.937893068860869 -2.047781775976639 0
-1.574111786925352 -2.339340274596656 0
0.553314271300442 -0.05228408834392277 0
0.6460269446367133 -0.0442369601958283 0
0.6519996729609531 -0.04415467427968777 0
2.841111743554177 -2.361797284498349 0
0.4843482457235019 -0.05722244947623925 0
0.6432076754333316 -0.04563429131531266 0
0.5502273799775439 -0.05308642781129232 0
0.637123576072036 -0.04590191366473387 0
0.4904350853605386 -0.05706856989716411 0
0.5413812084196558 -0.05655605100291232 0
0.5327732080621208 -0.05695897100327737 0
0.5235431757376723 -0.05822629184560257 0
0.6311420345462886 -0.04648685441638563 0
0.6043094232921169 -0.05104915681104919 0
2.014626852428865 1.786735291747628 0
1.192557384492512 2.059288660643453 0
5.549890236790554 -0.3743792075397259 0
-5.665734273157506 0.4147045495055572 0
0.3802566164599115 2.52240762771408 0
-0.8562424672997631 2.404355439236132 0
0.5728955921981064 -0.05369206289276947 0
-2.418005126473877 -2.188676261856294 0
-0.2833905438891891 2.464166715148663 0
0.5260365650379264 -0.0578900472978803 0
5.201591991118695 -1.873823345561948 0
6.211427377559838 -0.353465458632556 0
3.98889422255002 0.8316927186764069 0
-3.305552231803162 -1.058989125183984 0
2.249703228893421 -2.133860403963054 0
3.022709205036528 1.273304552161693 0
-1.316703583721456 -2.055153350272026 0
0.01981699097197483 2.11819517744622 0
2.135893560722104 1.48773377916668 0
-3.081873553854948 -0.4195440772350159 0
0.6400119725759797 -0.04787447756296423 0
0.4878470471626525 -0.06008679424812023 0
-2.785273654736613 1.154490967196969 0
-0.3783808650667103 -2.434951949129407 0
-0.9982765051823527 2.119580308002899 0
4.338954619696918 -1.524919193568456 0
-1.903179069625603 1.50577418166429 0
0.6549258821452011 -0.0443258570944938 0
0.4753016784642864 -0.05759517105103631 0
0.5175136554338104 -0.0575442758796542 0
-2.20445881291111 -1.802137555684309 0
-3.886561531645645 0.03158555506646128 0
3.315393188090627 -2.245139783875775 0
0.5368552830494661 -0.05769908734207317 0
1.585282034872324 -2.576395639666026 0
0.8474647229476724 -2.503001841967611 0
2.564726664204115 1.400432743046363 0
0.3306048962528396 2.148208232762187 0
4.831269148120269 -0.4780045221648297 0
-2.822662719222554 -0.8889203771625899 0
3.503530600090722 0.7734737672939156 0
0.5586990150699194 -0.05502977167889269 0
-1.171323733658932 -2.477473782777849 0
1.772803720517113 1.619767478949654 0
0.6489546258687899 -0.04478239988997453 0
0.5563662928481361 -0.05254437208467556 0
0.5114992582637984 -0.05860155637303579 0
0.5617762764967733 -0.05565100433356578 0
0.5451716834190581 -0.05718405614713101 0
0.601371299657981 -0.05339940658985773 0
0.5295573999021493 -0.05775092450865119 0
-4.883224171494668 0.5191789658960081 0
0.4782818464745556 -0.05744099842543385 0
0.8968048173209353 1.99727936038291 0
0.6468301245421001 -0.04796141675951351 0
0.5205240591346602 -0.05842651507456419 0
0.4958391713427663 -0.05618691733808386 0
4.221023340565127 0.3861127907764638 0
0.6332456170490243 -0.04889091829445014 0
0.4937995578286732 -0.05940019255327268 0
0.5762148787365413 -0.05410007262641402 0
0.5824540563512139 -0.05404400904339616 0
0.5884307029344593 -0.05335889825162913 0
0.5946216008420058 -0.05272560255076532 0
0.6072879344534404 -0.05202536790929327 0
0.6192297584645554 -0.05154380355690237 0
0.6133160630659917 -0.05174798093527436 0
4.838130472651146 -1.318721306682259 0
-0.2624939792004827 2.187593082715189 0
0.1748375065858341 -2.601985840794578 0
-0.6276222624023078 2.138580785876969 0
0.5518396979182334 -0.0565718080435139 0
-2.568983076516202 -1.695852893930644 0
3.795758424055782 -2.452761900709808 0
-1.619884488493718 1.799097621873584 0
1.368644832150292 1.792952547400627 0
0.4304079313619577 -0.05930520278791816 0
0.7608243377484858 -2.177304982857317 0
0.1855845814071851 1.93115158009775 0
2.688548217183858 1.110185263695123 0
-1.391896292756868 1.510752162963664 0
1.512335431538259 1.555551138841765 0
3.761738649465458 0.3140563422318544 0
-2.605279753341976 -0.2959756319985841 0
-0.04533353593038199 -2.187674017134142 0
4.298418110819096 -0.8689781448284208 0
-0.3702217482968994 1.851221962614094 0
-0.9892654002061879 -2.184953802977799 0
-3.288750460149729 0.09745229685627316 0
0.4827689626232937 -0.06063329326782772 0
0.6231717455781616 -0.05396778022878943 0
3.896559627647641 -1.667809756483586 0
0.6521030858381687 -0.04754082058710424 0
0.6297990282541472 1.940377875754307 0
-2.2618248754399 -1.478929674269131 0
2.639085638413567 -2.024611869628944 0
1.845895735884246 -2.18738109923973 0
-2.206161417604272 1.176325816699413 0
4.162790185360528 -0.1782699833052807 0
1.890031481228555 1.346932836971643 0
-0.7490635566239485 1.7957179323413 0
1.206679613632485 -2.54546194519392 0
-1.862153831607731 -1.580867395931517 0
-1.589843816191968 -1.843216843304003 0
0.5557899315215843 -0.055858300381791 0
-1.200569644870243 1.753987236130795 0
2.314864047236225 1.248846008751168 0
0.4364911560234501 -0.05948353185325413 0
0.4273996750818885 -0.05999358508848177 0
-3.230788293930731 1.042053441224406 0
-0.7423152268433295 -2.469965739500591 0
0.642914268807216 -0.04916981785821026 0
0.6578162506255959 -0.0438087110767884 0
-4.092938801070582 0.6260737231461398 0
0.6365984037920144 -0.04931642630144246 0
0.4752699460572904 -0.06053043485206096 0
0.2271215225881873 -2.326520710449126 0
0.5149238734425738 -0.05926122556274978 0
0.2705094663715545 -2.896102018448251 0
3.713709007375586 -2.006226940399195 0
1.100144016147421 1.763060704207444 0
0.6157104868289272 -0.05384404680180537 0
3.090775515014372 0.9688229251688258 0
-2.506494228493931 -1.230153993753752 0
0.9442423871739059 -0.01184703094364242 0
0.1573685841314828 -0.05718390165504694 0
2.081955045988945 -1.848651536415686 0
-1.135893512878597 -1.745711351056124 0
2.42440496648329 0.9864776788734098 0
1.651971446318375 1.357393196155798 0
-0.4676172644966949 1.555658996760571 0
0.4543763624517614 -0.05813810968214479 0
3.755012119122019 -1.162407312374144 0
0.4184978526024815 -0.06028973074828101 0
0.5552706795516378 -0.05994508246124795 0
0.4715721016712411 -0.06127185455509665 0
-2.04310134954191 -1.12692989654871 0
0.4634702840473056 -0.05809605072999791 0
1.102624052234315 -2.234388239157715 0
-2.398371279497627 0.7478005121848819 0
3.641122156646405 -0.1259208068322351 0
-0.3202699136074221 -2.12381970792411 0
0.4484765259103655 -0.0584302688635491 0
0.4125000949787953 -0.0605379522407557 0
0.2819715142157023 -1.955592075698855 0
3.011292392040731 -1.92772613017969 0
-0.9612831696663415 1.571628646198618 0
1.510712391816923 -2.253622353115142 0
2.060421258940583 1.164922214681053 0
-1.600354189703416 1.221229564956676 0
-2.353360949805512 -0.7629491592606892 0
-2.822528328946942 0.08270019908142373 0
-0.05017693310067946 1.854000080610793 0
3.302731079208058 0.2643609576333453 0
0.4667755801786108 -2.180119854164853 0
2.831897880147094 0.7893211174687906 0
-1.380732450946689 -1.502399652894645 0
3.152510534217205 0.6224352673278009 0
0.4604733413129853 -0.05825960297740283 0
0.445156181980038 -0.05967445828733391 0
0.439298924751379 -0.05990848857210196 0
3.387497720535247 -1.603491413311954 0
-0.6410870114835685 -2.155236002678903 0
0.4333561731665562 -0.06034501259246257 0
0.6193313129353868 -0.05548406548008526 0
-3.525935551978117 0.5543263736026935 0
-3.464490779173516 1.341993228518713 0
0.8446335532056849 1.719755004742637 0
3.72336067524928 -0.5784506336496913 0
0.6264236040523812 -0.04973042850708937 0
1.269731399659069 1.510347988033623 0
2.404204724734592 -1.739741541522543 0
0.6154853999162914 -0.05782373316871255 0
1.033566453748186 -1.945857708261317 0
2.176724129857226 -1.518437193997861 0
0.2095068485886623 1.655744577794196 0
2.527252128792442 0.7239138795187944 0
-0.9743065345447784 -1.484177027470862 0
-1.961318070308638 -0.7735467620372538 0
3.18328946505692 -0.2948557087502238 0
1.688145694052401 -1.887614337474566 0
3.391016875890642 -1.213828220798131 0
-0.5561266110369459 -1.864782409663756 0
0.4217579358231884 -0.06054230546656562 0
2.818286996568423 -1.603082522039697 0
0.4756417629563884 -0.06445832219850479 0
0.4490394777024145 -0.06225388179196182 0
0.6206302189495337 1.68962901717862 0
-1.833858940585635 1.035251524035642 0
0.4663738238373465 -0.05865163210840486 0
2.180352828070024 0.9572038336085297 0
-1.131421486788551 1.341823846599067 0
-2.369940523365537 0.2596654768531769 0
2.946740041240519 0.1302111347637061 0
-0.2621444357836566 -1.83049647380289 0
-0.003679068554054282 -1.903089511586114 0
-1.645748348640891 -1.255514360347814 0
2.854485368898922 0.4610811675074052 0
0.5516780851428802 -0.06057199999768148 0
0.7817997617675156 -1.897723403436077 0
-2.917369727515042 0.5626413238571177 0
0.4573485654807544 -0.05913412906540999 0
0.4514661005426112 -0.05930454572410113 0
0.4155290644341392 -0.060854822754289 0
-0.8214450041862578 -1.913642880989319 0
0.4692967853062937 -0.05795163593363622 0
0.4422987881528115 -0.05940411507471077 0
0.5553646803423792 -1.930637452374705 0
0.5484242281256633 -0.05922105454956658 0
0.5584669570079791 -0.05838456407158228 0
0.5619797987923251 -0.05996938677653922 0
1.031697873577284 1.526089156960779 0
-2.009243652058887 0.8302884339767294 0
0.6276901421143877 -0.05394768954930431 0
-0.1926743283263199 1.61508692590853 0
3.269799932113512 -0.8476807066395311 0
1.436758793277716 1.284124491921493 0
1.829067419644603 1.104847515905031 0
0.5664264120484764 -0.06287210520642371 0
0.4114947282115499 -0.06367534178584969 0
0.9781320946062235 -1.701577741281116 0
0.02147973319603461 -1.641030935354685 0
2.275969751201792 0.7512982556736316 0
-0.2610506564021202 1.376881358150258 0
0.1044952203452752 0.05076725216043577 0
-1.655010441793348 0.6979747423636085 0
0.4608136386947035 -0.06135115871644917 0
2.809373181598135 -0.2603499673247375 0
0.4715430227167903 -0.06542157927690395 0
0.5403749040003627 -0.06046601245032247 0
0.4180130235880389 -0.06403101912118776 0
2.536695062878509 0.3282079634018055 0
0.443187810868601 -0.0626926513682854 0
-2.20357157871653 -0.1244352620166655 0
0.633447494747122 -0.05279636597298853 0
1.337661319867145 -1.951763815440053 0
-1.978336496509109 0.443804758085795 0
1.943133639412328 0.9162886553348759 0
-1.339871851961247 1.204704173427418 0
0.5578754468308184 -0.06349725067133101 0
1.869186053799286 -1.60736391483463 0
-0.4786491040093336 -1.594214636330321 0
0.2529188794115801 -1.689606858567638 0
-1.134105025658376 -1.269186408592624 0
-1.686558586137985 -0.9367095496172222 0
-0.8770495979909964 1.157867673314242 0
0.4680714227259812 -0.06178737545236757 0
0.544446498415511 -0.06098966569415806 0
0.6111658757337927 -0.05460479529870123 0
-0.7762943526649106 -1.652328356965001 0
2.85184061050626 -0.9205820953125425 0
0.4900915812211801 -1.691663682896327 0
0.790104532754229 1.46165861093632 0
0.4244993459017022 -0.0603299087266861 0
0.4539783946554579 -0.06154785870631412 0
0.4790724539881051 -0.06060658290938387 0
3.079355890052705 -1.250564822904855 0
1.193970898769465 1.265424378140273 0
0.4514556480187638 1.626695128926865 0
0.4461038660587081 -0.06347150733819799 0
-1.468546836626218 0.9787051847881942 0
1.588402113523309 1.0795011305243 0
2.834409969532439 -0.5610781740337035 0
0.1096079992755439 -0.05117549162400377 0
0.4761656898943639 -0.06852423151965606 0
1.951653941843905 -1.331807285112006 0
1.729910006769098 0.8955339492865237 0
0.4493741335177777 -0.06627681821973752 0
0.3944878627752524 -0.06100089109666983 0
-1.630888912405288 0.3294614429771736 0
0.4300844962059879 -0.06315221129311063 0
2.48478550665752 -0.3489546387385253 0
-1.659269763039946 -0.5566799764240383 0
-0.8401705351069422 -1.272676514697208 0
0.5329260156251738 -0.06017784473669228 0
1.606325494943148 -1.588159046271642 0
0.4479051012221965 1.429815874561873 0
0.6395989794411441 -0.05231452782910014 0
0.4065017462780883 -0.06077705733016045 0
0.467072890732991 -0.06616807978648011 0
0.5735399502741571 -0.05706352859092557 0
0.6054115926107517 -0.0554352779683334 0
2.599392539149727 -0.02419347485604465 0
-1.893682650817326 0.08183911066720026 0
-0.2144441943523193 -1.568168556700733 0
0.7309420447433987 -1.679685959578554 0
-0.7521568935426507 1.400660959868136 0
0.2451961804294512 -1.466302930532858 0
-1.107109807300546 0.9850599851172031 0
-1.389562172657736 -1.11202291006323 0
0.4004870648969794 -0.06078180515708927 0
2.527495770894497 -0.67368343164332 0
0.4645235820814483 -0.06193291486898435 0
0.974081218627977 1.29498227099422 0
0.409494391899497 -0.06115761535666811 0
0.4363225229908224 -0.06218521752078776 0
0.4573208554883748 -0.0628073707034059 0
-1.285644459754891 0.7491836705354304 0
0.5701471262679182 -0.05968882394621514 0
-0.6620648622674168 -1.380748969179765 0
0.5366954311050409 -0.06214903725175286 0
2.283381323769957 0.5412101917345731 0
0.41479717078738 -0.06428986297380299 0
0.4397244965986117 -0.06333276054832376 0
0.5931884345767885 1.49497259307829 0
0.4210710588644188 -0.06408151552199676 0
2.747240027987436 -1.25352545753375 0
0.4798285495784956 -0.06453821107958248 0
0.4270681063315492 -0.06306622180186598 0
0.4045968702451886 1.831967735418987 0
1.3720426076727 1.044779985885381 0
-2.064299703017837 -0.4844652283356091 0
1.219179772015917 -1.69710177871016 0
0.9083140157413283 -1.48702616750567 0
0.4119139228788857 -0.06752642494494318 0
-0.5154729356606227 -1.219227916275184 0
-0.7866898861903975 0.9551260677603062 0
0.4316814358828687 -0.0664897364869748 0
0.2297022313201188 1.397030122944351 0
2.226208380976435 -0.4760424545478755 0
0.5242784608981892 -0.06168706563503931 0
2.14443758135627 -1.258523182109727 0
0.388410589024497 -0.06098961306252973 0
0.5975102573164405 -0.05522152577744534 0
0.6195652539427615 1.327551952650486 0
-1.538848582000518 0.03933252964555552 0
0.4170688822428284 -0.06771648411893154 0
2.054476664126041 0.6872568856774923 0
0.4611371720261382 -0.06566213692804665 0
0.578733612355931 -0.05719167011464423 0
0.4436446279556184 -0.06660148726074586 0
-0.9354242692973036 0.7714580630905894 0
2.314837489865681 0.1330807395527574 0
2.559600643242275 -1.008860395215722 0
0.4604625115019388 -1.478004887284707 0
0.01137075718591508 -1.388022951998052 0
0.5284136513003339 -0.06148262877626229 0
0.4844755951246164 -0.06447043212742172 0
0.4359321850923112 -0.06660012375178252 0
-1.396120187896412 -0.7755750518365963 0
2.371648707047981 -0.09366560190288423 0
0.4536223106338261 -0.0658033217349995 0
0.4049291504302966 -0.06454933814337224 0
-1.78523770484472 -0.2318608718188237 0
-0.9384277994710566 -1.101685778979674 0
0.4715498015318928 -0.07015794437941292 0
0.3913621946005469 -0.06202127617426652 0
0.3975448516638438 -0.06232071816400067 0
-0.5078402665679109 1.30637221920552 0
0.4032839412848648 -0.06131178287175949 0
1.177739008867347 1.047685152846095 0
0.4332365361020644 -0.06351570462615207 0
0.424213985154866 -0.06393008626623425 0
-0.3877684962416444 -1.383570886493692 0
0.7960413951726724 1.262481552622378 0
0.4084795005017705 -0.0645235793960957 0
0.6013992181541459 -0.05700936658754519 0
2.406209646138096 -1.36214040860889 0
1.753563390481671 -1.398800781871834 0
1.54155132012901 0.8608803470961234 0
1.048749564797217 1.13006119066468 0
1.837110427593244 0.7176529347727629 0
1.434705064819736 -1.727374653631478 0
-1.424243502295747 0.5069174722851115 0
0.4901273329752984 0.05661542094322784 0
0.370338519342221 0.0619937674347405 0
0.4768167434272774 -0.07422465280882315 0
0.5273438456940787 -0.06609613147894525 0
1.033225205235637 0.9744546611538489 0
1.630250180584974 0.7080977869470051 0
-0.6255479980731007 0.7743546259671936 0
0.4537144204462242 -0.07022396864733571 0
0.4076061457942609 -0.0681841035174697 0
0.3942561351930787 -0.06396505175036102 0
1.142091788103335 -1.487101838075508 0
-0.3583726512783237 1.127117849666921 0
1.872441119687343 0.5233975523584647 0
1.626650173634206 -1.240262139309157 0
-1.283111208487581 0.262190512767503 0
-0.2919175346248102 -1.203416849074073 0
-1.316704789830796 -0.4881363566173509 0
2.233962011122465 -0.7706789361905699 0
0.5923476819587468 -0.05651352036456145 0
0.5182462526854903 -0.06202621542691474 0
0.6747246976104151 -1.476943723994013 0
0.4484878819539475 -0.0708156124042203 0
-1.094479339913463 0.5202897147998859 0
0.2204088799354982 -1.284599563416528 0
2.059857761988547 0.05122246982131183 0
2.164555179525154 -0.2185246245275594 0
2.03772740397635 -1.035143197411732 0
0.4673938812117383 -0.07142508971517243 0
0.437385637926768 1.226885342852675 0
-0.1942804803393479 -1.346422022544755 0
0.6312344441474969 1.084922132602627 0
0.3852350533308274 -0.06171462068011721 0
-1.09618117952171 -0.9286973583585816 0
-0.6529777283020491 -1.099216224739741 0
0.8653928096273991 1.080883060397924 0
2.048735123218207 0.4411293774633315 0
0.4569968334388769 -0.06691851404966773 0
1.35724546544446 0.8102431067712488 0
0.5865783280326921 -0.05657512967380365 0
0.440138760136809 -0.06785474688494236 0
0.5831377670860884 -0.05853511400611791 0
0.4279900575266762 -0.06685337597870697 0
-0.6450385027794998 1.127014033549967 0
0.3882750315408641 -0.06474416303238507 0
0.01315501759948151 1.420941863555492 0
1.358125642560672 -1.52781426242952 0
0.4201587185278134 -0.06735628727696032 0
-1.443449785572154 -0.2611128358210925 0
2.276387457167091 -1.087069223907328 0
0.4007929143987267 -0.06443689585469316 0
1.51090395323698 -1.380598996089 0
0.3374666393218562 -0.06248599533501894 0
0.8605125952647863 -1.289354192262363 0
0.4601681307105707 0.05826043111743912 0
0.4604154495284523 1.059223484662873 0
1.673995564717762 0.4995941777703445 0
1.890224291673816 -0.1092025827284789 0
-1.035826795448876 0.3012280532448812 0
0.3469507706723131 -0.06264854918106263 0
0.4019731858309921 -1.264707405363027 0
0.3845576297383511 -0.06534040568767793 0
0.4119990214322656 -0.07238642431132533 0
-0.8018583554363852 0.5914282218868101 0
0.0640442213247714 -1.194614856142927 0
0.4320995750274929 -0.07102830523769399 0
0.458187276389969 -0.07078073109622449 0
0.5325480490024798 -0.06438004709231832 0
1.427370453973145 -1.198052373303586 0
1.882675822149544 0.3290972569999563 0
0.7391851864794449 0.9052993499062966 0
-0.5200968055037563 0.95353782756665 0
0.2116581103935549 1.193475465114239 0
0.379355925319417 -0.06227847598370085 0
-1.091302213554312 -0.4623927726767504 0
0.884063625902727 0.9091477624942935 0
1.952550249939589 -0.3141121536322486 0
1.994583195898308 -0.7932241011571337 0
1.802927918985185 -1.148382827118707 0
0.4160066180455642 -0.07145107609619859 0
0.3434814859949077 -0.06261016014427946 0
0.3735389304861757 0.06220436485600359 0
0.4933310814034296 0.05631238899932312 0
0.4438000284817347 -0.07146776433526689 0
-0.7768806768932164 -0.8999676655048907 0
0.4714587532615145 -0.0756121126477125 0
0.481391398307137 -0.06870254819691145 0
1.200704389032011 0.8888605395707612 0
-0.4037994496155962 -1.0654625589315 0
0.3914654047274297 -0.06565897561208944 0
-0.1037289844038685 -1.196034895049383 0
0.3821127630342029 -0.06185762402739071 0
-1.124920260066045 -0.6668605508741036 0
2.193561931179823 0.3219020398661814 0
0.4232949094110505 -0.06836024918648317 0
0.4628284484838762 -0.07053592957472894 0
0.3970540909335989 -0.06553520292058772 0
-0.1218231648595775 1.205185621891092 0
-0.005047348809713894 1.636443361967252 0
0.5139253321133277 -0.06297267713922994 0
0.4033179594284229 -0.06851294317959694 0
1.459268548647258 0.6945169132930589 0
1.284094261594027 -1.340132958462274 0
-1.224896800672319 -0.05021406669899033 0
0.5215384345527009 -0.06674847045823992 0
0.6992735461223204 0.03967482062387769 0
0.8007069781526825 0.02921607516730966 0
0.6007291420760552 0.0485528904654038 0
0.3700091321345004 0.06544112096869191 0
0.417435786250481 -0.07527640520362601 0
0.425410785024337 -1.105827207617062 0
0.1260392185876066 -1.036972055784932 0
0.7130241841802568 0.7617049305128841 0
0.4775078907677736 -0.07948575133155747 0
0.5167204889929876 -0.06739497304708436 0
-0.4010675098064521 0.8216982639372853 0
0.3194539545462947 -0.06270213629463886 0
1.718561446696518 -0.227975338310502 0
0.449071659280546 -0.07589754007746403 0
1.71467367699265 0.3282811033041174 0
1.778388739018893 -0.9134208250900094 0
1.221579542503207 -1.165954209929253 0
-1.024855429717068 0.09292224768228893 0
0.4860858723791129 -0.0689763824283766 0
0.3313835367803861 -0.06235283767252564 0
0.5410633790449364 -0.06411686867757976 0
-0.9227882364581632 -0.5661370888413313 0
-0.1560327271387728 1.024898677729903 0
1.566231245950344 -1.0613364251662 0
0.6272294517048185 -1.289596731521721 0
0.4387066157715411 -0.0723525108970241 0
0.4660953768904634 -0.07642778126908349 0
0.3765101500149901 -0.06481794467191848 0
0.3614940231939342 -0.0622308510703735 0
0.3554777596001092 -0.06214891743370204 0
0.3496972729589215 -0.0627022003472496 0
0.5101091313747602 -0.06283730446240368 0
1.987268750426465 -0.5602147355925868 0
0.3803040805282206 -0.06611493489927493 0
1.053134844155506 0.8156714259793014 0
1.320132439603893 0.6451533774846938 0
1.067754347291446 -1.30059187786808 0
0.3254585223005837 -0.06264384843258455 0
0.482218246966059 -0.07396871783383263 0
0.4071597619311698 -0.0728501708495442 0
0.427409690340203 -0.07217386097909823 0
0.3404069328200819 -0.06323911046269919 0
0.3343078130543428 -0.06345977417507573 0
-0.1999969926382184 -1.046561464811087 0
0.06509498517421494 -0.04261691888557336 0
0.3426226922988173 -0.06624561270064458 0
-0.9056329580527074 0.4006414266763394 0
-0.525936911252898 -0.9236428375015955 0
1.215788215064486 0.7367796088016523 0
-0.3069001345747891 0.914288630751954 0
0.3869032611130508 -0.06863654870117952 0
0.3940692919547407 -0.06791973784723053 0
-0.9264249504963941 -0.748520432831742 0
0.5371239713928827 -0.06672468644714449 0
0.5262479649906426 -0.07123219798793826 0
-1.138237865522152 -0.2930291684225508 0
0.05493643394190981 1.244547674636438 0
0.5969975985023117 0.943739640925311 0
1.521657597750733 0.5435379302637704 0
0.4194343997638298 -0.07052159496652292 0
0.3985819155957029 -0.06937167911773053 0
0.066585916777673 0.04320984938406071 0
0.4799987016703442 0.9049964506622475 0
0.340385796608171 0.06266102269578179 0
0.5768514874676981 0.05086564201728 0
0.6753959064164653 0.04196222216639634 0
0.7768353367801248 0.03194017135046458 0
-0.1369655466053081 0.8379163500534177 0
1.393431148205453 0.5392942425138303 0
-0.8270085110373755 0.2277108566253097 0
0.4880797243759644 -0.07394267845418782 0
0.5111224144560036 -0.06744548203168885 0
0.3553628492060714 0.06237199674912261 0
0.3737020516621442 0.06587877161163269 0
0.3883091503160007 0.06143530940121124 0
0.5421445227487555 -0.0692922364178154 0
1.51777713588241 -0.823173410932049 0
0.3102775054518906 -0.0628757318168237 0
1.08978989216948 0.6727830623203838 0
0.5533279687271349 -0.06539369648415035 0
1.694247248787751 -0.0409292900380714 0
0.4600334448165079 -0.07722891739075043 0
0.3493726456448786 0.06249860258801338 0
-0.7676588028923377 -0.6687800852978805 0
0.3704985291514485 -0.06199365056978697 0
0.3643979799869739 -0.06272104636987183 0
0.3641228632232608 0.06220638587688102 0
0.7911042410621856 -1.097448320957959 0
0.3383037578163783 -0.06606966990794476 0
1.809634543124078 0.2152500227675358 0
0.9229377893778374 0.7807815681658941 0
1.011274326101268 -1.132291803089346 0
0.5829207516744416 -1.114620744505151 0
1.736937137638928 -0.4422677072914119 0
1.545129762620423 0.4030502012566956 0
0.5320189083910092 -0.06930969498499075 0
0.4337923917138614 -0.07633229646402687 0
-0.9506586663385472 -0.1282510773454405 0
0.4544195983965117 -0.07584320463615728 0
0.5982758303789266 0.8081339003210466 0
0.4885809704915182 -0.0648639441867454 0
0.2844880316154862 -1.101665444080864 0
1.36345163294463 -1.043770643000137 0
0.02574621561922254 1.073024312757606 0
0.3162622372210819 -0.06315554400075964 0
0.3463773075235733 0.06255624208121652 0
0.3613530912877995 0.0622309307016852 0
0.3942991902788666 0.06122635398368729 0
-0.8996237585948068 -0.3135438908029425 0
0.6039605916887303 0.048258319751508 0
0.7024902673405263 0.03931366474533157 0
0.4118728041018561 -0.07745288463625041 0
0.4714855079275149 -0.08179167187226129 0
0.3735505803877515 -0.06229887537604525 0
0.8038628249552922 0.02867976631484429 0
0.4438403500330248 -0.07706704033988326 0
0.3224747255360312 -0.06411791663008722 0
0.3459561631001103 -0.06620982212432394 0
0.358522142347491 -0.06356275717731766 0
0.3283907100134871 -0.06346193017153956 0
0.5207708729250926 -0.07218888161203077 0
0.367117405035855 0.06228279477103085 0
-0.01933337946679674 -1.01817160465696 0
0.3527033945939197 -0.06297673897206149 0
0.5489551912426128 -0.06396077317369767 0
0.5449380232344624 -0.06567073090234228 0
0.3309611436869115 -0.06612213653003424 0
0.4022788024793678 -0.07357656623307103 0
0.3935900949426477 -0.07189759186295291 0
-0.2859833498584483 -0.8918641338858337 0
0.5076679962497066 -0.05892598776582395 0
-0.5890087076360554 -0.7542142668332141 0
0.4231233867861325 -0.07370439247166843 0
1.202295905886834 0.5881074382241218 0
0.3834242637992034 -0.06951663392548821 0
0.3763599659498572 -0.06935234933624745 0
0.3904752297417498 -0.06885822809303223 0
1.733352956868997 -0.6730037783076472 0
0.3696045250187322 0.06944280423342714 0
0.9554265643791979 -0.9802473878695841 0
0.5576536116606443 -0.9799505070763034 0
0.4870166844926125 0.7876964757007588 0
-0.02822515981439086 -0.8577711791873934 0
0.6497444204199136 0.6791971904259362 0
0.4783653380359414 -0.08665148918909522 0
1.086511181036622 0.53568335718274 0
-0.7030155682993819 -0.3283753717118009 0
1.284283479718756 0.4863336330950879 0
-0.2656652202667102 0.7314584394640841 0
1.557434037644331 -0.1185624735703464 0
0.3497259226001368 0.06591860199925596 0
0.3617017176431959 -0.065061370842731 0
0.3284026213664157 0.06283256495821041 0
0.4497582997026904 -0.08172904792135274 0
0.4177527076868212 -0.08136515929257619 0
0.03535210490146419 0.8932134843062774 0
0.3193854685043485 -0.06566182018817565 0
1.331377655313973 -0.85647483458436 0
1.568144359789994 0.2559219106503204 0
0.3271197878610396 0.9186503908959736 0
0.3043703771213926 -0.0625615911033736 0
1.5843680624642 -0.3252812447589555 0
1.515397415416911 -0.6343320272865942 0
0.3555174477143906 -0.06517302916675774 0
0.3814946750992136 0.06136650003848923 0
-0.455312133787063 -0.6745305922292771 0
0.3885978539203843 -0.07283838337990803 0
0.3774247203260414 0.06229084438279912 0
0.3650363912184025 0.06575107941737297 0
0.9719067733364555 0.6761819826304389 0
0.5479301691928615 -0.06983316013729531 0
0.4284377332714863 -0.07741391034740869 0
0.5063187283414126 -0.06732214824817732 0
0.5058705438264501 -0.06236581326993382 0
0.1903374005636531 1.029584946582463 0
0.4908150411820398 -0.0689917272470628 0
0.4180804143253871 -0.9467135629577746 0
0.3341338242412393 0.06259448619455088 0
0.3974934728393846 0.06136482841964026 0
0.4056757251086591 0.06096701101322888 0
-0.7251433737931863 0.4112911736201394 0
0.3719354699200406 -0.06983292947964512 0
0.3694280267261679 -0.06592181808240979 0
0.3072711106954219 -0.06370045833816027 0
-0.7596927398380739 -0.4677002333013967 0
0.5582901457975273 -0.06894575386813215 0
0.337020268033765 0.06314635129082824 0
0.3432983119023765 0.06317359811725753 0
0.3524465634532845 0.06305664464573216 0
0.3585303583747392 0.06308293929626915 0
0.3913416989708659 0.06233848835059486 0
0.3847619775904104 0.06206314201243474 0
0.3349777939352402 -0.06708255367764356 0
0.4549671858336571 -0.08125265106146336 0
0.5370747183559739 -0.07210404530665768 0
0.5259300312315824 -0.07653519000277847 0
0.3130347599671792 -0.06320212998997508 0
0.3672999817415076 -0.06228772273271129 0
0.4382616128585585 -0.07879608717580967 0
0.4064404242147204 -0.07842857925293412 0
0.4652728741879099 -0.08293570920821809 0
0.3727649407559287 -0.06575008434645022 0
0.5153482404623609 -0.07299988769545125 0
0.3488088189849229 -0.06580691260670689 0
1.978338610024893 0.2256568500897502 0
0.3257354602771518 -0.06630203503395117 0
0.4223000817148231 -0.07789441567239554 0
1.839283073660735 0.07343554046446636 0
-0.4173988254883589 -0.7897567288637106 0
0.3975121173898343 -0.07358612615318477 0
-0.1331214634283821 -0.9121361601518997 0
1.163673725784618 -0.9850203544435865 0
0.380093674626558 -0.07059183521437046 0
-0.7794554874544453 0.0006855122252903967 0
0.816171979116458 -0.02744255682545941 0
0.9762880290899432 0.007737677758706972 0
0.8931085265534515 0.01868343872278495 0
0.5306748093061499 0.6710486790184111 0
0.5703049605995081 -0.8573857483521786 0
-0.1320684353640561 -0.7463124182182242 0
0.9872223473144758 0.5765774764996978 0
0.3449491363236631 -0.07018640797114833 0
0.4933669321563475 -0.07395364183604879 0
0.3405678375919489 0.06611322523377698 0
0.3106881682501922 -0.06640117673063824 0
0.108430828715951 -0.8846534618089246 0
0.3740973331509352 -0.07387172963896495 0
0.7478210297418313 0.6660224656628587 0
0.3815883746591779 0.06499440643827387 0
0.3220082401969994 0.06267008900687791 0
0.3739057437067748 0.07019505745953303 0
0.2983727776962665 -0.06398472833659656 0
-0.5780470631640223 -0.4170673632942009 0
0.3881505292428594 0.06425020910861623 0
0.3372509181841424 -0.06967922136079692 0
0.3295156880363923 -0.06989429194868504 0
0.4003723035664639 0.06169392982773017 0
0.3675948299925988 -0.06996034658491826 0
0.3946100005032299 0.06394604667260421 0
1.16696873517199 -0.822233087044336 0
1.443041723173474 0.3251370866090851 0
1.542696997028763 0.01777911464415197 0
0.3546758595620506 0.06636919971697133 0
0.3157586125713279 -0.06698392660474471 0
0.2686770481020675 -0.9376973481145182 0
-0.4363256385703492 0.6551677957288609 0
-0.5933813309001754 0.5475632982838097 0
-0.6628911015886571 0.2658683317235657 0
1.65449120881203 0.1348962130541295 0
0.37012442414507 0.7906583989320088 0
-0.3006480015794161 -0.699139646176538 0
0.3776272931151299 0.0665800849450785 0
0.1921434368867733 0.8725763861365605 0
0.5015344557947069 -0.06342964864653752 0
0.4928081053798411 -0.0639829802938679 0
0.3836031818308832 -0.07446141664390962 0
0.845451209051778 0.6500771733389638 0
0.5426878199669128 -0.07529713796856326 0
0.4094943557293272 0.06088596637900338 0
0.3654341022237553 -0.0659303910328847 0
0.4713242458427081 -0.08903986651009285 0
0.5530536860577809 -0.07110422574368223 0
0.4435391228345637 -0.08315887395624766 0
0.5204315657926755 -0.07832232511851081 0
0.4116256939755643 -0.08362916794230883 0
0.3251986542137193 0.06306667517400355 0
0.3314316720130023 0.06326773078993451 0
0.4152632915329237 0.06041533181261284 0
0.5315188074044728 -0.07651251457725901 0
0.3518726809422686 -0.06671581576185778 0
0.301258703237385 -0.06320605662569015 0
0.3172885892992194 1.066085283998063 0
0.4845630878604863 -0.07921640953934496 0
0.3931178642287735 -0.07692646719922519 0
0.3039219538017343 -0.06635832543745053 0
0.5619878034909759 -0.06448047286828862 0
0.3337516602648845 0.06611398444885648 0
-0.08469198585543074 0.7050440003852186 0
0.3470882290964645 0.06581757320554957 0
0.3618976090920471 0.06562803429781958 0
0.4029202006012423 0.0611535373692261 0
-0.5670070010857216 -0.5750154283014116 0
0.4336244314530547 -0.08137391112426054 0
1.427810859537926 0.4294026310051837 0
0.4290834817824376 -0.08343197173592944 0
-0.716812894363391 -0.1648114353410768 0
0.3226505724931329 -0.06740119175848779 0
0.3586200473459946 -0.06652013281766285 0
0.3997857699751579 -0.07933184137815052 0
0.4588189602858884 -0.08511479063301203 0
0.5095506152215098 -0.07304828682975646 0
1.409581293409246 -0.7108856889199109 0
1.165531068474465 0.4625466386143727 0
0.2593920308473735 -0.06240027276510824 0
0.407301182952911 0.6745741544024849 0
0.6099641971024019 0.5866825601440437 0
0.369212150222076 0.07371433080793337 0
-0.2097976461085778 -0.582086261896229 0
0.03618323926104886 -0.03385428275341956 0
1.333463515263424 -0.578804201510229 0
-0.1692434283219019 0.5704818774049093 0
0.4792887727979018 -0.09367777878424083 0
0.958535837372939 0.0102749876391404 0
1.434124845034371 -0.042114423330062 0
0.369705528981386 -0.07445550277929804 0
0.2714712023427057 -0.06301304726264964 0
0.354087873341432 0.07022788703017108 0
-0.5398610549219862 0.3803806333674735 0
0.2478371760391578 -0.7993391885604488 0
0.5040722894954098 -0.07350599779992552 0
1.449341923360649 0.224654762151637 0
0.3161470309152757 0.06351182370416016 0
-0.4479199930488836 -0.4812849824449165 0
0.4184161903983959 -0.08906310517809028 0
0.3937421205791315 -0.0827059082571808 0
0.3621820772520879 -0.06963004158466607 0
0.4602817039202606 -0.8200775238882263 0
0.3564010887839851 -0.06972632680290244 0
-0.6313662875543473 0.1352025605729602 0
0.3292090031396721 0.0661089023665225 0
0.4957028798994886 -0.06838130696127531 0
0.4519810144494297 -0.08857255108594272 0
0.500800613078294 -0.06827618441510303 0
0.4336347977047509 -0.08863108132702789 0
0.7634903286796026 0.5637319032795971 0
0.9013880832072705 0.5790195480764652 0
-0.3150015018761479 0.5799839836865407 0
0.6875494524728492 -0.9556366583912859 0
0.1663153301726719 0.7442351512299785 0
0.01551880483676928 -0.7420244113321031 0
0.4854139532818894 -0.0862393121170808 0
0.3889299657701543 -0.07937981373714782 0
0.2684547853479075 -0.06232346979832093 0
0.4184696034410795 0.0605073487226321 0
0.2653911804164403 -0.06288685254282476 0
1.264562027473997 -0.7124921515892769 0
0.3252835330996315 -0.07095082555864578 0
0.3200350197202711 -0.07002673855580824 0
0.3118400135760056 -0.07060599640045435 0
1.207498595059518 0.3685046918382269 0
0.3979545906469186 0.06499165855863415 0
0.4066175805830383 0.06432848105219252 0
0.3785206089983312 -0.07522395760441847 0
0.3375237302667626 0.0668513524876259 0
0.35900165336739 0.06685014098441933 0
0.3068640432356902 -0.06725993817622422 0
0.3190531258263066 0.06307597369068697 0
0.3822499844574671 0.06937873835183483 0
0.4128195171889357 0.06196032119241483 0
0.547854162692723 -0.07558578595476212 0
0.5270548540379842 -0.082581071088284 0
0.5590727906307543 -0.07478093573071576 0
0.537627921114088 -0.07818983329928222 0
0.3218155759139414 0.06624230302204753 0
0.4641332073143307 -0.09033135849269404 0
0.5143432181345453 -0.0793920188031999 0
0.4053638119127717 -0.08491296438231923 0
0.3776933501396574 0.07113184215228963 0
0.3442804914444416 0.06680741652201967 0
0.3411524136391622 -0.07025828752708264 0
0.3849795245434788 0.06578720571431862 0
0.3509357792292019 0.06988970910395932 0
0.4388049706891126 -0.08442887686847025 0
0.5635175709898699 -0.0689828342913999 0
0.3483127800391541 -0.06993927465394574 0
-0.5563670793346187 -0.2732054235032043 0
1.063201424223919 0.4313524498490878 0
1.32658115856922 0.3590600614842053 0
0.4041364865407914 0.06414220272593912 0
0.3915099020659242 0.0659713595841068 0
-0.3784909588155139 -0.5779239897635755 0
0.8087471707889791 0.7788388750135316 0
0.3003805125196671 -0.06689843901194253 0
0.2591965954008048 0.792055342363728 0
-0.3912449914214391 0.4887379288471652 0
-0.03797641630032619 0.7928424665854922 0
1.007835348790159 0.4831112847256816 0
0.1936960506471455 0.05997849016383883 0
0.8037757904104776 0.03193209499866612 0
0.2684128832288867 -0.06521006395438092 0
0.03722244480134472 0.03474192669035166 0
0.537255010693805 -0.7166052163048192 0
0.9825333374703974 0.4040959399746136 0
-0.3693752279773511 0.3165028407249087 0
0.2443777112324518 -0.06203487962914582 0
0.2966426635201503 -0.06690209721653713 0
0.5658651197917359 -0.07578982079959734 0
0.3881366073351027 -0.08535249878386744 0
0.3308121751483797 -0.07440394750777295 0
0.57941102809386 -0.06153147866637543 0
0.3578028512310252 0.0705451003911495 0
0.3685632401799822 -0.08004969004237029 0
0.5351322720521579 -0.08420187796904775 0
0.2534170518330343 -0.06203522822103533 0
1.457621930758125 -0.1395645329886108 0
0.3036222111948466 -0.0696284579568708 0
0.4216539578601028 0.06046834208905807 0
0.3606615512808616 -0.07462187359736749 0
-0.5482304780690939 -0.1383956469423401 0
-0.04603121455121943 0.5767523386378564 0
0.7805527443535455 0.4673524154434545 0
-0.2361452360145308 0.4962798725252257 0
0.3875337507868615 0.06889085354139747 0
0.9188455431064538 0.4891893206379435 0
0.4433702036931165 -0.08952807865790624 0
0.3371483655251298 -0.07428875054617262 0
0.3431068410519365 -0.07373963335541553 0
0.5283614055274284 0.5747577147325553 0
0.3326091575908842 0.07017180604599423 0
0.3408342674800891 0.0693493503479185 0
1.457309578141043 -0.5047310211119753 0
1.259618340131072 0.2744436491163657 0
1.414760940949561 0.05983087846759021 0
0.02299645803854638 0.6434617970251086 0
0.2793715961803774 0.6685791124454936 0
0.3209948147192352 -0.07434698262709476 0
0.6987354161579471 -0.8325554363156681 0
0.5689132245836117 -0.06875857795492475 0
0.1359841994157215 -0.7657242769311103 0
-0.08213349438631076 -0.6274830395121858 0
0.4987976326808986 -0.07393809732068615 0
0.2774740384589091 -0.0624637600155958 0
0.2503710396321147 -0.06257036943203539 0
0.2834240267099808 -0.06295655813475126 0
0.5412367768403304 -0.08181606285251478 0
0.3159035330572373 -0.07155790423860423 0
0.4715312076032184 -0.09694922960940129 0
0.5204661277307392 -0.08531849253518109 0
0.3833959695414755 -0.08016324766556267 0
0.3741292175159501 0.07522535222868541 0
0.4114464897536937 -0.09083125487235041 0
0.2745421790290115 -0.06362114847001772 0
0.2563977147228325 -0.0637624965117617 0
0.2622740499058792 -0.06321079133910115 0
1.197342810622543 -0.6158702549625078 0
0.5533356390454013 -0.07773886362752996 0
0.3656409433471109 0.06956539541001096 0
0.3520134375191933 -0.0714647289888389 0
0.3259627258613456 0.06710446987599294 0
-0.3167740802772618 -0.456547287311258 0
0.491248119708684 -0.07905024635805535 0
0.4970098127297256 -0.06361871831393294 0
1.508176006856949 0.1342112352374341 0
0.3734208109063122 -0.07830456044834058 0
1.353820623905868 0.2538353895785191 0
0.4108337035549237 0.06465807901855186 0
0.4191715698490275 0.06355733102409515 0
0.3076391860433605 -0.07127294246163504 0
0.4160218031939692 0.06377311142388456 0
0.4014190090825541 0.06504531006269518 0
-0.4429531206796971 -0.3691745943024221 0
0.4569642964815235 -0.0929749888647944 0
0.4241530122311606 -0.08236336423124577 0
0.3987467006589924 -0.08682045746293265 0
0.5079327304537898 -0.07969195481789046 0
0.347691512319546 0.06915522690250303 0
0.3653768910656384 -0.07485087323636633 0
1.141411496637909 0.3240063752227407 0
1.141547602853315 -0.6932568719851739 0
0.3952391993775191 0.0677866665608273 0
1.108960542852881 0.3742277331184591 0
0.0440634222367529 0.7351715361119325 0
-0.5095780499127793 0.2280982982256712 0
0.2440981375573398 -0.6879913810785487 0
0.3029596814885372 -0.07559136122695599 0
1.075717528127059 -0.5926908695751403 0
0.3685992064756949 0.07857421253332349 0
0.4804286404681284 -0.1030880281422974 0
0.3365553589461971 -0.07993417312726309 0
-0.3354766356245538 -0.3249682910805594 0
0.2116316899795921 0.0609877824078333 0
1.322377336182563 0.0089275476622618 0
1.17430862210313 0.264210821404315 0
-0.2948074289626317 0.2080363229208622 0
0.8245105961327934 0.02643232400680404 0
0.7887514685009809 0.03042636084656425 0
0.6583419899417452 -0.7281058002726013 0
0.4191889091229379 -0.09611393367306219 0
0.5430892055058545 -0.08921492762839588 0
0.2351960680349741 -0.06186131607070601 0
0.3163106903023843 -0.07731571207154961 0
0.2596840550860556 -0.06576306661659004 0
0.8156123700381586 0.02767739710145452 0
0.4924677140184748 -0.08582318504826204 0
0.4364426904413325 -0.0953996112398828 0
0.02594765777958893 -0.6313354768024763 0
0.6275163492771355 0.5029922753575752 0
1.281794397770506 0.1756613715508638 0
1.291916615296731 -0.4533544070782924 0
0.05669954143506987 0.5632959689995378 0
0.3534511606655452 0.07448215735998492 0
0.4409626786848923 -0.7283286445992743 0
0.3859957631910279 0.07436402017125024 0
0.4493655589023758 0.5797351439780869 0
0.5716857182686524 -0.07379330123836653 0
0.2533209648669944 -0.06517179864127921 0
0.9054341306580047 0.3860163343852289 0
0.2644180873840345 -0.06678348197342319 0
0.4223120069652815 0.06411477413690242 0
0.3818006035574534 -0.08677739019496478 0
0.3643154109450141 0.07435221274208167 0
0.8075951263822031 0.02901424455475662 0
-0.4151925365642917 -0.2188949566411688 0
1.334078967560057 -0.08311104749822371 0
0.4041295778365835 0.06738228882818378 0
0.4146391904792719 0.06743785439720426 0
-0.1683809644775605 -0.461636118996825 0
-0.4639364891102247 0.07333154861399904 0
0.1623850424635918 0.63223231713952 0
0.8127269813050415 -0.9456548364812535 0
0.2934395073163414 -0.06687139533839807 0
0.5748894322959428 -0.06202271359568015 0
0.3671396382011976 -0.08506065923642867 0
0.3593326734298677 -0.07974533832900813 0
0.3556984871829939 -0.07520313956394438 0
0.241158853642256 -0.06237923124924613 0
0.5281300677859404 -0.08928512065579541 0
0.2894913888545956 -0.06255246690477795 0
0.8215314380296186 0.02677246023361146 0
0.8129644395402713 0.02759356425808722 0
0.8304685916387358 0.0257485865414169 0
1.372989996967063 0.1561190940338829 0
0.2472538611475941 -0.06286516321118114 0
0.2865600581044766 -0.06372186990171094 0
0.2803489111975274 -0.06339515881577586 0
0.295969350805079 -0.07103762524662122 0
0.2999425315494575 -0.07121402750814187 0
1.487229876011309 -0.2416604056581024 0
0.3254167096365019 -0.07570188738149486 0
0.4962249009271312 -0.08005749015723784 0
0.3448521016606113 0.07165058372752395 0
1.60461610199384 -0.5354852132931373 0
0.3118259896559278 -0.07480157671603269 0
0.5711023472631841 -0.06417269717958599 0
0.392311510640024 0.07002108695580936 0
0.3368780598060065 0.0710573989616694 0
0.463009288428317 -0.09889585329618342 0
0.3284859155754062 0.06981528760035723 0
0.3206599955706184 0.07032099927026517 0
0.333444347419366 -0.07024515026185088 0
0.5127544006666185 -0.08660418846134539 0
1.035422345647326 -0.850760097248257 0
0.4245957208029539 0.06064987640465015 0
0.3622742835270116 0.06979368920759411 0
0.4043238627489579 -0.09250857167816036 0
0.5472221506237485 -0.08214558039601644 0
0.3774313229166205 -0.08224793729037147 0
0.3734617489390758 0.5725214245787528 0
0.3473228922275193 -0.07445338266572277 0
0.3637789907364039 -0.08000729016405143 0
0.5021482150571484 -0.08029541836526681 0
1.085983301582694 0.2907936583631484 0
0.2712895428737531 -0.06638733863447824 0
0.2780681891097641 -0.06591172944473822 0
0.4254846522083234 -0.08876226550406717 0
0.4137601772624528 0.06453957869467675 0
0.3927256146841696 -0.08808276488484715 0
0.4489129445970872 -0.09606654745692064 0
-0.08479485857431922 0.4905674636829251 0
0.3999503605933933 0.06926174462512508 0
-0.1517839340886961 0.4600761291867423 0
1.030302519902882 0.3507783907454252 0
0.6350158099714476 -0.6277176778010184 0
0.008842958528714116 0.469325497455275 0
0.3014434084459143 0.06301460975483107 0
1.184632474038546 0.1733185612707123 0
-0.2736092613421689 -0.2445055293374879 0
-0.07538966919838179 0.3891010937478714 0
1.255286263459024 -0.03853397612769191 0
0.2976477726151023 -0.07633754228076528 0
0.3615999502608761 -0.08571530654276775 0
0.4259888338523401 0.06376508317861579 0
0.4422087318396877 0.05919313468050776 0
0.291789576179687 -0.07113823803592779 0
0.2445884451957698 -0.0654153389823344 0
0.4048167298596577 0.07184792986353908 0
0.7739222579535464 -0.7152258445553326 0
0.5514213054599476 -0.09031787623407492 0
0.5724979214325457 -0.08063991107696158 0
0.4649316040538323 0.4988715446546514 0
0.4999734881884546 -0.0875368784565808 0
1.013994529870865 0.27548227314412 0
0.2493594214653492 -0.06647772530320867 0
0.3792889720733924 0.07564834919424122 0
0.2657555685333785 0.5669875736974229 0
-0.4257372789398228 -0.07746164964155795 0
1.123648379694778 0.2213065100826316 0
0.8075807269640308 0.03288018906764147 0
0.4282185880745872 -0.09777027681242008 0
0.3541254652205872 -0.08006267694311195 0
0.3426263287966852 -0.07856527256887083 0
1.174004826751843 -0.5096815312652365 0
0.9858757806644497 -0.006326203147481616 0
0.5407094071352558 -0.6209928370369965 0
1.434382866807808 -0.3648668757294026 0
1.368479224948244 -0.1711093522309527 0
0.5801857323150241 -0.06657607182263932 0
0.2827602328012611 -0.06637388441991088 0
-0.09165243469942694 -0.5246730090268849 0
0.4091202368632469 0.06888245519243273 0
0.3135397344993825 0.06624368353395874 0
0.134444063302165 -0.6585322065528513 0
0.358862511380917 0.07520276181836802 0
1.29744110331584 0.09869590509954523 0
1.014856565014563 -0.7242425677556661 0
0.3179165411419779 0.06639780518508621 0
0.5522757272784243 0.4916870785971019 0
-0.2284732673181145 -0.3641198037152891 0
0.8140168362040801 -0.8114668221074569 0
0.2321618236648037 -0.0620715189439868 0
0.9167918751108708 0.3114566938346217 0
0.295449168828125 0.06301254839966296 0
0.2897620043527813 0.06320885819613983 0
0.283894572195411 0.0632565595651404 0
0.2779041909903512 0.06319777958672293 0
0.271909021392384 0.06260920927846064 0
0.2655031674210236 0.06273210519846018 0
0.2148790570898766 0.06134777637866938 0
0.4883167021447156 -0.09375041780243336 0
0.7857984124971689 0.0309337554127388 0
0.5748991457215848 -0.06766046262148584 0
0.7916922703160771 0.03031266843627693 0
0.4712580431912703 -0.1055490543182159 0
0.8337179610048944 0.02561557460976274 0
0.2921962472364775 -0.06360212493644091 0
0.4112685660551305 -0.09907312218916116 0
0.3295980102094765 -0.08089927076358372 0
0.3217981872708572 -0.07994723894413854 0
0.2177779565818758 0.061169379177727 0
0.3489320508636553 0.07423294028340863 0
-0.1855075643285378 0.3735923469708353 0
0.3515355154992251 -0.07649699717746522 0
0.8394048568254281 0.02471497075120106 0
0.2744935095234574 -0.06699395941506085 0
0.2686650033149643 -0.06949842209762545 0
0.8273367644425789 0.02594735465697482 0
0.4185471449182836 0.06788110198566143 0
0.3077773789289641 -0.07684122345350675 0
0.5061666431181232 -0.08572994933358585 0
0.8188150795077087 0.02739273030304598 0
0.3484428242006307 -0.709535418132807 0
0.2379173577111335 -0.06230531505606322 0
0.5197241549136509 -0.09313633793642964 0
1.563522749409163 -0.4345264124369765 0
1.586898355704089 -0.2283698655744766 0
0.7051498969796307 0.502416161629861 0
0.3110660072940779 -0.08057418364591175 0
0.2898138754845102 -0.06646024065049766 0
0.3417471335516991 0.07384212456570746 0
0.3338394967281039 0.07451815475386653 0
0.9664341034649859 0.3313387205736562 0
0.3958227254210907 0.07235329278093067 0
0.3717393590306371 -0.08430495323925308 0
0.2566293939027856 -0.0669728917828348 0
0.454477369811413 -0.1022912511137989 0
0.3756725272872575 -0.08807042457325408 0
0.3953702580584196 -0.09469374298120194 0
0.3863657316387227 -0.09277425523953547 0
0.4419084004309183 -0.09850067641387709 0
0.7207891611375745 -0.03752591008727717 0
0.6040119149504739 -0.5434199479421153 0
0.5417661529342498 0.4184108105527526 0
0.4933391163690183 0.05951747117703451 0
0.2329721812100372 -0.5944559981812351 0
1.057960277328156 -0.48121176770728 0
0.8034722250832386 0.03554744197683006 0
0.9484967763761933 0.2611468584843241 0
0.01151368732173121 0.3817758765964573 0
-0.1867932460668259 -0.2811490029781117 0
0.9680209768762766 -0.008464624036816592 0
0.2118005940271457 0.06404573991788085 0
0.2926266686530212 -0.07616183189236915 0
1.108558758122408 0.1683103316291645 0
0.4815105061283664 -0.1127114662708835 0
0.3360857257859205 -0.08653598676838997 0
0.7889468568365861 0.03297679221834342 0
0.3551424186220901 -0.08606962978379464 0
0.5287372542382335 -0.09747320113893523 0
0.2354777365469986 -0.06541301005899818 0
0.7272782821285432 0.4350791073046431 0
0.2788594808820887 -0.0702891129044409 0
0.01993847708654591 -0.5312716679180326 0
0.25980030454126 -0.07018787686862363 0
0.3839782490029044 0.07912815863310002 0
0.4087532744849295 0.07385805930547314 0
-0.1289853970591172 0.3054595732542429 0
0.444257806766995 -0.1059543465165626 0
0.4202878227984913 -0.1056245600366219 0
0.4361730701763187 0.05973883244640205 0
0.1171847723384735 0.4778502926431645 0
0.958232529268886 -0.6264439442939366 0
0.7381102614308774 -0.6205052138122299 0
0.2238429594370028 0.06162469329614402 0
0.865270741882479 0.327254160450598 0
0.8185303491140665 0.03063127866132214 0
0.4295962177825974 0.06379098794381854 0
0.2264584258214944 -0.06259325110704579 0
0.7796086330991083 0.03127565549992627 0
0.7949780188548388 0.02979051837620538 0
0.3291279411035744 0.07455580170985422 0
0.5080243812246045 -0.09452130656684579 0
0.2405857446075098 -0.06621152214135205 0
0.2539479657278846 -0.06972162102224505 0
0.3062145167343884 -0.08183932810928203 0
0.828427034647748 0.02985772975575959 0
-0.3363990411402098 -0.01056632627512312 0
-0.3333818037296416 -0.1666935684991541 0
0.3493920441046866 0.07853492090177794 0
0.2732276984463455 -0.07120104450572512 0
0.323250451803884 -0.08598061811969862 0
0.8845343956963272 -0.7157012484252308 0
1.255159206464097 -0.3251982856804495 0
-0.04692058686138595 -0.4248889778769092 0
0.3840734293072264 0.4890221735068797 0
1.252178174746033 -0.1183048248469438 0
0.2644888755446363 -0.07146487664018317 0
0.5782423967856487 -0.07313981812895863 0
0.2875081622901496 -0.07058615366281501 0
0.1859571185726627 0.5319554358618592 0
0.3169442570575637 0.07000339588622552 0
-0.1240378239025175 -0.3807589911201998 0
0.4898280561895583 -0.103968404443538 0
0.348517295345832 -0.08130105772570803 0
0.3686245879420931 -0.0917192747170323 0
0.5594001718468253 -0.08058140575547568 0
0.3106240614322091 0.06329449020128944 0
0.304764418689853 0.06325750168504833 0
0.2594109899926637 0.06218456563080817 0
0.4454374954741848 0.05928603468488576 0
0.587800174954068 -0.06074649773408626 0
0.84243440496927 0.02443454073397572 0
0.4562449875437419 -0.6313699017632703 0
0.43543750251886 -0.1029464464555352 0
0.2623566588788323 0.06363480765083764 0
0.2984614268990252 0.06357145442115582 0
0.4389705694709319 0.05954612392834576 0
0.2687324257180191 0.06300259258297369 0
0.4510793718188248 0.05913553189868508 0
0.2925586249139374 0.06348365109660617 0
0.5539986196378209 -0.08401306050250401 0
0.2748493160418254 0.06309550482813858 0
0.2867619036571324 0.06322820053772686 0
0.2808403244927871 0.06320758078153038 0
0.5841551540535275 -0.06347510510933771 0
0.2860341186383283 -0.06741245946245643 0
0.3163949200801588 -0.08290526891452082 0
1.346408673112083 -0.2546124953123802 0
0.9132757324187109 -0.8553789215746633 0
0.836504522412201 0.02496525345985699 0
0.7825302736736562 0.03185769615361536 0
-0.2798117499544301 0.3971020212410329 0
0.2289363564237464 -0.06197746942705579 0
0.7999511835273146 0.03280741318421018 0
0.461486911656309 -0.1085821429087585 0
0.5657712577704221 -0.08364091744865597 0
0.4026503478491128 -0.1004641625240745 0
0.3880381693921229 -0.09960633383533399 0
-0.5817888183282712 0.0006336118045998321 0
0.42334131299982 0.06875201098058938 0
0.364046974212066 -0.8236152810421749 0
0.6839477037000858 0.5835070927499785 0
1.235778600909014 0.03116737099468207 0
0.8334064849563497 0.02914879769329739 0
0.3456443180411019 0.07554520483404532 0
0.8107553216048027 0.02983663202221758 0
0.4006083208012777 0.07468954691706742 0
0.3381185010590197 0.07576904438978505 0
1.05580363002163 0.2129417671648428 0
0.3770170163970017 -0.09329419385208984 0
0.6037954159394291 0.05163838645850893 0
0.193368394644685 -0.05976049372953266 0
0.7022110294218217 0.04307758976477945 0
0.01820209767455327 0.02642175256020406 0
0.6968127252967127 -0.03996084715399005 0
0.2589384677260408 0.06602496153659852 0
0.08528580195158184 0.3938986183649008 0
0.579621159106558 -0.08009805410672741 0
-0.2094977257480245 -0.1887567441296538 0
0.0139674571355201 -0.02328720236427744 0
0.003787581363638602 -0.01533351258695126 0
0.4751324638034477 0.05742191458498644 0
1.171512015236971 0.009973010058686286 0
0.5110379304816733 0.05521832514470058 0
0.7056420553872291 -0.5311870198655031 0
1.059327652843887 0.1591114555335568 0
0.9662238214423212 -0.5240973957081806 0
0.2777397293285016 -0.07506017092883997 0
0.2474028703251401 0.06228188806210055 0
0.04074312621562992 -0.4439718920551384 0
0.7798010499512489 0.03433613202834664 0
0.2447558817830216 -0.06947554274306163 0
0.3128767202117954 0.07067478007866826 0
0.3030714935137853 0.06606275343073785 0
0.597355427070577 -0.05981527361270093 0
0.5051081660797185 0.05588724974344568 0
0.2874585754214309 -0.0759391122475619 0
0.418298472970312 0.07293725436037073 0
0.3481881182201515 -0.08793167864589076 0
0.4543913931301525 0.05844712788982162 0
0.3180767085269364 -0.08935641122246032 0
0.8113884741801912 0.03409071232294423 0
0.845334006571312 0.02386076089909623 0
0.2684278962031289 -0.07404389310586197 0
0.255085029493748 -0.07462537478468474 0
0.3800477030443175 0.08193750520742653 0
0.2027635768958949 0.06085730590895359 0
0.2089664992394129 0.06110696127615667 0
0.2970333232033547 0.06612550997407594 0
0.2911357358626451 0.06613731491813635 0
0.2846490914455548 0.06621125328143959 0
0.2786753783415342 0.06615748033834323 0
0.2720613886771883 0.06582138289864056 0
0.6561612256402023 0.4263569363603988 0
1.150913397268269 -0.412370994708388 0
-0.2351650813190683 -0.1104857045671492 0
0.439204413372789 0.06286158577382077 0
0.3485888084249367 -0.6001382670221386 0
0.4339816707042291 -0.1124330450427192 0
0.3077960263220373 0.4827361349026905 0
0.4925607596657957 0.4375640919163777 0
1.199334566209586 -0.08142664849229234 0
0.3094874415209932 0.0666876240591284 0
0.3708775049683832 -0.1008900112915934 0
1.250532617877766 -0.2396821687716862 0
0.1239649460835974 -0.5653555066045248 0
0.85625625121204 -0.6011905277205755 0
0.8224066862107544 0.0305697003256084 0
-0.02397690010274853 -0.3436171934437041 0
-0.1023508782309102 -0.3025235976425551 0
1.220472756311178 0.1076829743117732 0
0.236461328253849 -0.06963075546858782 0
0.2227545132135973 -0.06499960387441299 0
0.3003438137100343 -0.08238644040248021 0
0.433246806569323 0.05993428372077876 0
-0.345613549050215 0.09619134784067296 0
-0.2295490342073985 0.2901093142775044 0
0.4972146742193924 0.0568687083255717 0
0.498157761536407 -0.09647130819552165 0
0.5931065353400944 -0.0623665557780235 0
0.2495875797707552 -0.07114455554150419 0
0.8346891061214836 0.3859848941257832 0
0.5843606649356439 -0.07245911382915314 0
0.5892608421758628 -0.0653744317465404 0
0.8147611421998366 0.03140314772880252 0
0.4431499938568119 -0.5421733566006022 0
0.5229468318195 -0.546105873565114 0
0.2269513758616147 0.06170092051175104 0
0.9650251264242646 -0.01008421698012785 0
0.4811177389612828 0.05707263048287901 0
0.2597939998758855 -0.0749455147996721 0
0.5170200083668077 0.0548226446504128 0
0.5259924188214633 0.05421346709946125 0
0.5230017082255372 0.05441854268792547 0
0.9928781951959015 0.220872780491545 0
0.2833376674276196 -0.07090197104841292 0
0.5586138312131821 -0.08928157649942306 0
0.2317562197595963 -0.06576682783699073 0
0.3298251162901421 -0.0892606514944414 0
0.4107801160033359 -0.1087472038500629 0
0.4302743267654333 0.06006217933276926 0
0.9620215807828547 -0.009301861620139044 0
0.8074413771699099 0.03742063435402 0
0.7857201856506352 0.03474881710027803 0
0.2209110906843908 0.06212640600912669 0
0.573379138465376 -0.08748728239102065 0
0.3340539941398794 0.07999318395840786 0
0.3423559082728442 -0.08476027866093198 0
0.3608479869120151 -0.09332919302652355 0
0.3079262905575796 0.06325931485755745 0
0.4482871510029693 0.05957696946744034 0
0.7979799237589398 0.02967713754246323 0
0.5347051750265862 -0.09189200429256167 0
0.5857520120718815 -0.06795532499659176 0
0.3426440214471516 0.07947093259979793 0
0.4283541533535282 -0.1071312033442285 0
1.289438665155473 -0.1793509098380842 0
0.4514956776853577 -0.1094149488544637 0
0.1305566187024495 0.5513335036610203 0
0.3242679344192748 0.06996534258555953 0
0.4462201446197503 0.06321655829171213 0
0.5020639285422386 0.05579507508715414 0
0.3939131649682827 -0.1044259677455814 0
0.7924477432087508 0.03386825541740866 0
-0.05035669888681166 0.2938766409542484 0
0.8374583968955627 0.0284203998652789 0
0.2252303487403664 -0.06489460721946512 0
0.4277557084999202 0.06761895805395192 0
0.4055458783409501 0.07743771823579008 0
0.8937428400456664 0.2651119899301743 0
0.4830404881974981 0.3724504872762532 0
0.6412003684437759 -0.478723399873526 0
0.9525908017759321 -0.435277983695681 0
0.04549957186006474 -0.3754195303947344 0
0.840254504155882 0.2716222709930012 0
-0.009127925460280175 -0.2693631032890342 0
0.5814917518060394 -0.08791832923969971 0
0.9684823592910454 -0.01143330950034585 0
0.8026489029682065 0.04054522401097957 0
0.681850166562897 -0.04117036500761657 0
0.1783542356853704 -0.05872787082656104 0
0.7646555835973268 0.03379881067559213 0
0.6216421400608325 0.04678947321670496 0
0.720161766394705 0.03761218974983007 0
0.3624173503438424 -0.1016460370496831 0
0.5917649221612726 0.04928483557496194 0
0.6903201728712577 0.04054219886317081 0
0.2112762335069474 -0.06054929787897179 0
0.8260902650860065 0.03353379004102257 0
0.3848109670342283 0.08532703541113683 0
0.7761219812018629 0.03538042879487564 0
1.084707179150144 0.1215182802193865 0
0.3284198623944508 0.08085027648599961 0
0.8118597309700757 0.03881185500196067 0
0.7889500701400796 0.03732206377586639 0
0.720522718089437 0.3711821051717548 0
0.3176618262528247 0.07361956653306552 0
0.6908108429328036 -0.04007807118519877 0
0.9561423605568982 -0.01027982263072737 0
0.4690519278442025 0.05804726090521892 0
0.6155612550245404 0.04739680520201876 0
0.7140911867269217 0.03823068994445595 0
0.6306034872098656 0.04601255782187455 0
0.7292672055095376 0.03691936201363857 0
1.171199800769416 0.06650383239585063 0
0.431704866760138 0.06817113491165554 0
0.4649595984533983 -0.1205744085753128 0
0.4839826432437605 0.05714816376638852 0
0.1998183696844319 0.06033168643408539 0
0.2326622952618391 0.06187339076528892 0
0.2978651608778254 0.4119299009272966 0
0.4195024891489511 0.4147490674197509 0
-0.094889988124948 0.2370474341402038 0
0.3360611898428826 -0.09424024517581611 0
0.5103923159306401 -0.4719695817151832 0
0.3229062900088379 -0.09307753446617906 0
0.2323007436962692 -0.06976930994079508 0
0.3081803930825123 0.07132633150414028 0
0.3048522995042665 -0.08891393640961007 0
0.3119234203193071 -0.517290113587158 0
0.8367689313519633 0.03327623331817785 0
0.845950695532971 0.02717772162876007 0
0.3841451694190124 -0.107528795785943 0
0.5901178632026912 -0.07156870724457044 0
0.4544657111826599 0.06218770024013742 0
0.2081922856828129 0.06481753505927589 0
0.4499191217239022 0.06296457044905046 0
0.2198578198488089 -0.4904391782565921 0
1.187975324402659 -0.1683530197001976 0
0.423507092845644 -0.116482633826818 0
0.7062190293892181 0.03974409121661916 0
0.6075778365711184 0.04881443547419159 0
0.4113200237160843 0.07967219241101689 0
-0.238787855246855 0.03089557641841361 0
-0.1428939237297214 -0.2244247232664645 0
0.1192543321491066 -0.4762250742648321 0
-0.1616443298289414 0.2417699646413941 0
0.8415875480133644 0.02813618029053442 0
0.4327707929734426 0.06374911993320737 0
1.040523647964615 -0.3946433335309238 0
0.2441711857290835 -0.07458168411174862 0
0.2535537440841374 -0.08049503991900592 0
0.8079533371322526 0.3232914837371839 0
0.4994253621781438 -0.1082270789727649 0
0.06724570110310271 0.3305647740687351 0
0.2939234102404906 -0.08248130307817943 0
0.2536744178469083 0.06264372116588307 0
0.2498763630990325 -0.07569257510187533 0
0.9479414246018014 0.2115624960247689 0
0.1867923549936163 0.4628148919933424 0
0.6878537423816062 -0.04095358614946044 0
0.3058911610210126 0.06691312771860349 0
0.220356341693335 -0.06140338954705487 0
0.1841709802650512 -0.05926489281453162 0
0.1993434737193214 -0.06034015372607384 0
0.6276164554477713 0.04627282178249194 0
0.2023510309955008 -0.0605121193551677 0
0.2171692441460022 -0.0613743108182092 0
0.1901204601139557 -0.06002150668876043 0
0.2055255182701979 -0.06056651177282092 0
0.2415513815808585 0.06216941595976425 0
0.7261291266507687 0.03701416337737475 0
0.5292021676288956 0.05422613322656169 0
0.7112679973594742 0.03807380497258911 0
1.124171987019932 -0.3230536682581064 0
0.2818045211723209 -0.07670601786186287 0
0.693645459252474 -0.0404709870579751 0
0.7964422560265939 0.0336100280798214 0
0.4140516012443242 0.07266449388188449 0
0.8188942784150687 0.03471431765320399 0
0.2441346455033594 0.0627283158063455 0
0.240377313808375 -0.07064454802049688 0
0.4722123227937174 0.05781968177945102 0
0.4781363927916459 0.05773552949435656 0
0.5195525881502472 0.05491428705646104 0
0.1964415137238448 -0.06116768352638496 0
0.2565519823802556 0.06326060316225078 0
0.5135761692983362 0.05531974595989238 0
0.5080270630859367 0.05543619367023804 0
0.250752824346838 0.06267059369950365 0
0.2637355397960454 -0.07620173154329198 0
0.4238387827159283 0.07418995123815494 0
0.6058490292415083 -0.05983693754002187 0
0.5655545078877093 -0.09260755662760523 0
0.8482019662674901 0.02377364869886204 0
0.6021142344560884 -0.06210985145448403 0
0.4575591224811342 0.05973123670025143 0
0.5866882509431226 -0.07921748382199206 0
0.2059360040669421 0.06091049310845906 0
0.5977761250010021 -0.06463402282687272 0
0.2300497766973079 0.06196870124186072 0
0.8686546964746176 -0.4848230419178897 0
0.400931952976446 -0.1104444005332523 0
0.7909301919086786 -0.5336011135382925 0
0.3744099097862773 0.08110591183084716 0
0.5384370755507446 -0.099284894070634 0
0.352490272501824 -0.09478577981418826 0
0.8149481281951256 0.03553986943144782 0
0.2725756524401228 -0.07715052821321922 0
0.2279794992799372 -0.06594477277598358 0
0.5936602981492234 -0.06675715837212215 0
-0.02567613283225132 0.3470495543449197 0
0.4428108531610504 0.06316912773706042 0
0.8466156955059543 0.4548372084490321 0
0.4356961208085322 0.063191074056069 0
0.2999201000863808 0.0668453091051163 0
0.2938576972800245 0.06695884893410022 0
0.2880012752831501 0.06725162527998367 0
0.3423703326502183 -0.09195112546692856 0
0.2819041075190813 0.06687759252315516 0
0.275526783794549 0.06650541713171926 0
0.6125787692947635 0.04710148791639224 0
0.4434854781348085 -0.1165770431506915 0
1.019363175661531 0.1852887788405723 0
0.3229781855812311 0.07579759045735079 0
0.4998716294395779 0.05629714050760091 0
0.4971338045074568 0.0607216716744046 0
-0.3966621490026404 0.1844320716652228 0
0.7824087789048898 0.03592511215266462 0
0.4928582478178787 0.0629109627568219 0
0.2121210375404845 0.06865299408323212 0
0.9055389190991658 -0.01659362556569438 0
0.96233971060412 -0.3502530496761063 0
0.6964634611684712 -0.04326836902082628 0
0.4249936405317825 0.3517981691907988 0
0.7906317967833776 0.2710058789270168 0
0.299553894059547 -0.4382026511823741 0
0.2054690635195249 -0.0642243557469195 0
0.4524489117620109 0.06607532346012769 0
0.2320707270613719 0.06542655848374104 0
1.021175782964967 0.1484229834615559 0
0.4754468169382602 0.06003676087335137 0
0.5291527537385637 -0.1099608043506828 0
1.141293303943263 -0.1042620498460611 0
1.132698127019109 0.03729175581944907 0
0.5893937180666838 -0.08740293617555706 0
0.3679015544089433 0.08584879302255753 0
0.3344979805093805 0.08641166397972834 0
0.2717707624933719 0.07019910663615407 0
0.2484724778265164 0.06557852159167693 0
0.4053542563310565 0.0836693223884323 0
0.6727305342058821 -0.04214057696792259 0
-0.1337084327676327 0.180706762185407 0
0.6619778739782414 0.3661863116547959 0
0.1691825399842325 -0.05811852510480713 0
0.1327250515314913 0.3212278392045292 0
0.1175132164901521 -0.4023381524016911 0
0.7796424649592899 0.03837357357908888 0
0.4387434453144661 -0.4702217637479423 0
0.5968858195073239 -0.07106815904280199 0
0.5572566421154563 -0.09663071801692975 0
0.5079860636436732 0.05892352332685476 0
0.3440022824431948 -0.09954922866971268 0
0.5492924274520599 0.3580198095671165 0
0.5091019454637743 -0.1049455985753613 0
0.5854441569968185 0.05014465833137131 0
0.6840237561756517 0.04092469450950694 0
0.75890120643249 0.03385405383891278 0
0.6395542482349568 0.04533227825810097 0
0.7382723719023392 0.03597756367937309 0
0.4629434130839566 0.05835540252055863 0
0.574009525081378 -0.09574720270013121 0
0.8168050823567414 0.03943412007126897 0
0.5946565563651248 0.04983286552769707 0
0.7320751787407589 0.03638361354047712 0
0.6934979161936361 0.04046819398306449 0
0.9770502526422166 -0.007378814864373653 0
0.6915113078214845 -0.04334039175916082 0
0.4438217277417744 0.06673887684963689 0
0.4360155228128572 0.06733829265223702 0
0.1998575997507441 -0.06344087515751712 0
0.1931445993630337 -0.06280175076521541 0
0.236929174940066 -0.07399011610358347 0
0.4849946888244781 0.06052286416713398 0
0.784736090894167 -0.4481193197324378 0
-0.0304739204844992 0.2187771469096866 0
0.8328397138924702 0.03290027990360159 0
1.035107101413786 -0.3090454018001125 0
0.377324461635672 0.08830048611338898 0
-0.1557632774883345 -0.1457685749340758 0
0.8806982144404132 -0.4183915106871972 0
0.4894380327254895 0.05999307417730805 0
0.3725202564780815 -0.1094461037378033 0
0.2777099435475658 0.07005286119117876 0
0.2835360190204687 0.07039737343850364 0
1.14314776982175 0.1201904207369035 0
0.3156874917562785 -0.09633923974708353 0
0.6982093237592008 -0.4548265545266641 0
-0.06898247427673328 -0.2299753726751748 0
-0.2509532327638372 0.1181958571326559 0
0.9039706430776672 0.216068157257126 0
0.199794164160452 0.06309407245754237 0
0.2040237702026059 0.06460286142448886 0
0.5198469852392849 -0.1031554766414476 0
0.4169059397933923 0.07806268951549844 0
0.3895216838529433 0.07931731607947044 0
0.4112638573219364 -0.1198700481897498 0
0.1613143102053469 0.3878583896969047 0
0.6105509149661315 -0.06007276003586896 0
0.3031640013644952 0.06972400454795746 0
0.2974546901609045 0.07035130833995729 0
0.2916999704989104 0.06994365485080484 0
-0.2104986052704714 0.1804404179185443 0
0.9739838666343942 -0.007877980494212129 0
0.6787181002153848 -0.04188835843286379 0
0.9528963191163227 -0.01094835107167915 0
0.3527369597220484 -0.1044410203158336 0
0.1751748225345406 -0.05893397080985563 0
0.7711831517006371 0.3831402195375002 0
1.171432800520015 -0.2493890342690282 0
0.6072157753282568 -0.06385880000697419 0
0.767599632180116 0.03254569797725192 0
0.684810261141911 -0.0416190028057005 0
0.276151244535251 -0.08033511303382593 0
0.2387607851074388 0.06225566575153803 0
0.3234706441829494 0.08207719289509892 0
0.7738454368160343 0.03204074529572375 0
0.9592686741545366 -0.01053820142190346 0
0.8072654704280577 0.04278433057375149 0
0.1812854668871312 -0.05975824701971962 0
0.3131675227059112 0.07554534843843763 0
0.2137722449461416 -0.06189486687208673 0
0.970888379512459 -0.008879539884053197 0
0.2082603677115518 -0.06151258267583143 0
0.5885035402715234 0.0497212759385169 0
0.2981897098925778 -0.08973042006042237 0
0.6245229423127989 0.04678938068008059 0
0.6186960988362065 0.04728226751413775 0
0.7616171890932472 0.03349790391765779 0
0.687035848525991 0.04102596084172747 0
0.7229826942554209 0.03754767532424749 0
0.7174013837852451 0.03811763795291769 0
0.2378960118711653 0.4280670645322381 0
0.6027766904057111 -0.06707432702294006 0
0.009221109448536543 0.2590614866674983 0
0.2874155873089508 -0.0817838925417335 0
0.4659099611363828 0.05813024485622915 0
0.4871059536885484 0.05696072014320183 0
0.1868197842964474 -0.05983203216846238 0
0.4721422944806027 0.06126746176748663 0
0.4914661679988075 -0.1130986908419648 0
0.4814881026940127 0.06021010522743385 0
0.1970944853299621 0.06038473246184478 0
0.2409322150599533 0.06500166016592476 0
0.5825702440505376 -0.467138332315449 0
0.3955445467975613 0.07915290134374346 0
0.2595167147114186 -0.0802954944174524 0
0.4283072716165236 0.07252523948063808 0
0.8230820585302128 0.03515224893298105 0
0.8000405513070549 0.03691527390883245 0
0.7939611000691398 0.03857444528176418 0
0.379522689460091 -0.1002881941396525 0
0.2462098550519233 -0.08066177720983694 0
0.2192372270349216 -0.06512196036904477 0
0.3827587857056018 -0.5163505847414632 0
0.5149586908577387 0.05824815626712126 0
0.5209698035137602 0.05860021355146262 0
0.5291519748342013 0.05741857403953261 0
0.5378150947247597 0.05327364272752864 0
0.2551692083403268 0.06563083087704229 0
0.3287086534465545 -0.09741891538715547 0
0.8427239339841007 0.5340345948709093 0
0.4327473984028505 -0.1238589890229886 0
0.5937187416344296 -0.07896315140487425 0
-0.239014678018227 -0.04997828000464821 0
0.3109099422749503 -0.08757400870451175 0
0.4608911809537678 0.06110962872892285 0
0.4584417940368751 0.06314205157579632 0
0.2668380119677357 -0.07944719851984935 0
0.2241879438441759 -0.06836657833911472 0
0.2273286532958638 -0.07149998261589863 0
0.8515394006432003 0.02657586099633689 0
0.872160404599444 0.02084213091621208 0
0.8689689656012495 0.02130429436789549 0
0.6107439622184688 0.04861577483903944 0
0.05917292118776576 -0.3089478964528937 0
0.9795659586458019 0.17308801157762 0
0.3914983745201143 -0.1139019497442547 0
0.709552236546962 0.03964026279458366 0
0.2267245762402902 0.06531101625564555 0
0.01264081954048989 0.3148815001625819 0
0.8296465969793161 0.03534303937148415 0
0.1907407032185131 -0.417885817436776 0
0.5055707714206031 0.3100207091076976 0
0.6319812511323494 -0.4059088746433253 0
0.9731701411214191 -0.2800077130224331 0
0.4917222887088724 -0.4017847723160406 0
0.2950277485581784 -0.3737498224536581 0
0.06490466829663383 -0.2551230399125254 0
0.987968532274067 0.1398053744151203 0
0.3704884439119321 0.09351989367905195 0
0.2654840462399802 -0.08557391182484081 0
0.8906649213243504 -0.01865239161754749 0
0.01704581485060339 0.2142073574362952 0
-0.06949391635040587 0.1742970636931585 0
0.7619825681086159 0.03596199563491879 0
0.8005606419658691 0.04653396765821172 0
0.5887694994359456 0.05299628800852557 0
0.6888122259761102 0.04456593316403013 0
0.4758900361476066 0.06400868606784184 0
1.042279414416402 0.1178666640765819 0
0.2223350846200567 -0.07465937862101234 0
-0.1736065239996653 -0.02721814214668896 0
0.7758913860837915 0.03950415441028347 0
0.3427932313381763 -0.1088200061470167 0
0.8351981011399626 0.03780553373220506 0
0.1201036439501831 -0.335612278774129 0
0.3852169815876548 0.092171697596449 0
0.7087570662885265 -0.03879257301288542 0
0.4971837669723235 0.06529297558781672 0
0.238119117201511 -0.08045648554989343 0
0.6824567261762124 -0.04444998758140666 0
0.183901836416063 -0.06279458286123349 0
0.8219982657958038 0.0403233979395175 0
1.127641436207022 -0.00680894074386294 0
0.3026948291941585 0.07415718484570108 0
-0.1636526930269617 0.1272575118427305 0
0.7974542417348487 -0.3793075922316006 0
0.7122399097555063 0.04175139788887097 0
0.4649738772599779 0.06241768494783081 0
0.5003883255163585 0.05880911721390015 0
0.597951207746507 -0.08684672395846779 0
0.6089821901792721 -0.07019605142213918 0
0.2406378085798778 0.3615056919789282 0
0.2001852445116832 0.06784693203104541 0
0.1728859893607619 0.0585832104311846 0
0.1790884401519409 0.05876999622868376 0
0.8632294759138126 0.02191505841950763 0
1.08892548208054 -0.2529917012226651 0
0.8813294207405106 0.01996391260705453 0
0.7251912180850028 0.04085306516479038 0
0.5409017987054716 0.05340303969041959 0
0.7527547765128697 0.03408803928570471 0
0.5796448774708369 0.05018274820757977 0
0.6782001319250709 0.04156875295700964 0
0.9471210686486449 -0.01201384854907425 0
0.983135959329613 -0.007338726491518226 0
0.5319560265508972 0.05404676687903931 0
0.875091677023638 0.02040710925495037 0
0.4572401026741101 0.06715904403652938 0
0.1785678580182858 -0.06199484994281737 0
-0.00847560441639838 -0.2081281159391384 0
0.4444014674575482 -0.129751069275958 0
0.8973363654380131 -0.3630962451232381 0
0.6873591512822957 -0.04490360572140514 0
0.05827523201247606 0.2734810642799498 0
0.8576608613249463 0.2259013158841906 0
0.5247235095674032 0.05818989247450979 0
0.788247289533586 0.04264494058167981 0
0.7326690886321434 0.03980972595014352 0
0.8572747215551361 0.02262267636345684 0
0.4769751173794748 -0.1254798763506608 0
0.6009213400140516 -0.07842172032838135 0
0.2169632349415199 0.06463698759232556 0
0.1892338028588514 -0.06394504660336184 0
0.7724954192807439 0.03566006560277535 0
0.7174936583940834 0.3068194649071981 0
0.2363203310216708 0.06604351729212368 0
0.2111985067240519 -0.0644365937299048 0
0.4479557962760075 0.06778074671525712 0
0.292791984477199 0.07423116631118859 0
0.2791242948944885 0.07521225745496826 0
1.104737441641637 0.07735186428217969 0
0.3080822258027363 -0.09658988392886485 0
0.3080643292140965 0.07690162166978855 0
0.3713882606124872 -0.4519294227494747 0
0.340967828089094 0.08640555459947143 0
-0.1044358225270379 -0.1794860543653894 0
0.6165640836517871 -0.06365787621265091 0
0.4687024535288277 0.06181216463518913 0
0.5479788256298466 -0.09943223233709612 0
0.2653257128580254 0.06596148445938227 0
0.422225365714382 0.07953501997686774 0
0.4114612294124403 0.08738839990862993 0
0.702741321508765 -0.03931706523206535 0
0.6697606767507209 -0.04272111769082903 0
0.1971525882135006 0.3207792521189235 0
0.1661232366501998 -0.05819201677847511 0
0.5041759781736681 0.05941989284710795 0
0.4011494027096082 -0.1222405266258341 0
0.741208308722079 0.03562884238479869 0
0.5405914685877147 -0.1096807771126004 0
0.5932222070829847 -0.09627719587688686 0
0.6996600103084514 -0.04019909415267059 0
0.5195434528236249 -0.1135415579972185 0
0.4983923150450815 -0.1181359767313424 0
0.6027477916024484 0.3625790248791186 0
0.328813360951125 0.08774683871277657 0
0.3615819941966418 -0.112523532176265 0
1.121118835821183 -0.2017156644827074 0
0.2315398885931252 -0.07562705081210708 0
0.8541095225775198 0.02363733939284349 0
0.6755179845649084 -0.04221288475523453 0
0.2683024242945089 0.06773676836113862 0
0.7556652904248186 0.03469499813094407 0
0.8658655419945366 0.02175143501231055 0
0.2448552627620915 0.06634909894591864 0
0.1718243103790739 -0.05866417831518014 0
0.5825332796423134 0.05019264846530094 0
0.9555085308289616 -0.01359587859057855 0
0.3352421111585833 -0.102730233410589 0
0.6810778681307235 0.04158701188432788 0
0.7351894148480739 0.03615025617947903 0
-0.1726742222302714 -0.08408286788694755 0
0.5975373641654832 0.04865552903687875 0
0.4011998772446023 0.08047330943237793 0
0.2880090407891678 0.07234990784207392 0
0.7711053206107291 0.03235849360095813 0
0.6963176268270554 0.03981275017960352 0
0.9356086674884823 0.1717963301276522 0
0.6220109865455407 0.05020398020341874 0
0.9497789350822586 -0.01136197560247701 0
0.9802047654792958 -0.007300626302635389 0
0.7981753953700033 0.04156896296915639 0
0.3808018531087647 -0.118027242535508 0
0.5347664699129875 0.05433984316623719 0
0.3911057319518424 0.07461171615370842 0
0.6029891166097994 -0.07256871422504123 0
0.7205101678830882 0.04104792771832506 0
0.5653379463248005 -0.1019077692271252 0
0.4783947320642012 0.06133870061383016 0
0.219455643380557 -0.06892312700950305 0
0.7112386933447724 -0.389765252263538 0
0.2909780044458034 -0.08872905878267189 0
0.2517745914578348 0.06624759529344272 0
0.2547334692567704 0.06977552869221827 0
0.7584642503340153 0.3204920522416476 0
0.362859184664805 0.08009196628157672 0
0.81251239028307 0.04440587323546202 0
0.1965802873223509 -0.06465070562057378 0
0.6116449814540026 -0.06545600722424093 0
0.2521287612464321 -0.08636827290233924 0
0.236839416058572 0.4945122201975107 0
0.4405016487201085 0.06740261288356557 0
0.2707196746853214 -0.08231789967985068 0
0.3914635735942347 0.08579861079739647 0
0.2803639094855508 -0.08347745411362258 0
0.7688866110572722 0.03583133357140842 0
0.9725724406612487 -0.01210992344829616 0
0.5176759826383206 0.05862134129133811 0
0.2201268044840781 0.06621708488583158 0
0.2229004217690748 0.06538559784678603 0
0.5120415238281214 0.05915685634528849 0
-0.1816660953655521 0.06984018941742955 0
0.3185865756500176 0.08025351823821449 0
0.8259532524278044 0.03803142871457205 0
0.4205528007475918 -0.1290893702169526 0
0.4331388336416565 0.07326336468005192 0
-0.3118041358971381 -0.08506953062426147 0
0.3211794312941825 -0.1018296479063917 0
0.1954893071168328 0.06465592275033751 0
0.2733858613026323 0.07486345238357371 0
0.2155413115896014 -0.06508422704153238 0
0.6010328519704933 -0.09616469031324716 0
0.08878181973535283 -0.04766417873816176 0
0.3126036315908998 -0.1062692718909085 0
0.1284015540083104 0.05439512417557345 0
0.003357572308706322 0.01432550455002433 0
0.7430596610378926 0.2685152446873781 0
0.6571800255008438 -0.347480248655089 0
0.9939895558501183 0.004983636451209625 0
0.9553787745601274 0.1361374335242879 0
1.056264249990237 -0.1897063282947672 0
0.2320127771560191 0.0696743537137138 0
1.09490864940729 0.03249275182874332 0
-0.1229462406369265 -0.0629179381997472 0
0.1962126219565928 0.06953309248029749 0
0.492153083561495 0.06881132077619759 0
-0.1055710676953086 0.02034887761526915 0
0.6146893838554103 -0.06915344856504232 0
0.9693273350563212 -0.01577622676610166 0
0.3481987096843829 0.08632399553905415 0
0.6734457700651502 -0.04528829180703401 0
0.2167855140446791 -0.07472381325871401 0
0.1999419390017548 -0.06805912403067334 0
0.7529435773073977 0.03711383379412926 0
0.1693125468324241 -0.06172128146240296 0
0.6785204633083749 0.0452824211965031 0
0.2309024888105379 -0.08183408359385361 0
0.3048596056284885 0.352842110094968 0
0.9062429587783969 -0.2941215121216567 0
0.1848607889695642 0.05971737251673859 0
0.3610070201422794 0.08563020934891846 0
0.9794335953851572 -0.01127154216857846 0
0.1637543352008438 0.05800489649508796 0
0.1916147768350857 0.06337644207064272 0
0.4428028559626705 0.07183931416915044 0
0.4526799135564438 0.07053611598528975 0
0.6642053274488742 -0.04395606450788173 0
0.3008121357894378 0.08054257567764433 0
0.4685726744169932 0.066324973410611 0
0.1603564106483854 -0.05843858699008312 0
0.1699499818676023 0.05820895370501347 0
0.7442113695743355 0.03514728430565192 0
0.7063515062379498 0.04407784922304704 0
0.5758797535546815 -0.106211237565492 0
0.7796541067872049 0.04374400739693964 0
0.1798810297407914 -0.3531278686059845 0
0.2882670716709404 0.07775688719425461 0
0.6278087654001381 -0.05822837993272214 0
0.5093159496961498 0.06274618899416935 0
0.8123569948649252 0.2282657454270272 0
0.6967974697531925 0.04338119920416401 0
0.3947186201654942 0.09437303399716496 0
0.5013361146575497 0.06332165747512267 0
0.6921891603083749 -0.04774985344920266 0
0.6784114209442734 -0.04576461194112978 0
0.8406548692839113 0.03769331987857973 0
0.8754768759442899 0.02390668357018796 0
0.8662046597954107 0.02503351274180055 0
0.2595995115144406 0.07048398027129885 0
0.2686609282719536 0.07567830963766621 0
0.1935157847723769 -0.06778409462307802 0
0.5531604546335566 -0.1084464573829245 0
0.7411449781436096 0.03903827523289596 0
0.2092856152979618 -0.06819455128501282 0
0.538237725140549 0.05677992513886834 0
0.6066315748060185 -0.08561344263908308 0
0.56253369627743 -0.4082840426598696 0
0.2490875286609199 0.06915943614077331 0
0.1805811304854836 0.2658014281813701 0
0.1031589320994563 0.282109755019568 0
0.6306693703616939 0.04923044531107228 0
0.8267286609651785 0.04356178594127424 0
0.6713687251412158 0.313433957668722 0
-0.1228820510605 0.07360860200012766 0
0.5191592805406628 0.06203260750405235 0
0.5278365444587867 0.06168900799214329 0
0.2745298314750985 -0.08904304283063415 0
1.100996322112463 -0.148138238926879 0
0.3332372243545028 -0.1121774685265256 0
0.4179282908172269 -0.3953947806995222 0
0.1850695645888987 -0.0669431168029441 0
0.2408183399208798 0.06879226623690129 0
0.2643358311230282 0.06961507952316574 0
0.2227296658100397 0.06918127587581739 0
-0.1153444751270887 -0.1137259813801979 0
0.2995814711385053 -0.09814116768164897 0
0.6082006650132767 -0.07804154964483551 0
0.8963930603596217 0.1714157036087912 0
-0.1001310056865803 0.129514342715141 0
0.2740019387390531 0.07973917943364606 0
0.2449962861428618 -0.08762354621148057 0
-0.05259399315161649 -0.1884202485192457 0
0.5462523294818833 0.3003199712157509 0
0.7147335915592479 -0.03775616376499472 0
0.8876382971423259 -0.02003868947842623 0
1.02258929753941 -0.2484760337721457 0
0.2140442453541645 -0.06924273983461091 0
0.6238464182654224 -0.05764911736992202 0
0.3986722102366822 0.08576391606231033 0
0.377812814556841 0.09747761355130187 0
0.7058756853509104 -0.03963546026144413 0
0.7119389913663812 -0.03920087652024036 0
0.8846425316304816 -0.01920104460835406 0
0.7839196167436293 0.03964542250403698 0
0.8840454542489162 0.01934094926963651 0
0.7934456246220433 0.04416926283552249 0
0.8070542498047919 0.04910955619725522 0
0.7588478911495433 0.03766032114969839 0
0.6202998121817724 -0.06040972791545131 0
0.6841897512604324 0.04440423256978011 0
0.9762575146049934 -0.01117344086356544 0
0.297430811340732 0.07595495689283599 0
0.313249688256206 0.08096183788236197 0
0.3214784633620727 0.08811113823763217 0
0.2581190718366447 -0.08770818785466759 0
0.4897531776668734 -0.1237726285061389 0
0.7721074414874379 0.03999500658676693 0
0.4285039256544187 0.07872626332861613 0
0.431973089836661 -0.1375457893062769 0
0.1760862911229859 0.0589472078735649 0
0.1818871900985505 0.05940546826269393 0
0.8601784974692657 0.02244704303600696 0
0.5439204907022356 0.05375373017528082 0
0.7291030603919071 0.04040045257080153 0
1.15088618826603 -0.0471271584421869 0
0.9866019938407522 -0.009715394040645642 0
0.6665675132188598 -0.0430387481586406 0
0.5296665965746958 -0.1202819380787735 0
0.8783747366897394 0.02015497183088783 0
0.3358478930345662 0.09211755029930326 0
0.162880269699012 -0.05794102882692553 0
0.7376890643096983 0.03953505296177061 0
0.5090361617476029 -0.1154605126755163 0
0.3695474206914518 -0.1222355534503559 0
0.8299882284800087 0.04012549931602546 0
0.3510271371568447 -0.1142035788290419 0
0.4723475768557007 0.06547450064618066 0
0.708834217335044 0.04241159926436863 0
0.4037523872871445 0.09111631841474696 0
0.2621112364200734 0.06714406268825661 0
0.701050054141346 -0.04342676710213846 0
0.4538812994711743 -0.1190738124880654 0
0.9523883723607002 -0.01472256879610959 0
0.9445350313159161 -0.01483511751647547 0
0.009644292380726944 0.1799777241334407 0
0.3888867786075756 -0.1246864077884653 0
0.4617251507288169 0.06519482559545475 0
0.2671337358260203 0.07176873200511164 0
0.4177843751106382 0.08441708490732812 0
0.5355951393798388 0.05744057727307336 0
0.5329361419584064 0.05776181455413867 0
0.3554657242116713 0.08110551434027215 0
0.5920506665215874 0.421931136223438 0
0.2842709046404093 0.07533972721389387 0
0.7655863225702056 0.03797587679480803 0
1.011180530981795 0.1109498352707237 0
0.226693437870919 -0.07667147693166812 0
0.4712380353617638 -0.1145793896847663 0
0.1156521220024891 -0.2773579496968016 0
0.3517832795161756 -0.3907097824672331 0
0.3282129145605618 -0.1057910101733107 0
0.03401413967471026 -0.2267701262922934 0
0.1747862214937873 -0.06240127916168901 0
-0.02566250708158788 0.1681684076793625 0
0.8194775589443735 0.04583718847563712 0
0.5154922105625602 0.0624247688233737 0
0.2838987761677144 -0.08947950032317259 0
0.8575047812827769 0.02611048448401083 0
0.8545738014360789 0.02676835689017281 0
0.05511051355973604 0.2265211152909886 0
0.8678402926568461 0.1895186106831749 0
0.4077113065389169 -0.1333535719866732 0
0.4574132415869973 0.3218302010750778 0
0.6108281617540798 -0.09438544312089248 0
0.4035301289225224 0.09918186461463836 0
0.9142481582049466 0.01571059688689105 0
0.8260791145629706 0.04826128004984281 0
0.9382999686080256 -0.2423484854602598 0
0.8915340261958322 -0.02213982784866897 0
0.4986203806480201 0.2657136546100204 0
0.9233778103451971 -0.01433572508447596 0
0.117575811880055 -0.2283231117563748 0
0.04181661929796911 -0.1904329561037693 0
0.500003763842693 -0.342891968740939 0
0.3402306530688621 -0.3258422190650153 0
1.051058721945083 -0.1407067907740178 0
0.6634545408940868 0.0430726727482646 0
0.8602820350106894 0.1575223418968023 0
-0.07402057969057366 -0.08951969091185581 0
0.3687806075910001 0.1019046462635129 0
0.003737945358876417 0.139859071423185 0
0.140208487685488 0.0552192389313961 0
0.1755892405942972 0.06242138281172856 0
0.1982844349443106 -0.07304167733438374 0
0.7996266623641481 0.05382354199005609 0
0.476763019101478 -0.1403090482419539 0
0.2678526984279251 0.08166304928186124 0
0.4767664152977301 0.06809185900033146 0
1.097336373902393 -0.02014369358745523 0
0.3014557093020424 -0.1071163866340667 0
0.709931637469554 0.04641965296732026 0
0.07988080681691552 -0.04586816964863943 0
0.9563623701882109 -0.01731930502515463 0
0.6600899675428487 -0.0464599425262314 0
0.9351415245135817 -0.01290948259932286 0
0.9952083831756385 -0.004892956939480788 0
1.021838753649794 0.08613603120852162 0
0.2007007730387908 0.07319612881173636 0
0.2495737132508865 0.07350366117288573 0
0.683892158701238 -0.04835203241095807 0
0.7087947678510252 -0.04158419064363683 0
0.7621105618270627 0.04021081171030544 0
0.4460310431876475 -0.143149094562088 0
0.744846484201937 0.03888964440331329 0
-0.07034492768410705 0.08164103146065747 0
0.4080037017184387 0.2988927508912115 0
0.8548723651732175 0.03034447499852265 0
0.8786142966469264 -0.01968260691233812 0
0.1598039647828866 0.2241643975808436 0
1.08903414889715 -0.1040108092845314 0
0.3139928677842532 0.08627546117539349 0
0.6321983493928419 -0.05761252865602565 0
0.3929502033266419 -0.137713790037612 0
0.1610025174567239 0.05741522388022199 0
0.1195531129895321 0.05226486984441635 0
0.9887333241738203 0.005773623493343647 0
0.09960170798406717 0.2355029530165006 0
0.7034885738373813 -0.3364739975437605 0
0.8873230445273856 0.01907586079588955 0
0.6297935625132109 -0.06313988176376983 0
0.8449097944835983 0.03130728609360493 0
0.6338958489530069 0.04578457517474056 0
0.6204549445913075 -0.06946500606536883 0
0.2938482884499584 0.07971106213706272 0
0.5883212450997558 -0.1069259299770704 0
0.6214181666921176 0.3113911696115425 0
1.005821138865859 -0.201143779264242 0
0.2979525331566403 0.2988379642835683 0
0.227709095982028 0.2705542128430701 0
0.6927255206682732 0.04413618935305164 0
0.4355296593512351 0.07912449596529142 0
1.073653858492906 0.05905552576447354 0
0.282418096826981 0.08098221013966893 0
0.1788811152863238 -0.06661616193003113 0
0.8710697991037699 0.02470862714803764 0
0.8845047165247771 0.0219375313960429 0
0.8618290021255002 0.02594262995407444 0
0.6969822084300923 -0.04759125992428693 0
0.555173081821321 -0.1197736966937126 0
0.2187362049731457 -0.08014070375629168 0
0.6879387864132015 -0.0483342281301595 0
0.7492984354390605 0.03818446016593995 0
0.8324480535601237 0.04576419023794448 0
0.7053349822853012 -0.04276117103562493 0
0.5142467226497666 0.06656329488101211 0
-0.04273377271089494 0.127252072905043 0
0.01092879463768355 -0.1678818005013387 0
0.6151407812367427 -0.08419175070290667 0
0.3224868094980891 -0.1114172967359306 0
-0.07118444642455381 -0.1401324815372687 0
0.9486775586360447 -0.01520726559120998 0
0.6148356416236083 -0.0755477174148611 0
0.2052797897389364 -0.06908697108220863 0
0.8468393935493874 -0.3110038160448772 0
0.190861747988227 0.06012380690952916 0
0.4187662831243878 0.09171317116626188 0
0.2277825918689084 0.07041470979075667 0
0.9821725806176111 0.1089769792241874 0
0.7874973299240965 0.04801545854078688 0
0.3618474224985499 0.09359473573557955 0
0.96202714107503 -0.01333239847772054 0
0.6250619737873295 -0.06221719001534561 0
0.9412669457728809 -0.01223518723662269 0
0.2451246106374366 0.071387638443319 0
0.9323417606057974 -0.01339550930157282 0
0.9293769250890686 -0.01405093759240596 0
0.9888927363038589 -0.005927963996169558 0
0.6698518422306546 -0.04637179325596929 0
0.2907983833358848 -0.09839762293550217 0
0.7175282383872567 -0.0381330423425017 0
0.4487904348152663 0.0730855865903328 0
0.4878469916742025 0.06385124842197668 0
0.3551231794499803 0.0879733173466215 0
0.1654554976604788 -0.06197200369996704 0
0.1563536371115061 -0.06022448512383766 0
0.263193486648391 -0.09469757875205728 0
0.2527678639029299 -0.093179055669852 0
0.4114097917144776 0.09545219945306056 0
0.4972504281201151 0.07062142296239551 0
0.3078233324983736 0.08304233853923262 0
0.4576267211651554 0.07195359250123116 0
0.2548507383759032 0.074820167409266 0
0.3294743781408895 0.0950940048322423 0
0.2370546055944695 -0.08852022950462479 0
0.5653384463129365 -0.1127322760540023 0
0.3656974323058285 0.3568708704156435 0
0.1786710808418494 0.06149550929924328 0
0.1909462863277179 0.0682969430004267 0
0.9768560510376488 -0.015659434370942 0
0.4154337563268665 -0.3453599951314391 0
0.7473660014886131 0.03504670696053251 0
0.9658767113785216 -0.01369266951833013 0
0.1885294454388887 -0.06964444990543969 0
0.7156361624360563 -0.04150023568724198 0
0.2366162523393582 0.07092599148528909 0
0.5359570425854008 0.06013723717017358 0
0.5476812517864967 0.05537208368190669 0
0.5418306085287237 0.05716179679348841 0
0.4381887149151529 0.07287267542110415 0
1.113805094120567 -0.07628473109009243 0
0.3862340624377945 0.1009362577697347 0
0.6235689296998687 -0.3514859992435982 0
-0.11994872960412 -0.01724918491833848 0
0.9828662654630513 -0.01106739801445048 0
0.1671188493819117 0.05819331882532459 0
0.1878328327730752 0.06003598525190208 0
0.6213752829213902 -0.06471197966850983 0
0.7756219432588416 0.04480429010221516 0
0.8411677180782648 0.03246554881606539 0
0.5839632612903273 -0.09643118340098503 0
0.1818630684448632 0.06296166810159601 0
0.8808060463080505 0.0234395523618393 0
0.8134690996297566 0.05126280207932508 0
0.2625987329472387 0.07561439586743353 0
0.4174891173123202 -0.1433527097200017 0
0.9191347619539632 0.1401211802728456 0
0.5125351716902571 0.06354758305166686 0
1.202559526816125 -0.02518948040176056 0
0.5176151600145922 -0.1257415116662109 0
0.5025736805451978 -0.1291752937898976 0
0.7840415910707477 0.04492713787161395 0
0.4725301506715008 0.07032071135209272 0
0.2098674071760713 -0.07311976776466053 0
0.3439731937333884 0.09444900738381971 0
0.3548538566125335 -0.1239821468819379 0
0.3424500326097309 -0.1196147175143573 0
0.1699090732235198 0.06209445008752123 0
0.05399253652130008 0.1875369636270043 0
0.5058948104523837 0.06380002925741922 0
0.6629123898366551 -0.04701749534892608 0
0.9800872399785412 -0.233117701882342 0
0.4650401625591812 0.06733320878022966 0
0.7689962941864188 0.04012194296563218 0
0.7555809316257329 0.03876855952477706 0
0.4566557876257211 -0.1317660528911407 0
0.467815223261097 -0.1328551993450234 0
0.3788783261214881 -0.1314412081945799 0
0.7690564708469092 0.2272485214007348 0
0.8328839170170184 0.1867886094958966 0
0.4243821665061744 0.08602934797827252 0
-0.1570770538286668 0.02503765306436875 0
0.1698705361190448 -0.2948702808115982 0
0.7001687585449454 0.2681424503635933 0
0.1587119338859261 -0.06147385615117325 0
0.6832401177910525 -0.05273578008068215 0
0.6203962056242652 -0.09418129037087729 0
0.5173453399967564 -0.1398868602289988 0
0.0838673348708809 0.0470670932128807 0
0.3442765742976364 -0.1337878447593011 0
0.1332144101072515 -0.0543924681168257 0
0.8304558370980213 0.05352995536439872 0
0.6667215797757217 -0.3006342506889024 0
1.009106360064242 -0.1583407443781565 0
0.9288819151259463 0.1124096105601576 0
0.884597565478751 0.0262925670170565 0
0.05031414615740241 -0.1569525677295259 0
0.831592980022665 0.1532377315198884 0
0.4770229853542901 -0.3042287088586266 0
0.994672517179866 0.08224790893169048 0
1.045564069796587 -0.1005003554200903 0
0.6915202301425547 0.04833427840916697 0
0.5648638967919707 0.05138811110141912 0
0.4266984578697264 0.09498639972265399 0
0.2224582548895672 0.07465305263249368 0
0.7445528410295431 0.04383946509231829 0
1.063173718157832 0.0251609572509474 0
0.4786628198443783 0.07418232201891695 0
0.1454077737270921 -0.05577525576163603 0
-0.08152010665727179 -0.01147563156979802 0
-0.0131456023521744 0.1107364255090839 0
0.9330911538607531 -0.01641627060239403 0
0.7574899351090283 0.04266098426036746 0
0.9050794075012313 0.01705736653617359 0
0.2899530528065311 -0.109069097652406 0
0.2548962797077428 -0.1038782539990401 0
0.8739501716842122 0.02780929074247256 0
0.859478636445684 0.03036269293529532 0
0.4915177443919865 0.07373499935877792 0
0.37611935111916 -0.1468025928341357 0
0.6741080780688593 -0.04925245756544613 0
0.1690083704031775 -0.06578482133141217 0
-0.04250008773629885 -0.1185384577252706 0
0.6937012288084348 -0.05178746247361866 0
0.7092430970504753 -0.04622494258764578 0
0.941011133195347 -0.01618966453058646 0
0.5587503957773088 0.05225627723816312 0
0.5186673768234179 0.06672526678787374 0
0.6571584484869358 0.04342064552271919 0
0.9173029384914118 -0.01489673091530245 0
0.07339332498920068 -0.04487935576765223 0
0.4672859259930995 0.07183381950634149 0
0.8731738988623625 -0.02101357785986816 0
0.0960676062348652 0.1917253217784158 0
0.9223394171770221 0.01494638837496566 0
0.4111537068044401 0.1038714734909184 0
0.2726983437188453 -0.09974233658428744 0
0.2325887864964313 0.07373797712840632 0
0.2457412961379002 0.07634653526687117 0
0.5695291719010771 0.2607412491680021 0
0.8995971110355266 -0.01754728051162707 0
0.544135465044066 -0.3537058953292881 0
0.1882988168264943 0.06377241198212277 0
0.5402798963585961 0.06129376255769618 0
0.6557405069380458 -0.04762957650249895 0
0.2284536268741747 -0.08935101502948763 0
0.6344593123396178 0.04979211008731825 0
0.347340653548376 0.3045354207328095 0
0.2065886747546468 0.06973475990079497 0
0.6347334882514664 -0.06279180473900686 0
0.1605566727687838 0.06018583369973399 0
0.4627188875948107 0.2787544117396995 0
0.8494400669715886 0.03120343249658315 0
0.2747581580183314 0.08630531362539037 0
0.8397467020610547 0.04348104762486356 0
0.4411437690023897 0.07826797217632865 0
0.9535882210928232 0.1031735289540493 0
0.552904874561488 0.0522861149548867 0
0.8493351084670072 -0.2603271754657295 0
0.8939655672416813 -0.2364507449655953 0
0.3521969985111034 0.0952990686429554 0
0.2225355376697853 -0.3054152559172927 0
0.6789160624754016 -0.05051350722112102 0
-0.08443035601667605 -0.04747025480373501 0
0.9820219913089362 -0.01585504389904748 0
0.4613986308319266 -0.1463499275996924 0
0.2035923447894654 -0.07397317385786847 0
0.2623046868713106 0.0830115079221684 0
0.7528798071089011 0.04142140630346588 0
1.052626514263164 0.08652873143806969 0
0.4815085572813305 0.06458237019897102 0
0.4866098457251653 0.06917104881654897 0
0.4316441422700102 0.08661309401226684 0
0.1831154557574945 -0.0711213310464254 0
0.6232251232001526 -0.08423098879989312 0
0.6219357881841506 -0.07631310966121298 0
0.781327213596208 0.04920041604674139 0
0.88808906350672 0.02280445290982323 0
0.896619905119466 -0.01791648446114344 0
0.281929053476357 -0.09913013657739356 0
-0.02880554312531661 -0.1577026939226425 0
0.7937220576326189 0.05085130362936077 0
0.311402910604069 -0.1193537386551943 0
0.1543739278600353 -0.05689866198095968 0
0.139309047929598 -0.05483290356614375 0
0.1513798802217043 -0.05660439567148197 0
1.072505126108511 -0.06650083391356651 0
0.7006134238743557 -0.04806612373028345 0
0.5646338943510153 -0.1247354648219826 0
0.6666251033894911 0.04300619934789662 0
0.07706278786535455 -0.2109348289413221 0
0.6108030557634603 -0.1047382866481757 0
0.8815414778867756 -0.02020153358378528 0
0.8857820729436111 0.1375885020953857 0
0.5498686200503246 0.05311798210631708 0
0.7118208074183192 -0.04299375156595259 0
0.8936691016042224 -0.01886517045655417 0
0.6601892608666136 0.04353296465669136 0
0.3225508368950254 0.09791568791068227 0
0.4312878290627655 -0.1530624071506435 0
0.8068451769694418 0.05661307049603258 0
0.48928881439293 -0.1385873567584109 0
0.2440338382757546 -0.09595524511639973 0
0.9385662612754655 -0.0136294294435435 0
0.4619915703781437 0.07024021578688515 0
0.9263290776153419 -0.01476062521347598 0
0.9203543782895389 -0.01591763381306089 0
0.1644173486708317 0.06162233829395659 0
0.1929253902362603 -0.07393181807903824 0
0.992419386192142 -0.006416509175140567 0
0.8761513556514482 -0.02124263620916886 0
0.1893788455119865 0.07372554614469362 0
0.1737612538097184 0.06591919726074208 0
0.8697503686651343 0.02909843725003718 0
0.03156627668256276 0.1551528323580558 0
0.288300542201714 0.08363898906410569 0
0.637085131533366 -0.05744297841585216 0
0.4545343799828828 0.07683343315355161 0
0.1583769920392084 0.05739211645713112 0
0.9522225101942887 -0.01952394794021004 0
0.2485395773132528 0.3074237531649476 0
0.8436979826665928 -0.3690493868880947 0
0.3073571179314143 0.0912813766349739 0
0.2494367324128808 0.07993086615809358 0
0.6661863876847028 -0.0467770902175509 0
0.890282915675557 0.01889374830624374 0
0.3505175271309892 0.414772209641789 0
0.7280560427972937 0.2265243006698983 0
0.3380034131103192 0.1003586600930089 0
-0.08951360618974849 0.05307779794918403 0
0.7939843979749434 0.1912283078477154 0
0.7571690796268832 -0.3312692807102394 0
0.5025603782666694 0.0687319924363412 0
0.6570540579639835 0.2692040204810512 0
0.1321454351364356 0.230494718511111 0
0.5097212914970795 0.06719579210258815 0
0.6368398574811662 0.04622571771182526 0
0.1618583210929638 -0.06202027842403747 0
-0.06380822637446625 0.04856506115837333 0
0.2215299868944955 0.2322510294956321 0
1.113453493714315 0.01730911103602618 0
0.9582244889954851 -0.01390478647221608 0
0.3953540301337976 0.1043748564238773 0
0.1852656489826716 0.06357047177414565 0
0.4028429246057911 -0.1484496572714168 0
0.1779047404184803 0.0663274655276502 0
0.2414854174601808 0.07420567635651647 0
0.7195407841552341 -0.04145699928486234 0
0.8455168554824484 0.03535976704433744 0
0.5454498600759057 0.05745273628514794 0
0.9666196644562737 -0.1923767159275567 0
0.3619740992434607 -0.1376974681501383 0
0.1670172769431033 -0.2381767857597052 0
0.7660928464667301 0.04252479332735529 0
0.8220219925065255 0.0532127224904157 0
0.2124278959027916 -0.08117575309616611 0
0.6260407819822175 -0.06857765964397369 0
0.3283677428671741 -0.1238471962531362 0
0.6230345884717248 -0.1052577694313317 0
0.8386247352050132 0.05050525770886868 0
0.8540650297503489 -0.2154354785189896 0
0.3470798424208388 -0.1488417722082306 0
-0.001644664117417014 -0.003200374358432756 0
0.7980488063288375 0.06186553457240365 0
0.084504943721548 -0.1732757058086597 0
0.9735766332489574 -0.1460842138817964 0
0.4290574194810424 0.2533512232493612 0
0.9333045956038677 0.08972450200440504 0
0.3334209981768312 0.2618625277484646 0
0.8026924882898452 0.1602441832679717 0
0.2115636952672888 -0.2572255099087731 0
0.8414490433939246 0.1272011337264692 0
0.8266205954483137 0.06215038102436646 0
0.6521928432235724 -0.05142211250858369 0
-0.05136227528441841 -0.06440835461429414 0
1.035966577512943 -0.06959129968765007 0
0.9774682075130006 -0.02146880153350438 0
1.004769423368039 0.06248130577715785 0
0.5356777936253192 0.06513517509038771 0
0.8895242888456786 0.02799956135404632 0
0.9578025430247832 -0.02247862019610261 0
0.8752128824032576 0.03268057774031233 0
0.2053904691859509 0.07572664910271285 0
0.1244712119957991 -0.05350644334059912 0
0.732916797989788 0.04417588602564302 0
0.6399787668069168 -0.06244471171014743 0
0.7326401240160552 -0.03640672909780389 0
0.092617403140272 0.04879671323029383 0
0.5522487323470917 -0.1341958223241558 0
0.9242283046407427 -0.0176683872730579 0
0.6747580324747205 0.04563169215394967 0
0.6622221559348423 0.04703679264433836 0
0.4350369709727677 0.09519216502708872 0
0.02406879943012721 -0.1383540555210717 0
0.630113457112023 0.05311417916134246 0
0.9871630744150881 -0.01472955982404808 0
0.1984252642717247 -0.07874338696855188 0
0.2421131585213941 0.08141851721560192 0
0.6513093238466903 0.04404291681383908 0
0.1767280204488791 -0.07178695545460033 0
0.1864526300807797 0.0678197358487569 0
0.3852950336445894 0.1118947007791075 0
0.7522053134525091 0.04605149773736902 0
0.774528911994175 0.05076348802542682 0
0.2443893172409731 -0.1063708374384535 0
0.9078870227590662 0.01644117552109525 0
0.623184591561643 -0.3086008020592737 0
0.1554829843506141 -0.1987716329441817 0
0.2938918107063554 0.08598303207485676 0
1.049890481805828 0.04896505375984514 0
-0.03236705900642119 0.0849045867675481 0
0.07508636881159454 0.0452073382175897 0
0.3168678022737456 -0.1327960932865583 0
0.6956238952040641 0.04756842052869704 0
0.9456139928498946 -0.01880064768788441 0
0.5320765917984851 -0.1328025199678189 0
0.6697375024973433 0.04259020478792048 0
0.1656782163009689 0.06642546229310684 0
0.8789736604457268 0.02770180275953055 0
0.4613845911662807 0.07526328058822837 0
0.4853642630102145 0.07456323313115849 0
0.9287971241246697 -0.01835802112731148 0
0.8922928244823892 0.02239472097973988 0
0.2193294071468314 -0.08834471714450931 0
0.4670085275042616 0.2422377061835117 0
0.4394439553048742 0.08524382024637443 0
0.8651349859454711 0.0300160561648237 0
0.6332010298572002 -0.06913409407229239 0
0.5779016221357705 -0.1200872629564473 0
-0.05708899199799315 -0.03449986360302221 0
-0.009450497932306064 -0.1264935201293549 0
1.075319538407747 0.005026929782562002 0
0.9964599019175648 -0.008763769648500286 0
0.9908960231567727 -0.01038210695488828 0
0.6143047538655165 0.2674264225956497 0
0.7999920361209154 -0.2690365154483009 0
0.6744022031102097 -0.05329627574062837 0
0.6301421155080946 -0.0934494670109892 0
0.330048865107423 -0.1394675063792808 0
0.2171593941567221 0.06934617832498557 0
0.2051467879138415 -0.08164194168389859 0
0.4451586592123309 -0.1595651411621522 0
0.7239086685089116 -0.03731750350903319 0
0.5232311495534747 0.06295741879015934 0
0.8632711178384778 0.1289767249551853 0
0.7094624810559449 -0.2905779511668145 0
0.4475709552799293 0.07862760259917129 0
0.7266706706187668 -0.0370093128727139 0
0.914714414976082 -0.01648599429660273 0
0.5671866924782922 0.05151536956957699 0
0.9019228182125021 0.01718577083573319 0
0.2553006037970721 0.2363396629525133 0
0.9369258246881069 -0.01761865539487836 0
0.0303405758732958 0.1243840190902077 0
0.7621062094856973 0.04545499767539084 0
0.7705299870390054 0.04463646902253397 0
0.689562682855666 0.2268926488032151 0
0.6791456987454627 -0.05545773836002499 0
0.6700358063741771 -0.05038463739995817 0
0.6298119335828654 -0.07565081231241486 0
0.502765397751102 -0.1455545935554002 0
0.360452863274507 -0.1525007159128379 0
0.7594721327253183 0.1922533819666292 0
0.2635723811762652 -0.1045053778153227 0
0.2680215345563 0.0888667276152731 0
0.5617320506429035 0.05156285261323147 0
0.555786333225999 0.05235934952292158 0
0.4973525987799495 0.07669277645597877 0
0.7875335337072749 0.05431009925844371 0
0.9029760888435605 -0.01784979446482415 0
0.1480362868535063 -0.0567830397256166 0
0.1420814299042247 -0.05661065196032602 0
0.1646305932926769 -0.06656743980279926 0
0.3147199112970125 0.09511909576669106 0
0.4730283010430925 0.07619053365789111 0
0.4815971541193994 0.07002737037145003 0
0.7482607821979591 0.04263978733343857 0
0.2558399949657639 0.08115959610265763 0
0.654179241097068 0.04459048091214558 0
0.7996959898485729 -0.3240165001912517 0
0.182631777906918 0.06735994365148557 0
0.237321951135734 0.07610461243988698 0
0.8795670981593746 -0.02335945339770287 0
0.2991602871850674 -0.1201494898159133 0
0.8522735323726089 0.0369259765817993 0
0.1303865560186671 0.1975080489418464 0
0.2689311118670426 0.2645383359579682 0
0.2404230935568964 -0.3590340513458647 0
0.6978834038387683 -0.05152387841040846 0
0.2701772288918887 -0.1101114950527206 0
0.2792251640365593 -0.1102023171871096 0
0.4201867518906319 0.1029672379480039 0
0.9171850545353711 -0.0188326245047042 0
1.105272700072118 -0.04052883512063314 0
0.7137743305557659 -0.04634537365570918 0
-0.07042718202077314 0.0216748720745963 0
0.4712428977988956 -0.1546539590012476 0
0.3297624449246066 0.1044066583908194 0
0.2279712716395649 0.07651855785397553 0
0.8925235268464151 -0.1993340725457668 0
0.4145085456048817 -0.160024324935033 0
0.8145459714141999 0.05881185637404702 0
0.2244083750492776 -0.08183356251280377 0
0.9261262932165126 -0.1989831039621039 0
0.2354796871085309 -0.09778564979269447 0
0.3006059382911378 0.08851254085254434 0
0.7413086748153147 0.04230216068583527 0
0.7626495264001678 -0.3871153612344539 0
0.3659375638099669 0.2596828074015491 0
0.5144249603995086 0.07222124926469764 0
0.1870373855114844 -0.07545999751206943 0
0.8951495011555604 -0.02213050414955059 0
0.8461007559364895 0.04645417437937353 0
0.1529488668906708 -0.06063093948371245 0
0.8459339787987217 0.04108131255968799 0
0.5253227499894828 -0.3056744176984634 0
0.835048245242128 -0.419938170291444 0
0.3472075917021192 0.1038179249030125 0
0.8593796165087542 0.03567851096064219 0
0.1346693703366368 0.2598835152523203 0
0.5486317417486026 0.05915330769923037 0
0.5532617821614121 0.05569793422450234 0
0.5451050032240438 0.06125187884264533 0
0.5504948674169544 0.05667263383324579 0
0.9706470520563063 0.08426521803627664 0
0.1198015206706115 -0.1860296859754188 0
0.1569638671059083 0.06126625638039679 0
0.3883232927561677 -0.1520099429451238 0
0.4050118151286564 0.1092489646338095 0
0.9024362682832682 0.1137598666034096 0
1.006461954030412 -0.1190570496582649 0
0.789333092266704 -0.03042035937798004 0
0.8428354590492231 -0.02431336439876844 0
0.5496609569230826 0.06361600685443815 0
0.6345564437114832 -0.104621156874843 0
0.8545814363837136 -0.1804656180427555 0
0.4154463414496493 0.1132938179641153 0
0.7750952277014518 0.1629803849039868 0
0.6956637473771914 0.0523233304952029 0
0.5192967219285883 -0.1570193160346075 0
0.6742591694030421 -0.05849084356819102 0
0.3474192200648408 -0.1636030455911846 0
0.1230495427798714 0.1659291557337779 0
0.6527530577794138 -0.2613418095629393 0
0.08538587977500192 -0.1424984871337484 0
0.3016446726566348 -0.1326873285312596 0
0.9704923356121484 -0.1139601199755843 0
0.9251199463441395 -0.02141216494814634 0
0.2514578498197728 0.2027870872975271 0
0.8465103197993831 0.05379985354037374 0
0.2760275231025622 0.0938987826544912 0
0.327456315975391 0.2246420169731387 0
0.4386427422939106 0.2184327369218786 0
0.02651853334212052 -0.109714518277685 0
0.6784535880767184 0.04949057767090094 0
0.5101061704864406 -0.2686670835257535 0
0.01128015860673493 0.1064078388375392 0
1.055425516127257 -0.003267894517783728 0
0.5688339586781166 0.05519583208889946 0
0.6916389786240709 -0.05647624542538886 0
-0.03029963351996894 -0.04849033529423787 0
0.9083463920136566 0.01899262617801253 0
0.8394444955379416 0.1019411859783508 0
0.8902288722463633 -0.02707640692986363 0
0.6133971155017595 -0.1177167923458773 0
0.520453552793672 0.07227335091945003 0
0.7084938203222797 -0.05129800933331073 0
0.6515402809946489 0.04724095135182151 0
0.05926852880220779 0.1445690100251363 0
0.6099220937369997 0.226589881475307 0
-0.04124328621907648 0.03029014948067443 0
0.9139544639467179 -0.01985536826756399 0
0.644412928686162 -0.05254986171088738 0
0.1450666423376127 -0.05910391797264525 0
0.132701824060569 -0.1610574010320588 0
0.2935039037236927 0.09405000005393574 0
0.2566446243839507 -0.2640997763412409 0
0.1179952000454473 -0.05294376153063227 0
0.9060735107766972 -0.01956290398117163 0
0.8990362877891985 -0.02157277061273376 0
0.217380306593252 0.07552945013748352 0
0.5032741064230476 0.2350958312353426 0
0.8835695997177919 0.03155075876872906 0
0.9325645678973836 -0.02078935882013941 0
0.1562045909428359 -0.06510102865032927 0
0.5405691639163549 0.06635154119320756 0
0.5710796227888306 0.05103438219013 0
0.8960819808423524 0.01829546360030003 0
0.5919766644244855 -0.1202531283857486 0
0.5680848663436125 -0.1383190648645474 0
0.8639546802078798 0.03467263689351634 0
0.2004777153295067 0.07956962636576458 0
0.2329279672601888 -0.1072207674197985 0
1.050385733561843 -0.04628789589689299 0
0.3069926201827241 0.1003009747637335 0
0.1694230342781836 -0.07113122945434094 0
0.1530992639852223 0.06105013554336557 0
0.6851986102751886 -0.05801685433735422 0
0.2617155450759232 -0.114854839740836 0
0.7023600172234258 -0.05239919390395054 0
0.07114821127251925 0.04408252047475786 0
0.562000241950634 0.05502840388488908 0
0.233980407943441 0.07989006726585204 0
0.5277677033845452 0.06718744178707374 0
0.5570023116905988 0.05614115794563521 0
0.6563918639382981 -0.05213777959982873 0
0.670006763319738 0.04592912782958403 0
1.039560620174741 0.02694604495313095 0
0.7285863895827245 0.04464191324171524 0
-0.05305113181353976 -0.01100416268988858 0
-0.03070876644361508 -0.09265996287233202 0
0.9648754942511584 -0.01774996385075086 0
0.1841464226753854 0.0731961016765751 0
0.5083187216269333 0.07285385128193173 0
0.6420857879744306 0.2246548515671147 0
0.4436689545095387 0.09450819575159283 0
0.4601367451794065 0.08195603203970619 0
0.4836283110336081 0.0795612208414587 0
0.9538753296779614 -0.0256821657838612 0
0.7684775859306366 0.05042800985310812 0
0.3581050991887499 0.1037702133414692 0
0.7465759902208698 0.0483037692579958 0
0.7530232053928113 -0.2844324098243975 0
0.9115790581278936 -0.01608904948076062 0
0.6267470223392497 0.05009554381619308 0
0.1653260028807148 0.1916653680684163 0
0.2905099744193849 0.225942887677136 0
0.2828606804112007 -0.3095253101170705 0
0.6326026012399026 -0.08407584809739362 0
0.639646171027741 -0.06873426360720516 0
0.7273269094225013 0.1887277111613024 0
0.4904879937202581 0.08083333115751808 0
0.7178335794379854 -0.04512748932769626 0
0.7372785033502225 0.04364205439966762 0
0.6482439497364321 -0.05181905721810495 0
0.44654219247869 0.0859803562745568 0
0.7386156543045295 -0.03535156595009832 0
0.7445802214722768 -0.03518356172556061 0
0.8373869852951628 0.05946272655487772 0
0.5529838529249924 0.05957969490879132 0
0.1487161424890292 -0.06099377346489573 0
0.5720385206054402 -0.3016187765061236 0
0.6603339919883062 -0.05015156009811063 0
0.6656921329852822 -0.05112381113121139 0
0.9925111031922054 -0.01544050377514697 0
0.3136887377949756 -0.1467154671451336 0
0.7358257236235866 -0.03680951627053985 0
0.729795221126127 -0.03724444308466934 0
0.2117831457260283 0.07430727875536836 0
0.5031882561741965 0.07502833416727084 0
0.7805298636521949 0.05759136739958085 0
0.6580260956627338 0.04713607375039822 0
0.7570190609590666 0.04860043409208564 0
0.2997249977988227 0.2595903871168324 0
0.1550224320457388 0.06592576036753436 0
0.4673484203077631 0.07814274962051126 0
0.6423212969417085 -0.05724121667492678 0
0.4280637601628481 -0.1707039451563524 0
1.026156455482491 0.06035047148675693 0
0.8065763218243801 0.06551382992446014 0
0.9084514101130066 -0.01705691522139852 0
0.1918111847031658 -0.080361460489944 0
0.1970740379494193 -0.08526695361007193 0
0.2109847831454887 -0.08927548252758824 0
0.2503715249766834 0.08715284191389769 0
0.2603640419356313 0.08977970400964487 0
0.9210487824273997 -0.0200952234830642 0
0.2225720670466953 0.07972447890518237 0
0.5320511742547051 0.06120781947305401 0
0.5232839787824086 0.0686970383099455 0
0.3956652576168082 0.1161362307023062 0
0.2257115256274062 -0.09846039656366126 0
0.6698586879124167 -0.05528152917823154 0
0.9044964967052729 0.02060853122798225 0
0.8951772857604118 0.0268482342963355 0
0.672701000815692 0.04247136859397115 0
0.543819487627144 -0.1208635352599976 0
0.8795680209212664 -0.1652418810202457 0
0.8985225588343285 0.01724125879751478 0
0.4854690416893938 -0.1548075707485677 0
0.1378943401344816 -0.05868725177821658 0
0.910588532811027 0.01620555395207187 0
0.2062832212790401 -0.2179155301106883 0
0.4785504395936692 0.0807990636738683 0
0.9499600964822488 0.07968687850200981 0
0.9408567732831722 -0.02086511764215002 0
0.8688913912562471 0.03448962670853701 0
0.7232957012639396 -0.04089113387065911 0
0.3766216777057055 0.107034258912891 0
0.2867058624434217 -0.1213367145226068 0
0.3282121048532908 -0.1569723445153104 0
0.1731424009164942 -0.06633976933586103 0
0.1111954766828202 -0.1559781869033724 0
0.4298096527061271 0.1030395992884772 0
0.2491206518483887 -0.415862304135053 0
0.76632951974912 0.04682003138031719 0
0.5839241068325171 0.31007960783953 0
0.4596652951784364 -0.1664903459105157 0
0.3398743565581605 0.1111140138859264 0
0.9847990112923938 0.06153681689695804 0
0.05458025720430235 -0.1256073432719905 0
0.4007156766723504 0.2596256232086724 0
0.8513780576432448 0.0425254447298391 0
0.8791726608432273 0.1124154070598673 0
1.007594023344079 -0.08393812517851207 0
0.6998011383685475 0.04810271677668879 0
0.1804043104425983 -0.07734597635768745 0
0.9137698621168927 0.09028053202491231 0
0.9140611558990115 -0.1622124371820042 0
0.3940555106274425 -0.1669524725489521 0
0.7933613261427036 0.05673962315886365 0
1.096353578911159 0.000261417561563076 0
0.8046766603504445 -0.2186723105317502 0
0.2882237841536657 0.09004823772917216 0
-0.001638502135603292 0.07934947606064778 0
0.3723755692240214 -0.1620769518066213 0
0.8156287484765083 0.1296181950296068 0
0.06835348782354461 0.04656681150021698 0
0.2521398464915988 0.09439889342984131 0
0.8529171506569724 -0.1542427175736736 0
0.6165076021040443 0.1951001066012631 0
0.7403296348250203 0.1643397595817143 0
0.4280235306778065 0.1141299931234659 0
0.3842287188216851 0.1237825911254018 0
0.1140109682062567 -0.1331734184687403 0
0.6689868347206819 -0.06079173620844763 0
0.3754980641941565 -0.1817397505150371 0
0.9327619975835304 0.07113290086233678 0
0.05165691988179492 -0.104536844463451 0
0.1572854969561727 -0.1679368729960704 0
0.1526274233693364 0.164028406057943 0
0.05507736638659913 0.1192454493702628 0
0.6604956721208532 0.05070513438020455 0
0.2975287885047797 -0.1510332374322205 0
0.7774016520172086 -0.03171403935376787 0
0.7963997787706727 0.07096578958666966 0
0.8544529943069588 -0.02319155672248887 0
0.8318376430950047 -0.02578644737497422 0
0.2784479841645512 0.1934566468842758 0
0.2222890354240086 -0.1096857387662867 0
-0.001595435814772723 0.002868738905086515 0
0.6384777319651617 0.04908526699744897 0
0.9922190133043065 0.04440143395036966 0
0.84664254973895 0.06304741475354134 0
0.8739376373734524 0.03921259746416647 0
0.051996027020083 0.03931636759053343 0
0.6842303158112344 -0.2562027942341923 0
1.010568883640158 -0.05737681631583208 0
0.9596392498882456 -0.02909154801046198 0
0.2470309752088085 -0.2228754305121133 0
0.9122302646312833 0.01960424524810003 0
0.01725771943500878 0.06941521712440812 0
1.032657197696468 -0.005998934839814222 0
0.9988403957341696 -0.01463339270234671 0
0.732656935661834 0.04876470076257324 0
0.7326163834303318 -0.03915720566365909 0
0.8358918393947184 0.07175412475390158 0
0.6961807350999657 0.1949816185961248 0
0.6478932294839246 0.04805853005705939 0
0.5342426888590638 0.07090219139290577 0
0.6454654061531181 -0.06196943970234997 0
0.82187130148022 0.1089145937695326 0
0.3293062665816132 0.1154346250526359 0
0.3618605708202977 0.2250438373332169 0
0.2072577567008302 0.08177228603981591 0
0.5692320493474357 0.2181835388925844 0
0.5527135985306777 -0.1521342912902359 0
0.9639779493414157 0.06525125751325873 0
0.2200463225272137 0.2009803812657008 0
0.7953065778393325 -0.02932912961703318 0
0.7714089753885818 -0.2438820689624042 0
0.6827397475680612 0.04864640635965663 0
0.9087518359887323 0.02423252527065588 0
0.4665621095081447 0.08567412397487759 0
0.9216217971546063 -0.02483654871576449 0
0.5101053017076959 0.07810448736255635 0
0.4965454535204868 0.08352036967499922 0
0.5545009429370458 0.06507629940718404 0
0.1459644703487652 0.05599405978636578 0
0.143885177532184 -0.06294217284970555 0
0.9872109936058246 -0.02131109915653604 0
0.3261018296869033 -0.1777769660335562 0
0.8993870163861192 0.02109921247092721 0
0.6660036019469749 0.0466847137940925 0
0.6519917543349256 -0.05508320056877831 0
0.1633541288709346 -0.07215366982485213 0
0.3655189879849597 0.1116382425932912 0
0.89286117407462 -0.1440720109823414 0
0.6609652142932745 -0.05519167528679141 0
0.235517847931356 0.08656761875624164 0
0.571965559651056 0.05472233711692467 0
1.02634955761874 -0.04106945485027396 0
1.011099289879859 0.04117230215197303 0
0.5610298703820878 0.06024311684611613 0
0.4726030802458746 0.2087062019920673 0
0.2507013724230523 -0.1181845325111454 0
0.1899220185991279 -0.08781549294242452 0
0.09897652016545988 0.1589704975161083 0
0.3169647606812405 0.1057559144149387 0
-0.0008722299323703839 -0.09883026874432115 0
0.8160865466547423 0.06894443704081177 0
0.579632725865148 0.0529964436826869 0
0.2155103207413008 0.08189723151198654 0
0.3989945648016887 0.2251477538382331 0
0.9702289413741005 -0.02136304916156788 0
0.6737220493371804 0.04995339815893875 0
0.704573819838619 0.04787810256573539 0
-0.03469153046382764 -0.02633319611880067 0
0.7518239510438189 0.05138338737991272 0
0.1521282770833904 0.05717446705186822 0
1.028917345429 0.04040931099255609 0
0.6472810440014604 -0.0567453875058627 0
0.6405978168927293 -0.09236649243664963 0
0.2738874428823118 -0.1218241227332434 0
0.9639795653071399 -0.02286379342378252 0
0.5705315197044021 -0.2612258871372429 0
0.6111906480214859 -0.2639275811489139 0
0.1906882471153652 0.2181877821902758 0
0.6255489222556713 0.05496245575875248 0
0.9469163191189447 -0.02484048431509469 0
0.5350359534688359 -0.1508274172358861 0
0.8841868462543211 -0.02213144836159379 0
0.7505822834626565 -0.03411076108582614 0
0.7832267412904026 -0.03064582191624381 0
0.8372137301444025 -0.02523924538428324 0
0.8012696741308598 -0.0288673973340274 0
0.3257703133932497 -0.2725191768517535 0
0.7241691221145032 0.0450337078930948 0
0.857586204813463 0.04198654327656041 0
0.7630488844920368 0.05148000656609339 0
0.4905765792760073 0.08928448097315395 0
0.1740129406180201 -0.07839433243196178 0
0.2847627636922316 0.09811033522786888 0
0.8061935672012913 -0.1818169507524401 0
0.4521641657794083 0.09419925010635447 0
0.902512445346871 -0.0213579871251644 0
0.7477576483731168 -0.0355691399520896 0
0.6247363202915068 -0.1167409905318994 0
0.7415854946622441 -0.03593425287756023 0
0.07214608124864957 0.04804115350381764 0
0.285039963582718 -0.1362770491690708 0
0.7175176357210682 -0.04986164118470551 0
1.074648585375708 -0.02424417576991797 0
0.1515598378659241 -0.06485091515069991 0
0.7861834068491386 -0.03123801927255812 0
0.8998418577132973 -0.02572119971030953 0
0.7416478612856516 0.04658166059396639 0
0.7742741337372661 0.05764140649204288 0
0.7929689540279304 -0.03070514066787388 0
0.6794890440966566 -0.06115769613403153 0
0.5025310487289706 -0.1633331653362071 0
0.8937703604926899 0.09259337589934416 0
0.5404818977201913 0.2342166789232852 0
0.6368508061847146 -0.07638672876156238 0
0.9101929226029946 -0.02062902064931171 0
0.2692815866527749 0.09710751352215692 0
0.6968874922762318 -0.05661139456194959 0
0.8875346176525032 -0.02365962285047132 0
0.8891558823267558 0.03421233334880106 0
0.2814869185413152 0.08822729831407373 0
0.1415251160449368 -0.06010901825010928 0
0.6657786502617647 -0.05689957409410411 0
0.7395314075128472 -0.03909231826250028 0
0.4541688995201187 0.0844134696236529 0
0.2285839063814795 0.08342263832434754 0
0.7262930409089527 -0.04074574234754921 0
-0.04268011942695391 0.05857230172442346 0
0.5570188119944154 0.06140771295363343 0
0.08045755924008582 -0.1164128445347982 0
0.2928621667448308 -0.2612757897488409 0
0.5740593146707087 0.05156174655400887 0
0.7045158991495304 -0.04736270128215898 0
0.4071055903347475 0.1209606113019865 0
0.5992538984132728 -0.1056100986779272 0
0.8960653264728078 0.02198638084836099 0
0.1740467861556394 0.0706957346712318 0
0.7890322148151055 0.06278634618723698 0
0.4718606906870341 0.08212073010881098 0
0.8287094963785044 -0.1912753421905044 0
0.9289418877493723 -0.02308661842553486 0
0.6882570058459372 -0.05192177947248058 0
0.4091356460742079 -0.1805588434234692 0
0.5456412388980577 0.06767016445236415 0
0.5929070757201328 -0.3549340650735797 0
0.1602343565630575 -0.0665345399393542 0
0.7895933102708699 0.1329440703797846 0
0.1357534918914642 -0.05495788349844561 0
0.194655459037853 0.07369650424435839 0
0.918120147980129 -0.02297777537944306 0
0.2157894299507026 -0.09837449122919112 0
0.4837157699022095 0.08635177101418712 0
0.2027061959946348 -0.08988147186460577 0
0.07820954524284546 0.1640193393599344 0
0.3743455417682476 0.118199121895402 0
0.8584341623466677 0.1091102846588249 0
0.531515180916484 0.06522432714711289 0
0.5655928419430187 0.05452062100736404 0
0.4720329038142189 -0.1689271419597853 0
0.9604002928628645 -0.01806194498750427 0
0.7254594919449523 -0.04489528609658233 0
0.721777774785811 -0.04529744576312234 0
0.1850658826890735 -0.08153322456480822 0
0.301173794047405 0.09584540636387334 0
0.4449648549093149 -0.1801445029784681 0
-0.02657173510115222 -0.06919555832540854 0
0.6542971063573318 0.04865503729073542 0
0.8533166936560584 0.04759161671739448 0
-0.01188630232749183 -0.06210783335948103 0
0.9363995191127616 -0.02366287165238681 0
0.3528880783221124 0.1154528458264893 0
0.439438518211162 0.1061447504128695 0
0.05305704989988225 -0.03994483048102532 0
0.630764303667809 0.05755780475927566 0
0.06857567478635643 0.05060450239213971 0
0.6370548801389763 -0.1175748363122297 0
0.8537846403507401 -0.1198422427467835 0
0.2003027765054047 0.08616338592771949 0
0.1193580980102364 0.1410548347890744 0
0.4394306641741409 0.1189422601599625 0
0.5705400320219909 -0.1548922588564242 0
0.3176968956027884 0.118426978325946 0
0.003501138488514176 -0.07607905242238748 0
0.6573678562757197 -0.2256243715089088 0
0.4822932557796543 0.09454008211714739 0
0.1393070762394287 -0.06373777158171215 0
0.2592393937675271 0.1727467641981182 0
0.6776600336004741 0.05396192948609127 0
0.3284263183596621 0.1884056732201114 0
0.5207349160502723 -0.1763085009844191 0
0.4025392385369865 0.1914901154649449 0
0.9172021458103692 -0.02876341318865408 0
0.8988333351743489 0.07250434902690883 0
0.6509725211762353 -0.06130971193870974 0
0.2376204440567967 -0.1931204279639154 0
-0.03715789051330984 -0.007323996093738442 0
0.6211373443160736 0.05457375451907934 0
-0.02151535966216206 0.04289965218349055 0
0.9969268006266285 0.02748739887941089 0
0.6022068748068523 -0.229641769343313 0
0.6111717934508278 -0.1314509220396958 0
0.9312923517816817 -0.02773775531566957 0
0.542728848636004 0.2027802119726962 0
0.9132787628717093 -0.1339342056137834 0
0.894859026300427 0.03282258943222912 0
0.6514051541625423 0.05112920861290617 0
0.2100347944262327 -0.1102773348893224 0
0.8481255548406823 0.07483185448921666 0
0.7152042009449784 0.04586533653569674 0
0.07707618377358559 0.04885280815942443 0
0.6858778170594388 -0.06506752402788628 0
0.9135734512051019 0.02390907288454875 0
0.3427087819888961 -0.2350910598656318 0
0.7714355154437923 -0.03235507946085855 0
0.8258234796552966 -0.02646712822215461 0
0.2735338263258592 -0.1542930800425971 0
1.002532571119873 -0.03583117818106266 0
0.3532802831909342 -0.1848945389188086 0
0.6648433948263103 0.0516754534876045 0
0.08359383094143799 0.1386910746499726 0
0.8611824850196883 0.04887422703347834 0
0.2220358964203438 0.08679881331048656 0
0.9169098175196178 0.01985453820309237 0
0.96957273819203 -0.02818989918445677 0
0.7837860195345113 -0.03463009060623105 0
0.7884448286116881 -0.03365155945922146 0
1.002433786075678 -0.006749587360863053 0
0.5718767575078567 0.05893151560702556 0
0.05816718005489986 0.04028203617066582 0
0.4460004415670355 0.1888616317756446 0
0.3729619486024328 0.1315003582285413 0
0.7865015907884926 0.07291781520901403 0
0.825770191867148 0.09203053906117586 0
0.6425042805228297 0.0451813444316851 0
0.5659968247885389 0.05903137926976199 0
0.9059468191433339 -0.023954793648098 0
0.6669597584831817 0.1959088438435669 0
0.743805834428827 -0.0385939787500898 0
1.0040978447353 -0.02275352146143517 0
0.503892647454051 0.2019572022182829 0
0.5262922906621013 0.07410496669024805 0
0.1801577104287876 0.1607614396087149 0
0.06463733175796783 0.04731324443289842 0
0.5837525759326041 0.05405301945515449 0
0.4999006899429852 0.09086629442525621 0
-0.01981079944652408 -0.03661861924358337 0
0.8823389099254396 0.03782362594789856 0
0.7031893425189079 -0.05891605200004703 0
0.8652480232873867 0.04176833810947628 0
0.2970087169057865 0.1029688684591723 0
0.9166971573455797 0.07367438616162306 0
0.9041811629996996 0.02510803512634746 0
0.638267123854109 0.05317164365107924 0
0.7197599275595461 0.045380537257497 0
0.1575890706788239 -0.07214578891106879 0
1.044551369437714 -0.02449894341142722 0
0.4509990308954764 0.1024837743152609 0
0.5756390309041794 0.05491343297869901 0
0.1331157329585269 -0.1405280775868835 0
0.6559958989613391 0.05252260474398394 0
0.6453478822854483 -0.07523199865005392 0
0.8719242276077012 0.09244866311418895 0
-0.0001808399500223475 0.007993063668019348 0
0.6464208401814051 -0.1035980558841321 0
0.825006577310359 0.072748921121503 0
0.6458574269599997 -0.06731905451233852 0
0.1787736779416917 -0.08637182834366464 0
0.2345803494026315 -0.1208472938465804 0
0.2082471441956581 0.08911198715236687 0
0.04625032894212194 0.03732886801645212 0
0.4745698653002221 0.08883309047223611 0
0.7565166619029515 -0.03348643762336957 0
0.6918619782211802 -0.06209815305943574 0
0.8608773818800693 -0.02226226294283355 0
0.8075756562764019 -0.02814230629925083 0
0.2600817867924015 -0.1287184881896155 0
0.8390339236177899 0.0873451782622474 0
0.7292558079489375 -0.04474170272182099 0
0.2458089986060525 0.09836317698032493 0
0.6871183491381144 0.0487972000327086 0
0.7639675933736856 0.1376366202178063 0
0.753806170037172 -0.03467945771655737 0
0.1981150599673185 0.1842119184162531 0
0.7575828692913384 0.05482911620510459 0
0.9462350665966048 0.06411989584376028 0
0.7744835796812293 -0.03257389818029979 0
0.5407423801107685 0.07241465637852261 0
0.7807867890401767 -0.03217178929397373 0
0.6559618100433015 -0.05689396302288011 0
0.7980817780384797 -0.02968901984366269 0
0.6344078544900645 0.05417648252284246 0
0.9412719661023451 -0.02669756724127359 0
0.953439758824691 -0.03171205449541532 0
0.7354437855144955 -0.04061559207939424 0
0.8062466425990904 0.07604183699364314 0
0.7283278467548945 0.04921414990007592 0
0.1850165476484607 -0.1693984217683437 0
0.3419286461176734 0.1228776267857236 0
0.3970437141726689 0.1287510487312527 0
0.7688121182233059 0.05594307123770019 0
0.1700463688482193 0.06701483229879862 0
0.6452864819236346 0.04492344851999808 0
0.2618525955139419 0.1002616125873279 0
0.7304988881504205 -0.2431616902819032 0
0.6694480739542648 0.0506053270875444 0
0.142937030067757 0.05586589176258963 0
0.6406630985380024 -0.08318543371168174 0
0.7514949091983517 -0.03753953693627667 0
0.1485900268921416 0.06046671839344822 0
0.9141968763969575 -0.02425000232979126 0
0.306300149329308 0.1097919029477266 0
0.9947497168846612 -0.0244034975543592 0
0.1675049667111243 -0.07766855134353155 0
0.7960602598445882 -0.03303139422740404 0
0.5366143776332757 -0.1677123158785387 0
0.8555675384052628 0.0553117519223634 0
0.9257439887730472 -0.02663645259159172 0
0.1493051999879686 0.05653823650603119 0
0.7295034360786536 -0.04045093036203155 0
0.532495613827882 0.2688440393798242 0
0.2695270062767314 -0.1370615707412011 0
0.748145146374295 0.05402364557949944 0
0.6737865101355345 -0.06453315963141598 0
0.8247559266711699 -0.1592313133544901 0
0.4600153316884597 0.08977886044130459 0
0.7815018530167996 0.06651556469440788 0
0.2782111762894239 0.1047911430090083 0
1.022104560521632 0.0262489953671256 0
0.4850141443606771 -0.1755190544591591 0
0.6039127593088436 -0.1183969032666618 0
0.7370867559596981 0.04930751814695865 0
0.1004151795489664 -0.1225523577799687 0
0.1472810923616884 -0.06551351895088635 0
0.5036736180494586 0.08173572658986844 0
0.228776558921254 0.09092013068076003 0
0.04647200069992035 0.1005383038225619 0
0.7619724553992381 -0.2126593929284478 0
0.4194957255550349 0.1252538970697693 0
0.3899863132355275 -0.1891333722706647 0
0.5509853645055971 0.0693230465434698 0
0.7235477636306592 -0.05013202363910191 0
0.9722177899596783 0.04857601130314664 0
0.3633643780785773 0.124767009384088 0
0.1937882195320918 0.08004875895718198 0
0.05528088458866523 0.04012036592745528 0
0.8851074779801335 -0.02679302938746362 0
0.06375646674797943 -0.1103111985385291 0
0.4251348238103866 -0.1935783783983654 0
0.8019974765264895 0.1072961999163712 0
0.2790186039860592 -0.223824960501053 0
0.1949707382575291 -0.0941817609609024 0
0.7102978946884322 0.167121738528352 0
0.3071238206275589 -0.1674968752701322 0
0.5891078188075523 0.194336099495133 0
0.8997879501551426 0.02535621941757243 0
-0.0003921261711673206 0.005045264377236862 0
0.204931297885977 -0.09781242083424242 0
0.7930565537384069 -0.1600357875397726 0
0.5978460302152786 0.1663109452889063 0
0.06351156212472436 0.05266681434823465 0
0.6504743227819334 -0.1167350020143842 0
0.1012612083739594 -0.1051768038165205 0
0.2004249643290412 0.09451866087286453 0
0.6927065834653848 -0.06874954630697251 0
0.1678797540528856 -0.08618894748371432 0
0.0769188071378442 0.1159553272339 0
0.6510775121529728 0.05553975354560839 0
0.5127306978914083 0.1704509561859073 0
0.07129040414678477 -0.09873982978595879 0
-0.003607908615485831 0.005251273934416458 0
0.7286387678272186 -0.04958035444793311 0
0.9181139701046533 0.02508623515534126 0
0.1417149558851288 0.1420531474227642 0
0.6676531918959392 -0.06742914923369957 0
0.9187879360956019 0.05945847504909942 0
0.9131611944773229 0.02962221226574625 0
0.1546412266053763 -0.1445594752300557 0
0.8640566642275511 0.0581749895370466 0
0.3052629558432354 0.1232963682007736 0
0.5871260001072836 0.05698742028431786 0
0.7410463926632224 -0.04306178207846503 0
0.5431106422701446 -0.1885015100426736 0
0.7190334092803932 -0.05531138264877147 0
0.714230146949358 0.05096502645863389 0
0.4508751419406255 0.1155073011313504 0
0.05257838409797647 0.04297028859782809 0
0.728893207554972 -0.2076106518782454 0
0.2863692391511645 0.1675540119721815 0
0.3982897665253815 -0.2082918727945234 0
-0.02298424071118713 -0.01924852236366071 0
0.4464955442294319 -0.2028194305523344 0
0.6525411931304119 -0.0681870216935687 0
0.9057314840298659 -0.02901702424829465 0
0.2580119734813935 -0.1445165138762721 0
0.7332625875973455 0.05426966839233341 0
1.005397520834018 0.01663591786761952 0
0.2058498653569412 0.1617807690260809 0
0.1867906890411727 0.07999965461997968 0
0.2870275637933059 -0.1728674013666555 0
0.4724623448891759 0.09901096105900234 0
0.04782128505921422 -0.03777427089310535 0
-0.01991546740291101 0.02567099872532884 0
0.6485769347408716 -0.08371606888379482 0
0.6002938979934931 -0.1341528634650306 0
0.6137105733161815 0.05075567704653648 0
0.7656639374639463 -0.03315065671662648 0
0.8643419331524183 -0.02242553559687439 0
0.8799152926382766 -0.0277515215164781 0
0.8102785723098671 -0.02849723855370395 0
0.8193943789961905 -0.02733420912576506 0
0.8799811778711618 0.04441832178652198 0
0.7961523266109891 0.08071130890019529 0
0.708394235166989 -0.05632466345307351 0
0.658071263211529 0.1629647253727063 0
0.569825784534574 -0.2264378215719799 0
0.3759457886374551 0.1934322928108395 0
0.669144559490344 0.05482822499105701 0
0.6607299033848537 0.05569662824475018 0
0.5565145180513995 0.07110723431545449 0
0.8878653481231435 -0.1170284637020031 0
0.6414759133679174 0.04820455764371876 0
0.5189973831053742 0.07977993682051589 0
0.3030486494742408 -0.1952906328681807 0
0.6896113158070362 -0.2156776322243112 0
1.014243586418551 -0.02924280869954646 0
0.9617557075182823 -0.03825658733317846 0
0.9266488834613564 -0.03439879082905437 0
0.3660678780246107 -0.2700503266442092 0
0.2205472901278451 0.09607995387230718 0
0.4588747893161849 0.1087249904141348 0
0.06242032404739969 0.04330765391059476 0
0.1397053541468104 0.05800407012214852 0
0.5321073239637224 0.07778653428736723 0
0.617989911939162 0.05088376359940973 0
0.9787745876744782 -0.02944999510287723 0
1.027484721616166 0.01059413214769096 0
0.8087465466680527 0.09003817490894489 0
0.9915600376454123 -0.0352514486917635 0
0.9186552643435333 0.01548357662789805 0
0.08069585483472838 0.04647044687892972 0
0.6854079830469076 0.1668846229512335 0
0.3740506990650616 -0.2004455462809198 0
0.8536430066607037 0.09044490347370905 0
0.7404826465921882 0.1407353740520774 0
0.35973701487546 0.1397255416055527 0
0.7766824932545741 0.07375237019676614 0
-0.02240862382534419 0.06570373418398044 0
0.8735918813374065 0.04542911302248015 0
0.9114827849145887 -0.02987113506505603 0
1.025410184448906 -0.02343422537702938 0
0.2278909783452325 0.1722884600032315 0
0.9575537348219427 0.04430240278396419 0
0.1863941453505446 -0.09619564271860077 0
0.2099082965815454 -0.1850810513353233 0
0.1343257835019957 -0.06318515301391756 0
0.8949002658829259 0.03903116835736473 0
0.1501021883036008 -0.07106973746333328 0
0.7765752731318076 0.06401908688946505 0
0.0002807111107170918 0.01219061244933715 0
0.05808056547997857 -0.04195782024759323 0
0.7594531398037665 -0.03398330210298017 0
0.1351371431950685 -0.1214358070914266 0
0.6571539764486272 -0.06204166388545067 0
0.6632717677119433 -0.06181871523556814 0
0.1864422283546823 -0.197110571610286 0
0.5530848532101476 -0.1690109978559891 0
0.9324239737141187 0.05662094993152603 0
0.2214536453339659 -0.1232448404742187 0
0.2882278408977041 0.1073620946861636 0
0.6239704043054911 -0.1318074648750472 0
0.4668250549576032 0.09247848429857963 0
0.3304699537157038 -0.2027702249040498 0
0.723701173760908 0.04952902993298985 0
0.5021273432688746 -0.1824848510374285 0
0.5801656114637032 0.05727651116427258 0
0.2537244290355444 0.1041098981650196 0
0.6794415586854592 -0.06827996400239963 0
0.6980328529091027 -0.06352398379177152 0
0.7478718645870255 -0.03931975151072901 0
0.9084453324813468 0.02944882980152597 0
0.7686616061913074 -0.03334345688471073 0
0.330949038930981 0.1283141524764914 0
0.386435156178596 0.1397659633549691 0
0.8886182766699366 0.04092769503471504 0
0.6519646131044693 -0.09217514226251139 0
0.46590881401696 -0.1858937719999869 0
0.2152304488008973 0.09059567580761525 0
0.716534462775881 0.04173225454962724 0
-0.04694500610005393 0.009254055585972136 0
0.9097173632244901 -0.02541487147239747 0
1.006184660335832 -0.01308138333210684 0
0.4912840003346691 0.0981392809872659 0
0.8575599586248855 0.06615202560097432 0
0.9416438687564014 -0.1318049066903014 0
0.07391476227840402 0.05249998834984654 0
0.6471760945962323 0.05223962233145957 0
0.2372291869130879 0.09656955175155432 0
0.9222347918883806 -0.03014874204859258 0
0.3020000691862704 0.1947750150453483 0
0.7790109298004261 0.1118471000576079 0
0.7635643468469686 0.05760134160855046 0
0.90408816549222 0.03178428841317735 0
0.5762816509589543 0.05928970228927335 0
0.192587360182372 0.08787762291754915 0
0.5852366111311866 -0.1389819328960695 0
0.9357032608409893 -0.02875004260947795 0
0.8183683278632421 0.08058476199322594 0
0.7328822028800819 -0.04298728702439851 0
0.2433246061557716 0.09045249099575012 0
0.9787642753310647 0.03461926111385984 0
0.5615541579192005 0.1913625933983337 0
0.1434215396816341 0.05955558377080307 0
0.3524910913249521 0.1283525721960668 0
0.2713618293421866 0.1067645267688485 0
0.547353221585915 0.07303511240784541 0
0.7521972953144395 0.05806764491013001 0
0.4104137685444059 0.1344366257194763 0
0.3123130782171634 -0.2317953074565849 0
0.02804977403403364 0.1022427515726917 0
0.9990133416862365 -0.0037822664951744 0
0.6382873817083855 0.05807780580121362 0
0.6309430380787652 -0.2354017606908529 0
0.2479306480165497 -0.1337938015895884 0
0.1422457339220611 -0.06831443052966391 0
0.8219417108554994 -0.134539725181648 0
-0.01329852915854566 -0.08056993753105335 0
0.160855160447469 -0.07877118586267083 0
0.7434505611133118 0.05200830115123118 0
0.149208749477065 0.06531212532035627 0
0.101174332690833 0.1362776723125994 0
0.7564305756365108 -0.03705628087925967 0
0.460773959934477 0.09916660403868174 0
0.9460461090821028 -0.03316094699028147 0
0.6730584510151745 0.05487120754182442 0
0.6444933735464521 0.04860600000659396 0
0.5108127014563126 0.08645357614163864 0
0.06041058956939706 0.04126974214822395 0
0.9866705617204534 -0.02990219198170315 0
0.1956768034478752 -0.1044275460689374 0
0.4326111287410066 0.1293943293372757 0
0.04294030487901731 0.03660630394631909 0
0.4743324169688548 0.1813058506762077 0
0.7762003840993724 -0.03495625950494367 0
0.7792961828336947 -0.0351943424731483 0
0.7707961529173466 -0.03571416145473474 0
0.8019024905523728 -0.03254561835801838 0
0.0489074251603266 0.03849761390472996 0
0.07818334510978198 0.04525207517584959 0
0.1680591798786026 0.07203526360676379 0
0.879514705481629 0.07518907381773171 0
0.8003122565663986 -0.1354361997934894 0
0.9467387028605115 0.01175081766107298 0
0.6620373287262469 0.1403559596221201 0
0.05491022874513585 -0.08764550867959543 0
0.9494071792069442 -0.1063756487592246 0
0.8163225317703615 -0.03089019281004088 0
0.88480045845766 -0.03152715035069612 0
0.1535743213127972 -0.07910554784683169 0
0.1369581565581301 0.1220655029696949 0
0.1904018833569648 0.09873867593270513 0
0.6116059160624053 -0.1470441676346187 0
0.06762958525296021 0.09721344147554135 0
0.007858123300215642 -0.0577862634555556 0
0.7001095674399227 -0.07052807140020281 0
0.9200263803035817 0.03168820437041251 0
0.6558105221669217 -0.1934316864261864 0
0.8959306910369966 0.04541626069796586 0
0.245724036074728 0.1486986572668248 0
0.4470057515103266 0.1317434270110066 0
0.1846154766912557 -0.10748378776439 0
0.5762706825019845 0.06412927791714912 0
0.7183732695824568 0.1443651916352783 0
0.200205084686649 0.1397747341458158 0
-0.0112296104439803 0.03188120599939183 0
0.0004228550372524579 0.01706771890657928 0
0.5664200047254777 0.1665689085817834 0
-0.02331880097829933 -0.004214608152145813 0
-0.005110809480068876 0.0003406486802283264 0
-0.0122324997365567 -0.02727835676399566 0
0.5735619222684913 -0.1768552549879798 0
0.1800252845149828 -0.1428568670917136 0
0.2123798028915322 -0.1605166320375757 0
1.010033830515302 -0.004122567398026258 0
0.9810574727918913 -0.03909491940297977 0
0.1510661993812324 -0.1279275414009599 0
0.4501349690891352 0.1640875826014987 0
-0.005257938840033737 0.01016600980397243 0
1.000158491644805 0.003961958586776312 0
0.1746429108171303 0.07732661225403237 0
0.9384653123059757 -0.03549533286926156 0
0.4677817035602777 -0.2116786356163836 0
0.9144706732545254 0.0367210748799585 0
0.7334095250194843 -0.04868809823496181 0
0.5188109767124428 0.08856257304772153 0
0.5012055765727573 0.1017961135760923 0
0.9086718823360831 -0.1127907278808277 0
0.9522366983828343 -0.04145645912533597 0
0.1961007617161379 -0.116788140443564 0
0.9002327403713423 -0.03128036377919845 0
0.7525221189321765 -0.183361206047506 0
0.6072349170643001 0.05337684890755101 0
0.65721709620462 -0.08366891730599542 0
0.7845839477513965 -0.0393705086256354 0
0.9211255173163038 0.02146655865538706 0
0.3963567205428337 0.1693926056331507 0
0.8077014994009498 -0.0315652672573424 0
0.6219895240436908 0.17210202370948 0
0.7626350448083636 -0.03669822792539854 0
0.05994616434216436 0.04813545152626122 0
0.0784955090918153 0.05292422922726824 0
0.8701585042832845 -0.02556510665751976 0
0.8857740553766991 0.06091852400762085 0
0.9075535676179123 0.06191199376149614 0
0.1341815546587809 0.05455791044061819 0
0.564341623583638 0.06380504379419095 0
0.8682721039061205 0.06776416101351193 0
0.04385641415066786 0.03978151892802907 0
0.6601056904610406 -0.06943523522163915 0
0.2386740271844475 -0.1498001257188899 0
-0.007604676088008532 0.05304851577040735 0
0.8760661388494012 -0.02914181672363747 0
0.5846237719904258 -0.1592792470170959 0
0.3720264191112546 -0.2262220049317463 0
0.9457189137635564 0.0514505409966805 0
0.9230487130283755 0.04573930333451104 0
0.2114121423990016 0.0990987534195561 0
1.018427602835722 -0.0129020359295918 0
0.2776024628692943 -0.1933965209666082 0
0.9197891445387973 -0.03618397384248424 0
0.5922638267311942 0.0573672895087826 0
0.9064976931866241 -0.03626399974930579 0
0.3122806194943256 0.1693137792334941 0
0.5389338500573088 0.07975715005703943 0
0.6579301274600338 -0.1026028139934231 0
0.2223345620048801 0.1469601150759382 0
0.5596335815530609 0.06572804069920042 0
0.175971195043123 -0.09643504223694231 0
0.1830046437222998 0.08859165781922312 0
0.7368559205669055 -0.04421174471849514 0
0.1200699078047316 -0.1136940902092441 0
0.6423068430613139 0.05269845042910054 0
0.5676900388246682 -0.2002358290847178 0
0.1625045169455883 0.07079227428163207 0
0.02353613638222158 0.08508677896974666 0
0.709141607346256 0.05172500920968535 0
0.08728746593751902 -0.09965389775393677 0
0.7104862032466166 -0.06248025160462552 0
0.8874478425217764 0.04994734575514605 0
0.1333470221551 -0.05812388962700556 0
0.9717837948510877 -0.03670204270990032 0
0.4217890476624165 -0.2194997908199325 0
0.04843325975228206 0.04260835699125148 0
0.09739911868615127 0.1187895911782779 0
0.5363937958229347 0.1759624614077276 0
0.7301287315474367 -0.05447015692203705 0
0.638105428678937 -0.131403130112801 0
0.1592730021402599 -0.08716342656371903 0
0.685798837499372 -0.07250841460800891 0
0.4813858729513456 0.1042811857646525 0
0.4659288737764468 0.1189305376852554 0
1.014828699730255 0.004963679316174998 0
0.6168232135964296 0.05509009711126733 0
0.5258700751608307 0.08253150795890349 0
0.6558498271558639 0.05852466654966093 0
0.7579614886348693 0.1141705754554315 0
0.7795646442186849 -0.1866124840291572 0
0.7247191914632621 -0.056068328788507 0
0.7040599342403516 -0.06516471478479434 0
0.3187795151986614 0.1329020331667586 0
0.6309384346741708 -0.1999252672804891 0
0.5242276337602039 -0.2018296059096701 0
0.5839324541684509 0.05878510492618377 0
0.7195705857615033 0.05054653737006087 0
0.8666823171773909 -0.02174953716604186 0
0.7839781871801537 0.08276533784711057 0
0.05757278877657165 0.04395534772436057 0
0.344661172758187 0.1362670529019616 0
0.1394059801826983 0.06262110646316305 0
0.8130110885792105 -0.02800541798896663 0
0.9922843930633554 -0.04721431654154876 0
0.3890392942633858 -0.3141187338774767 0
0.8786879396847302 0.05205174206686811 0
0.8631732595202869 0.07780511358488876 0
0.2352826264500018 -0.135795700296493 0
0.7136311907342174 -0.05537974689355132 0
0.1372032653202298 0.05566028892738718 0
0.07014785056401815 0.05601042828994923 0
0.6454543592228654 0.0572156743340982 0
1.013672775754862 -0.02028279495994193 0
0.2284223303672379 0.09915453283416387 0
0.3724687670034734 0.1441287454546544 0
0.3545072274143701 -0.2098846749802312 0
0.7450245915048773 -0.04229292276295375 0
0.7529679362136361 -0.04171297998412831 0
0.1801879562786449 0.07980609467622381 0
0.654118197654227 -0.07604387041927882 0
0.9444055231154312 -0.1662922755287525 0
0.932770402452534 -0.03369506340636423 0
0.6656885344191424 0.05773839717332744 0
0.6727578707324074 -0.07383502045417739 0
0.469607131998073 0.1083650642082359 0
0.5318626130597187 -0.237880112192206 0
0.2077628890644787 -0.1259445584390848 0
0.7909613165850655 0.09432914415941154 0
0.4816598254281367 -0.1942336806513035 0
0.9896742485334716 0.03110481728392907 0
0.2640969440783676 0.1109825974355227 0
-0.01656820302811598 0.005059639728211626 0
0.2339307490621682 0.1054089250537374 0
0.2433238633193771 0.1081016073712339 0
0.4007969982412443 0.1405353957921273 0
0.7661200610134604 0.07540418185094405 0
0.7735390813136392 -0.03606161419596315 0
0.7682986803806618 0.0645300683293264 0
-0.06298585664790965 0.00211228335022046 0
0.8991576992393355 0.03097374058958026 0
0.9093411336845932 0.03536331270492604 0
1.043660354754492 0.01068686099883427 0
0.8696834181233097 0.05143514525695514 0
0.9210526919429012 0.01810046756185308 0
1.003854920418725 -0.001391988794178023 0
0.6099848201098498 0.05154015496200406 0
0.04041037509162554 0.03520096653393162 0
0.2601024349709471 -0.1782340510494059 0
0.8048762307532793 -0.02873117933874491 0
0.8286825406019116 0.08169612155122968 0
0.7579485063762795 0.06223056387033147 0
0.04646600206552271 0.04055760342669645 0
0.9664684386120466 0.03486776283643599 0
0.2836552961410641 0.1149698891264665 0
0.1368431502661058 -0.06908169662895555 0
0.7763115768430644 -0.03847297784144658 0
0.7674113735228837 -0.03705752578958831 0
0.4243169741947855 0.1401540586259379 0
0.0814497962069633 0.05003687395421212 0
0.7401824719912622 0.05521894685573372 0
0.7454118485194883 0.05808391407686887 0
0.55266911147037 0.07562818197753535 0
0.2943494817517975 0.1145140383082635 0
0.6441006002722232 0.06300694723523448 0
0.6001064957518893 0.1438591312415237 0
0.8163728154843658 -0.1128126341368615 0
0.02541255642922479 -0.02953189900843653 0
0.664027097217058 -0.1157028089986418 0
0.05806033439621204 0.05419079419527622 0
0.1083949303369158 -0.09209879259020946 0
0.8853566889246393 -0.09499928754497135 0
0.07218350158161409 -0.0823049132625943 0
0.5442944991941711 0.1534981841736452 0
0.0442497547981175 0.0438607087985463 0
0.1801107495217726 0.09754526301568764 0
0.7084817050872084 -0.07037521512732482 0
0.9553617065191788 0.03455263817828762 0
0.7284790055234001 -0.1790350417320218 0
0.7140194742502921 0.05646965943491066 0
0.1306890858608662 -0.06867876718060284 0
0.7640915117951588 -0.04048066823086347 0
0.1490833469274263 -0.08637870748136714 0
0.020237825988069 -0.06830849588680683 0
0.9708783826231255 0.02443370390047316 0
0.6032865556392869 0.05603563189643451 0
0.5591243977297404 0.07792461147203267 0
0.9250428887265144 0.01874115173746577 0
0.04055364793881078 0.08449126268476065 0
-0.00502633405318524 -0.004394543417063949 0
0.9000641941339195 -0.03789944221377758 0
0.08317374683764776 0.0542863199622927 0
0.7309500073152245 -0.0600388959039236 0
0.9666036244645935 -0.09070744982888244 0
0.9701385091116137 -0.04699938684981836 0
0.5817129157434304 0.0626439391505646 0
0.2326351408520584 0.1166656378368052 0
0.3039679945088911 0.1360125693810295 0
-0.004158772499278016 -0.037965323209776 0
0.1559687081107496 0.1206560167260932 0
0.459957644462203 0.1304651045944325 0
0.6174827621902964 -0.1671802960589266 0
0.6806667171710411 -0.1904443461834787 0
0.6202826297338412 0.05907683064820197 0
0.1553984518289771 -0.1118589551295112 0
0.4024973734109751 -0.2720858106332757 0
0.9972974639973986 0.006425433687286663 0
0.1291494740281345 -0.05746489926566892 0
0.04905803184227503 0.04722239415252363 0
0.33321715359972 0.1630271081082591 0
0.7012864893093084 0.05354046100780252 0
0.01092020499793714 0.02114485564029313 0
0.5942398372080233 -0.1987018058051846 0
0.6977298355443649 0.1442119418362842 0
0.1416974607102929 -0.07418560471974722 0
0.1391345226295734 -0.1061359428292132 0
0.9078599576349552 0.04838110726097454 0
0.5270948345562801 0.09065860388842029 0
0.1721075103994602 -0.1090002939783591 0
0.5985377161978267 0.05228636092055959 0
0.9321971256135498 -0.04211942918130176 0
0.8122544305397652 -0.03157126602919933 0
1.003697920122787 0.003845243064857692 0
0.9341960688534192 0.04510467061667457 0
0.1797269052227981 0.1400149912728399 0
0.9802772288531432 0.0242499571794066 0
0.5954105215018999 0.05386182433681978 0
0.1832784426758698 -0.12220157555037 0
0.7487710173240613 0.06533359505392078 0
0.7388904168346785 0.06203154556748504 0
0.2214316065692304 -0.1388205921914742 0
0.3742742282091387 0.1693137519839376 0
0.1332966625093119 0.05828009556089613 0
0.6118063561211794 0.05528795754597836 0
0.6224625202809656 -0.148155810586097 0
0.5699714765364944 0.06506446017812174 0
-0.01136738965302703 -0.01395567994737266 0
0.117231487614006 0.1203697862868638 0
0.3965481812298027 -0.2403612623282642 0
0.9015061131156694 0.03869689081134838 0
0.6502732867437127 0.06140986147045552 0
0.662515742385966 -0.09275945118967101 0
0.496898336036632 -0.2166552597580228 0
0.7773123616219715 -0.1365458613644283 0
0.5938060267806023 -0.1705147304490066 0
0.8721991062630297 -0.02418443909323552 0
0.1756652581195993 0.09159401204453431 0
0.7716673583676008 -0.03970101245292718 0
0.1440261339184206 0.06424638004585168 0
0.9245028121520384 0.02497103555852812 0
0.913219627031097 -0.03618183209723651 0
0.9194381468352252 0.03863870566978821 0
0.5099616280761298 0.09547178584029969 0
0.2471428522402318 0.1303595748029541 0
0.2543057212251229 0.1178204629312904 0
-0.006420012540664384 0.02202753835226738 0
0.6659369361764461 -0.07483119656730976 0
0.7354846256238555 -0.05469203104678655 0
0.7452897442095348 -0.04636831081723948 0
0.03912701458270527 0.0399560027512064 0
0.2231143881355791 0.1076856606075937 0
-0.003109405660148418 -0.05102955453909917 0
0.7749114765335736 0.09430395968444436 0
0.4403504280997204 0.1449832811949637 0
0.5867361233184133 0.06168260325906625 0
0.4228137586543857 0.1734892204245312 0
0.9435624694206143 0.01185669847615656 0
0.7567852834318231 0.07051239651717221 0
0.6529817332664649 -0.1321914476405973 0
0.2178234784953405 0.1246440056981379 0
0.7393425038318173 -0.04910353172081913 0
0.4454011728186849 -0.2288551874461771 0
-0.003963760094990236 0.0156513551908392 0
0.6928066084186204 -0.07636667448822876 0
0.718520805686347 -0.06072379326438294 0
0.05472048098103512 0.04847843507349187 0
0.8800414118673677 -0.03297644761672091 0
0.7330372115580304 0.1216956500288137 0
0.2016169584668573 0.1065476732136286 0
0.1661944256543193 -0.09612635308967318 0
0.9495727087394457 0.0111374117803271 0
0.7484908348869217 -0.04339007136153619 0
0.5466341845127205 0.07961703233899697 0
0.008239423303888521 0.05768141927971041 0
0.006101387961213406 0.01756822998842399 0
0.06453023063407781 0.05901729824176439 0
0.1619678527159774 0.07606293669719813 0
0.1683940994371946 0.07980242919778273 0
0.2360226859543679 -0.1716396066448679 0
0.6428163757795392 0.1417954576699687 0
0.3654995034521241 0.1562539219891161 0
0.3816852416803929 0.1549717821891489 0
0.1315211126795915 0.05452186214256608 0
0.661309919652286 0.06130381808471915 0
0.8753335151830964 0.06231246177238135 0
-0.009493228611245758 0.005300505648921086 0
0.6799061975511065 -0.07575017367822637 0
0.54666967692128 -0.2127624581936241 0
0.03844563942908848 -0.09732043080766296 0
0.1801844472234359 0.07021651657709828 0
0.7126961999427119 -0.05042400444778505 0
0.3334736129037507 0.1432122592699754 0
0.9813824958774597 -0.05391229290536271 0
0.3022406607238386 0.1533296797498748 0
0.9147210891907216 0.042455356055937 0
0.4917696017249565 0.1089775751366192 0
0.6609343006743553 -0.07748589015185481 0
0.08561865509450668 0.05091482919500202 0
0.5318917560167462 0.08498584734155024 0
0.9303480638538245 -0.109958134546928 0
0.5404471972045709 -0.2725414319126571 0
0.7738204550323968 0.08318714999760762 0
0.8972332415604481 0.05651326341835206 0
0.2569235264555605 -0.2008699044418802 0
0.7672164996625064 -0.1599395764984279 0
0.5925730652390874 0.0526686205913574 0
0.1602697947367308 0.06538519764837761 0
0.1465761681862378 -0.07844326323009357 0
0.9422320559008119 -0.04209701241713153 0
0.8946289103161339 -0.02648898599860597 0
0.136843513506114 0.05976692552531648 0
0.286453758401588 0.1280571788331889 0
-0.02741085973006694 0.01133345940085509 0
0.8753951938822765 -0.02483145620780374 0
0.178046168700363 0.07390225460847739 0
0.8672920125795074 -0.0243340726010643 0
1.020686410478783 -0.001493145340713263 0
0.07713132274159466 0.05781983631882143 0
0.3865708299807515 -0.3591397986533545 0
0.4795472417139254 0.1155366299924591 0
0.1959091057855858 -0.132972521057483 0
0.05743601143778082 0.08350707337378166 0
0.7589365991047594 -0.04121677458363555 0
0.7249035963370923 0.05506065308971923 0
0.09330894759353126 0.1004561423338814 0
0.08270099499925945 0.09652221795179637 0
0.253268989583403 -0.1596966754664066 0
0.1677990769327226 -0.1268623357963157 0
0.9587866629746437 0.05438259357568879 0
0.1974083924769937 -0.1493606745703235 0
0.2748338839663463 0.1171088340964674 0
0.1182840970782211 -0.09871943939999446 0
0.4124726680059999 0.1511912657399048 0
1.001445482117637 0.03386033996588669 0
1.008070310031348 0.002490249805684644 0
0.8145634999973519 -0.03536304880869369 0
0.5867635831712762 0.06662365416816321 0
0.6502319002934392 0.06744581299371809 0
0.1391220744706312 0.06748222163794258 0
0.6726211733799975 0.1203793628552723 0
0.6947727162433762 0.05768119454745275 0
0.7410726583106271 0.07022674064877851 0
0.08385592281124832 0.05991946335400265 0
0.06091889723087737 -0.07512319168099189 0
0.9500092900205255 0.01383770401394648 0
0.9670605940732144 0.008541814608084841 0
0.02950645022886409 0.03101040812692388 0
0.9355991503405914 -0.051455659329379 0
0.6686481285638045 -0.1313261550608187 0
0.1315141172195103 0.1033506116103408 0
0.5026814337840884 0.1133965590127152 0
0.04415032534956553 0.05012204532370262 0
0.02419568357144605 -0.05553520977894177 0
0.1296422724059433 0.05766299056450499 0
0.7565982587287104 0.08277372445732195 0
0.4750083277994936 0.1321501928511861 0
0.09513218540911168 0.0860871801215345 0
0.5243667009390327 0.149347500757311 0
0.9447064462253535 -0.08541608598544317 0
0.904517273196462 -0.09401979419585947 0
0.9298168457142887 0.020668434222941 0
0.8860685899575973 -0.03688213039862069 0
0.1390586041410217 -0.08249225927636779 0
0.05701603670105072 0.06159961708122982 0
0.1185670064660661 -0.08443292401686185 0
0.9749267695191258 0.01778863189580518 0
-0.0002637954317500384 0.02827150460471309 0
0.7514362662134686 -0.04742509676643931 0
0.7378900148718488 -0.06124275492186085 0
0.6492854832627957 -0.1689686925053665 0
0.7638793076691992 -0.04468730949683351 0
0.6775688418574641 0.05949453622370082 0
0.9696008103145946 -0.05937485981936429 0
-0.005331013836996175 -0.02090109788779338 0
0.9372313195216115 0.01239072465240275 0
0.5777708453111511 0.1448929098846579 0
0.04054102702349783 -0.08315993981430667 0
0.08493166041496036 -0.08753558228031291 0
0.1108524596245863 0.1016463036755926 0
0.5754652554780264 0.07031548160859903 0
0.2716071056794287 0.1316954701290873 0
0.5981936164891793 0.0570369262457767 0
0.952489773562856 0.01096685249177043 0
0.03327779410900843 0.06651554180816423 0
0.6377953463248696 0.06513291310859967 0
0.9286344806902052 0.01364348096750961 0
0.8946695595257861 -0.03195379321293738 0
0.1704070202802525 0.09929094511664609 0
0.1612638646375271 0.08313874757769299 0
0.0215034029164736 -0.08623990591998514 0
0.9133813642520006 -0.04413104379339185 0
0.9926711986499241 0.008915853522523999 0
0.005523273849468442 0.0445131954991714 0
0.757636330220167 0.09619443946879266 0
0.7077163173499781 0.05820613792344054 0
0.8750320801893516 -0.03389224609350711 0
0.08857147778546902 0.05542363317372867 0
0.01336625393048852 0.02313639341676776 0
0.755593827227635 -0.140350386786495 0
0.7959295268536372 -0.1149621578161722 0
0.7319536828802006 0.06140910340843553 0
0.564986933302152 0.06990088896420799 0
0.9229552354391137 -0.04426839952525663 0
0.09022413319066087 0.04771113903547274 0
0.5356040630200709 0.09352198905151615 0
0.2865790150271261 0.144718671760204 0
0.8720142693908342 -0.02820654771809188 0
0.6155025240231242 0.058815411405041 0
0.3542211139263945 0.1741674117356161 0
0.6375496115035509 -0.1489798363146513 0
0.1303387636808362 -0.05439422350669668 0
0.002925847509339932 0.02173241066713823 0
0.6693263854711786 -0.1028075510860098 0
-0.01271849574971829 0.01360135812148509 0
0.6204295175615725 0.1506460198660861 0
0.1845303572695303 0.1228659231643938 0
0.1623904914739362 0.1400820144388106 0
0.0389275702811997 0.04569744802332086 0
0.1573298744961147 0.07136961953940152 0
1.008459184536222 0.008406275256620403 0
0.1285001807840135 -0.06201010366016961 0
0.04914510500702621 0.07069132467297017 0
0.7126006056378539 0.1215417815137199 0
0.9459142075132252 0.04097659203674456 0
0.9289859901868314 0.03140442230142129 0
0.03034437904713926 -0.03144084746092218 0
0.1515202385836421 -0.09655039842888598 0
-0.0108358870204467 -0.00299204948531981 0
0.7408779912703806 -0.05574131148154894 0
0.02131870494082741 -0.02829443129662076 0
0.8070417466743735 -0.03609089866242066 0
0.7008848810340992 -0.07882410794827985 0
0.5193550817231671 0.09802721637584613 0
0.191982289013394 0.1108988850983432 0
0.7658173163056616 0.08637269109182212 0
0.4701788599596104 -0.2407790613154519 0
0.1442039406818717 0.06928446217338345 0
0.1273414604510126 -0.05467629069428361 0
0.8641160134505893 -0.02584639074314764 0
0.9455506139746996 -0.05038653543042205 0
0.6560746575768839 0.06461184152045461 0
0.7245811619459849 -0.06426860148005525 0
0.5915554000345 0.06298854286739967 0
0.8659241173126843 -0.1040875259250596 0
-0.004966443339184691 -0.009080308938017289 0
0.4929878432527333 0.1209063717554385 0
0.0161027655198064 -0.04667226013803727 0
0.9888740633150115 0.02175383078470167 0
0.2429017385960878 0.1205158277639143 0
0.07303351789015368 0.06279075092287821 0
0.9257925216306419 0.01442553080158794 0
0.7673234983964167 -0.04142841927312764 0
0.9401876436280048 0.01246617808052904 0
0.6075311400996464 0.05736586362718166 0
0.987888327298482 -0.08946068467181553 0
0.7027443276952218 -0.1818944195734483 0
0.4582710698508954 0.1445997292976102 0
0.3184694500708047 0.1492091809691188 0
0.4224536284180863 -0.2486200250734965 0
0.5379161158584391 0.08664215885929318 0
0.9461125876564644 0.01537499508544461 0
0.8349341024458333 -0.1131052165599505 0
0.6667240313188041 -0.0827062657985333 0
1.001640894213362 0.009186509239703534 0
0.6260020927139043 0.06061969846325325 0
-0.01385298269068226 -0.04724233312923548 0
0.1353202447861481 -0.07555867208457401 0
0.6848460184995719 -0.08146461474420126 0
0.430254550034223 -0.3113416540757787 0
0.2109658616562937 0.111444465405696 0
0.4217981491708014 0.1994842916850465 0
0.9088589490492391 0.04206805542937632 0
0.6362916246702097 0.1634298745112826 0
0.5535228126830951 0.08312978173465663 0
1.007911781935089 0.02487325716093132 0
0.9245407883617329 0.03733018372788875 0
0.99563087035576 -0.06115888583674275 0
0.2658558223079415 0.1219055192827636 0
0.9608388625315301 0.02633869977669487 0
0.7195041865799475 0.0570447102227581 0
0.7432533544616027 -0.1587525430938561 0
0.6416997464625037 0.1197404966001784 0
0.3484682619192727 0.1521088826017468 0
0.00796561401810377 0.02059521106545915 0
0.05127721428854454 0.05316472311477169 0
0.08734065037702331 0.04754369491763766 0
0.1758968313900712 0.08467614540519443 0
0.3955493569298134 0.1511714025418601 0
0.2069783593575642 -0.1415229956591883 0
0.5114109594708631 0.1058846908872282 0
0.4304140742647472 0.1561974113163334 0
0.5988414976914016 -0.1528588729201246 0
0.08106078131975031 0.08464880096565316 0
0.9060961771361555 0.03737563562980285 0
0.8399173499719873 -0.09492317161679893 0
0.6623427700961121 0.06746496423717666 0
0.5614492673425755 0.08586225969772639 0
0.8665079886921546 -0.08321264760135548 0
0.5939836856124234 0.06861173886430363 0
0.1071110938833877 -0.08097886118003397 0
0.08372412009063035 -0.07609751518573232 0
0.1095800430956572 0.08520873219367986 0
0.7320385742046284 0.06998528895304315 0
0.7341808251760424 -0.1347337313796777 0
0.7096667665614653 -0.079144687812023 0
0.1386740025685182 0.07439007585452165 0
0.09015288060609299 0.06102302564249139 0
0.9005954292641936 -0.07706094782931669 0
0.5213017789190081 0.106695234398181 0
0.5830581588635323 0.1267148861417306 0
0.7310598115476847 -0.06708633458676942 0
0.02371389210570735 -0.03361855325759797 0
0.01459873743990868 0.02668713352915031 0
0.03422100399880051 0.04231970206726066 0
0.04815084337438928 -0.07122207041061593 0
0.7139809820470198 0.0618437013765088 0
0.9269282467507854 -0.05369966704396317 0
0.9503383009540372 0.01921681730478634 0
0.9882583669960635 0.01029719111068317 0
0.1245169016347895 -0.06787017837525461 0
0.0008699104908382965 -0.02647664961137089 0
0.01549918927067255 0.04859201597716893 0
0.4935637507632027 0.1360239611364568 0
0.1456215503526693 0.1079641606524332 0
0.09010446348863743 0.07488959436324366 0
0.961048799268122 0.00928614065185767 0
0.9703117698657673 0.008577653627867523 0
0.9327249440452251 -0.0622319367686403 0
0.01684604172022532 -0.02573093293443243 0
0.8200781595255717 -0.03488860755908716 0
0.1258525874153483 0.0575617871077815 0
0.6025801609293566 0.06053809739737336 0
0.7582613006353813 -0.04632066567386574 0
0.7453462461321217 -0.06137538271821943 0
0.02508996642315933 -0.04568227517783915 0
0.8124957770002453 -0.0951772079711489 0
0.9418541873562152 0.01589209369726626 0
0.008832985356396015 0.02514667976348733 0
0.746609797555971 0.0890552351996063 0
0.8604125765107027 -0.02646719776074664 0
0.1296818853674299 0.06138247576704334 0
0.6213026961691933 0.1267438024033254 0
0.00151926472822245 -0.01296453572618115 0
0.5022333894099299 0.1241815557810365 0
0.5237710156027815 0.1287484980222516 0
0.03715964425842615 0.05385432069547747 0
0.9373549843107879 0.03477516222021759 0
0.0355000781964484 -0.06170811932487247 0
0.2011873382646774 0.1193626144543359 0
0.07431552572379199 -0.06984676487010753 0
0.7555515409832705 -0.1193770353597448 0
0.7769271897067528 -0.1173301401326513 0
0.6921446189361221 0.1259426757277348 0
0.1295674508606575 -0.08153512537178226 0
0.9982310037409305 0.01489517925463035 0
0.9240668557974498 -0.09005442122360241 0
0.4785212477117395 0.1549418419491662 0
0.9529944854240003 0.02593778784917194 0
0.7007228495233923 0.06027967090714383 0
0.2677874117740295 0.1501897488913628 0
0.1397478521490986 -0.0933506551359079 0
0.5661380192909204 0.07702642240474346 0
0.683413247987441 0.05403447290556453 0
0.9809567995733399 0.01557039420052712 0
0.1511764237526942 0.07142138823743457 0
0.6712323520856878 0.06074795256599522 0
0.8933528059434108 -0.0389843278175796 0
0.6312358758788812 0.06351526388863347 0
0.6212803111680054 0.0644598724527182 0
0.7168519734576064 -0.06942036574822587 0
0.5969809111381204 0.06202078821455302 0
0.0292670724753032 0.05526112579543742 0
0.6731907351199006 -0.1679807293980326 0
0.6777399753404936 -0.1149227447680475 0
0.6564044808980896 -0.1493360933459768 0
-0.001183061582871518 -0.006784991498339999 0
0.8696178350955132 -0.03342528020672407 0
0.6761601767788401 -0.08334282093464349 0
0.9536352896311215 0.01486206958979445 0
0.7210791648101531 -0.1558019571262356 0
0.04533768661893692 0.05932459544938599 0
0.1249055247716779 -0.05709689643052332 0
0.5451811774957864 0.0958454863982143 0
0.1345447640138808 0.06385076093683446 0
0.5814694051766272 0.0701162648538914 0
0.8679113458672681 -0.02795558679873722 0
0.956398459274329 -0.05257457575683885 0
0.9306110061590134 0.02556242888212664 0
0.006794008659740909 -0.04326666488950281 0
0.4363274692271452 -0.2789189492011653 0
0.5449868418835947 0.08801293334593441 0
0.6438534851306508 0.06931051131779753 0
0.7466843430125084 -0.05312363424590489 0
0.8803164473848077 -0.03921592414656383 0
0.1286144126630169 -0.07463054467299185 0
0.1553538910169781 0.07861027278522202 0
0.03267031792699673 -0.0338408010737389 0
0.06782956990133134 0.06788328057740015 0
0.9311931544158034 0.01369408472957246 0
0.5016783193057051 0.1524011338693406 0
0.1688020757374554 0.08775965959263943 0
0.6910035562303853 0.05315311805311831 0
0.1811612925593394 0.1070979274177067 0
0.7257598018877035 0.06198742940228785 0
1.014364411528897 0.0152870428526938 0
0.9781952529237491 -0.07024712193354296 0
0.9376531612693525 0.01600911022299782 0
-0.003694392319294404 0.03853344170286564 0
0.6717848253645817 -0.09289059120082477 0
0.6922315726554644 -0.0865749148993786 0
0.9639232503794873 0.009340611493066095 0
0.8891801556462424 -0.03201861652995467 0
0.7700075403489844 -0.04595449782458446 0
0.2325485882142574 0.1320009534541692 0
0.6568624144422076 0.07169890946245239 0
0.9607212210192863 -0.07086672294624176 0
0.8432939394422887 -0.1370360679514856 0
0.8697510528650214 -0.1205533561665536 0
0.5699191653537542 0.07192708144703487 0
0.1232277258888129 0.09100929200306804 0
0.9291753299313594 0.0164479388431535 0
0.3495820215438401 0.2011382464145845 0
0.529079356172995 0.1000641290992788 0
0.02693709634987178 0.02945411492051264 0
0.7673800562972589 0.1041290186665691 0
0.9554260972987578 0.01080277647958111 0
0.6403175934145143 0.1856934042675689 0
0.996458529640055 0.01094679138786158 0
0.9981425625192633 0.02012064829109199 0
0.1292175847503689 -0.09013849441717121 0
0.03349451344408812 0.03224659087242492 0
0.6119701921893594 0.06004298354614641 0
0.9306291274508527 0.03906747883679172 0
0.9633871359348231 0.0184346541604771 0
0.5583755648557708 0.1443849065542098 0
0.2572056809442031 0.1357249180217612 0
0.08004617817574156 0.06388576426766868 0
0.74920839896946 0.07717821345796941 0
0.4488187614969864 -0.2540288980252928 0
0.4553942725140286 -0.3501669799703909 0
0.089687682605612 0.05045259560119465 0
0.6659226112421571 0.06340931997464437 0
0.5140876291412438 0.1176017749803201 0
0.4957557313207615 -0.2473905567763215 0
0.816541310805255 -0.03931244492855154 0
0.1006574784390831 -0.0497646206985425 0
0.6956711393321442 0.1080488578313531 0
0.6933926203881612 0.06433539350103297 0
0.6640547110277395 0.07507221379802909 0
0.6282046294805614 0.10984060065357 0
0.7702999940012345 -0.100848931426025 0
0.06414595390276556 -0.06556842455005503 0
0.09379999639359388 0.05299751266452245 0
0.1250463365422347 0.06318065195035825 0
0.08490753602450585 -0.0657971785689432 0
0.7369525116592217 -0.1151960057267173 0
0.02658021012880071 0.0328899999345654 0
0.5634138853095759 0.1250487884258188 0
0.7133261063236345 -0.1350267340161927 0
0.03513495761873157 -0.03756450099843484 0
0.1217115330487396 0.07831954150430559 0
0.00834330750758035 -0.03330832942426629 0
0.9229869198857255 -0.06394637359033087 0
0.7994156574370066 -0.1003054269873732 0
0.01190124742268174 0.03033433357254801 0
0.01709049367454165 0.0317572171308191 0
0.6810829186876617 -0.1291879862429225 0
0.1520630767025027 0.08494997561061417 0
0.7195089953989439 -0.07892651096262551 0
0.6825085514140975 0.0608252368934881 0
0.9015303708017982 -0.04506628466310023 0
0.5698007039763615 0.08396910087593934 0
0.6767859174706597 0.06532871617917357 0
0.7521613232630693 -0.05877434108369912 0
0.7640553733960215 -0.05041606474960066 0
0.5312096082754224 0.1141997330684682 0
0.1218935976748139 -0.07487308574000218 0
0.9669336130022492 0.01258329109292734 0
0.9413029240333137 0.02053875562281434 0
0.8834430010481329 -0.07770845983302263 0
0.01981970657287185 -0.04079149612336524 0
0.7235443246793133 0.06978895737009211 0
0.01940716275542853 -0.03282264838284607 0
0.147080748048364 0.07670505098085621 0
0.6030614904250382 0.1227691784948482 0
0.03348344420653301 0.03572043635633419 0
0.001056738429292093 -0.018095170859233 0
0.5804165438242521 0.07626399196621962 0
0.09626314159132342 -0.07848497174595558 0
0.9172258787502028 -0.05444170367608618 0
0.6805512445149309 -0.1030362370256289 0
0.6968414624423466 -0.1574172194790408 0
0.125915080760959 0.05334948864525551 0
0.01057857499083853 -0.02613444179015727 0
0.01267470850940265 0.03851612307822999 0
0.849242528114435 -0.08472615031339117 0
0.9871503374315904 0.01523197138246455 0
0.1223277035883172 -0.06203428541624487 0
0.9331073621906356 0.01701431321446317 0
0.7404654126483173 0.07927720320526109 0
0.9759851765728805 0.01203157175644041 0
0.9564666053600499 0.01987957951161601 0
0.9619056989404013 0.01240118890437332 0
0.9464649787093065 0.03117661133015392 0
0.707485409754508 0.06513697393286239 0
0.169535455914122 0.1132478721784647 0
0.6387526904690436 0.0718944030553117 0
0.07861328390964051 0.07158324039088511 0
0.03172435071354261 -0.07341224736176889 0
0.887011056530033 -0.04350809744277702 0
0.820101226657733 -0.03097307731594631 0
0.6781754372904238 -0.1454002336523232 0
0.1206107022831489 -0.05659007833590583 0
0.7384174977142456 -0.06905362538720791 0
0.7007504634448614 -0.08860690893436149 0
0.9576055576847869 0.01448744838877135 0
0.9454185227021109 0.01972204284384649 0
0.8642694404038804 -0.03035612286587566 0
0.7521513506008182 -0.05288435375458851 0
0.03188308623930031 0.04800579826177185 0
0.6065296004985788 0.06246530844361247 0
0.6828054654793838 -0.09086761704582404 0
-0.0008428325944208094 -0.01048925540728111 0
0.9447436908299934 -0.06320108729807802 0
0.6260287866136127 0.0672013594274417 0
0.1446158880884989 0.09281947469243165 0
0.1296471479602212 0.06734026286573155 0
0.6886833556627144 0.05866538043530918 0
0.02214402996813645 0.05874290593495663 0
0.5530894156404317 0.0917247049761144 0
0.6697815500625337 0.06914761946138839 0
0.7424472776096804 0.1038805101552434 0
0.6508741933694089 0.07483593835638949 0
0.1024042806973803 0.07461223164144706 0
0.4930412284204656 0.1706634311669507 0
0.9838088050754521 0.0102337619244026 0
0.9356802727531841 0.0212909150614394 0
0.7245450782545698 -0.0713885051453169 0
0.4730349963075389 -0.2656688762837686 0
0.06053303660388646 0.07286809292985244 0
0.8573806086254351 -0.02304952366459014 0
0.9733838724419945 0.008321768760307786 0
0.1292907928823987 -0.1004077243983062 0
0.02429264248555298 0.02967272253275956 0
0.02827528765176534 -0.03446750041544724 0
0.5418608695012846 0.1331850278973475 0
0.1592326100324595 0.09104745866112013 0
0.874169963182138 -0.04020982884340215 0
0.9928265803275482 0.01459449510485105 0
0.8539807666050487 -0.09370527907533759 0
0.03021596861587867 0.03467081002064132 0
0.869974609078724 -0.1390125096463412 0
0.1348386308471557 0.07002081881113852 0
0.7199762485864791 0.0641570419822827 0
0.9165608504716556 -0.07633588985538388 0
0.6780020338075279 0.1434565480608918 0
0.7769682193084319 -0.04360091148062878 0
0.5869035188642412 0.07322956202429973 0
0.9348199955827798 0.02778661631669049 0
0.6018013153727043 0.06592558941663047 0
0.6158345182767067 0.06463735896658582 0
0.5089196799478037 0.1338659957298782 0
0.03353338103527906 -0.04976868358258896 0
0.9697672342964998 0.01750385722251589 0
0.8497081953372586 -0.105132687184786 0
0.1022184089307216 0.09334958958117209 0
0.005953390163998103 -0.02165126476114245 0
0.08698001661962612 0.06632532269547169 0
0.5404539802003447 0.1037595753429544 0
0.821063587317272 -0.03998286026258997 0
0.7958689101638835 -0.08564589480475948 0
0.8599702304039291 -0.03121858832888348 0
0.5874175992337418 0.08075595547736419 0
0.8358905597591195 -0.08004060290748882 0
0.0537585203390024 -0.06112632890954613 0
0.6773668227311183 0.07324222575155294 0
0.1044046610469071 -0.0708390085064519 0
0.8504612343158593 -0.07191886749429459 0
0.09461812394287267 0.05837004135933521 0
0.07330774548217273 -0.06045600377512551 0
0.8654462737314887 -0.0673989656777231 0
0.5909030989455158 0.110563635474762 0
0.6801082561062313 0.100604855923751 0
0.7190589393987294 -0.1167432330571919 0
0.1013130774157419 0.05019231556249028 0
0.7103116248548702 0.103456354601686 0
0.8847297007017321 -0.06268450060473894 0
0.9070418687892562 -0.05472917631330113 0
0.1173439684095288 -0.06139520370771581 0
0.1031590390572534 -0.05117889036150811 0
0.6919061368445146 -0.115068393930187 0
0.5520071823115507 0.1016689974967641 0
0.04243702431459458 -0.05251587788358148 0
0.7348273736772277 0.0899858259861519 0
0.1209070498147775 0.05867323379035043 0
0.01976889737991215 0.03728422641659159 0
0.0281248306530377 0.04309689620559621 0
0.7703429062045164 -0.05246023054485249 0
0.09565079648540105 0.06571777528946994 0
0.6082081184188191 0.06803090369506005 0
0.62053405333115 0.06996090172323427 0
0.6848894083461133 0.06711280775443179 0
0.5488589646873061 0.1140010717671417 0
0.131817704108155 0.07520596974292795 0
0.8678298942594576 -0.04119069994073193 0
0.7305053907394787 -0.0761945713457539 0
-0.002818497736582861 -0.01480288332200894 0
0.7520659580561433 -0.1012195432818637 0
0.979018590587972 0.006905732258567145 0
0.1124697345054178 0.07576695759680341 0
0.01044270152407501 -0.02204092970002278 0
0.5730341421611779 0.0773281540795021 0
0.141013153567619 0.08157413122396145 0
0.7158804285912745 0.07032716858763939 0
0.9463311560544754 0.0237486946781701 0
0.9715438775005161 0.01273412421397975 0
0.8564269901877999 -0.02675124853995986 0
0.1240570212899918 0.06971817937879335 0
0.7310890477525278 0.07917556627360223 0
0.01525912219276947 -0.03041679642364941 0
0.7578315959791908 -0.05270032713171839 0
0.1176087078036033 -0.0671273111556166 0
0.06953268718556349 0.07991499228314602 0
0.8241389746230923 -0.03551984196804539 0
0.0973370707772509 -0.04971558810634046 0
0.0417907234673459 -0.03604235636046084 0
0.9852137763326716 0.006616853364294503 0
0.7535295686441219 -0.06542924893062455 0
0.7102907530329268 -0.0894355474152029 0
0.723868905451408 0.1026025382875978 0
0.7001707866749957 0.06755031190123116 0
0.03601711471592145 -0.04308477740403482 0
0.7466531764077979 -0.07042740531718907 0
0.6912589550629142 -0.09789652347026732 0
0.008779331281973123 -0.01960975270438989 0
0.005830071699705865 -0.01769828836311704 0
0.8933448246269017 -0.04723228110009597 0
0.5699413136500068 0.09428799641001273 0
0.5601390882940447 0.09593765339042294 0
0.03836371659443606 -0.0358752711370103 0
0.02092319452545622 0.02856226400979709 0
0.6441901786420284 0.07744280598568587 0
0.09609173427728865 0.04942196840807916 0
0.02538614275323399 0.03782945801028272 0
0.1578603159027061 0.103461981186056 0
0.78664861667908 -0.1003412391727475 0
0.8800661752712374 -0.04667331571972925 0
0.03052534367197675 -0.03738582690213121 0
0.09719125993866543 -0.08993873556445868 0
0.8645139023223779 -0.03570317732240666 0
0.9411704509904149 0.02607004051412429 0
0.03111776649176272 0.03876218403691584 0
0.810781611199394 -0.03483410392495739 0
0.5928926420703133 0.07589491565210356 0
0.632622162829048 0.06993193395072567 0
0.1225512691972203 0.0539165833828289 0
0.902290835726008 -0.06355120653077892 0
0.1207792355765006 -0.05258114935040555 0
0.9797700295254238 0.009909913041009726 0
0.006178857724203073 0.03322787605680276 0
0.02568963884373796 -0.03881828492909768 0
0.8226304931781705 -0.02709189154632708 0
0.7804874286458339 -0.03905475651541711 0
0.9316077830098048 -0.07426697867573434 0
0.5766219177646155 0.1100483513719431 0
0.6583860208767349 0.07964872703124184 0
0.09635452747142409 -0.0687925334948857 0
0.9114910805211943 -0.06548550331973758 0
0.04722850477459141 -0.05876270769973482 0
0.1330475286261798 0.09319825595073264 0
0.1704303835982273 0.1273733635561204 0
0.02073826830389247 -0.03645219548129613 0
0.02442382457705554 0.04877360292402856 0
0.6057219464201649 0.1082776588723491 0
0.03510315593247587 0.03848169357497554 0
0.671384529341103 0.07677351326070349 0
0.6939409293743825 -0.1352959175556656 0
0.8267184284836566 -0.04039759989335578 0
0.8590683579598519 -0.03649069540606555 0
0.8161194495704646 -0.04375970775940358 0
0.7754801993010199 -0.04952575835843827 0
0.8378200830755054 -0.06757197168418222 0
0.09998527789580358 -0.05281350844536296 0
0.06620135761695795 -0.0568229631753359 0
0.8549448572028744 -0.06039222706426305 0
0.75588913019889 -0.07615016621813489 0
0.5959897385627966 0.08515768318486597 0
0.05893151467677843 -0.05557569890212424 0
0.04054004174533159 -0.04489066124379285 0
0.8096221751358454 -0.08179125335994605 0
0.08443769895965043 -0.05761379154319382 0
0.7370446675512856 -0.1013794626619784 0
0.6975158521928778 0.09270649757287255 0
0.6919882551007513 0.07169680571058466 0
0.7116858029922997 0.09107098559568949 0
0.1012475136746556 0.05384728778116064 0
0.09221661943721977 -0.0490495631637041 0
0.6787267301124146 0.0819890326861822 0
0.7649801718198345 -0.05626894590970786 0
0.1062268817384977 -0.06347584764392594 0
0.5932851586118534 0.09798529412015913 0
0.5625097835807953 0.1066356189230591 0
0.7302797856796307 -0.08761650366457314 0
0.8272449148421612 -0.02919513011206691 0
0.8883352150264097 -0.05221810088039101 0
0.578440777437128 0.08534067178771201 0
0.1134843555425398 -0.07411919577499579 0
0.6012935599490778 0.07422797684917661 0
0.765211458993468 -0.08681577876789022 0
0.7802234869574857 -0.08767117626650289 0
0.111574602040501 -0.06634929158235367 0
0.8521836156016563 -0.0269065233914184 0
0.1160070633118092 -0.05664129398620397 0
0.1009162978663765 0.05919682569300045 0
0.104496647757304 0.06592952083319151 0
0.7217477382820657 0.07775499449401271 0
0.1192948323274444 0.06425747659592257 0
0.04229774037086456 -0.04002658146555391 0
0.0150609412417167 -0.03620999471357368 0
0.7389107416042295 -0.07851013128184621 0
0.0981993164366335 0.0521520225156818 0
0.03046579720062324 -0.0419021568795455 0
0.6270009283587448 0.07435708420495707 0
0.6357656536442429 0.07831992157697648 0
0.720030545950713 -0.09039190677759307 0
0.04435505385133891 -0.03725973013533871 0
0.8227582438413862 -0.08223677992095697 0
0.7060190516210407 -0.1103294912416978 0
0.7017996663959024 -0.1003823914120927 0
0.8239396580517151 -0.03068218015289732 0
0.1063070332302181 -0.05114179712412376 0
0.7595073736396531 -0.06070005364734913 0
0.8960692016882854 -0.05626809382986873 0
0.7070050659963079 0.07292383603004203 0
0.9819038525339878 0.006936539587815169 0
0.1325722555546675 0.08535444418623789 0
0.6857364673887326 0.07666395878558882 0
0.6143873067490299 0.07080297895761596 0
0.020399315856096 0.04355421050378462 0
0.09898333821719837 0.04905966637222334 0
0.6518964505376221 0.08348160565258124 0
0.8117920034500783 -0.03947161337538808 0
0.7224654335438661 0.08689224209957606 0
0.03872885285278722 -0.03964584048536251 0
0.1165379285198287 0.07014444785103721 0
0.1187616507104842 0.05505620869879372 0
0.781978625603905 -0.04305970806541257 0
0.7048502327124604 -0.122492753960187 0
0.8723364391811577 -0.04836654423437196 0
0.02234026349124961 0.03299931467246923 0
0.8552160169143117 -0.03165991825254086 0
0.6681728335312862 0.08241821859536194 0
0.7815449076255319 -0.04865501907331036 0
0.6109170180985336 0.07716471444953596 0
0.8536072703680785 -0.03727645645722806 0
0.782455200280191 -0.07383960698855961 0
0.8195459672866428 -0.07139245927943112 0
0.107447428193612 0.05966651050174278 0
0.787045239383684 -0.04324500058671753 0
0.8106546804828955 -0.04597729125910714 0
0.7770940604247351 -0.05477755387193613 0
0.8614804585152129 -0.04297171390051388 0
0.6055006214776449 0.094037716595684 0
0.628470979827087 0.0813157627224997 0
0.1163166495667072 0.05968513468188338 0
0.1092047465148035 -0.0549607199357085 0
0.1107619336200428 0.05165997711958493 0
0.07529403884498638 -0.05378606271760809 0
0.06670858867916714 -0.05073955912693467 0
0.04924276818782661 -0.05111945182493124 0
0.1037925501449553 -0.05502072992709808 0
0.5818079143650355 0.09726267103796869 0
0.7972088973944315 -0.07167062933725243 0
0.7521550292665452 -0.08639083404884842 0
0.09578221632253633 -0.05345893440799347 0
0.8285001515332432 -0.03336167141849981 0
0.08787600221251894 -0.05202026826825504 0
0.1052921757845378 0.05505008327819426 0
0.1115384142713717 -0.05969776542141734 0
0.8632474154841443 -0.0580844217454564 0
0.1122069571792601 -0.05251310664113723 0
0.04615942029523138 -0.04216267886926896 0
0.8504928049825068 -0.03207614288245916 0
0.8489590043094429 -0.02366562400781364 0
0.7127399415369038 -0.1012999111650641 0
0.7248523390049917 -0.1015380624274953 0
0.7671308236316143 -0.06346718415949978 0
0.6987654840409916 0.07458656097873488 0
0.7407111023057805 -0.08857446832329841 0
0.8810397149557879 -0.05457355077651822 0
0.7134524512460079 0.07990038915464251 0
0.6851036897427594 0.08745067771737877 0
0.6051803462675207 0.08302369779792292 0
0.1134730569134711 0.05173297806715543 0
0.8065795745212805 -0.04113842946453623 0
0.851781899994726 -0.02353577756086378 0
0.8214020725491671 -0.0458231393894836 0
0.7468803228897731 -0.0796107378289776 0
0.6444592081199576 0.08622066166128756 0
0.1150585207782123 -0.05256045640332951 0
0.1164322803042166 0.05281360664113927 0
0.1119111595879982 0.06391572080469757 0
0.5868296249154703 0.0894401670481505 0
0.8289824513732937 -0.0261594258551588 0
0.7619914129827239 -0.06892693618269533 0
0.6735160792461136 0.09093716364911647 0
0.8938745068000733 -0.06730829992991025 0
0.8263340249609525 -0.09541005734964879 0
0.7723135875603175 -0.05942946580537944 0
0.7035262884718591 0.08191950207715043 0
0.6934756446914738 0.08069202218530008 0
0.109257931867734 0.06970764191589571 0
0.09775624966282644 0.05531273800274011 0
0.6606832515360951 0.08861484659105801 0
0.8481253981254372 -0.03781627314947383 0
0.831555029589478 -0.03779581361746234 0
0.7883775806328679 -0.04914119653280347 0
0.8054189135073562 -0.04732451138484073 0
0.8088417490645654 -0.05191028970054173 0
0.09890212963117401 -0.05693836645775278 0
0.8551904531974919 -0.04359408178681379 0
0.08218119145997627 -0.04765982153287295 0
0.05059029861724102 -0.04560366296963733 0
0.8083167030972633 -0.06916002720050106 0
0.7706062772516689 -0.07185634337102352 0
0.7797702609090547 -0.06224019363263833 0
0.6139712918559659 0.08639612094795113 0
0.8480354146834768 -0.02764344607333425 0
0.1127728407814053 0.05450799235645901 0
0.8726708907505636 -0.05799525330853325 0
0.09183509244284821 -0.05377882476097944 0
0.6198873241498747 0.07816565533962516 0
0.8026539750622745 -0.03710105962155835 0
0.7890140655417276 -0.03783156213601734 0
0.8649281257587058 -0.05030046663874758 0
0.8459704223266269 -0.02490543491199702 0
0.8307505727295845 -0.02938763790851314 0
0.8276800426754747 -0.04698290746446079 0
0.1128031404110914 -0.05527466847755931 0
0.6353008665745887 0.08750273297014166 0
0.6182593309506643 0.09893930283676397 0
0.1066508939875096 -0.05853085667369236 0
0.1079161872168455 0.05159912552555927 0
0.815377226833979 -0.05182237673655352 0
0.08536532942776695 -0.04774912749580622 0
0.7842298055292573 -0.05573568007055648 0
0.1118483684080483 0.05846729257304042 0
0.653220943423236 0.09471484375056921 0
0.663411614759661 0.1017639534792121 0
0.08007389189185513 -0.05611020967831915 0
0.0583309102041269 -0.04610318777886265 0
0.7657850242727038 -0.07688927797566408 0
0.7744552299265692 -0.06616655879142012 0
0.1153071852761903 0.05619271990412 0
0.8333570464212304 -0.04343646435561276 0
0.8484905611509619 -0.04239754740206592 0
0.8443911149824198 -0.02786975738682495 0
0.7981497387585452 -0.03738560946770496 0
0.803902749834503 -0.05424340117580805 0
0.7913089579359111 -0.05589982105969492 0
0.08916802238458035 -0.05874986422555996 0
0.7917675925022147 -0.04296476684146223 0
0.07880166326234606 -0.04961065234361809 0
0.0832286727677445 -0.05164737116868141 0
0.8092707700339066 -0.05899866614559605 0
0.8446145927880268 -0.03220948198892883 0
0.6497724850133462 0.1058848336265519 0
0.8015317584762249 -0.04235515267849397 0
0.09432075175894618 -0.05829626315240606 0
0.8345377169235741 -0.02916089229477745 0
0.109339822334082 0.0551584968924301 0
0.8214623291770303 -0.05256145783844338 0
0.8581593203382282 -0.05125059757388466 0
0.8334384960634449 -0.03334043959580431 0
0.6153100186891245 0.1133141086521714 0
0.6245783478488163 0.08806910779594193 0
0.8765233507753338 -0.06834230568077865 0
0.07940847961639522 -0.06196478968713784 0
0.1020639534287094 -0.0601715325747245 0
0.6565333277119461 0.1157819411086596 0
0.6429149911890275 0.09623030415748585 0
0.7881087825208929 -0.06370427777687837 0
0.04573747601795633 -0.04723491174916938 0
0.7735335902327219 -0.07978093057811331 0
0.8352054645857128 -0.0500824691840906 0
0.8429896706267275 -0.03811044118617285 0
0.8387986380979655 -0.03248232847484159 0
0.07383926048692072 -0.04912906540288502 0
0.7936438644854553 -0.03787472876202702 0
0.7939598379843407 -0.04863145982117682 0
0.8371225719874829 -0.03805140595368359 0
0.8411118346164721 -0.02844026490006464 0
0.818772341986143 -0.05995888009072992 0
0.09693605562039415 -0.06258691317195521 0
0.8298682643005103 -0.05397389457333606 0
0.8022108060297267 -0.06219794496034954 0
0.6310306489478881 0.09808327031023707 0
0.8491646118709411 -0.05216067430751325 0
0.09210056815190515 -0.06444374712401062 0
0.796525961741347 -0.04294569551549976 0
0.6387245002186653 0.1059559010696046 0
0.8348848860699569 -0.02529591443800804 0
0.7954694363432879 -0.06177274829192551 0
0.0763514744979584 -0.04565951990836128 0
0.6551415904120467 0.1276106435712398 0
0.1008194997436262 -0.06497411407711266 0
0.8419469351654464 -0.04513099086662149 0
0.8365651363664428 -0.05800394285904863 0
0.07027925474881498 -0.05332058339238648 0
0.8452547435749782 -0.06043075174827223 0
0.7978257943948452 -0.05520130513851473 0
0.7998608359897694 -0.04845025428572234 0
0.0698944698449754 -0.04738855711780628 0
0.79190011280921 -0.03357336963356798 0
0.8392750775087263 -0.02509911026358453 0
0.8376369805601828 -0.02761962595925991 0
0.8278827080474211 -0.06215791609233692 0
0.09082666981133886 -0.07181416857550019 0
0.0707972215744691 -0.04395511088791097 0
0.06814831031332041 -0.04390820990746722 0
0.828779512402015 -0.07267994597687921 0
0.06565569595242707 -0.04666539529473165 0
0.8416273783127043 -0.05316176579310924 0
0.06182260115214539 -0.05009557041971888 0
0.06189020147431049 -0.04528300096837617 0
0.06145599238305937 -0.04152216150262222 0
0.05487962376164236 -0.04443438928009846 0
0.05544316504024399 -0.04972038107491362 0
0.05331619291176248 -0.05521799730132788 0
$EndNodes
$Elements
7 12104 1 12104
1 1 1 35
1 1 7 
2 7 8 
3 8 9 
4 9 10 
5 10 11 
6 11 12 
7 12 13 
8 13 14 
9 14 15 
10 15 16 
11 16 17 
12 17 18 
13 18 19 
14 19 20 
15 20 21 
16 21 22 
17 22 23 
18 23 24 
19 24 25 
20 25 26 
21 26 27 
22 27 28 
23 28 29 
24 29 30 
25 30 31 
26 31 32 
27 32 33 
28 33 34 
29 34 35 
30 35 36 
31 36 37 
32 37 38 
33 38 39 
34 39 40 
35 40 2 
1 2 1 16
36 2 41 
37 41 42 
38 42 43 
39 43 44 
40 44 45 
41 45 46 
42 46 47 
43 47 48 
44 48 49 
45 49 50 
46 50 51 
47 51 52 
48 52 53 
49 53 54 
50 54 55 
51 55 3 
1 3 1 35
52 3 56 
53 56 57 
54 57 58 
55 58 59 
56 59 60 
57 60 61 
58 61 62 
59 62 63 
60 63 64 
61 64 65 
62 65 66 
63 66 67 
64 67 68 
65 68 69 
66 69 70 
67 70 71 
68 71 72 
69 72 73 
70 73 74 
71 74 75 
72 75 76 
73 76 77 
74 77 78 
75 78 79 
76 79 80 
77 80 81 
78 81 82 
79 82 83 
80 83 84 
81 84 85 
82 85 86 
83 86 87 
84 87 88 
85 88 89 
86 89 4 
1 4 1 16
87 4 90 
88 90 91 
89 91 92 
90 92 93 
91 93 94 
92 94 95 
93 95 96 
94 96 97 
95 97 98 
96 98 99 
97 99 100 
98 100 101 
99 101 102 
100 102 103 
101 103 104 
102 104 1 
1 20 1 340
103 5 105 
104 105 106 
105 106 107 
106 107 108 
107 108 109 
108 109 110 
109 110 111 
110 111 112 
111 112 113 
112 113 114 
113 114 115 
114 115 116 
115 116 117 
116 117 118 
117 118 119 
118 119 120 
119 120 121 
120 121 122 
121 122 123 
122 123 124 
123 124 125 
124 125 126 
125 126 127 
126 127 128 
127 128 129 
128 129 130 
129 130 131 
130 131 132 
131 132 133 
132 133 134 
133 134 135 
134 135 136 
135 136 137 
136 137 138 
137 138 139 
138 139 140 
139 140 141 
140 141 142 
141 142 143 
142 143 144 
143 144 145 
144 145 146 
145 146 147 
146 147 148 
147 148 149 
148 149 150 
149 150 151 
150 151 152 
151 152 153 
152 153 154 
153 154 155 
154 155 156 
155 156 157 
156 157 158 
157 158 159 
158 159 160 
159 160 161 
160 161 162 
161 162 163 
162 163 164 
163 164 165 
164 165 166 
165 166 167 
166 167 168 
167 168 169 
168 169 170 
169 170 171 
170 171 172 
171 172 173 
172 173 174 
173 174 175 
174 175 176 
175 176 177 
176 177 178 
177 178 179 
178 179 180 
179 180 181 
180 181 182 
181 182 183 
182 183 184 
183 184 185 
184 185 186 
185 186 187 
186 187 188 
187 188 189 
188 189 190 
189 190 191 
190 191 192 
191 192 193 
192 193 194 
193 194 195 
194 195 196 
195 196 197 
196 197 198 
197 198 199 
198 199 200 
199 200 201 
200 201 202 
201 202 203 
202 203 204 
203 204 205 
204 205 206 
205 206 207 
206 207 208 
207 208 209 
208 209 210 
209 210 211 
210 211 212 
211 212 213 
212 213 214 
213 214 215 
214 215 216 
215 216 217 
216 217 218 
217 218 219 
218 219 220 
219 220 221 
220 221 222 
221 222 223 
222 223 224 
223 224 225 
224 225 226 
225 226 227 
226 227 228 
227 228 229 
228 229 230 
229 230 231 
230 231 232 
231 232 233 
232 233 234 
233 234 235 
234 235 236 
235 236 237 
236 237 238 
237 238 239 
238 239 240 
239 240 241 
240 241 242 
241 242 243 
242 243 244 
243 244 245 
244 245 246 
245 246 247 
246 247 248 
247 248 249 
248 249 250 
249 250 251 
250 251 252 
251 252 253 
252 253 254 
253 254 255 
254 255 256 
255 256 257 
256 257 258 
257 258 259 
258 259 260 
259 260 261 
260 261 262 
261 262 263 
262 263 264 
263 264 265 
264 265 266 
265 266 267 
266 267 268 
267 268 269 
268 269 270 
269 270 271 
270 271 272 
271 272 273 
272 273 274 
273 274 275 
274 275 276 
275 276 277 
276 277 278 
277 278 279 
278 279 280 
279 280 281 
280 281 282 
281 282 283 
282 283 284 
283 284 285 
284 285 286 
285 286 287 
286 287 288 
287 288 289 
288 289 290 
289 290 291 
290 291 292 
291 292 293 
292 293 294 
293 294 295 
294 295 296 
295 296 297 
296 297 298 
297 298 299 
298 299 300 
299 300 301 
300 301 302 
301 302 303 
302 303 304 
303 304 305 
304 305 306 
305 306 307 
306 307 308 
307 308 309 
308 309 310 
309 310 311 
310 311 312 
311 312 313 
312 313 314 
313 314 315 
314 315 316 
315 316 317 
316 317 318 
317 318 319 
318 319 320 
319 320 321 
320 321 322 
321 322 323 
322 323 324 
323 324 325 
324 325 326 
325 326 327 
326 327 328 
327 328 329 
328 329 330 
329 330 331 
330 331 332 
331 332 333 
332 333 334 
333 334 335 
334 335 336 
335 336 337 
336 337 338 
337 338 339 
338 339 340 
339 340 341 
340 341 342 
341 342 343 
342 343 344 
343 344 345 
344 345 346 
345 346 347 
346 347 348 
347 348 349 
348 349 350 
349 350 351 
350 351 352 
351 352 353 
352 353 354 
353 354 355 
354 355 356 
355 356 357 
356 357 358 
357 358 359 
358 359 360 
359 360 361 
360 361 362 
361 362 363 
362 363 364 
363 364 365 
364 365 366 
365 366 367 
366 367 368 
367 368 369 
368 369 370 
369 370 371 
370 371 372 
371 372 373 
372 373 374 
373 374 375 
374 375 376 
375 376 377 
376 377 378 
377 378 379 
378 379 380 
379 380 381 
380 381 382 
381 382 383 
382 383 384 
383 384 385 
384 385 386 
385 386 387 
386 387 388 
387 388 389 
388 389 390 
389 390 391 
390 391 392 
391 392 393 
392 393 394 
393 394 395 
394 395 396 
395 396 397 
396 397 398 
397 398 399 
398 399 400 
399 400 401 
400 401 402 
401 402 403 
402 403 404 
403 404 405 
404 405 406 
405 406 407 
406 407 408 
407 408 409 
408 409 410 
409 410 411 
410 411 412 
411 412 413 
412 413 414 
413 414 415 
414 415 416 
415 416 417 
416 417 418 
417 418 419 
418 419 420 
419 420 421 
420 421 422 
421 422 423 
422 423 424 
423 424 425 
424 425 426 
425 426 427 
426 427 428 
427 428 429 
428 429 430 
429 430 431 
430 431 432 
431 432 433 
432 433 434 
433 434 435 
434 435 436 
435 436 437 
436 437 438 
437 438 439 
438 439 440 
439 440 441 
440 441 442 
441 442 443 
442 443 6 
1 21 1 340
443 6 444 
444 444 445 
445 445 446 
446 446 447 
447 447 448 
448 448 449 
449 449 450 
450 450 451 
451 451 452 
452 452 453 
453 453 454 
454 454 455 
455 455 456 
456 456 457 
457 457 458 
458 458 459 
459 459 460 
460 460 461 
461 461 462 
462 462 463 
463 463 464 
464 464 465 
465 465 466 
466 466 467 
467 467 468 
468 468 469 
469 469 470 
470 470 471 
471 471 472 
472 472 473 
473 473 474 
474 474 475 
475 475 476 
476 476 477 
477 477 478 
478 478 479 
479 479 480 
480 480 481 
481 481 482 
482 482 483 
483 483 484 
484 484 485 
485 485 486 
486 486 487 
487 487 488 
488 488 489 
489 489 490 
490 490 491 
491 491 492 
492 492 493 
493 493 494 
494 494 495 
495 495 496 
496 496 497 
497 497 498 
498 498 499 
499 499 500 
500 500 501 
501 501 502 
502 502 503 
503 503 504 
504 504 505 
505 505 506 
506 506 507 
507 507 508 
508 508 509 
509 509 510 
510 510 511 
511 511 512 
512 512 513 
513 513 514 
514 514 515 
515 515 516 
516 516 517 
517 517 518 
518 518 519 
519 519 520 
520 520 521 
521 521 522 
522 522 523 
523 523 524 
524 524 525 
525 525 526 
526 526 527 
527 527 528 
528 528 529 
529 529 530 
530 530 531 
531 531 532 
532 532 533 
533 533 534 
534 534 535 
535 535 536 
536 536 537 
537 537 538 
538 538 539 
539 539 540 
540 540 541 
541 541 542 
542 542 543 
543 543 544 
544 544 545 
545 545 546 
546 546 547 
547 547 548 
548 548 549 
549 549 550 
550 550 551 
551 551 552 
552 552 553 
553 553 554 
554 554 555 
555 555 556 
556 556 557 
557 557 558 
558 558 559 
559 559 560 
560 560 561 
561 561 562 
562 562 563 
563 563 564 
564 564 565 
565 565 566 
566 566 567 
567 567 568 
568 568 569 
569 569 570 
570 570 571 
571 571 572 
572 572 573 
573 573 574 
574 574 575 
575 575 576 
576 576 577 
577 577 578 
578 578 579 
579 579 580 
580 580 581 
581 581 582 
582 582 583 
583 583 584 
584 584 585 
585 585 586 
586 586 587 
587 587 588 
588 588 589 
589 589 590 
590 590 591 
591 591 592 
592 592 593 
593 593 594 
594 594 595 
595 595 596 
596 596 597 
597 597 598 
598 598 599 
599 599 600 
600 600 601 
601 601 602 
602 602 603 
603 603 604 
604 604 605 
605 605 606 
606 606 607 
607 607 608 
608 608 609 
609 609 610 
610 610 611 
611 611 612 
612 612 613 
613 613 614 
614 614 615 
615 615 616 
616 616 617 
617 617 618 
618 618 619 
619 619 620 
620 620 621 
621 621 622 
622 622 623 
623 623 624 
624 624 625 
625 625 626 
626 626 627 
627 627 628 
628 628 629 
629 629 630 
630 630 631 
631 631 632 
632 632 633 
633 633 634 
634 634 635 
635 635 636 
636 636 637 
637 637 638 
638 638 639 
639 639 640 
640 640 641 
641 641 642 
642 642 643 
643 643 644 
644 644 645 
645 645 646 
646 646 647 
647 647 648 
648 648 649 
649 649 650 
650 650 651 
651 651 652 
652 652 653 
653 653 654 
654 654 655 
655 655 656 
656 656 657 
657 657 658 
658 658 659 
659 659 660 
660 660 661 
661 661 662 
662 662 663 
663 663 664 
664 664 665 
665 665 666 
666 666 667 
667 667 668 
668 668 669 
669 669 670 
670 670 671 
671 671 672 
672 672 673 
673 673 674 
674 674 675 
675 675 676 
676 676 677 
677 677 678 
678 678 679 
679 679 680 
680 680 681 
681 681 682 
682 682 683 
683 683 684 
684 684 685 
685 685 686 
686 686 687 
687 687 688 
688 688 689 
689 689 690 
690 690 691 
691 691 692 
692 692 693 
693 693 694 
694 694 695 
695 695 696 
696 696 697 
697 697 698 
698 698 699 
699 699 700 
700 700 701 
701 701 702 
702 702 703 
703 703 704 
704 704 705 
705 705 706 
706 706 707 
707 707 708 
708 708 709 
709 709 710 
710 710 711 
711 711 712 
712 712 713 
713 713 714 
714 714 715 
715 715 716 
716 716 717 
717 717 718 
718 718 719 
719 719 720 
720 720 721 
721 721 722 
722 722 723 
723 723 724 
724 724 725 
725 725 726 
726 726 727 
727 727 728 
728 728 729 
729 729 730 
730 730 731 
731 731 732 
732 732 733 
733 733 734 
734 734 735 
735 735 736 
736 736 737 
737 737 738 
738 738 739 
739 739 740 
740 740 741 
741 741 742 
742 742 743 
743 743 744 
744 744 745 
745 745 746 
746 746 747 
747 747 748 
748 748 749 
749 749 750 
750 750 751 
751 751 752 
752 752 753 
753 753 754 
754 754 755 
755 755 756 
756 756 757 
757 757 758 
758 758 759 
759 759 760 
760 760 761 
761 761 762 
762 762 763 
763 763 764 
764 764 765 
765 765 766 
766 766 767 
767 767 768 
768 768 769 
769 769 770 
770 770 771 
771 771 772 
772 772 773 
773 773 774 
774 774 775 
775 775 776 
776 776 777 
777 777 778 
778 778 779 
779 779 780 
780 780 781 
781 781 782 
782 782 5 
2 1 2 11322
783 5130 4905 5153 
784 4316 3969 4485 
785 4812 5043 5156 
786 4061 4141 4315 
787 1715 1728 1742 
788 1689 1614 1731 
789 5698 5575 5811 
790 3328 3562 4233 
791 1934 1941 2005 
792 4804 4720 4918 
793 5557 5402 5625 
794 4810 4761 4856 
795 106 105 3439 
796 2033 2075 2083 
797 5118 5132 5193 
798 4942 5101 5163 
799 5096 5231 5286 
800 2533 2894 3168 
801 1715 1686 1728 
802 3745 3767 3907 
803 2547 2471 2625 
804 3638 3303 3848 
805 5393 5183 5472 
806 1955 1970 1978 
807 1827 1772 1954 
808 1732 1674 1745 
809 1352 1307 1389 
810 5570 5706 5816 
811 1347 1394 1407 
812 5701 5704 5808 
813 4619 4782 5003 
814 5370 5276 5458 
815 5290 5335 5461 
816 4375 4109 4760 
817 2567 2645 2765 
818 2305 2306 2434 
819 4546 4831 5021 
820 4968 5305 5494 
821 1318 1253 1344 
822 4915 5150 5351 
823 3059 3225 3247 
824 2256 2284 2303 
825 1930 2020 2085 
826 5790 5700 6029 
827 2181 2063 2228 
828 5889 5854 5894 
829 3858 3960 4312 
830 3646 3847 4108 
831 2732 2827 2844 
832 5650 5676 5727 
833 1571 1551 1618 
834 3043 2771 3188 
835 5323 5080 5587 
836 4351 5197 5652 
837 2210 2248 2302 
838 3520 3340 3673 
839 1984 2027 2331 
840 4024 3966 4152 
841 1993 1902 2042 
842 2767 2550 3582 
843 3447 3504 3781 
844 3277 2965 3670 
845 4435 4445 4574 
846 5042 4838 5176 
847 3798 3614 4115 
848 5009 4812 5156 
849 4300 4144 4468 
850 4680 4367 5252 
851 1849 1803 1885 
852 3349 3360 3492 
853 3000 3250 3852 
854 2443 2367 2522 
855 4839 5052 5065 
856 5814 5578 5984 
857 1946 1986 1990 
858 2876 2904 3233 
859 5378 5400 5529 
860 1492 1486 1501 
861 4314 4351 4982 
862 2949 2879 2990 
863 3006 2998 3105 
864 4007 3952 4803 
865 1203 1207 1243 
866 1399 1411 1464 
867 2925 2933 3345 
868 2352 2205 2426 
869 2827 2641 2913 
870 4799 4869 4946 
871 5728 5885 5958 
872 1282 1307 1311 
873 3266 3615 4227 
874 5313 5300 5632 
875 5077 4717 5235 
876 3422 3012 3781 
877 5040 5009 5156 
878 5650 5727 5741 
879 4101 3972 4400 
880 5425 5280 5657 
881 5360 5488 5607 
882 2472 2502 2581 
883 5810 5777 5831 
884 4511 5905 5946 
885 5126 5115 5158 
886 3816 3487 4018 
887 3612 3589 3952 
888 2623 2618 2627 
889 5547 5580 5667 
890 2162 2136 2217 
891 131 3834 4777 
892 5680 5536 5804 
893 3018 3043 3156 
894 5067 5091 5402 
895 4782 4910 5191 
896 3768 4168 4492 
897 2199 2151 2271 
898 5212 5300 5313 
899 2461 2434 2810 
900 4326 4315 4556 
901 5132 5118 5251 
902 3167 2954 3320 
903 1224 1211 1258 
904 4485 4619 4838 
905 5487 5289 5624 
906 3266 3105 3590 
907 4600 4781 5021 
908 2121 416 4200 
909 1163 1128 1273 
910 2874 2837 3158 
911 1203 1173 1207 
912 4421 4082 4684 
913 1953 1961 2011 
914 4346 4642 4762 
915 2375 2347 2377 
916 2285 2304 2368 
917 1918 1906 2034 
918 2702 2600 2760 
919 3018 2873 3043 
920 5282 5647 5787 
921 5649 5591 5670 
922 2147 2008 2151 
923 2701 2738 2761 
924 1305 1286 1312 
925 435 434 5321 
926 4124 4284 4367 
927 2031 2072 2153 
928 4081 3997 4202 
929 3656 3439 5315 
930 4367 4623 5252 
931 5663 5521 5746 
932 3756 3518 3893 
933 2186 2179 2265 
934 4507 4521 4901 
935 2548 2771 2873 
936 2031 2012 2072 
937 5810 5824 5926 
938 1030 953 1106 
939 1497 1444 1603 
940 2751 2885 3072 
941 4193 3886 4442 
942 5068 4807 5077 
943 4555 4391 4763 
944 3765 3566 3766 
945 2521 2473 2568 
946 2442 2463 2556 
947 2189 2279 2310 
948 4207 4666 4774 
949 1730 1739 1827 
950 3768 3914 4168 
951 1316 1427 1429 
952 1968 2011 2074 
953 1859 1851 1922 
954 3939 3499 4417 
955 2136 2075 2197 
956 5307 5469 5504 
957 4438 4462 4576 
958 1677 1690 1760 
959 5163 5101 5284 
960 2407 2420 2462 
961 5444 5617 5690 
962 5875 5929 5937 
963 1908 1923 1962 
964 5273 5151 5302 
965 4647 4378 4656 
966 5644 5555 5723 
967 4928 5134 5232 
968 1817 1804 1828 
969 5476 5263 5570 
970 4125 4007 4329 
971 5209 5046 5351 
972 1804 1731 1828 
973 5246 5032 5456 
974 4144 3964 4292 
975 1186 1126 1424 
976 3499 3649 4417 
977 4451 4303 4600 
978 4555 4577 4650 
979 4399 4153 5313 
980 1912 1975 2059 
981 1374 1392 1486 
982 3782 3476 3861 
983 4511 5946 6050 
984 1976 2008 2084 
985 2983 3164 3341 
986 4947 5083 5189 
987 2221 2072 2704 
988 3115 3073 3157 
989 1771 1785 1819 
990 3870 3712 3871 
991 2686 2588 2687 
992 4155 5567 5662 
993 4226 4148 4338 
994 4554 4659 4732 
995 2070 1962 2305 
996 132 131 4777 
997 5566 5432 5599 
998 5697 5701 5805 
999 2326 2336 2379 
1000 2644 2568 2778 
1001 5748 5820 5898 
1002 1976 1905 2008 
1003 5065 5052 5181 
1004 5202 5062 5250 
1005 2057 2076 2096 
1006 5346 5709 5753 
1007 1272 1213 1313 
1008 5287 5345 5504 
1009 4130 4304 5378 
1010 1184 1129 1216 
1011 5108 4764 5510 
1012 434 2832 5436 
1013 1372 1362 1541 
1014 5603 5431 5930 
1015 5444 5112 5585 
1016 2227 2224 2288 
1017 5947 5880 6016 
1018 3607 3791 3954 
1019 1794 1778 1846 
1020 5302 5425 5543 
1021 1923 1978 2018 
1022 4998 5039 5243 
1023 5879 5896 6005 
1024 1902 1942 2042 
1025 1360 1405 1441 
1026 1059 1032 1079 
1027 2030 2025 2431 
1028 2354 2474 2607 
1029 1126 1325 1361 
1030 2221 2587 2654 
1031 1223 1176 1295 
1032 863 928 963 
1033 4688 4761 4966 
1034 1718 1606 1763 
1035 2019 1979 2161 
1036 5215 5123 5381 
1037 5273 5543 5793 
1038 1456 1505 1605 
1039 842 854 899 
1040 1690 1674 1732 
1041 5408 5287 5504 
1042 5755 5812 5867 
1043 4304 4347 5400 
1044 1808 1849 1902 
1045 3947 3734 4232 
1046 3007 3112 3508 
1047 5733 5657 5935 
1048 1551 1614 1689 
1049 1967 1998 2026 
1050 5691 5430 5722 
1051 1172 1203 1243 
1052 3667 3793 3950 
1053 1659 1630 1677 
1054 3988 4015 4420 
1055 3211 3176 3302 
1056 5245 5345 5663 
1057 2911 3236 3326 
1058 1643 1568 1705 
1059 4894 5017 5135 
1060 2434 2443 2810 
1061 4680 4790 5067 
1062 1445 1459 1490 
1063 3113 2983 3341 
1064 4084 4118 4428 
1065 1587 1473 1625 
1066 5857 5914 5933 
1067 2766 2874 3427 
1068 3796 3964 4144 
1069 3965 3793 4130 
1070 2832 433 5764 
1071 2412 2328 2452 
1072 4485 4137 4619 
1073 4547 3297 4826 
1074 4536 4170 4740 
1075 3309 3554 4208 
1076 5280 5416 5448 
1077 1401 1360 1441 
1078 5282 5539 5647 
1079 2056 1993 2095 
1080 4156 3810 4314 
1081 5788 5581 5825 
1082 5339 5357 5472 
1083 4924 5179 5414 
1084 1027 1016 1068 
1085 3646 3103 3726 
1086 3487 3752 4018 
1087 1590 1562 1650 
1088 2000 1815 2052 
1089 1397 1339 1407 
1090 4283 4490 4609 
1091 3612 4007 4125 
1092 5534 5601 5626 
1093 2764 2822 3155 
1094 2084 2147 2152 
1095 1435 1423 1461 
1096 2269 2333 2348 
1097 2954 2887 3254 
1098 4312 4433 5004 
1099 3621 3810 4156 
1100 4713 4951 5130 
1101 2771 2883 3188 
1102 6009 6014 6030 
1103 3960 4099 4135 
1104 3160 3152 3216 
1105 5838 5837 5881 
1106 3637 3799 3977 
1107 3099 2730 3332 
1108 5405 5203 5465 
1109 2948 2753 2953 
1110 1365 1362 1372 
1111 1114 1083 1128 
1112 5402 5481 5625 
1113 1722 1692 1878 
1114 2440 5173 5798 
1115 4621 4735 4789 
1116 4344 3981 4585 
1117 2884 2723 3006 
1118 1294 1220 1308 
1119 4144 4324 4670 
1120 4924 5380 5480 
1121 4810 4551 5030 
1122 3291 3319 3674 
1123 948 844 953 
1124 3952 4282 4803 
1125 4009 3869 4258 
1126 6009 5989 6010 
1127 1427 1386 1429 
1128 4203 4359 4579 
1129 6014 5978 6030 
1130 4467 4393 4974 
1131 1461 1499 1593 
1132 4299 4367 4680 
1133 1552 1456 1605 
1134 1187 1213 1272 
1135 2771 2654 2806 
1136 1347 1258 1380 
1137 1188 1211 1224 
1138 2625 2532 2646 
1139 4715 4919 5251 
1140 6047 5974 6051 
1141 5124 4983 5318 
1142 1776 1753 1848 
1143 5474 5475 5574 
1144 1456 1356 1505 
1145 3323 3290 3640 
1146 5290 5169 5335 
1147 5788 5761 5895 
1148 5288 5600 5830 
1149 3716 3545 3717 
1150 4269 4203 4579 
1151 1925 1973 2004 
1152 3689 3882 3957 
1153 3046 3228 3229 
1154 2728 2780 2888 
1155 5422 5683 5831 
1156 2626 2667 2728 
1157 1418 1363 1455 
1158 5348 5470 5556 
1159 4146 4130 5378 
1160 1688 1606 1718 
1161 5581 5558 5669 
1162 3075 3087 3131 
1163 1133 1176 1223 
1164 5123 5215 5406 
1165 1282 1295 1307 
1166 5350 5096 5484 
1167 3453 3408 3491 
1168 5575 5807 5811 
1169 5757 5714 5852 
1170 927 1016 1027 
1171 4316 4485 4687 
1172 5565 5489 5654 
1173 1206 1205 1251 
1174 1724 1677 1760 
1175 1823 1893 2048 
1176 3767 3623 3912 
1177 2383 2344 2614 
1178 1444 1506 1603 
1179 4914 4849 4992 
1180 1316 1284 1427 
1181 2297 2375 2516 
1182 1921 1872 2571 
1183 3565 3284 3683 
1184 1205 1240 1251 
1185 4461 4388 4802 
1186 1737 1753 1776 
1187 1163 1340 1369 
1188 2189 2270 2279 
1189 2584 2613 2657 
1190 5614 5714 5757 
1191 4214 4169 4320 
1192 3267 3254 3589 
1193 5581 5726 5825 
1194 1973 1982 2004 
1195 5191 5346 5753 
1196 5456 5291 5744 
1197 2510 2499 2529 
1198 3657 3600 3833 
1199 3213 3154 3272 
1200 4920 4957 5144 
1201 2417 2407 2643 
1202 4888 4954 5208 
1203 5555 5684 5723 
1204 4538 5008 5126 
1205 5616 5454 5779 
1206 1080 1026 1108 
1207 4589 4531 4951 
1208 3917 3721 4019 
1209 3456 3540 4371 
1210 5279 5446 5480 
1211 2797 3003 3005 
1212 1731 1784 1828 
1213 2829 5099 5133 
1214 4433 4312 4478 
1215 3634 3844 4242 
1216 4282 4349 4533 
1217 5429 5360 5607 
1218 1915 1974 2853 
1219 4562 4348 4764 
1220 4573 4566 5149 
1221 5113 5447 5768 
1222 5316 5531 5783 
1223 3672 3341 3869 
1224 1130 1068 1169 
1225 1832 1766 1857 
1226 2562 2529 2626 
1227 2700 2791 2876 
1228 3295 3168 3422 
1229 2032 2092 2197 
1230 4290 4245 4691 
1231 4765 4967 5326 
1232 1307 1317 1389 
1233 4534 4915 5236 
1234 4583 4874 5166 
1235 5627 5470 5774 
1236 5669 5599 5726 
1237 3839 3523 4658 
1238 1974 1994 2789 
1239 1826 1805 3652 
1240 1418 1455 1507 
1241 4757 4974 5325 
1242 5588 5618 5783 
1243 5988 5947 6016 
1244 4492 4168 4558 
1245 5321 434 5436 
1246 1208 1424 1428 
1247 3027 3169 3388 
1248 5168 5401 5559 
1249 3511 3291 3674 
1250 5797 5705 5824 
1251 5915 5706 5929 
1252 1091 1129 1184 
1253 3224 3384 3529 
1254 3869 3637 4258 
1255 2466 2465 2650 
1256 5302 5248 5689 
1257 3779 3480 3930 
1258 2623 2727 2835 
1259 5290 5461 5783 
1260 4867 4254 5488 
1261 3084 3178 3179 
1262 5160 5311 5524 
1263 2448 2465 2599 
1264 1924 1823 2048 
1265 2841 2983 3113 
1266 2011 2118 2154 
1267 1762 1803 1849 
1268 1840 1873 3177 
1269 2430 2357 2499 
1270 2983 2889 3164 
1271 1889 1955 1978 
1272 4859 4979 5026 
1273 2715 2783 2828 
1274 2305 1962 2306 
1275 1207 1278 1339 
1276 4915 4728 5150 
1277 1731 1614 1792 
1278 1753 1724 1773 
1279 5810 5831 5916 
1280 3166 3153 3401 
1281 5210 5038 5501 
1282 2985 3330 3588 
1283 2163 2082 2215 
1284 2074 2011 2154 
1285 1691 1721 1809 
1286 3452 3527 3763 
1287 5102 5307 5345 
1288 3161 3001 3230 
1289 5610 5444 5690 
1290 1300 1316 1356 
1291 1282 1223 1295 
1292 4020 3807 4075 
1293 3085 3179 3180 
1294 2949 3103 3603 
1295 3977 4342 4392 
1296 3125 3261 3476 
1297 5761 5788 5825 
1298 3905 3989 4021 
1299 4764 4935 5510 
1300 5468 5566 5599 
1301 4426 3615 4766 
1302 1925 1883 1973 
1303 4674 5102 5245 
1304 5719 5767 5862 
1305 1566 1651 2501 
1306 4394 4568 4880 
1307 5348 5511 5682 
1308 2740 2693 2768 
1309 1106 1059 1110 
1310 5838 5925 5935 
1311 1317 1313 1389 
1312 4415 4416 4538 
1313 2954 3267 3592 
1314 5263 4891 6028 
1315 1684 1646 4234 
1316 5824 5810 5886 
1317 3597 3507 3879 
1318 5872 5728 5958 
1319 3403 3404 3498 
1320 5263 5476 5679 
1321 965 966 1009 
1322 5692 5506 5715 
1323 3113 3341 3443 
1324 5112 5512 5585 
1325 3952 3970 4282 
1326 3774 3538 3812 
1327 1678 1722 1806 
1328 2563 2531 2628 
1329 3999 4195 4431 
1330 3858 3859 3960 
1331 1959 2114 2155 
1332 3134 3276 4582 
1333 1853 1902 1951 
1334 4053 4156 4857 
1335 1321 1362 1365 
1336 3756 3893 4129 
1337 5584 5425 5733 
1338 2018 2106 2240 
1339 2188 2196 2226 
1340 1132 1119 1203 
1341 3259 3213 3324 
1342 1649 1674 1690 
1343 4097 4362 4398 
1344 3344 3510 3590 
1345 4359 4203 4495 
1346 4948 5105 5241 
1347 3962 6 4916 
1348 5003 5191 5655 
1349 4541 4452 4578 
1350 1626 1572 1688 
1351 1424 1361 1428 
1352 4912 4740 5169 
1353 5141 5132 5251 
1354 3629 3293 4311 
1355 4397 4492 4558 
1356 4918 4720 4980 
1357 3263 3401 3438 
1358 3106 3149 3453 
1359 2328 2410 2452 
1360 4875 4769 5014 
1361 4451 4600 4888 
1362 1968 1953 2011 
1363 1534 1551 1571 
1364 4160 4504 4507 
1365 4884 4652 5981 
1366 2534 2764 2886 
1367 3797 3969 4316 
1368 4220 4386 4509 
1369 4687 4838 5042 
1370 4505 4251 4598 
1371 1119 1173 1203 
1372 5832 5574 5833 
1373 2742 2713 2762 
1374 1307 1295 1317 
1375 2810 2443 2895 
1376 3856 3794 3967 
1377 1760 1771 1807 
1378 3603 3646 3851 
1379 5707 5579 5909 
1380 2307 2378 2522 
1381 4986 4950 5020 
1382 3485 3451 3820 
1383 4675 4312 5004 
1384 5289 5098 5687 
1385 1496 1568 1643 
1386 3251 3487 3675 
1387 5116 4762 5379 
1388 1322 1321 1365 
1389 3481 2831 4305 
1390 5009 5040 5211 
1391 4619 4321 4782 
1392 1278 1338 1379 
1393 1177 1187 1272 
1394 441 440 4797 
1395 4761 4688 4856 
1396 5447 5273 5649 
1397 4277 4308 4387 
1398 5352 5457 5516 
1399 4227 4426 4469 
1400 4735 4911 4973 
1401 4900 4674 5245 
1402 5023 4985 5188 
1403 3268 3440 3698 
1404 5716 5471 5792 
1405 3162 3088 3163 
1406 5353 5452 5743 
1407 1739 1772 1827 
1408 5176 5317 5358 
1409 5566 5468 5685 
1410 2460 2384 2705 
1411 4790 4962 5347 
1412 3117 3089 3162 
1413 2543 2678 2897 
1414 6 4340 4916 
1415 1027 1068 1130 
1416 5046 5209 5337 
1417 1766 1763 1949 
1418 5585 5512 5842 
1419 3815 4004 4395 
1420 4129 4303 4451 
1421 3946 3997 4081 
1422 4913 3436 5198 
1423 2524 2629 2892 
1424 1967 1940 1998 
1425 2422 2383 2464 
1426 1737 1624 1753 
1427 5524 5311 5670 
1428 5373 5560 5631 
1429 2472 2301 2502 
1430 1175 1199 1230 
1431 2077 2157 2273 
1432 3267 3612 3890 
1433 3826 4201 4204 
1434 2153 2221 2703 
1435 1451 1458 1539 
1436 2716 2616 2717 
1437 2105 2148 2419 
1438 5433 5581 5788 
1439 5486 5525 5651 
1440 3223 3263 3497 
1441 2774 2880 3007 
1442 3946 3838 3997 
1443 2407 2552 2643 
1444 3593 3455 4291 
1445 2136 2222 2351 
1446 3932 3935 4213 
1447 4744 4946 5071 
1448 5469 5307 5495 
1449 3964 4125 4292 
1450 4545 4695 4877 
1451 3665 3474 4028 
1452 3154 3273 3594 
1453 905 926 957 
1454 1771 1745 1785 
1455 4525 4789 4906 
1456 4575 4752 4779 
1457 4356 4546 4615 
1458 5831 5877 5916 
1459 3799 4124 4299 
1460 1131 1067 1245 
1461 2651 2548 2873 
1462 5438 5267 5698 
1463 4174 4125 4329 
1464 3392 3275 3536 
1465 5629 5113 5768 
1466 4314 4958 5197 
1467 2509 2564 2619 
1468 5086 5301 5424 
1469 5608 5433 5705 
1470 2640 2543 2897 
1471 5578 5814 6001 
1472 5061 4879 5173 
1473 1083 1001 1128 
1474 2083 2136 2162 
1475 1966 2057 2096 
1476 4309 4127 4315 
1477 5489 5596 5654 
1478 3112 2880 3555 
1479 4153 3993 4300 
1480 1871 1920 2050 
1481 3102 3484 3678 
1482 4214 4320 5550 
1483 5659 5487 5782 
1484 4024 4152 4394 
1485 4497 4297 4824 
1486 4137 4321 4619 
1487 5799 5821 5875 
1488 169 168 2561 
1489 3664 3468 4008 
1490 4159 4197 4611 
1491 1221 1253 1318 
1492 2504 2547 2581 
1493 1172 1132 1203 
1494 5731 5574 5832 
1495 1990 2025 2030 
1496 4740 4170 5236 
1497 5727 5584 5741 
1498 1059 1126 1186 
1499 5172 5184 5516 
1500 3014 3006 3261 
1501 5080 5459 5587 
1502 4700 4978 5255 
1503 1789 1768 1823 
1504 1791 1765 1812 
1505 1363 1431 1455 
1506 4850 4647 5162 
1507 5593 5651 5725 
1508 1468 1537 1598 
1509 2885 2845 3070 
1510 2285 2066 2304 
1511 5146 5234 5507 
1512 1272 1313 1317 
1513 4315 4141 4556 
1514 4944 4884 5354 
1515 905 867 926 
1516 1547 1610 1698 
1517 1867 1832 1950 
1518 2301 2308 2502 
1519 1412 1508 1575 
1520 4393 4953 4974 
1521 1934 2005 2055 
1522 3616 3800 4130 
1523 1443 1486 1492 
1524 4166 4199 4751 
1525 1730 1693 1739 
1526 3798 4155 5662 
1527 1031 954 1063 
1528 5380 5279 5480 
1529 1408 1364 1539 
1530 3388 3518 3756 
1531 5607 5591 5736 
1532 5075 5142 5143 
1533 4432 4175 4588 
1534 3019 3151 3289 
1535 3153 3296 4107 
1536 4324 4292 4597 
1537 3459 3264 3608 
1538 2025 1986 2117 
1539 3217 3291 3333 
1540 2874 3158 3382 
1541 4153 4328 5212 
1542 5601 5557 5626 
1543 2168 2206 2345 
1544 3097 2922 3534 
1545 4838 5003 5548 
1546 2642 2634 2850 
1547 1188 1169 1211 
1548 1056 1182 1248 
1549 3799 3698 4124 
1550 1177 1134 1187 
1551 4868 4991 5151 
1552 1742 1728 1770 
1553 1554 1630 1659 
1554 1084 1029 1114 
1555 2474 2568 2644 
1556 1185 1168 1222 
1557 4666 4392 5398 
1558 4717 5111 5235 
1559 5139 5289 5487 
1560 2557 2541 2742 
1561 4917 5112 5444 
1562 2085 2020 2156 
1563 5247 4733 5324 
1564 4592 4547 4826 
1565 2611 2641 2827 
1566 3272 3575 3768 
1567 2591 2153 2703 
1568 2653 2622 2720 
1569 3285 3476 3782 
1570 848 954 1031 
1571 5460 5384 5640 
1572 1033 1067 1131 
1573 1458 1451 1540 
1574 4707 4468 4984 
1575 2316 2384 3240 
1576 1919 1829 1953 
1577 5767 5720 5862 
1578 2727 2627 3080 
1579 1861 1875 1917 
1580 1487 1393 1581 
1581 5183 4911 5472 
1582 5074 4866 5075 
1583 2522 2567 3096 
1584 3492 3360 4276 
1585 3368 3007 3508 
1586 3441 3508 3616 
1587 3034 3501 4224 
1588 1445 1353 1459 
1589 2210 2302 2421 
1590 4836 4530 4967 
1591 1032 968 1079 
1592 1853 1808 1902 
1593 1461 1409 1499 
1594 4805 4963 5137 
1595 5054 4840 5153 
1596 4388 4801 4802 
1597 2024 1968 2074 
1598 996 1026 1080 
1599 4795 5128 5231 
1600 5405 5573 6024 
1601 4302 4084 4428 
1602 5040 5156 5567 
1603 1858 1853 1951 
1604 1808 1762 1849 
1605 1243 1207 1252 
1606 3722 3754 4077 
1607 4533 5062 5202 
1608 2228 2063 2496 
1609 3990 4206 4275 
1610 2894 2533 3096 
1611 2140 2267 2308 
1612 1175 1138 1199 
1613 3439 105 5120 
1614 3851 3966 4024 
1615 2547 2625 2889 
1616 4763 4391 4788 
1617 3101 3018 3156 
1618 4551 4810 4856 
1619 5288 5477 5600 
1620 1677 1630 1690 
1621 4382 4273 4590 
1622 3105 3266 4294 
1623 5807 5892 6047 
1624 3414 3224 3529 
1625 4921 4829 4965 
1626 5438 5471 5632 
1627 1572 1487 1606 
1628 2442 2436 2463 
1629 4515 5540 5675 
1630 5118 4923 5251 
1631 5167 5168 5559 
1632 1984 1910 2027 
1633 899 956 1003 
1634 2221 2654 2703 
1635 3254 3285 3589 
1636 4434 4235 4463 
1637 4925 5186 5337 
1638 855 810 898 
1639 857 787 961 
1640 5267 5575 5698 
1641 1692 1738 1878 
1642 856 807 924 
1643 4155 4115 5224 
1644 5468 5599 5669 
1645 5651 5571 5725 
1646 1081 1063 1116 
1647 2879 2639 2990 
1648 4832 4146 4893 
1649 3156 3043 3307 
1650 5937 5929 5972 
1651 5588 5589 5618 
1652 5096 5286 5484 
1653 859 815 947 
1654 4481 4677 4727 
1655 5427 5579 5707 
1656 1300 1257 1316 
1657 4484 4184 4593 
1658 5129 5350 5484 
1659 5649 5670 5768 
1660 4264 4077 4265 
1661 4575 4214 5550 
1662 4030 3993 4153 
1663 1932 1980 1981 
1664 5473 5578 6001 
1665 5087 5281 5669 
1666 3765 3766 3789 
1667 5038 5386 5501 
1668 3193 3222 3336 
1669 1951 1993 2056 
1670 860 818 948 
1671 4388 4627 4801 
1672 4328 4300 4685 
1673 2303 2284 2398 
1674 1613 2160 2314 
1675 2384 2460 3240 
1676 5561 5462 5623 
1677 4728 4584 4917 
1678 4207 4410 4666 
1679 4954 4888 5021 
1680 1069 1168 1185 
1681 2271 2217 2299 
1682 2751 2636 2885 
1683 2970 3279 3869 
1684 858 812 1000 
1685 2626 2529 2667 
1686 1320 1364 1408 
1687 3991 4383 4557 
1688 4891 5263 5679 
1689 3965 4146 4832 
1690 2723 2998 3006 
1691 953 1030 1102 
1692 4571 4775 4845 
1693 966 967 1028 
1694 3969 4137 4485 
1695 5423 5288 5830 
1696 1859 1922 1977 
1697 5543 5584 5859 
1698 3247 3225 3270 
1699 2375 2377 2457 
1700 4297 4503 4824 
1701 4963 5130 5218 
1702 203 202 3009 
1703 3833 3768 4492 
1704 4706 4578 5658 
1705 1545 1488 1607 
1706 4914 5087 5558 
1707 4743 5000 5147 
1708 4347 3975 4391 
1709 5314 5594 5711 
1710 5370 5604 5842 
1711 1806 1815 2000 
1712 3616 3508 3650 
1713 1718 1766 1832 
1714 1123 1135 1161 
1715 2702 2760 3172 
1716 3306 3488 3677 
1717 4356 4615 5064 
1718 1785 1823 1874 
1719 1447 1534 1571 
1720 4712 4802 4956 
1721 4774 4666 5528 
1722 4554 4732 5250 
1723 2012 1980 2267 
1724 2396 2346 2397 
1725 4950 4986 5226 
1726 1394 1643 1705 
1727 3482 3529 3569 
1728 5657 5722 5838 
1729 3661 3000 3852 
1730 1262 1221 1318 
1731 3822 3690 3880 
1732 3992 3872 4025 
1733 4905 5130 5226 
1734 2780 2887 2888 
1735 2728 2667 2780 
1736 2670 2753 2948 
1737 4766 3615 5019 
1738 3974 3619 4210 
1739 3181 3168 3295 
1740 2310 2279 2357 
1741 5052 5050 5181 
1742 2215 2127 2435 
1743 1089 1011 1132 
1744 3798 5392 5563 
1745 5378 4304 5400 
1746 5086 5424 5473 
1747 4051 4148 4226 
1748 5573 5465 5998 
1749 3023 3259 3324 
1750 3523 3839 4296 
1751 3112 3555 3740 
1752 3683 3284 3854 
1753 3800 3975 4304 
1754 1011 1119 1132 
1755 4781 4546 5021 
1756 1846 1778 1933 
1757 861 791 908 
1758 1509 1483 1572 
1759 1618 1689 1780 
1760 3538 3642 3812 
1761 3860 3700 4220 
1762 5966 5890 5994 
1763 2127 2208 2337 
1764 1277 1208 1306 
1765 1130 1169 1188 
1766 3355 3669 3920 
1767 2556 2670 2710 
1768 1877 1905 1976 
1769 4555 4650 4776 
1770 5881 5837 5901 
1771 2386 2305 2434 
1772 4375 4760 4874 
1773 2186 2265 2295 
1774 2774 2628 2880 
1775 3450 2767 3582 
1776 1031 1063 1081 
1777 2193 2205 2352 
1778 5431 5283 5678 
1779 843 920 952 
1780 5671 5728 5872 
1781 4307 4129 4451 
1782 5438 5698 5792 
1783 4686 4481 4727 
1784 2835 2727 3023 
1785 3919 4014 4419 
1786 2277 2354 2553 
1787 3277 3670 3801 
1788 1394 1380 1643 
1789 4286 4344 4587 
1790 5714 5800 5871 
1791 5169 4913 5335 
1792 4198 3815 4395 
1793 5068 5077 5235 
1794 4848 5098 5139 
1795 5431 5678 5791 
1796 2532 2611 2646 
1797 1614 1701 1792 
1798 1210 1225 1257 
1799 1744 1678 1806 
1800 3950 3965 5035 
1801 2011 1961 2118 
1802 1457 1426 1509 
1803 3443 3672 3806 
1804 2203 2277 2355 
1805 909 925 1014 
1806 4963 5165 5399 
1807 1288 1309 1388 
1808 2407 2462 2552 
1809 4326 4556 4780 
1810 999 1029 1084 
1811 1308 1383 1405 
1812 1650 1562 1826 
1813 2066 2161 2304 
1814 5516 5457 5597 
1815 3979 3877 4022 
1816 4946 4869 5246 
1817 2345 2458 2817 
1818 1762 1712 1803 
1819 4251 4332 4598 
1820 3280 3452 3680 
1821 2348 2333 2374 
1822 5276 5471 5686 
1823 4600 4494 4781 
1824 2827 2913 3092 
1825 4889 5080 5323 
1826 3772 3469 3831 
1827 3012 3243 3281 
1828 1587 1625 1821 
1829 842 813 854 
1830 3954 3791 3972 
1831 3863 3619 3974 
1832 2094 2030 2150 
1833 5346 5127 5476 
1834 2720 2843 2950 
1835 2686 2687 2769 
1836 4023 3845 4102 
1837 1305 1346 1430 
1838 5427 5474 5579 
1839 3115 3157 3269 
1840 5278 5462 5561 
1841 3886 4093 4442 
1842 5722 5702 5837 
1843 1455 1412 1575 
1844 1346 1312 1423 
1845 5612 5423 5700 
1846 3992 4215 4510 
1847 5892 5807 6032 
1848 2092 2031 2153 
1849 1443 1395 1486 
1850 4576 4462 4719 
1851 4578 4706 4992 
1852 3555 3293 4093 
1853 4209 4407 4534 
1854 3202 3106 3337 
1855 3907 3767 4017 
1856 5134 4765 5326 
1857 4202 3997 4389 
1858 5697 5619 5701 
1859 3070 2951 3159 
1860 3520 3673 3853 
1861 2147 2199 2569 
1862 1618 1551 1689 
1863 4924 4568 5179 
1864 1423 1358 1461 
1865 1983 2050 2086 
1866 2236 2376 2819 
1867 1209 1226 1255 
1868 2563 2628 2774 
1869 2379 2336 2468 
1870 1573 1509 1626 
1871 4574 4445 4731 
1872 3440 3388 3756 
1873 4880 4924 5480 
1874 1056 952 1118 
1875 4527 4837 4970 
1876 4578 4880 5658 
1877 3957 3882 4012 
1878 4777 3834 5058 
1879 5280 5425 5689 
1880 1503 1545 1632 
1881 3568 3297 3631 
1882 3981 3816 4018 
1883 1817 1861 1955 
1884 2082 1967 2109 
1885 5824 5895 5926 
1886 1202 1241 1286 
1887 5824 5705 5895 
1888 5197 5316 5445 
1889 2765 2645 3427 
1890 1319 1262 1431 
1891 5692 5715 5726 
1892 3178 2996 3294 
1893 3646 3726 3847 
1894 3292 3502 3595 
1895 2310 2357 2430 
1896 2883 2806 2935 
1897 2617 2718 2746 
1898 3615 3590 5242 
1899 3341 2970 3869 
1900 1037 1007 1057 
1901 4032 4565 4858 
1902 964 930 1083 
1903 2385 2316 3240 
1904 3976 3729 4404 
1905 1683 1724 1753 
1906 4998 5243 5279 
1907 1891 1907 1989 
1908 3258 3108 3697 
1909 2951 3101 3322 
1910 4327 3967 4589 
1911 2984 3148 3426 
1912 4899 5115 5148 
1913 5115 4899 5415 
1914 5521 5373 5631 
1915 1501 1519 1604 
1916 5232 5134 5271 
1917 5450 5665 5739 
1918 2465 2528 2650 
1919 5502 5306 5549 
1920 4530 4787 5164 
1921 818 844 948 
1922 1151 1056 1248 
1923 5057 5020 5208 
1924 4381 4290 4691 
1925 4331 4674 4900 
1926 3200 3337 3431 
1927 1360 1308 1405 
1928 3132 3523 4296 
1929 2681 2758 2942 
1930 4901 5370 5512 
1931 5335 5407 5461 
1932 2378 2273 2817 
1933 3152 3160 3712 
1934 5320 5564 5576 
1935 2661 2723 2884 
1936 1629 1609 1670 
1937 2761 2738 2890 
1938 5747 5801 5899 
1939 4368 4621 4789 
1940 1488 1441 1518 
1941 2670 2556 2753 
1942 1632 1545 1714 
1943 3168 3012 3422 
1944 4965 4352 5240 
1945 1572 1606 1688 
1946 5169 4740 5337 
1947 5701 5421 5704 
1948 1219 1268 1325 
1949 2426 2442 2621 
1950 5889 5894 5965 
1951 2763 2524 2892 
1952 5087 4992 5281 
1953 1557 3918 4126 
1954 4028 3888 4189 
1955 1397 1436 1534 
1956 1344 1404 1433 
1957 3619 3822 4210 
1958 5 4858 5059 
1959 5081 5435 5668 
1960 3671 3426 3739 
1961 5706 5263 5972 
1962 930 1001 1083 
1963 3101 3264 3459 
1964 4380 3976 4773 
1965 5189 5083 5408 
1966 2697 2524 2763 
1967 1628 1547 1698 
1968 2714 2617 2746 
1969 4901 5276 5370 
1970 4426 4551 4856 
1971 3686 3645 4010 
1972 5722 5837 5838 
1973 4563 4941 5957 
1974 1159 1206 1276 
1975 5522 1410 5622 
1976 3169 3325 3601 
1977 236 235 3010 
1978 4213 4109 4375 
1979 1771 1819 1854 
1980 428 427 5554 
1981 4752 4575 5550 
1982 5103 5351 5368 
1983 965 921 966 
1984 3796 4144 4300 
1985 1392 1343 1485 
1986 1407 1449 1758 
1987 3564 3765 3951 
1988 1221 1161 1253 
1989 4711 4517 4897 
1990 3552 3306 3677 
1991 4490 4523 4609 
1992 3325 3480 3779 
1993 5038 5170 5386 
1994 2664 2750 2770 
1995 4534 4407 4728 
1996 4848 5067 5098 
1997 3770 4242 4243 
1998 3649 3499 4119 
1999 1772 1832 1867 
2000 5986 5973 5987 
2001 5150 5297 5730 
2002 2922 2973 3534 
2003 4434 4463 4663 
2004 2749 2623 2835 
2005 4452 4181 4578 
2006 5914 5818 5933 
2007 2895 2533 3181 
2008 3452 3763 3955 
2009 5370 5458 5604 
2010 5726 5715 5825 
2011 5929 5706 5972 
2012 4785 4536 4958 
2013 1453 1371 1596 
2014 5085 5431 5603 
2015 1028 967 1100 
2016 3846 3662 3936 
2017 5464 5146 5507 
2018 3800 3650 3886 
2019 2121 4200 4317 
2020 2732 2646 2827 
2021 2645 2766 3427 
2022 4284 4327 4623 
2023 4124 3856 4284 
2024 2015 2065 2161 
2025 2517 2399 2520 
2026 3281 3444 3743 
2027 846 927 1027 
2028 3264 3526 3771 
2029 1206 1251 1343 
2030 5028 5047 5174 
2031 5954 5900 5984 
2032 5101 3834 5374 
2033 5612 5700 5790 
2034 1538 1489 1570 
2035 3326 3236 3506 
2036 4153 5212 5313 
2037 5098 5402 5557 
2038 1923 1889 1978 
2039 5984 5578 6022 
2040 4790 4680 5252 
2041 862 814 907 
2042 4536 4740 4912 
2043 2533 3168 3181 
2044 5813 5880 5947 
2045 3782 3861 3970 
2046 4774 4352 5056 
2047 2544 2383 2648 
2048 4894 5135 5259 
2049 1210 1191 1225 
2050 1033 1035 1067 
2051 1343 1251 1417 
2052 5723 5861 5877 
2053 4342 4299 4680 
2054 846 789 927 
2055 3809 3743 3863 
2056 2383 2614 2648 
2057 4957 4920 5202 
2058 1815 1722 1940 
2059 2942 3046 3229 
2060 3444 3619 3863 
2061 4529 4754 4943 
2062 3870 3871 4075 
2063 2645 2567 2817 
2064 3165 2859 3244 
2065 3793 3616 4130 
2066 3587 3280 4102 
2067 4314 4010 4785 
2068 4911 5339 5472 
2069 5714 5590 5800 
2070 5391 5501 5645 
2071 5284 5101 5544 
2072 3273 3519 3686 
2073 5013 5042 5176 
2074 5846 5778 5847 
2075 5620 5487 5659 
2076 2380 2382 2501 
2077 2222 2197 2591 
2078 5646 5368 5730 
2079 4143 3792 4346 
2080 3320 2954 3592 
2081 2354 2309 2474 
2082 1192 1221 1262 
2083 3638 3848 3982 
2084 4579 4359 4771 
2085 3330 2985 3776 
2086 4963 5399 5556 
2087 3499 3124 4119 
2088 3637 3586 3799 
2089 2188 2226 2333 
2090 1692 1697 1738 
2091 2051 2111 2120 
2092 1952 1885 1990 
2093 1507 1455 1575 
2094 3296 3153 4116 
2095 4517 4868 5151 
2096 4715 4329 4919 
2097 4963 4713 5130 
2098 1459 1432 1498 
2099 5891 5973 5986 
2100 4827 4534 5236 
2101 5879 5694 5896 
2102 3621 3594 3686 
2103 2531 2663 2821 
2104 5079 5299 5433 
2105 5887 5963 5999 
2106 2026 2070 2109 
2107 1225 1284 1316 
2108 5454 5718 5779 
2109 1747 1768 1789 
2110 3806 4009 4207 
2111 5549 2362 5639 
2112 1768 1814 1893 
2113 1242 1250 1309 
2114 4551 4961 5030 
2115 1412 1414 1454 
2116 1299 1371 1453 
2117 5657 5448 5722 
2118 5283 5479 5678 
2119 1624 1711 1753 
2120 3205 3034 4224 
2121 2272 2195 2402 
2122 2661 2523 2723 
2123 4170 4095 4827 
2124 3171 3004 3848 
2125 4704 4900 5249 
2126 5625 5502 5639 
2127 5241 5105 5266 
2128 4352 4157 5056 
2129 864 850 900 
2130 1814 1782 1919 
2131 5557 5601 5687 
2132 2904 2905 2993 
2133 1765 1827 1904 
2134 1295 1215 1317 
2135 5319 5500 5671 
2136 1086 1151 1174 
2137 2691 2608 2782 
2138 3468 3720 4105 
2139 2639 2773 2990 
2140 3229 3228 3392 
2141 5113 4897 5447 
2142 2273 2345 2817 
2143 3575 3621 3914 
2144 4716 5057 5208 
2145 1501 1392 1519 
2146 3917 4019 4216 
2147 3377 3134 4582 
2148 909 866 925 
2149 2657 2613 2740 
2150 5300 4892 5438 
2151 952 1042 1118 
2152 4346 4045 4642 
2153 1995 1930 2085 
2154 2828 2783 2882 
2155 5582 5427 5707 
2156 3730 3510 5563 
2157 2242 2257 2319 
2158 1509 1572 1626 
2159 5828 5710 5856 
2160 5100 4757 5325 
2161 1380 1595 1643 
2162 4967 4530 5164 
2163 4892 4707 5086 
2164 4306 4431 4605 
2165 3281 3243 3382 
2166 1133 1070 1176 
2167 1090 1043 1244 
2168 3614 3798 5563 
2169 3109 3255 3268 
2170 1960 1952 1990 
2171 3765 3789 3951 
2172 4184 4443 4795 
2173 2654 2587 2806 
2174 5826 5815 5912 
2175 2843 3153 3166 
2176 3323 3640 3681 
2177 1617 1677 1724 
2178 1741 1618 1780 
2179 951 995 1008 
2180 3508 3112 3650 
2181 2372 2499 2510 
2182 4357 4575 4779 
2183 3977 3799 4299 
2184 1904 1827 1954 
2185 5481 5091 5627 
2186 5811 6047 6051 
2187 2268 2189 2310 
2188 4919 4635 5253 
2189 5422 5366 5494 
2190 4403 4363 4754 
2191 3337 3494 3527 
2192 5978 6008 6030 
2193 4901 4521 5097 
2194 3510 3265 5563 
2195 2464 2383 2544 
2196 1339 1278 1379 
2197 1363 1319 1431 
2198 5712 5836 5902 
2199 4331 4053 4674 
2200 1107 1086 1174 
2201 3822 4030 4210 
2202 2991 2745 3015 
2203 2502 2370 2581 
2204 999 907 1029 
2205 1942 1849 1952 
2206 3977 4299 4342 
2207 1447 1366 1534 
2208 953 1059 1106 
2209 1549 1501 1649 
2210 3700 3620 4220 
2211 3105 3344 3590 
2212 1672 1618 1741 
2213 5398 4734 5528 
2214 2716 2717 2816 
2215 5140 4968 5229 
2216 5636 4177 5836 
2217 5075 4854 5142 
2218 5963 6004 6020 
2219 2072 2012 2140 
2220 1506 1444 1539 
2221 2473 2459 2549 
2222 1885 1946 1990 
2223 2208 2070 2305 
2224 3121 3015 3181 
2225 5458 5686 5845 
2226 3809 4029 4209 
2227 3847 3668 3968 
2228 1982 1973 2032 
2229 2625 2732 3164 
2230 105 4926 5120 
2231 5344 5505 5621 
2232 4274 4022 4474 
2233 1134 1081 1187 
2234 3716 3717 3815 
2235 6018 5995 6040 
2236 6011 5986 6027 
2237 2067 2159 2203 
2238 3415 3192 3507 
2239 1784 1731 1792 
2240 3103 2990 3726 
2241 3777 3564 3951 
2242 4190 4286 4587 
2243 5143 5142 5265 
2244 1015 952 1056 
2245 5823 5700 5834 
2246 4188 4028 4843 
2247 5618 5316 5783 
2248 5443 5621 5745 
2249 3027 2726 3169 
2250 4848 4680 5067 
2251 811 792 920 
2252 1748 1835 1881 
2253 1669 1765 1791 
2254 5661 5592 5729 
2255 4066 3826 4204 
2256 3104 3437 3778 
2257 4370 4312 4675 
2258 1033 974 1035 
2259 1680 1611 1743 
2260 3179 3178 3294 
2261 3796 3613 3964 
2262 3614 3841 4115 
2263 2948 2953 3325 
2264 5686 5716 5812 
2265 3254 2952 3285 
2266 5445 5618 5862 
2267 170 169 2174 
2268 5084 5255 5288 
2269 3192 3413 3507 
2270 2943 2991 3154 
2271 970 897 1037 
2272 2723 2876 2998 
2273 3807 4020 4217 
2274 3934 3657 4085 
2275 4338 4148 4525 
2276 3015 2895 3181 
2277 2641 2726 2913 
2278 4157 4352 4594 
2279 4793 4987 5344 
2280 4973 5183 5537 
2281 3591 3428 3689 
2282 2740 2768 2846 
2283 1065 1086 1107 
2284 5044 4848 5139 
2285 4029 4160 4407 
2286 4391 4594 4788 
2287 5552 5371 5672 
2288 5267 5086 5473 
2289 3005 3003 3107 
2290 5667 5580 5873 
2291 1315 1351 1411 
2292 5479 5282 5787 
2293 108 107 3656 
2294 3992 4025 4215 
2295 2561 168 2824 
2296 4910 5127 5346 
2297 5392 3798 5513 
2298 5705 5788 5895 
2299 3536 3275 3881 
2300 3960 3859 4099 
2301 4583 4376 4672 
2302 2363 2472 2531 
2303 1961 1951 2056 
2304 4580 4330 5340 
2305 4280 4486 4987 
2306 4920 5144 5412 
2307 4697 4914 5299 
2308 1286 1241 1312 
2309 4352 4774 5240 
2310 3469 3762 3831 
2311 5074 5075 5143 
2312 2666 2721 3583 
2313 3279 3109 3586 
2314 967 899 1100 
2315 1126 1079 1292 
2316 4809 4738 4870 
2317 3645 3929 3938 
2318 4442 4157 4594 
2319 4531 4888 4950 
2320 4361 4687 4775 
2321 1176 1215 1295 
2322 4859 5026 5078 
2323 3967 4307 4589 
2324 3589 3782 3952 
2325 3667 3441 3793 
2326 5700 5823 6029 
2327 812 811 843 
2328 5474 5157 5475 
2329 4329 4635 4919 
2330 5103 4916 5351 
2331 1028 1100 1113 
2332 815 813 842 
2333 1849 1885 1952 
2334 3180 3179 3339 
2335 5575 5473 5703 
2336 4309 4315 4326 
2337 5280 5249 5416 
2338 2196 2110 2226 
2339 4501 4306 4605 
2340 813 790 854 
2341 1209 1179 1226 
2342 2157 2168 2345 
2343 2556 2463 3082 
2344 3621 3686 3810 
2345 4685 4468 4707 
2346 1179 1209 1241 
2347 4029 3974 4160 
2348 2465 2448 2528 
2349 2360 2386 2461 
2350 3809 3863 4029 
2351 5807 5703 6032 
2352 3794 4129 4307 
2353 4779 4752 5679 
2354 2337 2473 2521 
2355 2110 2194 2226 
2356 4919 5141 5251 
2357 3453 3491 3624 
2358 3012 2765 3243 
2359 863 822 928 
2360 897 961 1007 
2361 1674 1632 1745 
2362 5875 5821 5929 
2363 2197 2153 2591 
2364 5779 5718 5869 
2365 5818 5816 5933 
2366 4470 2124 4596 
2367 2426 2205 2436 
2368 3272 3154 3575 
2369 1861 1828 1875 
2370 4162 4361 4571 
2371 5686 5471 5716 
2372 2386 2434 2461 
2373 3001 3161 3393 
2374 3055 2834 3238 
2375 5897 5809 5921 
2376 4960 5158 5415 
2377 2437 3221 3429 
2378 5133 5099 5305 
2379 3009 202 3257 
2380 1757 1680 1792 
2381 1667 1712 1762 
2382 2943 3154 3213 
2383 204 203 2170 
2384 4985 5090 5493 
2385 1352 1399 1511 
2386 4798 5974 6048 
2387 1575 1508 1702 
2388 5296 5108 5510 
2389 3447 3809 4095 
2390 5141 4919 5244 
2391 1041 1070 1133 
2392 818 808 844 
2393 1289 1358 1423 
2394 3159 2951 3322 
2395 2157 2115 2168 
2396 3632 474 6027 
2397 5448 5691 5722 
2398 3740 3555 4093 
2399 3510 3730 5242 
2400 5317 5176 5548 
2401 5841 5812 5905 
2402 1673 1762 1808 
2403 228 227 3662 
2404 3444 3515 3619 
2405 1340 1310 1349 
2406 4509 4386 4681 
2407 4879 4955 5173 
2408 3672 3869 4009 
2409 4342 4680 4848 
2410 4561 4777 5058 
2411 1598 1537 1872 
2412 1813 1834 1879 
2413 4034 4169 4214 
2414 1404 1457 1573 
2415 3320 3613 3687 
2416 1393 1460 1581 
2417 3255 3388 3440 
2418 4407 4584 4728 
2419 227 226 3662 
2420 1835 1936 1988 
2421 2750 2845 2885 
2422 1085 1058 1112 
2423 2352 2426 2520 
2424 5469 5495 5643 
2425 911 929 995 
2426 3252 3251 3675 
2427 1435 1461 1489 
2428 2471 2399 2532 
2429 1371 1413 1596 
2430 4017 4639 4887 
2431 1432 1385 1482 
2432 1257 1225 1316 
2433 4077 3867 4265 
2434 3264 3156 3526 
2435 2086 2050 2141 
2436 5812 5716 6006 
2437 1136 1069 1185 
2438 1908 1880 1923 
2439 1763 1776 1949 
2440 5118 5193 5350 
2441 5901 5966 5994 
2442 2363 2531 2563 
2443 4735 4580 4911 
2444 4475 3945 5213 
2445 1405 1383 1430 
2446 4700 5084 5772 
2447 4582 3276 4718 
2448 4704 4331 4900 
2449 1353 1428 1459 
2450 3937 3784 4484 
2451 1457 1509 1573 
2452 2450 2603 2662 
2453 2678 2781 2897 
2454 2104 469 6049 
2455 3263 3742 4483 
2456 4300 4468 4685 
2457 5533 5391 5645 
2458 5184 5352 5516 
2459 1483 1487 1572 
2460 1344 1253 1404 
2461 5416 4900 5746 
2462 3830 6011 6027 
2463 5317 5278 5358 
2464 5458 5276 5686 
2465 2562 2626 2766 
2466 862 907 999 
2467 4432 4588 4807 
2468 5723 5684 5861 
2469 5319 4959 5330 
2470 5586 5440 5613 
2471 1694 1748 1788 
2472 1034 1081 1134 
2473 2726 2670 2948 
2474 2209 2301 2363 
2475 5487 5624 5782 
2476 3124 3500 4119 
2477 4091 4293 4322 
2478 4085 4142 4330 
2479 2821 2663 2889 
2480 5448 5631 5691 
2481 4319 4277 5675 
2482 3646 4108 4301 
2483 5480 5446 5523 
2484 1773 1724 1807 
2485 4076 4002 4221 
2486 2095 2193 2207 
2487 3121 3295 3519 
2488 1692 1616 1697 
2489 5812 5841 5867 
2490 1981 2012 2031 
2491 4593 4184 4795 
2492 5540 4319 5675 
2493 168 2579 2824 
2494 3263 3438 3742 
2495 2388 2521 2568 
2496 5948 5879 5976 
2497 2578 2534 2886 
2498 3125 3014 3261 
2499 5582 5707 5871 
2500 5430 5702 5722 
2501 3983 489 5781 
2502 3498 3404 3639 
2503 1630 1549 1690 
2504 4062 3927 4230 
2505 3674 3593 4291 
2506 2162 2217 2271 
2507 2619 2564 2635 
2508 4510 4215 4595 
2509 4683 4567 5014 
2510 1782 1829 1919 
2511 1809 1853 1858 
2512 4788 4965 5027 
2513 4337 5927 5960 
2514 3779 3930 3969 
2515 1118 1180 1291 
2516 3263 3166 3401 
2517 3099 3332 4039 
2518 1721 1808 1853 
2519 897 857 961 
2520 4415 4241 4416 
2521 4674 4857 5102 
2522 2808 2692 2944 
2523 5462 5655 5717 
2524 5899 5801 5939 
2525 5849 5841 5905 
2526 3011 2744 3047 
2527 1356 1429 1505 
2528 844 968 1032 
2529 5121 5361 5505 
2530 4662 4863 4889 
2531 4277 4387 5675 
2532 3631 3297 4547 
2533 1837 1880 1908 
2534 4151 4226 4837 
2535 4218 4419 4631 
2536 4222 4035 4370 
2537 5098 5067 5402 
2538 2975 2598 3093 
2539 3426 3148 3739 
2540 2888 2954 3167 
2541 951 911 995 
2542 3428 3434 3689 
2543 4991 5248 5302 
2544 3907 4017 5230 
2545 3810 3686 4010 
2546 5441 5481 5738 
2547 5659 5782 5858 
2548 2460 2705 2739 
2549 1426 1483 1509 
2550 2558 2631 2818 
2551 3657 3833 4085 
2552 2732 2844 2970 
2553 2008 2096 2151 
2554 1848 1842 1898 
2555 2764 3155 3260 
2556 3618 3601 3779 
2557 3124 3023 3500 
2558 133 132 3606 
2559 4774 4999 5240 
2560 3645 3504 3929 
2561 5809 5832 5975 
2562 5608 5705 5797 
2563 2844 2827 3092 
2564 2886 2764 2967 
2565 3763 3866 4040 
2566 5503 5582 5615 
2567 5036 4765 5134 
2568 2884 3006 3014 
2569 5124 5318 5482 
2570 2050 2021 2141 
2571 2742 2762 2863 
2572 2990 2773 3926 
2573 5151 4991 5302 
2574 5805 5701 6033 
2575 2627 2620 2690 
2576 1459 1498 1597 
2577 4854 5065 5142 
2578 966 842 967 
2579 1250 1160 1280 
2580 4577 4555 4763 
2581 2052 1967 2082 
2582 4897 5151 5273 
2583 3307 3188 3368 
2584 2663 2547 2889 
2585 4445 4111 5233 
2586 3671 3739 3855 
2587 4743 2979 4772 
2588 2121 4581 4769 
2589 5122 5189 5408 
2590 3887 4199 4471 
2591 2608 2650 2782 
2592 5347 5137 5470 
2593 2129 2273 2378 
2594 5204 5029 5205 
2595 2567 2765 2894 
2596 1388 1426 1457 
2597 3486 2999 3749 
2598 4349 4176 4688 
2599 4051 3939 4148 
2600 3162 3163 3340 
2601 4277 4099 4308 
2602 4545 4877 4936 
2603 3322 3101 3459 
2604 3877 3659 3925 
2605 5188 4985 5493 
2606 3511 3674 3873 
2607 4962 4805 5137 
2608 5624 5289 5739 
2609 2058 2115 2157 
2610 4934 5223 5479 
2611 865 930 964 
2612 4142 4517 4711 
2613 3993 3796 4300 
2614 5424 5612 6041 
2615 3952 3782 3970 
2616 1227 1159 1276 
2617 4468 4144 4670 
2618 1748 1769 1835 
2619 1678 1692 1722 
2620 120 119 5549 
2621 3105 2998 3344 
2622 5808 5704 5903 
2623 4477 4283 4609 
2624 2441 2622 2653 
2625 4970 4726 5217 
2626 237 236 2169 
2627 5276 5097 5471 
2628 2644 2778 3411 
2629 4631 4871 4935 
2630 4204 4201 4393 
2631 2637 2538 3349 
2632 4534 4728 4915 
2633 5153 4840 5417 
2634 427 2440 5554 
2635 3117 3162 3430 
2636 2626 2728 2837 
2637 5599 5692 5726 
2638 1518 1547 1628 
2639 3586 3698 3799 
2640 4225 4580 4621 
2641 1611 1605 1631 
2642 1970 1917 2058 
2643 2304 2236 2819 
2644 4021 3989 4147 
2645 5371 5487 5620 
2646 3307 3441 3526 
2647 4521 4507 4864 
2648 4387 4542 4758 
2649 2658 2479 2741 
2650 2611 2520 2621 
2651 1114 1163 1336 
2652 1960 2030 2094 
2653 5138 4580 5340 
2654 2643 2552 2743 
2655 3355 3124 3499 
2656 1498 1482 1546 
2657 1159 1205 1206 
2658 3244 2997 3342 
2659 5280 5448 5657 
2660 3309 4208 4427 
2661 3606 132 4777 
2662 2337 2459 2473 
2663 1829 1858 1953 
2664 4282 3970 4349 
2665 4769 4581 4947 
2666 4142 4397 4517 
2667 969 909 1104 
2668 816 786 850 
2669 2929 2797 3005 
2670 3971 4316 4361 
2671 5299 5558 5581 
2672 1544 1661 1710 
2673 4713 4589 4951 
2674 2264 2149 2267 
2675 4028 4189 4843 
2676 2467 2553 2639 
2677 3669 3499 3939 
2678 5603 5710 6000 
2679 3351 3548 3780 
2680 2337 2360 2459 
2681 5095 4946 5246 
2682 1465 1488 1545 
2683 1458 1506 1539 
2684 3909 3707 4033 
2685 1819 1785 1874 
2686 2627 2943 3080 
2687 3279 3586 3637 
2688 4507 4901 5175 
2689 4728 4917 5150 
2690 3280 3680 4102 
2691 3485 3820 3862 
2692 3938 4170 4466 
2693 4556 4810 5030 
2694 1963 1859 1977 
2695 5974 4798 6050 
2696 4630 4844 4928 
2697 4056 3933 4214 
2698 4109 4165 4760 
2699 3975 4193 4391 
2700 817 788 845 
2701 2728 2888 3013 
2702 2399 2352 2520 
2703 2075 2032 2197 
2704 1056 1118 1182 
2705 2234 2215 2312 
2706 2887 2772 2952 
2707 4364 4248 4402 
2708 1331 1377 1403 
2709 3295 3504 3519 
2710 3794 3756 4129 
2711 1441 1405 1481 
2712 4692 4849 4914 
2713 3010 235 3253 
2714 4536 4912 5531 
2715 4162 3971 4361 
2716 4491 4689 4695 
2717 5071 4946 5095 
2718 3480 3778 3930 
2719 2690 2810 2895 
2720 5468 5281 5685 
2721 3839 4034 4296 
2722 3884 494 4486 
2723 4775 4687 5042 
2724 1109 1192 1262 
2725 2654 2470 2703 
2726 4225 4085 4330 
2727 958 1069 1136 
2728 5409 5327 5564 
2729 5297 4917 5444 
2730 3858 3459 3859 
2731 1251 1240 1334 
2732 20 810 855 
2733 22 807 856 
2734 2627 2745 2943 
2735 4911 5138 5339 
2736 2200 2152 2387 
2737 1842 1807 1854 
2738 24 787 857 
2739 16 812 858 
2740 5129 5118 5350 
2741 3346 3522 3690 
2742 1278 1224 1338 
2743 71 815 859 
2744 4135 4319 4662 
2745 1324 1343 1392 
2746 2020 2100 2231 
2747 4499 4500 4679 
2748 5186 5169 5337 
2749 2942 2758 3046 
2750 4991 4704 5248 
2751 4210 4030 4399 
2752 3675 3487 3816 
2753 2943 2745 2991 
2754 3322 3459 3694 
2755 1978 1970 2013 
2756 5477 5288 5553 
2757 5701 5808 6033 
2758 2766 2626 2837 
2759 5619 5421 5701 
2760 5371 5620 5672 
2761 3365 3132 4296 
2762 2028 2087 2093 
2763 3013 2888 3167 
2764 4788 4352 4965 
2765 4248 4180 4402 
2766 5278 5317 5462 
2767 2219 2312 2433 
2768 5578 5424 6041 
2769 4893 5107 5282 
2770 75 818 860 
2771 4841 4813 5109 
2772 3979 4022 4274 
2773 5101 5374 5544 
2774 3482 3569 3605 
2775 5459 5080 5931 
2776 1324 1206 1343 
2777 5777 5422 5831 
2778 3154 2991 3273 
2779 1189 1227 1279 
2780 1220 1305 1383 
2781 2618 2360 2620 
2782 3726 3458 3847 
2783 5835 5907 5951 
2784 3846 3936 4341 
2785 3618 3797 3971 
2786 3457 3587 4102 
2787 3971 3797 4316 
2788 2739 2872 2974 
2789 5906 5951 5989 
2790 4469 4426 4856 
2791 4222 4370 4642 
2792 1927 1879 1979 
2793 3619 3515 3690 
2794 2747 2918 3008 
2795 4726 4525 5483 
2796 1109 1262 1319 
2797 4897 5273 5447 
2798 2359 2548 2651 
2799 3437 3783 3927 
2800 3374 3252 3488 
2801 1604 1503 1632 
2802 5179 4943 5256 
2803 3324 3600 3657 
2804 1250 1280 1297 
2805 5217 4726 5329 
2806 1666 1618 1672 
2807 3613 3890 3964 
2808 5085 5283 5431 
2809 2953 2753 3021 
2810 3210 3397 4826 
2811 5995 6016 6040 
2812 899 854 956 
2813 3852 3647 4084 
2814 2127 2109 2208 
2815 3006 3105 4294 
2816 3519 3645 3686 
2817 1173 1224 1278 
2818 5107 5529 5539 
2819 5367 5085 5421 
2820 5591 5649 5736 
2821 4933 4583 5166 
2822 3328 3143 3381 
2823 5420 5100 5485 
2824 1088 1037 1247 
2825 4307 4531 4589 
2826 3419 3514 4039 
2827 1401 1441 1488 
2828 4176 4469 4688 
2829 4612 735 5664 
2830 4321 4230 4690 
2831 1395 1374 1486 
2832 5418 5619 5697 
2833 5716 5893 6006 
2834 2821 2841 3758 
2835 4035 3858 4312 
2836 4707 4984 5301 
2837 4324 4800 4978 
2838 5832 5809 5897 
2839 2195 2286 2402 
2840 2499 2357 2566 
2841 4999 4774 5528 
2842 5671 5500 5728 
2843 4690 4357 4779 
2844 5495 5307 5652 
2845 1087 1028 1337 
2846 2695 2580 2764 
2847 3971 4162 4494 
2848 4151 3968 4253 
2849 3342 3516 3630 
2850 5665 5624 5739 
2851 1406 1462 1665 
2852 5992 5984 6022 
2853 5840 5741 5868 
2854 2878 2989 3926 
2855 2894 3012 3168 
2856 2209 2140 2301 
2857 5123 4970 5381 
2858 4900 5245 5746 
2859 866 817 925 
2860 1191 1107 1225 
2861 4901 5097 5276 
2862 3122 3365 3666 
2863 4616 4499 4709 
2864 5997 5939 6014 
2865 4531 4451 4888 
2866 1110 1208 1277 
2867 3310 3553 3738 
2868 4132 729 6038 
2869 1046 1058 1085 
2870 5719 5589 5873 
2871 5322 5157 5474 
2872 4157 3806 5056 
2873 3190 3386 3416 
2874 3268 3255 3440 
2875 1123 1002 1135 
2876 4758 4934 5283 
2877 2368 2304 2819 
2878 4148 4368 4789 
2879 2163 2215 2234 
2880 1410 5530 5622 
2881 928 997 1011 
2882 3028 2749 3176 
2883 5248 4704 5249 
2884 5575 5703 5807 
2885 2984 2755 3017 
2886 3543 3423 3651 
2887 273 272 2896 
2888 5427 5322 5474 
2889 2841 2821 2983 
2890 2360 2208 2386 
2891 4710 4942 5163 
2892 3785 4197 4480 
2893 78 791 861 
2894 3294 2996 3343 
2895 2720 2950 3223 
2896 1409 1453 1499 
2897 1253 1303 1404 
2898 3209 3040 3309 
2899 3005 3107 3338 
2900 4955 5088 5173 
2901 2645 2562 2766 
2902 5918 5956 5991 
2903 4320 4692 4697 
2904 5442 5315 5672 
2905 3320 3687 3880 
2906 4363 4151 5545 
2907 2128 2095 2207 
2908 5157 4889 5323 
2909 1801 1726 1831 
2910 3575 3154 3594 
2911 3792 4045 4346 
2912 4525 4148 4789 
2913 5710 5603 5930 
2914 2913 3027 3255 
2915 5736 5649 5859 
2916 5815 5826 5909 
2917 3964 3890 4125 
2918 4635 4920 5253 
2919 1273 1310 1340 
2920 787 862 999 
2921 3970 3861 4176 
2922 1876 1813 1927 
2923 2772 2848 2952 
2924 727 4337 6025 
2925 3488 3913 4026 
2926 900 965 1105 
2927 5702 5576 5936 
2928 4045 4222 4642 
2929 3261 3006 4294 
2930 2844 3109 3279 
2931 3880 3687 4030 
2932 4696 5157 5228 
2933 4330 4142 4711 
2934 3443 4031 4311 
2935 2207 2352 2399 
2936 2610 2589 2640 
2937 5755 5686 5812 
2938 4543 5054 5153 
2939 1802 1801 1831 
2940 5256 4943 5411 
2941 4840 5055 5417 
2942 4766 5119 5152 
2943 4978 5129 5666 
2944 1124 1179 1241 
2945 956 931 1030 
2946 2660 2371 2665 
2947 5079 5433 5608 
2948 5433 5299 5581 
2949 1746 1669 1799 
2950 2213 2322 2464 
2951 5425 5302 5689 
2952 5379 5092 5503 
2953 3441 3368 3508 
2954 3435 5454 5616 
2955 1126 1292 1325 
2956 5421 5603 6000 
2957 4800 4923 5118 
2958 1854 1863 1883 
2959 1320 1266 1364 
2960 5100 5325 5485 
2961 5474 5574 5731 
2962 723 4748 5785 
2963 5249 4900 5416 
2964 5320 5576 5702 
2965 3728 3911 4000 
2966 4992 4706 5281 
2967 1660 1678 1744 
2968 3501 3994 4224 
2969 2505 2565 2659 
2970 5687 5601 5739 
2971 5354 4884 5956 
2972 843 811 920 
2973 4206 3990 4405 
2974 418 417 4769 
2975 1449 1394 1705 
2976 1352 1511 1595 
2977 4468 4670 4700 
2978 3930 3778 4062 
2979 2025 2067 2431 
2980 4566 4909 5149 
2981 912 974 1033 
2982 4125 4174 4292 
2983 4210 4399 4864 
2984 973 1038 1086 
2985 2749 2835 3176 
2986 4800 5118 5129 
2987 5833 5694 5879 
2988 3165 3244 3342 
2989 4254 5342 5488 
2990 4468 4700 4984 
2991 2459 2360 2618 
2992 2726 2948 3169 
2993 5267 5473 5575 
2994 2056 2095 2128 
2995 1690 1732 1760 
2996 5376 5180 5460 
2997 3847 3968 4108 
2998 5649 5793 5859 
2999 5279 5243 5369 
3000 1877 1812 1905 
3001 2560 2526 3406 
3002 1660 1662 1678 
3003 1975 2054 2069 
3004 3682 3644 3731 
3005 3503 3666 3933 
3006 2953 3104 3480 
3007 4090 4089 4413 
3008 3800 3886 3975 
3009 4004 4192 4606 
3010 5725 5571 5817 
3011 2498 2597 2938 
3012 4359 4625 4971 
3013 920 792 998 
3014 1979 2015 2161 
3015 3160 3098 3712 
3016 2313 1566 2501 
3017 2191 2225 2341 
3018 2229 2316 2385 
3019 4305 2831 4406 
3020 5709 5570 5816 
3021 4542 4832 5223 
3022 3924 3770 4243 
3023 1695 1719 1748 
3024 3955 3763 4040 
3025 4594 4352 4788 
3026 3158 3346 3515 
3027 3933 4034 4214 
3028 1126 1361 1424 
3029 3068 3128 3212 
3030 2077 2058 2157 
3031 5085 4758 5283 
3032 2951 3018 3101 
3033 997 1046 1085 
3034 3207 2960 3274 
3035 5307 4351 5652 
3036 2894 2765 3012 
3037 2067 2025 2159 
3038 4278 4050 4382 
3039 963 1011 1089 
3040 2549 2623 2749 
3041 4160 3974 4504 
3042 1435 1489 1538 
3043 3859 3608 4103 
3044 3487 3317 3559 
3045 2396 2397 2475 
3046 2155 2114 2328 
3047 2532 2517 2611 
3048 5850 5697 6044 
3049 1765 1730 1827 
3050 4652 4448 6037 
3051 2370 2504 2581 
3052 3806 3672 4009 
3053 1399 1389 1419 
3054 3106 3453 3693 
3055 4168 4331 4704 
3056 5888 5840 5925 
3057 5084 4700 5255 
3058 4719 4977 5184 
3059 5213 4212 5238 
3060 1482 1512 1546 
3061 3694 4035 4079 
3062 2217 2136 2351 
3063 4565 4921 5059 
3064 4792 4533 5202 
3065 2769 2687 2805 
3066 4137 4062 4321 
3067 3285 3125 3476 
3068 3783 3933 4056 
3069 5694 5813 5896 
3070 3975 3886 4193 
3071 1366 1397 1534 
3072 4332 3991 4557 
3073 4103 3950 5035 
3074 3970 4176 4349 
3075 5502 5549 5639 
3076 3687 3796 3993 
3077 897 1007 1037 
3078 2664 2525 2750 
3079 5044 5139 5371 
3080 3698 3440 3856 
3081 5960 5899 5997 
3082 1911 1863 1981 
3083 3535 3659 3676 
3084 4712 4956 5170 
3085 5690 5734 5758 
3086 1623 1680 1757 
3087 248 247 4186 
3088 3668 3920 4086 
3089 1220 1202 1286 
3090 2845 2951 3070 
3091 5329 4726 5483 
3092 1776 1848 1898 
3093 1694 1695 1748 
3094 4578 4394 4880 
3095 1232 1288 1388 
3096 4943 5145 5205 
3097 2159 2201 2277 
3098 3581 3736 4268 
3099 2363 2301 2472 
3100 2741 2884 3014 
3101 5652 5445 5796 
3102 4967 5314 5326 
3103 1137 1060 1219 
3104 3445 3638 4487 
3105 3504 3422 3781 
3106 1119 1085 1173 
3107 3927 4056 4357 
3108 3903 3635 4052 
3109 1720 1782 1814 
3110 1065 973 1086 
3111 3778 3927 4062 
3112 3921 3694 4079 
3113 4903 5163 5348 
3114 5281 4706 5523 
3115 2628 2531 2821 
3116 5800 5582 5871 
3117 1813 1787 1834 
3118 2207 2399 2427 
3119 1609 1542 1660 
3120 717 4425 5063 
3121 5404 5427 5503 
3122 1740 1691 1809 
3123 3302 3355 3920 
3124 5387 5478 5551 
3125 1172 1243 1268 
3126 5338 5079 5465 
3127 5134 5326 5440 
3128 3450 3713 3860 
3129 4725 4675 4938 
3130 2557 2742 2775 
3131 4311 4031 4442 
3132 5462 5317 5655 
3133 4559 4587 5057 
3134 4521 4399 5313 
3135 5080 5385 5931 
3136 3440 3794 3856 
3137 5584 5727 5859 
3138 3213 3272 3600 
3139 3262 3610 4658 
3140 3930 4062 4137 
3141 3333 3291 3511 
3142 1874 1924 1932 
3143 5268 5194 5306 
3144 4529 4403 4754 
3145 1557 4126 4196 
3146 2997 3204 3516 
3147 2642 2850 2899 
3148 1917 2003 2058 
3149 3613 3592 3890 
3150 5083 5287 5408 
3151 5891 5986 6011 
3152 3767 3912 4639 
3153 3109 3268 3586 
3154 5475 5323 5769 
3155 5179 5256 5414 
3156 925 949 1014 
3157 26 814 862 
3158 1769 1719 1841 
3159 2362 5626 5639 
3160 1869 3916 4256 
3161 5300 5438 5632 
3162 3778 3437 3927 
3163 4912 5169 5290 
3164 2406 2413 2665 
3165 3698 3856 4124 
3166 4142 3833 4397 
3167 5949 5879 6005 
3168 2950 3166 3263 
3169 3505 3235 4043 
3170 4409 4647 4656 
3171 5282 5107 5539 
3172 3335 3503 3783 
3173 4161 4005 4281 
3174 5886 5950 5964 
3175 5490 5310 5535 
3176 2458 2425 2562 
3177 1597 1616 1662 
3178 2436 2280 2463 
3179 3355 3499 3669 
3180 1687 1737 1776 
3181 5385 5418 5931 
3182 3170 2865 3171 
3183 4758 5085 5367 
3184 4264 4265 4318 
3185 899 1003 1100 
3186 5175 4901 5512 
3187 1436 1407 1758 
3188 1865 1891 1989 
3189 5163 5284 5511 
3190 4115 4241 5224 
3191 1863 1932 1981 
3192 4892 5086 5267 
3193 4753 4538 5126 
3194 2109 2070 2208 
3195 5815 5731 5912 
3196 4769 4947 5014 
3197 2646 2611 2827 
3198 4327 4713 4805 
3199 4478 4135 4662 
3200 5896 5947 6019 
3201 5465 5608 5998 
3202 1224 1258 1338 
3203 5259 5135 5776 
3204 4308 4103 5035 
3205 2370 2300 2504 
3206 274 273 2037 
3207 5281 5523 5685 
3208 5900 5814 5984 
3209 3984 3328 4233 
3210 3713 3700 3860 
3211 3443 3806 4031 
3212 2024 2074 2149 
3213 3127 2993 3265 
3214 4522 4762 4904 
3215 3324 3213 3600 
3216 2520 2426 2621 
3217 2036 313 2227 
3218 4957 5202 5250 
3219 4945 4697 5338 
3220 5060 4743 5147 
3221 4859 5308 5491 
3222 2743 2552 3174 
3223 4390 4186 4470 
3224 4230 4357 4690 
3225 1229 1183 1269 
3226 2993 3223 3497 
3227 1622 1576 1694 
3228 5115 5293 5333 
3229 5686 5755 5845 
3230 4950 4888 5208 
3231 4538 4860 5008 
3232 2277 2201 2354 
3233 2981 228 3662 
3234 5574 5769 5833 
3235 5448 5416 5631 
3236 3690 3522 3880 
3237 5079 4697 5299 
3238 1123 1161 1221 
3239 2510 2529 2562 
3240 4441 4094 5214 
3241 4274 4474 4693 
3242 5814 5900 5987 
3243 4321 4690 4910 
3244 1325 1385 1432 
3245 2479 2545 2741 
3246 4891 5203 6028 
3247 5753 5818 5866 
3248 2991 3015 3121 
3249 2627 2690 2745 
3250 1772 1867 1954 
3251 2974 3122 3503 
3252 3662 226 3936 
3253 1607 1574 1671 
3254 4813 5010 5109 
3255 4136 4091 4322 
3256 4462 4632 4977 
3257 1606 1687 1763 
3258 5147 5000 5331 
3259 1321 1261 1362 
3260 3960 4135 4478 
3261 4921 4965 5240 
3262 5950 5955 5999 
3263 5496 5615 5635 
3264 4905 4794 5153 
3265 4006 3792 4143 
3266 4365 4541 4849 
3267 4030 4153 4399 
3268 3595 3502 3607 
3269 5347 5470 5627 
3270 4690 4779 5127 
3271 3262 3603 3851 
3272 2603 2560 2662 
3273 5203 5338 5465 
3274 4700 4670 4978 
3275 5586 5613 5791 
3276 4416 4143 4860 
3277 3967 3794 4307 
3278 3966 3646 4301 
3279 2613 2693 2740 
3280 5660 5602 5774 
3281 3893 4044 4303 
3282 2124 4401 4596 
3283 80 822 863 
3284 4327 4589 4713 
3285 2478 2368 2523 
3286 3028 3176 3211 
3287 4169 4365 4692 
3288 3250 1004 3370 
3289 4568 4152 5394 
3290 5879 5949 5976 
3291 2434 2367 2443 
3292 2998 3233 3344 
3293 1055 908 1089 
3294 3956 3875 4059 
3295 5881 5901 5994 
3296 3208 2965 3277 
3297 3599 3598 3647 
3298 3891 3432 4473 
3299 4149 4506 4654 
3300 5297 5610 5730 
3301 3438 3658 3792 
3302 3885 4070 4240 
3303 4913 5169 5186 
3304 5272 5498 5635 
3305 5247 5324 5527 
3306 2843 3072 3153 
3307 2218 2154 2300 
3308 1233 1266 1320 
3309 1180 1090 1244 
3310 1174 1151 1248 
3311 1986 2010 2117 
3312 5092 4938 5404 
3313 3458 3668 3847 
3314 4587 4344 4786 
3315 3783 3503 3933 
3316 2472 2581 2663 
3317 4344 4585 4749 
3318 1141 1183 1229 
3319 5148 5115 5333 
3320 3982 4248 4364 
3321 5233 4163 5310 
3322 2953 3021 3104 
3323 3458 3302 3920 
3324 2989 3211 3302 
3325 3360 3558 4276 
3326 4176 3861 4227 
3327 2523 2700 2876 
3328 5512 5370 5842 
3329 1552 1611 1680 
3330 3927 3783 4056 
3331 1287 1264 1314 
3332 1815 1967 2052 
3333 1642 1601 1928 
3334 1693 1626 1739 
3335 2285 2368 2478 
3336 5846 5847 5887 
3337 3438 3792 4006 
3338 4320 4169 4692 
3339 4181 4024 4394 
3340 2912 2911 3326 
3341 1185 1222 1230 
3342 2553 2354 2607 
3343 4209 4029 4407 
3344 3637 3977 4258 
3345 4330 4711 5340 
3346 3824 3684 4471 
3347 2760 3133 3172 
3348 1980 2264 2267 
3349 816 850 864 
3350 2738 2916 2995 
3351 5164 4969 5314 
3352 4926 5 5136 
3353 2720 2622 2843 
3354 4904 5116 5496 
3355 4965 4829 5027 
3356 4216 4019 4255 
3357 5945 5986 5987 
3358 2952 3125 3285 
3359 1490 1459 1597 
3360 3586 3268 3698 
3361 1008 1143 1189 
3362 4916 5209 5351 
3363 5488 5342 5519 
3364 2974 3335 3405 
3365 1492 1549 1630 
3366 4882 5070 5786 
3367 3132 2949 3262 
3368 5312 5524 5670 
3369 1574 1518 1628 
3370 4942 4561 5058 
3371 2376 2278 2441 
3372 2207 2193 2352 
3373 4196 4126 4254 
3374 1768 1720 1814 
3375 5084 5288 5423 
3376 5579 5815 5909 
3377 961 787 999 
3378 1215 1272 1317 
3379 4065 3802 4201 
3380 2955 3140 3750 
3381 5890 5917 5952 
3382 2680 2554 2776 
3383 2143 2039 2191 
3384 1617 1659 1677 
3385 3658 3931 4045 
3386 4741 4412 4823 
3387 4174 4329 4715 
3388 1802 1831 2335 
3389 2837 3013 3158 
3390 4169 3839 4365 
3391 4305 4406 5124 
3392 3174 3224 3414 
3393 4391 4193 4594 
3394 3423 3194 3544 
3395 4526 4154 5486 
3396 3882 4083 4145 
3397 1881 1835 1988 
3398 794 909 969 
3399 2546 2666 3583 
3400 5107 5378 5529 
3401 4738 4997 5039 
3402 2936 3091 3572 
3403 4152 4403 5394 
3404 3082 2463 3240 
3405 5967 5988 6016 
3406 2244 2143 2341 
3407 1920 1992 2021 
3408 5477 5518 5600 
3409 1613 1929 2160 
3410 2367 2307 2522 
3411 2205 2138 2280 
3412 2117 2122 2159 
3413 4697 5079 5338 
3414 3518 3169 3601 
3415 1748 1719 1769 
3416 5529 5296 5539 
3417 3325 2953 3480 
3418 5579 5731 5815 
3419 4696 4662 4889 
3420 4517 4397 4868 
3421 1231 1261 1321 
3422 1546 1666 1697 
3423 3990 4154 4405 
3424 4161 4350 4372 
3425 5086 4707 5301 
3426 4603 4356 5064 
3427 3176 3124 3355 
3428 2384 2287 2820 
3429 5742 5717 5866 
3430 2593 2477 2680 
3431 1357 1399 1419 
3432 2475 2397 2485 
3433 2174 169 2561 
3434 4313 4432 4459 
3435 1916 1984 1986 
3436 3605 3569 3718 
3437 5442 5620 5659 
3438 3610 4024 4181 
3439 4697 4692 4914 
3440 3444 3382 3515 
3441 2905 2720 3223 
3442 2935 2774 3007 
3443 5000 5117 5331 
3444 2015 2084 2152 
3445 4961 4766 5152 
3446 1038 1015 1086 
3447 2529 2499 2667 
3448 415 414 4200 
3449 1911 2031 2092 
3450 5040 4753 5211 
3451 5316 4958 5531 
3452 2390 2361 2678 
3453 5346 5570 5709 
3454 1404 1303 1457 
3455 3694 3858 4035 
3456 865 809 930 
3457 3255 3027 3388 
3458 2399 2517 2532 
3459 4307 4451 4531 
3460 5367 5673 5688 
3461 3011 3047 3173 
3462 4601 441 4797 
3463 4135 4099 4277 
3464 5927 5827 5960 
3465 5319 5330 5500 
3466 2203 2159 2277 
3467 2607 2474 2644 
3468 2388 2215 2521 
3469 3669 3939 4051 
3470 2037 273 2896 
3471 4734 5398 5552 
3472 2989 3302 3458 
3473 4496 4158 4573 
3474 1332 1252 1366 
3475 4342 4848 5044 
3476 1228 1291 1328 
3477 2531 2472 2663 
3478 5694 5459 5813 
3479 5571 5754 5817 
3480 5374 5309 5544 
3481 2635 2564 2659 
3482 3776 3775 3865 
3483 1080 1108 1143 
3484 1030 1106 1155 
3485 2112 2039 2143 
3486 5223 5282 5479 
3487 3336 3222 3512 
3488 215 214 4275 
3489 2462 2594 3395 
3490 2355 2467 2666 
3491 1312 1289 1423 
3492 2170 203 3009 
3493 4750 4775 5042 
3494 5167 4906 5537 
3495 2306 2240 2367 
3496 2098 2068 2332 
3497 3897 3617 3991 
3498 3863 3974 4029 
3499 2970 2844 3279 
3500 1592 1570 1635 
3501 5889 5902 5962 
3502 1784 1825 1875 
3503 3121 3181 3295 
3504 1230 1264 1287 
3505 3732 3701 4211 
3506 725 4553 5927 
3507 4562 4764 4988 
3508 287 286 2858 
3509 4032 4033 4244 
3510 3440 3756 3794 
3511 1646 1703 4172 
3512 3278 3399 3870 
3513 1406 1368 1462 
3514 3734 3895 4094 
3515 4032 3909 4033 
3516 1610 1635 1691 
3517 1292 1219 1325 
3518 2233 1567 2313 
3519 4970 5217 5381 
3520 4962 5137 5347 
3521 2227 2288 2311 
3522 2169 236 3010 
3523 2628 2821 3758 
3524 5826 5848 5909 
3525 3441 3616 3793 
3526 3109 3092 3255 
3527 5608 5797 5998 
3528 3431 3337 3527 
3529 4403 4529 5394 
3530 1542 1609 1629 
3531 1118 1042 1180 
3532 2341 2225 2430 
3533 1364 1302 1451 
3534 3720 3922 4105 
3535 3707 3556 4033 
3536 2120 2111 2188 
3537 1412 1318 1414 
3538 5991 6023 6035 
3539 1318 1344 1414 
3540 3531 3353 3684 
3541 3293 3940 4311 
3542 3817 4026 4190 
3543 3316 3394 3581 
3544 1143 1159 1227 
3545 2650 2528 2926 
3546 4906 4973 5537 
3547 3357 3130 3769 
3548 3823 3484 4480 
3549 2026 1962 2070 
3550 2130 2332 2500 
3551 1433 1544 1710 
3552 3687 3613 3796 
3553 4551 4766 4961 
3554 2841 3113 3293 
3555 1899 1856 2041 
3556 4258 3977 4392 
3557 3262 2949 3603 
3558 3167 3320 3522 
3559 2816 2717 3230 
3560 819 816 864 
3561 4155 5040 5567 
3562 5717 5655 5753 
3563 1638 1532 2190 
3564 5704 5421 6000 
3565 5317 5003 5655 
3566 4154 4371 5486 
3567 1255 1341 1371 
3568 3743 3444 3863 
3569 3784 4184 4484 
3570 1335 1328 1367 
3571 5999 5963 6020 
3572 2284 2405 2507 
3573 5421 5085 5603 
3574 2818 2631 2946 
3575 3132 3262 3523 
3576 1604 1632 1674 
3577 1445 1490 1600 
3578 2538 3074 3349 
3579 2156 2020 2231 
3580 3694 3459 3858 
3581 4243 4242 4388 
3582 4397 4558 4868 
3583 290 289 2788 
3584 2435 2337 2521 
3585 4571 4361 4775 
3586 5814 5973 6001 
3587 1263 1322 1365 
3588 3443 3341 3672 
3589 1108 1026 1152 
3590 4229 4027 4453 
3591 2278 2476 2536 
3592 3668 3458 3920 
3593 3053 2912 3235 
3594 1442 1415 1493 
3595 2494 2359 2651 
3596 4739 5849 5905 
3597 5465 5079 5608 
3598 1361 1325 1432 
3599 1973 1911 2092 
3600 2359 2470 2548 
3601 5709 5816 5818 
3602 6017 5992 6022 
3603 5324 5143 5426 
3604 3661 3852 3948 
3605 4525 4906 5483 
3606 3056 2910 3234 
3607 2047 1988 2112 
3608 4911 4580 5138 
3609 1297 1350 1460 
3610 789 868 927 
3611 2294 2252 2599 
3612 2863 2762 2899 
3613 1189 1143 1227 
3614 5703 5891 6032 
3615 4906 5167 5559 
3616 1381 1374 1395 
3617 843 952 1015 
3618 854 931 956 
3619 4891 4752 5203 
3620 4723 4998 5114 
3621 1644 1707 1847 
3622 2666 2639 2879 
3623 2437 3429 3464 
3624 1962 1923 2018 
3625 1432 1482 1498 
3626 2299 2395 2518 
3627 3450 3582 3713 
3628 1709 1638 2054 
3629 3759 3563 3760 
3630 2721 2879 2949 
3631 6031 6018 6040 
3632 3815 3717 3902 
3633 1368 1369 1462 
3634 2389 2478 2661 
3635 3644 3472 3731 
3636 5594 5760 5856 
3637 1810 2335 2423 
3638 4148 3939 4368 
3639 3358 3576 3653 
3640 1366 1252 1397 
3641 5710 5828 5913 
3642 5795 5606 5842 
3643 3281 3382 3444 
3644 2872 2546 3583 
3645 5604 5458 5784 
3646 911 870 929 
3647 3486 3749 3948 
3648 5047 5110 5174 
3649 1538 1570 1592 
3650 3169 2948 3325 
3651 1858 1951 1961 
3652 2548 2654 2771 
3653 5303 5611 5735 
3654 2551 2441 2791 
3655 3610 3262 3851 
3656 4877 4908 4936 
3657 2027 2163 2234 
3658 3153 3070 4116 
3659 3465 3711 4046 
3660 5896 5813 5947 
3661 4310 3963 4476 
3662 5284 5622 5660 
3663 2563 2774 2935 
3664 3677 3488 4026 
3665 5283 4934 5479 
3666 5619 5418 5673 
3667 2845 2724 2951 
3668 1160 1242 1247 
3669 2721 2949 3132 
3670 5837 5819 5901 
3671 2568 2549 2937 
3672 2108 2138 2193 
3673 1843 1877 1976 
3674 2072 2209 2704 
3675 1970 2058 2077 
3676 1175 1230 1287 
3677 844 923 968 
3678 1807 1842 1848 
3679 2639 2553 2773 
3680 2425 2510 2562 
3681 1842 1883 1925 
3682 3618 3779 3797 
3683 1739 1688 1772 
3684 4181 4394 4578 
3685 1753 1773 1848 
3686 1299 1255 1371 
3687 2287 2203 2820 
3688 3383 2062 5133 
3689 1962 2018 2306 
3690 2008 1905 2096 
3691 5098 5557 5687 
3692 313 312 2227 
3693 2013 2077 2129 
3694 1258 1311 1380 
3695 3678 3484 3823 
3696 1263 1281 1322 
3697 3057 2842 3130 
3698 3618 3971 4044 
3699 1719 1796 1841 
3700 5304 5329 5483 
3701 2544 2648 2792 
3702 924 970 1002 
3703 2944 2692 3016 
3704 4778 4548 4886 
3705 898 962 1043 
3706 1879 1926 2015 
3707 998 1043 1090 
3708 2589 2543 2640 
3709 3265 2993 3497 
3710 4892 5267 5438 
3711 1871 1838 1884 
3712 1714 1747 1749 
3713 1085 1112 1173 
3714 2452 2576 2931 
3715 1635 1673 1721 
3716 2206 2292 2425 
3717 2312 2388 2433 
3718 2309 2433 2474 
3719 1868 1910 1984 
3720 1720 1698 1782 
3721 1675 1742 1903 
3722 1465 1401 1488 
3723 3279 3637 3869 
3724 4758 4542 4934 
3725 5157 5323 5475 
3726 5731 5897 5912 
3727 2607 2644 2878 
3728 1610 1592 1635 
3729 4046 3917 4463 
3730 3386 3334 3416 
3731 1161 1232 1303 
3732 1759 1779 1844 
3733 3337 3106 3494 
3734 3203 2964 3276 
3735 3188 3007 3368 
3736 4143 4346 4522 
3737 4183 4479 4540 
3738 1228 1118 1291 
3739 1608 1679 1719 
3740 4152 3966 4403 
3741 4688 4966 5227 
3742 2423 2446 2477 
3743 4907 5114 5380 
3744 5891 5703 5973 
3745 1829 1809 1858 
3746 2336 2403 2595 
3747 2117 2010 2122 
3748 4935 4871 5232 
3749 2191 2107 2268 
3750 1250 1370 1426 
3751 3548 3671 3872 
3752 2266 2214 2512 
3753 4800 4597 4923 
3754 1433 1510 1627 
3755 2357 2479 2658 
3756 1830 1741 1852 
3757 2856 3060 3351 
3758 4759 4873 4979 
3759 1688 1718 1772 
3760 3701 3941 4498 
3761 4725 4938 5092 
3762 1972 1931 2047 
3763 1640 1587 1839 
3764 1832 1857 1950 
3765 2108 2094 2138 
3766 1861 1917 1970 
3767 1547 1495 1592 
3768 3127 3265 3510 
3769 4143 4522 4860 
3770 2523 2368 2700 
3771 4631 4419 4871 
3772 4776 4650 4876 
3773 2546 2355 2666 
3774 4349 4688 5227 
3775 5703 5473 6001 
3776 1526 1563 1761 
3777 1101 1002 1123 
3778 2209 2363 2454 
3779 5150 4917 5297 
3780 2122 2219 2309 
3781 1747 1671 1768 
3782 5003 5317 5548 
3783 1215 1177 1272 
3784 1898 1925 1949 
3785 842 899 967 
3786 1011 997 1085 
3787 4522 4904 5008 
3788 3314 3574 3691 
3789 3265 3497 3841 
3790 2195 2241 2286 
3791 1478 614 1648 
3792 3886 3740 4093 
3793 2218 2300 2370 
3794 5542 5303 5735 
3795 5130 4951 5226 
3796 1787 1736 1834 
3797 4264 4318 4847 
3798 4771 4359 4971 
3799 4988 4764 5108 
3800 4522 4346 4762 
3801 2721 2666 2879 
3802 4749 4585 4822 
3803 5856 5710 5930 
3804 4366 3988 4420 
3805 4112 4302 4506 
3806 5080 4863 5385 
3807 2896 3094 3299 
3808 2780 2772 2887 
3809 3775 3643 3865 
3810 1774 1786 1833 
3811 1837 1908 1998 
3812 3162 3340 3430 
3813 953 844 1032 
3814 2168 2081 2244 
3815 6036 6043 6045 
3816 3969 3930 4137 
3817 5445 5316 5618 
3818 1670 1744 1767 
3819 1043 1078 1192 
3820 4099 3859 4103 
3821 1199 1185 1230 
3822 5574 5475 5769 
3823 807 857 897 
3824 1003 1066 1179 
3825 807 897 970 
3826 2565 2505 2615 
3827 2758 2930 3046 
3828 3289 3151 3369 
3829 440 3436 4797 
3830 2381 2213 2464 
3831 1645 1685 1759 
3832 792 855 998 
3833 4320 4697 4945 
3834 4017 4887 4981 
3835 4621 4580 4735 
3836 1544 1627 1669 
3837 1413 1306 1445 
3838 3748 3475 3876 
3839 4006 4143 4416 
3840 4095 3809 5053 
3841 1192 1123 1221 
3842 4527 4970 5123 
3843 3789 3766 3957 
3844 4763 4788 5027 
3845 1834 1736 1843 
3846 1283 1300 1384 
3847 5700 5830 5834 
3848 1302 1400 1451 
3849 3951 3789 3961 
3850 121 120 5306 
3851 2733 2682 3588 
3852 1955 1861 1970 
3853 1698 1610 1740 
3854 953 1032 1059 
3855 810 856 1153 
3856 4089 4198 4413 
3857 4980 4753 5126 
3858 2382 2380 2480 
3859 4241 4415 5224 
3860 4338 4525 4726 
3861 2048 1991 2264 
3862 2951 2724 3018 
3863 1835 1865 1936 
3864 1596 1542 1629 
3865 3500 3324 3657 
3866 2095 1993 2108 
3867 790 860 1102 
3868 2773 2878 3926 
3869 2357 2279 2479 
3870 2525 2724 2845 
3871 4056 4214 4575 
3872 4282 4533 4792 
3873 3518 3618 3893 
3874 1833 1876 1945 
3875 4724 4683 5014 
3876 4871 4630 4928 
3877 2900 2460 3187 
3878 3921 3296 4116 
3879 5947 5988 6019 
3880 1660 1490 1662 
3881 2724 2651 2873 
3882 3434 3342 3630 
3883 2914 2740 3044 
3884 4906 4789 4973 
3885 2620 2461 2690 
3886 1736 1799 1843 
3887 1950 1969 2006 
3888 5797 5824 5886 
3889 4684 4082 4746 
3890 5720 5643 5796 
3891 1346 1435 1467 
3892 1018 1036 1071 
3893 1733 1676 1787 
3894 3806 4207 5056 
3895 3437 3335 3783 
3896 4752 4891 5679 
3897 1060 1089 1132 
3898 299 298 2393 
3899 5769 5694 5833 
3900 1110 1186 1208 
3901 4147 3989 4266 
3902 808 861 1103 
3903 1635 1570 1673 
3904 2633 2570 2707 
3905 2844 3092 3109 
3906 2188 2111 2196 
3907 114 113 5665 
3908 2032 1973 2092 
3909 2739 2705 2872 
3910 4722 5011 5403 
3911 1673 1667 1762 
3912 4533 4349 5227 
3913 4258 4392 4410 
3914 1002 1088 1181 
3915 5964 5999 6020 
3916 3780 3548 3872 
3917 4674 4053 4857 
3918 4031 3806 4157 
3919 4162 4571 4615 
3920 1935 1864 2003 
3921 1159 1108 1205 
3922 2297 2242 2319 
3923 298 297 2456 
3924 1211 1282 1311 
3925 2059 1975 2069 
3926 2567 2378 2817 
3927 2880 2628 3758 
3928 1489 1593 1667 
3929 3480 3104 3778 
3930 5301 4984 5772 
3931 2545 2661 2884 
3932 1980 2048 2264 
3933 2337 2208 2360 
3934 4962 4790 5252 
3935 1667 1593 1712 
3936 1512 1571 1666 
3937 173 172 2930 
3938 4035 4312 4370 
3939 5306 120 5549 
3940 1303 1388 1457 
3941 1608 1577 1634 
3942 5589 5764 5873 
3943 1217 1231 1321 
3944 1226 1277 1341 
3945 1722 1878 1940 
3946 3845 4023 4271 
3947 1542 1600 1660 
3948 4863 4662 5540 
3949 2065 2015 2152 
3950 4499 4679 4709 
3951 5177 4924 5414 
3952 2984 3017 3148 
3953 5346 5476 5570 
3954 2750 2525 2845 
3955 4151 4527 5545 
3956 2247 2165 2418 
3957 4742 4188 4843 
3958 1430 1467 1481 
3959 870 819 929 
3960 3382 3158 3515 
3961 5617 5585 5743 
3962 2991 3121 3273 
3963 4527 4151 4837 
3964 1570 1667 1673 
3965 5584 5733 5868 
3966 2705 2546 2872 
3967 1713 1658 1840 
3968 2518 2525 2664 
3969 2044 1999 2196 
3970 1767 1744 2053 
3971 2149 2074 2308 
3972 3335 2974 3503 
3973 3299 3357 3483 
3974 2103 2182 2270 
3975 1242 1160 1250 
3976 2395 2494 2518 
3977 2821 2889 2983 
3978 2636 2476 2668 
3979 5808 5903 5996 
3980 2641 2621 2710 
3981 4904 4762 5116 
3982 1019 1034 1134 
3983 4508 4183 4540 
3984 4371 4618 5486 
3985 4031 4157 4442 
3986 1969 2033 2083 
3987 1135 1181 1288 
3988 1687 1581 1737 
3989 302 301 2318 
3990 1508 1454 1560 
3991 1374 1324 1392 
3992 1016 1041 1133 
3993 3932 4213 4249 
3994 1339 1379 1407 
3995 1940 1878 1998 
3996 1971 1945 1985 
3997 1355 1318 1412 
3998 5420 5485 5595 
3999 900 850 965 
4000 1606 1487 1687 
4001 3739 3465 3855 
4002 2478 2523 2661 
4003 1615 1560 1676 
4004 786 859 921 
4005 2636 2770 2885 
4006 3914 4053 4168 
4007 4398 4362 4520 
4008 1356 1316 1429 
4009 3304 3550 3623 
4010 2989 2878 3211 
4011 5236 5046 5337 
4012 1283 1257 1300 
4013 1143 1108 1159 
4014 1695 1608 1719 
4015 5837 5702 5936 
4016 1301 1323 1348 
4017 5587 5459 5694 
4018 3925 2276 4022 
4019 1863 1874 1932 
4020 1495 1467 1538 
4021 1217 1190 1231 
4022 2459 2618 2623 
4023 2441 2278 2536 
4024 3013 3167 3346 
4025 1878 1837 1998 
4026 3877 3925 4022 
4027 1978 2013 2106 
4028 2904 2791 2905 
4029 2033 1982 2075 
4030 2690 2461 2810 
4031 5285 5490 5535 
4032 1268 1332 1385 
4033 788 858 906 
4034 277 276 3216 
4035 932 912 1033 
4036 947 842 966 
4037 4870 4738 5039 
4038 4982 4351 5307 
4039 3296 3921 4079 
4040 5429 5607 5736 
4041 1289 1299 1358 
4042 922 843 1015 
4043 2566 2658 2772 
4044 1124 1003 1179 
4045 1980 1924 2048 
4046 4170 4827 5236 
4047 2896 272 3094 
4048 2943 3213 3259 
4049 2236 2278 2376 
4050 1678 1662 1692 
4051 5293 5496 5498 
4052 850 921 965 
4053 1115 1189 1279 
4054 2065 2200 2236 
4055 1503 1465 1545 
4056 1581 1460 1624 
4057 5576 5844 5936 
4058 5729 5592 5826 
4059 2658 2741 2772 
4060 2558 2456 2602 
4061 2454 2363 2563 
4062 1702 1615 1754 
4063 2042 1960 2094 
4064 968 1060 1137 
4065 2138 2094 2229 
4066 2458 2562 2645 
4067 1358 1299 1409 
4068 5640 5441 5738 
4069 2723 2523 2876 
4070 1571 1618 1666 
4071 5530 5602 5660 
4072 2232 2091 2233 
4073 1368 1336 1369 
4074 2296 2340 2509 
4075 4584 4160 5389 
4076 5221 5409 5564 
4077 2974 2872 3122 
4078 1754 1774 1796 
4079 2027 1910 2116 
4080 2622 2751 2843 
4081 2299 2518 2664 
4082 2232 2233 2313 
4083 3475 3761 3876 
4084 2106 2129 2240 
4085 1413 1542 1596 
4086 1138 1072 1199 
4087 417 2121 4769 
4088 5371 5139 5487 
4089 18 792 811 
4090 4062 4230 4321 
4091 5275 5122 5408 
4092 3608 3950 4103 
4093 17 811 812 
4094 306 305 2238 
4095 73 790 813 
4096 72 813 815 
4097 3669 4051 4086 
4098 1825 1675 1903 
4099 3968 3668 4253 
4100 5145 5204 5205 
4101 5299 4914 5558 
4102 4558 4704 4991 
4103 1728 1694 1788 
4104 4226 4338 4837 
4105 2389 2285 2478 
4106 2641 2710 2726 
4107 1913 1949 2004 
4108 1760 1732 1771 
4109 2866 3004 3067 
4110 2427 2471 2504 
4111 3266 4087 4294 
4112 5933 5816 5934 
4113 5767 5719 5873 
4114 1671 1628 1698 
4115 4415 4538 4753 
4116 1560 1454 1661 
4117 1488 1518 1574 
4118 3797 3779 3969 
4119 6020 6004 6024 
4120 1864 1931 1972 
4121 4475 5213 5238 
4122 4395 4004 4606 
4123 1774 1833 1841 
4124 142 141 3925 
4125 5622 5530 5660 
4126 1107 1174 1225 
4127 4392 5257 5398 
4128 5880 5850 6044 
4129 5130 5153 5395 
4130 5193 4995 5350 
4131 1786 1787 1813 
4132 1241 1289 1312 
4133 5610 5690 5759 
4134 3423 3544 3651 
4135 4301 4108 4403 
4136 1883 1911 1973 
4137 3610 3851 4024 
4138 1269 1336 1368 
4139 1244 1109 1319 
4140 2069 2131 2262 
4141 1354 1372 1541 
4142 3805 4076 4221 
4143 922 1015 1038 
4144 1616 1546 1697 
4145 5879 5948 6007 
4146 1542 1445 1600 
4147 5049 5256 5411 
4148 3043 3188 3307 
4149 3488 3252 3675 
4150 5697 5805 6044 
4151 1140 1065 1191 
4152 1601 1912 1928 
4153 3738 3553 3949 
4154 3473 3631 4406 
4155 3128 3002 3242 
4156 3222 3375 3512 
4157 4909 4841 5109 
4158 1691 1635 1721 
4159 792 19 855 
4160 810 21 856 
4161 1544 1433 1627 
4162 76 808 818 
4163 3933 3666 4034 
4164 807 23 857 
4165 4162 4615 4781 
4166 1784 1675 1825 
4167 788 15 858 
4168 1844 1896 1916 
4169 786 70 859 
4170 1944 1897 2049 
4171 2536 2636 2751 
4172 1060 1055 1089 
4173 4099 4103 4308 
4174 921 859 947 
4175 2027 2116 2163 
4176 1972 2029 2115 
4177 2441 2653 2791 
4178 790 74 860 
4179 1908 1962 2026 
4180 1599 1622 1664 
4181 1370 1393 1483 
4182 1767 1850 1901 
4183 2525 2651 2724 
4184 3961 3789 4038 
4185 2683 2808 2944 
4186 3387 2060 3481 
4187 3476 3261 4087 
4188 868 821 927 
4189 4953 5149 5325 
4190 1676 1560 1708 
4191 5115 5008 5293 
4192 2790 3000 3016 
4193 1499 1556 1645 
4194 4069 3840 4435 
4195 1109 1043 1192 
4196 2710 2670 2726 
4197 2843 2751 3072 
4198 3030 2996 3178 
4199 2271 2299 2601 
4200 1867 1950 2006 
4201 5821 5915 5929 
4202 5368 5150 5730 
4203 1313 1213 1387 
4204 5470 5137 5556 
4205 1207 1173 1278 
4206 5657 5838 5935 
4207 3342 2997 3516 
4208 5612 5790 6041 
4209 3936 3137 4341 
4210 5161 5375 5536 
4211 4410 4392 4666 
4212 2376 2441 2551 
4213 1212 1279 1301 
4214 791 863 963 
4215 3614 3265 3841 
4216 4333 4554 4737 
4217 1614 1436 1701 
4218 1783 1830 1880 
4219 1969 1950 2033 
4220 5127 4779 5679 
4221 4186 247 4470 
4222 5398 4537 5552 
4223 4303 4494 4600 
4224 2837 2728 3013 
4225 1367 1418 1463 
4226 1220 1286 1305 
4227 1920 2021 2050 
4228 2295 2448 2599 
4229 3329 3552 3598 
4230 1057 1141 1160 
4231 1508 1615 1702 
4232 1167 1191 1210 
4233 1135 1002 1181 
4234 1931 1988 2047 
4235 3293 3113 3940 
4236 1019 977 1034 
4237 4085 3833 4142 
4238 1202 1124 1241 
4239 2891 3232 3400 
4240 1833 1786 1876 
4241 249 248 4186 
4242 4538 4416 4860 
4243 2302 2404 2450 
4244 4753 4980 5211 
4245 4158 4049 4186 
4246 2139 2184 2230 
4247 1358 1409 1461 
4248 1919 1968 1991 
4249 3410 3231 3521 
4250 4811 4634 5247 
4251 3968 4151 4363 
4252 2964 3142 5229 
4253 2202 2285 2389 
4254 808 77 861 
4255 4230 3927 4357 
4256 921 947 966 
4257 1018 971 1036 
4258 1501 1604 1649 
4259 4466 4170 4536 
4260 262 261 3316 
4261 4597 4715 4923 
4262 822 789 846 
4263 1985 1927 2045 
4264 2042 2094 2108 
4265 3072 3070 3153 
4266 1367 1463 1500 
4267 1043 962 1078 
4268 4623 4805 4962 
4269 3764 3450 3860 
4270 2129 2077 2273 
4271 5803 5568 5865 
4272 4168 4053 4331 
4273 2699 2578 2886 
4274 4324 4597 4800 
4275 3464 3429 3728 
4276 1200 1110 1226 
4277 5235 5111 5329 
4278 3744 3462 3864 
4279 5888 5970 5977 
4280 5203 5405 6028 
4281 5678 5479 5787 
4282 908 963 1089 
4283 3235 3326 4043 
4284 4741 4940 5034 
4285 3008 2918 3175 
4286 2184 2185 2230 
4287 1242 1181 1247 
4288 1983 1871 2050 
4289 3242 3300 3331 
4290 2074 2154 2218 
4291 867 783 926 
4292 1304 1365 1372 
4293 4893 4146 5107 
4294 5649 5273 5793 
4295 1812 1904 1966 
4296 1844 1779 1896 
4297 3000 2861 3063 
4298 5424 5301 5612 
4299 2566 2772 2780 
4300 5705 5433 5788 
4301 1002 970 1088 
4302 4432 4150 4459 
4303 1971 2045 2103 
4304 1324 1374 1381 
4305 1705 1623 1757 
4306 906 1000 1038 
4307 1850 1767 1868 
4308 2853 1974 2898 
4309 1780 1817 1852 
4310 5093 5403 5439 
4311 1785 1789 1823 
4312 28 809 865 
4313 4984 4700 5772 
4314 787 25 862 
4315 4857 4982 5102 
4316 5989 5980 6015 
4317 3274 2960 3585 
4318 1813 1879 1927 
4319 1873 3061 3177 
4320 4108 4363 4403 
4321 4719 4462 4977 
4322 2000 2052 2116 
4323 258 257 3553 
4324 1738 1783 1878 
4325 1355 1412 1455 
4326 4968 3276 5229 
4327 2382 2313 2501 
4328 4662 4319 5540 
4329 1763 1687 1776 
4330 5269 5450 5601 
4331 1736 1708 1746 
4332 1274 1298 1427 
4333 1495 1538 1592 
4334 5583 5771 5845 
4335 1610 1691 1740 
4336 5951 5980 5989 
4337 3742 3438 4006 
4338 1079 1137 1292 
4339 1274 1293 1298 
4340 3602 3358 3653 
4341 3653 3576 3777 
4342 2206 2168 2244 
4343 4595 4434 4870 
4344 1786 1813 1876 
4345 4344 4749 4786 
4346 1556 1629 1685 
4347 3523 3262 4658 
4348 3853 3673 4459 
4349 1226 1110 1277 
4350 3401 3153 4107 
4351 1291 1319 1363 
4352 3901 3626 4279 
4353 3619 3690 3822 
4354 1573 1626 1693 
4355 1279 1227 1323 
4356 1301 1279 1323 
4357 1043 1109 1244 
4358 69 786 816 
4359 869 912 932 
4360 2586 2585 2629 
4361 3438 3401 3658 
4362 5833 5879 6007 
4363 14 788 817 
4364 1675 1631 1742 
4365 2692 2790 3016 
4366 3459 3608 3859 
4367 2549 2459 2623 
4368 3320 3592 3613 
4369 966 1028 1087 
4370 240 239 3383 
4371 2072 2140 2209 
4372 2874 3243 3427 
4373 1364 1451 1539 
4374 4537 5371 5552 
4375 4387 4308 4542 
4376 5367 5421 5673 
4377 2573 2649 2736 
4378 1141 1084 1183 
4379 2318 2408 2505 
4380 4825 4767 4964 
4381 2279 2389 2479 
4382 4711 4897 5113 
4383 1420 1447 1512 
4384 3843 4122 4185 
4385 1384 1300 1421 
4386 1414 1344 1710 
4387 1671 1720 1768 
4388 3635 3811 4052 
4389 2724 2873 3018 
4390 2516 2457 2609 
4391 1160 1229 1280 
4392 1309 1250 1426 
4393 1091 1018 1129 
4394 5446 5467 5685 
4395 1953 1858 1961 
4396 1569 1683 1711 
4397 1803 1844 1885 
4398 1774 1733 1786 
4399 4593 4795 4896 
4400 3856 3967 4284 
4401 1557 4196 4409 
4402 3657 3934 4119 
4403 1463 1507 1577 
4404 4969 5104 5594 
4405 2887 2952 3254 
4406 2552 2462 3395 
4407 1865 1769 1891 
4408 2460 2739 3187 
4409 2292 2372 2510 
4410 1209 1255 1289 
4411 1105 1009 1201 
4412 1451 1400 1540 
4413 4766 5019 5119 
4414 5579 5474 5731 
4415 1974 2789 2898 
4416 4558 4168 4704 
4417 791 79 863 
4418 5618 5719 5862 
4419 1786 1733 1787 
4420 3654 3850 3918 
4421 1190 1139 1231 
4422 4000 3911 4212 
4423 314 313 2036 
4424 3687 3993 4030 
4425 2240 2129 2307 
4426 4878 4907 5177 
4427 3594 3273 3686 
4428 1780 1689 1804 
4429 4361 4316 4687 
4430 1009 966 1087 
4431 1002 1101 1153 
4432 1035 1039 1138 
4433 1788 1748 1881 
4434 1623 1552 1680 
4435 1306 1353 1445 
4436 1785 1745 1789 
4437 2387 2147 2569 
4438 1233 1178 1266 
4439 1421 1415 1442 
4440 6032 6011 6036 
4441 4012 3882 4145 
4442 1836 1881 1931 
4443 1396 1444 1497 
4444 5762 5761 5825 
4445 1626 1688 1739 
4446 1009 1087 1127 
4447 2882 3161 3230 
4448 3841 3497 4483 
4449 2076 2162 2271 
4450 3754 3867 4077 
4451 412 411 4778 
4452 3359 3472 3644 
4453 2118 2128 2343 
4454 190 189 3731 
4455 4872 5295 5489 
4456 2300 2154 2343 
4457 3743 3447 3781 
4458 1110 1059 1186 
4459 3802 4049 4496 
4460 4027 4059 4453 
4461 3011 3173 3579 
4462 5731 5832 5897 
4463 1481 1495 1518 
4464 5437 5720 5775 
4465 1040 958 1136 
4466 1544 1669 1746 
4467 1349 1310 1376 
4468 2307 2129 2378 
4469 1863 1819 1874 
4470 1007 1084 1141 
4471 1646 4172 4234 
4472 3212 3128 3396 
4473 1599 1576 1622 
4474 3745 3471 3767 
4475 1493 1456 1552 
4476 1745 1749 1789 
4477 2757 2809 2849 
4478 1936 1989 2039 
4479 3108 3442 3697 
4480 4161 4281 4350 
4481 3629 4311 4442 
4482 2058 2003 2115 
4483 5972 5263 6003 
4484 1015 1056 1151 
4485 3519 3504 3645 
4486 3021 3187 3405 
4487 1783 1837 1878 
4488 3589 3285 3782 
4489 5611 5696 5829 
4490 4223 4260 4454 
4491 3196 2977 3941 
4492 2545 2389 2661 
4493 1371 1306 1413 
4494 5496 5379 5615 
4495 5698 5811 6052 
4496 3515 3346 3690 
4497 3879 3836 4090 
4498 1452 1554 1659 
4499 5339 5138 5794 
4500 1576 1500 1577 
4501 1393 1297 1460 
4502 3313 3380 3456 
4503 3849 3660 4027 
4504 1057 1160 1247 
4505 5102 4982 5307 
4506 2238 2296 2400 
4507 1039 1072 1138 
4508 1828 1784 1875 
4509 2262 2350 2415 
4510 1577 1608 1695 
4511 970 1037 1088 
4512 5271 5134 5440 
4513 2119 2064 2192 
4514 5939 5801 5978 
4515 2019 2066 2182 
4516 1891 1833 1945 
4517 1500 1463 1577 
4518 3104 3405 3437 
4519 4754 4363 5545 
4520 5197 4958 5316 
4521 4460 4280 4524 
4522 5310 4163 5535 
4523 2587 2454 2655 
4524 2890 2738 2995 
4525 4382 4590 4693 
4526 4207 4009 4410 
4527 2776 2836 2901 
4528 2754 2886 3048 
4529 5 5059 5136 
4530 4390 4470 4596 
4531 2240 2307 2367 
4532 3236 3041 3316 
4533 1627 1693 1730 
4534 1243 1252 1332 
4535 4794 4543 5153 
4536 1672 1741 1830 
4537 2086 2141 2260 
4538 1348 1395 1422 
4539 1694 1576 1695 
4540 4400 3972 4603 
4541 5091 5347 5627 
4542 4201 3802 4496 
4543 1184 1216 1273 
4544 1841 1833 1891 
4545 1594 1492 1630 
4546 1945 1876 1985 
4547 5418 5385 5688 
4548 5946 5905 6006 
4549 1462 1569 1665 
4550 2538 2931 3074 
4551 3917 4216 4463 
4552 4907 4723 5114 
4553 1982 2032 2075 
4554 2611 2621 2641 
4555 2656 2680 2776 
4556 3861 4087 4227 
4557 3113 3443 3940 
4558 783 823 848 
4559 3962 4916 5103 
4560 920 998 1090 
4561 5255 4978 5666 
4562 13 817 866 
4563 5452 5617 5743 
4564 4209 4827 5053 
4565 1911 1981 2031 
4566 5032 5195 5291 
4567 1906 2017 2034 
4568 5893 5792 6052 
4569 1857 1982 2033 
4570 1721 1673 1808 
4571 4080 4000 4212 
4572 3023 3324 3500 
4573 1092 1139 1190 
4574 2944 3016 3749 
4575 2398 2284 2507 
4576 1759 1685 1779 
4577 968 1055 1060 
4578 1258 1211 1311 
4579 5541 4515 5675 
4580 3650 3112 3740 
4581 1664 1686 1715 
4582 2054 1638 2091 
4583 3095 3299 3483 
4584 3665 4028 4188 
4585 1168 1125 1246 
4586 2217 2351 2395 
4587 4553 5785 5853 
4588 3527 3494 3763 
4589 3238 2834 3404 
4590 1409 1299 1453 
4591 4745 4612 5362 
4592 3676 3659 3877 
4593 2565 2696 3047 
4594 1298 1335 1367 
4595 1837 1783 1880 
4596 4016 215 4275 
4597 4079 4035 4222 
4598 5823 5902 5965 
4599 1303 1232 1388 
4600 4837 4726 4970 
4601 1152 1105 1201 
4602 1297 1280 1350 
4603 4852 4665 5254 
4604 1595 1496 1643 
4605 1661 1544 1708 
4606 1679 1754 1796 
4607 2312 2215 2388 
4608 4281 3606 4350 
4609 1907 1891 1945 
4610 3734 4094 4232 
4611 4171 4048 4223 
4612 1683 1617 1724 
4613 4387 4758 5675 
4614 5602 5460 5640 
4615 1167 1140 1191 
4616 1531 1446 1642 
4617 4176 4227 4469 
4618 3666 3365 4296 
4619 971 933 1036 
4620 1332 1366 1420 
4621 2858 286 3065 
4622 1698 1740 1782 
4623 1772 1718 1832 
4624 3394 3580 3581 
4625 2622 2536 2751 
4626 1988 2039 2112 
4627 1689 1731 1804 
4628 2467 2277 2553 
4629 5279 5369 5446 
4630 4626 4334 4882 
4631 4220 3620 4386 
4632 5480 5523 5658 
4633 4044 3971 4494 
4634 5423 5612 5772 
4635 1685 1629 1901 
4636 1485 1503 1519 
4637 2553 2607 2773 
4638 1127 1087 1337 
4639 1741 1780 1852 
4640 2535 2681 2735 
4641 2587 2655 2806 
4642 956 1030 1155 
4643 3353 3571 3684 
4644 1060 1172 1219 
4645 1428 1361 1432 
4646 5315 5551 5672 
4647 6009 6010 6014 
4648 2659 2565 3047 
4649 3156 3307 3526 
4650 4938 4675 5004 
4651 5244 4919 5253 
4652 4175 4502 4588 
4653 3513 3489 3570 
4654 4354 4669 4733 
4655 1026 900 1105 
4656 1587 1821 1839 
4657 1835 1769 1865 
4658 3173 2856 3351 
4659 5090 5428 5493 
4660 4624 4552 5051 
4661 1482 1420 1512 
4662 1106 1110 1200 
4663 4805 4713 4963 
4664 845 906 973 
4665 4247 4047 4657 
4666 2409 2317 2605 
4667 1113 1202 1220 
4668 83 821 868 
4669 3273 3121 3519 
4670 1666 1672 1697 
4671 4407 4160 4584 
4672 5749 5763 5867 
4673 2193 2138 2205 
4674 4314 4785 4958 
4675 794 866 909 
4676 1385 1420 1482 
4677 968 923 1055 
4678 1375 1378 1639 
4679 1301 1348 1377 
4680 1670 1767 1901 
4681 4245 4333 4691 
4682 1795 1735 1894 
4683 432 5667 5764 
4684 1240 1201 1271 
4685 5332 5123 5406 
4686 861 908 1103 
4687 3693 3453 3866 
4688 1728 1788 1836 
4689 1112 1188 1224 
4690 1979 1879 2015 
4691 2039 2107 2191 
4692 1810 2423 2477 
4693 2441 2536 2622 
4694 2287 2316 2431 
4695 4995 5096 5350 
4696 1963 1977 2073 
4697 1094 1008 1189 
4698 4113 3885 4240 
4699 2550 2662 3582 
4700 1068 1016 1133 
4701 2794 2624 3084 
4702 1880 1889 1923 
4703 3607 3502 3683 
4704 3130 3479 3769 
4705 1229 1269 1327 
4706 4885 4345 4990 
4707 814 865 964 
4708 5968 5945 5987 
4709 5941 5991 6035 
4710 1300 1356 1415 
4711 1327 1269 1368 
4712 1179 1200 1226 
4713 4910 4690 5127 
4714 3346 3167 3522 
4715 2151 2076 2271 
4716 3647 3598 3817 
4717 1041 1044 1070 
4718 3878 3896 4111 
4719 2159 2122 2201 
4720 4221 4002 4408 
4721 1281 1238 1322 
4722 5664 4336 5740 
4723 2401 2505 2659 
4724 2013 1970 2077 
4725 1708 1544 1746 
4726 5289 5687 5739 
4727 3311 3373 3454 
4728 907 964 1029 
4729 2468 2336 2595 
4730 2910 3053 3418 
4731 5266 5105 5320 
4732 4404 4211 4414 
4733 855 898 998 
4734 4384 4411 4532 
4735 2292 2244 2341 
4736 5925 5868 5935 
4737 2795 2632 2875 
4738 4365 4452 4541 
4739 927 972 1016 
4740 3083 2875 3148 
4741 3353 3362 3571 
4742 1669 1791 1799 
4743 3855 3465 4046 
4744 5288 5255 5553 
4745 2788 289 2929 
4746 3984 4233 4669 
4747 2772 2741 2848 
4748 3234 2910 3418 
4749 3235 2912 3326 
4750 2769 2805 2859 
4751 4889 4863 5080 
4752 5714 5851 5852 
4753 1473 1527 1625 
4754 4920 4792 5202 
4755 1499 1453 1556 
4756 3447 3743 3809 
4757 4034 3839 4169 
4758 4736 4682 4842 
4759 1276 1324 1381 
4760 1490 1597 1662 
4761 3312 3377 4401 
4762 1253 1161 1303 
4763 1494 1599 1664 
4764 2065 2152 2200 
4765 1743 1675 1784 
4766 2093 2087 2195 
4767 2835 3124 3176 
4768 2753 2900 3021 
4769 1917 1935 2003 
4770 1569 1617 1683 
4771 1719 1679 1796 
4772 3300 3432 3496 
4773 1907 1971 2043 
4774 1886 1870 1947 
4775 1597 1498 1616 
4776 2477 2446 2554 
4777 869 797 912 
4778 5177 4907 5380 
4779 1585 1516 1706 
4780 1068 1133 1223 
4781 4547 4592 5011 
4782 3318 3577 3904 
4783 1128 1184 1273 
4784 2219 2234 2312 
4785 1252 1339 1397 
4786 4773 4562 4988 
4787 5097 5313 5632 
4788 1236 1238 1281 
4789 2739 2974 3187 
4790 2836 2955 3066 
4791 5281 5468 5669 
4792 1712 1759 1803 
4793 1669 1627 1730 
4794 1443 1594 1603 
4795 5268 5306 5502 
4796 3998 4078 4167 
4797 1449 1705 1757 
4798 1413 1445 1542 
4799 3526 3441 3667 
4800 1399 1464 1511 
4801 1883 1863 1911 
4802 4466 4536 4785 
4803 2094 2150 2229 
4804 2693 2612 2768 
4805 1212 1301 1331 
4806 96 783 867 
4807 4978 4800 5129 
4808 3656 5315 5442 
4809 1152 1201 1205 
4810 2308 2218 2502 
4811 860 948 1102 
4812 1216 1259 1310 
4813 1370 1297 1393 
4814 2798 2671 3085 
4815 1686 1694 1728 
4816 4118 3817 4190 
4817 1468 1479 1537 
4818 1349 1452 1602 
4819 2655 2563 2935 
4820 135 134 4281 
4821 2566 2357 2658 
4822 4797 3436 4913 
4823 1649 1604 1674 
4824 2842 3056 3421 
4825 3265 3614 5563 
4826 1142 1178 1233 
4827 5112 5175 5512 
4828 1898 1842 1925 
4829 850 786 921 
4830 1129 1164 1216 
4831 5447 5649 5768 
4832 5773 5802 5885 
4833 1524 1470 1655 
4834 1522 1469 1654 
4835 1494 1484 1599 
4836 1001 1091 1184 
4837 1578 1584 1663 
4838 3130 2842 3421 
4839 2360 2461 2620 
4840 1521 1438 1653 
4841 5379 5503 5615 
4842 1791 1812 1877 
4843 5902 5889 5965 
4844 5848 5908 5909 
4845 1354 1326 1372 
4846 1843 1799 1877 
4847 2141 2021 2158 
4848 1520 1450 1652 
4849 3139 3215 3298 
4850 2475 2485 2540 
4851 2548 2470 2654 
4852 1045 951 1094 
4853 2138 2229 2280 
4854 2209 2587 2704 
4855 414 4011 4200 
4856 2316 2287 2384 
4857 972 904 1016 
4858 1204 1167 1234 
4859 1160 1141 1229 
4860 3307 3368 3441 
4861 4666 5398 5528 
4862 5851 5714 5871 
4863 3288 3483 3932 
4864 2161 2236 2304 
4865 2499 2566 2667 
4866 1868 1767 1910 
4867 4897 4517 5151 
4868 1035 913 1039 
4869 2150 2030 2431 
4870 2778 2568 2937 
4871 3182 3201 3417 
4872 68 816 819 
4873 2201 2309 2354 
4874 4758 5541 5675 
4875 4945 5396 5550 
4876 1467 1435 1538 
4877 2818 2946 3226 
4878 5421 5619 5673 
4879 2039 1989 2107 
4880 929 864 996 
4881 845 788 906 
4882 2913 2726 3027 
4883 1637 1578 1696 
4884 1999 2110 2196 
4885 3165 3342 3434 
4886 5682 5660 5774 
4887 3250 3370 3599 
4888 1115 1094 1189 
4889 1905 1966 2096 
4890 1042 1090 1180 
4891 2205 2280 2436 
4892 820 867 905 
4893 2173 2144 2261 
4894 2001 1867 2006 
4895 3187 2974 3405 
4896 1489 1461 1593 
4897 2525 2494 2651 
4898 1462 1502 1569 
4899 2667 2566 2780 
4900 948 953 1102 
4901 1270 1246 1290 
4902 5813 5850 5880 
4903 436 435 5321 
4904 872 794 969 
4905 3622 4770 5024 
4906 1074 1167 1204 
4907 3835 4091 4136 
4908 2236 2200 2278 
4909 1547 1592 1610 
4910 1411 1351 1464 
4911 1857 1766 1913 
4912 4743 4772 5000 
4913 1228 1328 1335 
4914 1250 1297 1370 
4915 1506 1422 1603 
4916 2752 2906 3258 
4917 5095 5246 5294 
4918 1234 1210 1283 
4919 1905 1812 1966 
4920 2975 3093 3423 
4921 5753 5709 5818 
4922 81 789 822 
4923 3955 4040 4263 
4924 3344 3127 3510 
4925 3498 3639 3704 
4926 5396 4752 5550 
4927 4328 4707 4892 
4928 3890 3612 4125 
4929 4399 4521 4864 
4930 2278 2200 2387 
4931 1029 1083 1114 
4932 4647 4867 5162 
4933 5431 5780 5930 
4934 2835 3023 3124 
4935 4384 4532 4627 
4936 785 933 971 
4937 2393 298 2456 
4938 5740 5835 5874 
4939 4216 4255 4373 
4940 1512 1447 1571 
4941 974 913 1035 
4942 5854 5713 5894 
4943 1212 1115 1279 
4944 1879 1834 1926 
4945 2801 2672 3086 
4946 1300 1415 1421 
4947 3164 2970 3341 
4948 5366 4968 5494 
4949 2875 3081 3412 
4950 3988 3679 4276 
4951 1926 1976 2084 
4952 2740 2846 3044 
4953 2934 2747 3008 
4954 2456 297 2602 
4955 2635 2659 2744 
4956 4206 4016 4275 
4957 2165 2338 2418 
4958 5673 5418 5688 
4959 5228 5157 5322 
4960 1389 1313 1419 
4961 3938 4095 4170 
4962 1508 1560 1615 
4963 3276 2964 5229 
4964 4943 4754 5145 
4965 3546 3330 3901 
4966 2023 2083 2162 
4967 3665 3361 3750 
4968 1842 1854 1883 
4969 2082 2109 2127 
4970 814 27 865 
4971 3822 3880 4030 
4972 2415 2514 2600 
4973 216 215 4016 
4974 2291 1345 2445 
4975 2653 2720 2905 
4976 3526 3667 3771 
4977 4372 4350 4550 
4978 5484 5286 5553 
4979 3284 3486 3854 
4980 1210 1257 1283 
4981 409 408 5327 
4982 1273 1216 1310 
4983 3641 3531 3684 
4984 2369 2480 2610 
4985 5136 5059 5258 
4986 3719 3932 4249 
4987 5898 5820 5954 
4988 1348 1381 1395 
4989 3650 3740 3886 
4990 1044 1017 1070 
4991 4695 4689 4877 
4992 5587 5694 5769 
4993 2783 2927 2963 
4994 4731 4787 4828 
4995 1910 2000 2116 
4996 2081 2143 2244 
4997 3122 2872 3365 
4998 4873 4834 4979 
4999 2275 5624 5665 
5000 2883 2935 3007 
5001 1581 1624 1737 
5002 1927 1979 2019 
5003 1009 1127 1201 
5004 1631 1553 1715 
5005 1265 1321 1322 
5006 2202 2182 2285 
5007 5623 5717 5742 
5008 1671 1698 1720 
5009 2460 3082 3240 
5010 5878 5874 5906 
5011 2043 2103 2189 
5012 2260 2349 2414 
5013 1327 1368 1406 
5014 3601 3325 3779 
5015 1041 979 1044 
5016 4789 4735 4973 
5017 3561 3470 3937 
5018 4225 4330 4580 
5019 5044 4537 5257 
5020 2351 2359 2395 
5021 851 958 1040 
5022 3095 2896 3299 
5023 4934 4542 5223 
5024 5700 5423 5830 
5025 3453 3624 3866 
5026 1154 1125 1168 
5027 3338 3107 3466 
5028 5173 5437 5798 
5029 2897 2781 3022 
5030 6036 3830 6042 
5031 1770 1836 1864 
5032 1932 1924 1980 
5033 1500 1576 1599 
5034 1402 1367 1500 
5035 5143 5265 5426 
5036 2273 2157 2345 
5037 1645 1556 1685 
5038 2758 173 2930 
5039 3024 3214 3402 
5040 3855 4046 4235 
5041 926 848 1031 
5042 4635 4792 4920 
5043 2633 2707 2777 
5044 3158 3013 3346 
5045 3914 3621 4053 
5046 1452 1497 1554 
5047 4691 4333 4737 
5048 4688 4469 4856 
5049 2848 2741 3014 
5050 5738 5627 5774 
5051 1989 1907 2043 
5052 1334 1360 1382 
5053 4912 5290 5531 
5054 2052 2082 2163 
5055 5677 5605 5737 
5056 2067 2203 2287 
5057 1897 2002 2049 
5058 1262 1318 1355 
5059 3483 3769 3932 
5060 4067 4249 4672 
5061 2318 301 2408 
5062 1553 1494 1664 
5063 1074 949 1140 
5064 871 785 896 
5065 5711 5594 5856 
5066 1251 1382 1417 
5067 6036 6042 6043 
5068 1836 1788 1881 
5069 5635 5615 5800 
5070 5488 5519 5607 
5071 2802 2673 3088 
5072 4006 4241 4483 
5073 5223 4893 5282 
5074 1386 1298 1484 
5075 4417 4225 4621 
5076 2585 2633 2731 
5077 2340 2428 2509 
5078 3681 3640 4480 
5079 3608 3264 3771 
5080 3418 3235 3505 
5081 1989 2043 2107 
5082 1825 1903 1935 
5083 2939 3005 3338 
5084 1536 1496 1595 
5085 2602 1249 2631 
5086 946 846 1046 
5087 1740 1809 1829 
5088 2885 3070 3072 
5089 977 905 1034 
5090 1611 1631 1675 
5091 5890 5952 5994 
5092 4226 4151 4253 
5093 3152 2986 3216 
5094 3225 3020 3545 
5095 5481 5441 5625 
5096 1880 1852 1889 
5097 2930 2812 3046 
5098 2100 2192 2231 
5099 1259 1320 1408 
5100 1857 1913 1982 
5101 1426 1370 1483 
5102 2569 2199 2807 
5103 1050 1065 1140 
5104 1416 1359 1466 
5105 18 19 792 
5106 20 21 810 
5107 17 18 811 
5108 22 23 807 
5109 16 17 812 
5110 73 74 790 
5111 72 73 813 
5112 71 72 815 
5113 24 25 787 
5114 69 70 786 
5115 14 15 788 
5116 1812 1765 1904 
5117 5823 5834 5902 
5118 3866 3996 4040 
5119 896 785 971 
5120 2427 2399 2471 
5121 1326 1267 1372 
5122 896 1018 1091 
5123 429 428 5554 
5124 2601 2299 2664 
5125 1484 1402 1599 
5126 4994 4808 5333 
5127 3474 3725 4028 
5128 958 910 1025 
5129 957 926 1031 
5130 1306 1208 1353 
5131 3464 3728 3842 
5132 996 900 1026 
5133 99 797 869 
5134 3840 3878 4179 
5135 1060 1132 1172 
5136 5253 4920 5412 
5137 3132 3365 3583 
5138 1092 1021 1139 
5139 5176 4838 5548 
5140 438 437 5198 
5141 1615 1676 1733 
5142 75 76 818 
5143 5291 5642 5744 
5144 3655 5779 5869 
5145 1137 1219 1292 
5146 844 808 923 
5147 1169 1068 1223 
5148 1174 1248 1274 
5149 2811 2756 3078 
5150 2314 2380 2501 
5151 2306 2367 2434 
5152 898 810 962 
5153 3644 3682 4076 
5154 3116 2925 3345 
5155 1754 1733 1774 
5156 3503 3122 3666 
5157 2229 2150 2316 
5158 5780 5431 5791 
5159 2778 3028 3411 
5160 5114 5279 5380 
5161 76 77 808 
5162 924 807 970 
5163 2831 3473 4406 
5164 4211 3701 4498 
5165 2778 2749 3028 
5166 1167 1210 1234 
5167 3605 3718 3835 
5168 1415 1356 1456 
5169 2355 2277 2467 
5170 3573 3691 3919 
5171 5621 5505 5636 
5172 5109 5010 5178 
5173 4793 4280 4987 
5174 3397 4592 4826 
5175 1669 1730 1765 
5176 5221 3788 5409 
5177 5248 5280 5689 
5178 1574 1628 1671 
5179 2262 2131 2350 
5180 4917 4584 5112 
5181 1007 961 1084 
5182 965 1009 1105 
5183 1093 1094 1115 
5184 1876 1927 1985 
5185 2463 2385 3240 
5186 4341 4759 4979 
5187 1770 1728 1836 
5188 5443 5344 5621 
5189 5363 5271 5647 
5190 5519 5591 5607 
5191 78 79 791 
5192 19 20 855 
5193 21 22 856 
5194 1376 1408 1444 
5195 23 24 857 
5196 15 16 858 
5197 70 71 859 
5198 5516 5597 5642 
5199 783 98 823 
5200 1116 1063 1170 
5201 873 904 972 
5202 4177 5636 5781 
5203 1726 1790 2139 
5204 2018 2240 2306 
5205 2023 1969 2083 
5206 4832 4893 5223 
5207 2986 277 3216 
5208 789 82 868 
5209 74 75 860 
5210 1142 1073 1178 
5211 1003 956 1066 
5212 1488 1574 1607 
5213 2027 2234 2331 
5214 3748 4003 4055 
5215 2741 2545 2884 
5216 5817 5754 5911 
5217 5093 4722 5403 
5218 1174 1274 1284 
5219 4860 4522 5008 
5220 2770 2750 2885 
5221 111 110 5858 
5222 981 896 1091 
5223 4115 3841 4241 
5224 4212 3911 4736 
5225 2208 2305 2386 
5226 2745 2895 3015 
5227 910 872 969 
5228 2755 1249 2919 
5229 5712 5636 5836 
5230 1927 2019 2045 
5231 5735 5611 5829 
5232 3080 2943 3259 
5233 1909 1930 1943 
5234 4750 4633 4775 
5235 4087 3261 4294 
5236 5834 5712 5902 
5237 77 78 861 
5238 156 155 3063 
5239 5430 5320 5702 
5240 5631 5560 5691 
5241 2800 2674 3089 
5242 1679 1702 1754 
5243 5119 5392 5513 
5244 5636 3983 5781 
5245 3656 5442 5750 
5246 2029 2081 2168 
5247 4088 3823 4456 
5248 3458 3726 3926 
5249 1662 1616 1692 
5250 4529 4943 5179 
5251 2366 2302 2450 
5252 1325 1268 1385 
5253 5338 5203 5396 
5254 1578 1663 1696 
5255 4755 4872 5489 
5256 2203 2355 2820 
5257 1496 1442 1568 
5258 2238 305 2296 
5259 5970 5952 5977 
5260 5096 4896 5231 
5261 2479 2389 2545 
5262 1280 1229 1327 
5263 5072 4878 5177 
5264 5004 4696 5228 
5265 2029 1972 2047 
5266 1576 1577 1695 
5267 910 969 1025 
5268 1797 1781 1838 
5269 1398 1496 1536 
5270 3389 4535 4772 
5271 1554 1497 1594 
5272 2998 2876 3233 
5273 1078 1101 1123 
5274 4318 4617 4847 
5275 1624 1504 1665 
5276 5600 5443 5745 
5277 3419 3420 3514 
5278 3771 3667 3950 
5279 5576 3987 5766 
5280 3483 3357 3769 
5281 1014 949 1074 
5282 856 924 1153 
5283 1069 1025 1154 
5284 4923 4715 5251 
5285 1237 1267 1326 
5286 5094 4793 5344 
5287 3023 2727 3259 
5288 1289 1255 1299 
5289 3649 4085 4225 
5290 1950 1857 2033 
5291 4329 4007 4635 
5292 984 1021 1092 
5293 1187 1116 1213 
5294 5615 5582 5800 
5295 2632 2788 3081 
5296 925 845 949 
5297 2524 2586 2629 
5298 5362 5463 5641 
5299 4566 4390 4596 
5300 5467 5566 5685 
5301 5986 3632 6027 
5302 4692 4365 4849 
5303 3135 3208 3540 
5304 1864 1836 1931 
5305 1008 1080 1143 
5306 1988 1936 2039 
5307 3999 3674 4291 
5308 1100 1124 1202 
5309 1093 1045 1094 
5310 1349 1396 1452 
5311 928 822 946 
5312 2328 2255 2410 
5313 1236 1196 1238 
5314 2571 2593 2680 
5315 1864 1972 2003 
5316 4215 4434 4595 
5317 1554 1594 1630 
5318 6021 5979 6030 
5319 4775 4633 4845 
5320 3128 3242 3331 
5321 978 1017 1044 
5322 2015 1926 2084 
5323 1415 1456 1493 
5324 1367 1328 1418 
5325 1510 1573 1693 
5326 1617 1502 1659 
5327 3736 3978 4268 
5328 1487 1581 1687 
5329 2143 2191 2341 
5330 5802 5878 5944 
5331 1255 1226 1341 
5332 2280 2385 2463 
5333 3608 3771 3950 
5334 3931 3296 4079 
5335 1208 1186 1424 
5336 3099 4039 4248 
5337 2558 2602 2631 
5338 2660 2665 2779 
5339 336 335 2928 
5340 3815 3902 4004 
5341 1569 1502 1617 
5342 4135 4277 4319 
5343 875 913 974 
5344 1545 1607 1714 
5345 3073 2864 3157 
5346 2010 1984 2331 
5347 1396 1376 1444 
5348 983 1045 1093 
5349 1293 1228 1335 
5350 1577 1507 1634 
5351 5142 5065 5181 
5352 5259 5776 5865 
5353 1182 1228 1293 
5354 1498 1546 1616 
5355 3985 3849 4229 
5356 4368 4417 4621 
5357 2528 2734 2926 
5358 5830 5745 5834 
5359 1850 1868 1896 
5360 1180 1244 1291 
5361 2892 3024 3204 
5362 3094 2940 3299 
5363 3557 3467 3924 
5364 2231 2192 2266 
5365 5621 5712 5745 
5366 1518 1495 1547 
5367 5212 4892 5300 
5368 4486 3790 4987 
5369 4937 4445 5233 
5370 1329 1285 1359 
5371 3331 3496 3517 
5372 3562 4106 4233 
5373 25 26 862 
5374 207 206 3387 
5375 4185 4482 4625 
5376 2185 2135 2230 
5377 4235 4046 4463 
5378 5697 5850 5931 
5379 174 173 2758 
5380 998 898 1043 
5381 1400 1354 1466 
5382 5344 5121 5505 
5383 873 801 904 
5384 854 790 931 
5385 1046 950 1058 
5386 6048 2104 6049 
5387 1778 1859 1933 
5388 4782 4321 4910 
5389 1074 1140 1167 
5390 3295 3422 3504 
5391 874 820 905 
5392 5902 5836 5962 
5393 1431 1355 1455 
5394 143 142 3659 
5395 1125 1204 1246 
5396 924 1002 1153 
5397 1903 1864 1935 
5398 1648 1513 1651 
5399 1063 1131 1170 
5400 3098 3446 3712 
5401 5979 5938 6009 
5402 1931 1881 1988 
5403 5938 5906 5989 
5404 4398 4520 4649 
5405 6038 4424 6039 
5406 5340 5113 5794 
5407 1058 1130 1188 
5408 3626 4096 4279 
5409 5173 5088 5341 
5410 1263 1214 1281 
5411 4684 4895 5535 
5412 79 80 863 
5413 2343 2207 2427 
5414 2863 2899 3026 
5415 846 950 1046 
5416 2962 3209 3397 
5417 1330 1315 1411 
5418 1744 1806 2053 
5419 2597 2759 2938 
5420 2923 2752 3420 
5421 4515 5367 5688 
5422 1298 1367 1402 
5423 382 381 3471 
5424 67 819 870 
5425 68 69 816 
5426 5194 121 5306 
5427 5906 5835 5951 
5428 4287 3947 4500 
5429 851 910 958 
5430 2474 2388 2568 
5431 3979 4274 4543 
5432 5463 4612 5664 
5433 2454 2563 2655 
5434 13 14 817 
5435 4577 4763 5027 
5436 3496 3604 3688 
5437 1783 1672 1830 
5438 3041 262 3316 
5439 1611 1675 1743 
5440 4431 4651 4703 
5441 5107 4146 5378 
5442 5695 5463 5740 
5443 3659 142 3925 
5444 1960 1990 2030 
5445 1222 1168 1270 
5446 3248 2891 3400 
5447 4550 4350 4561 
5448 5536 5721 5804 
5449 3315 3391 3744 
5450 3472 190 3731 
5451 5990 5405 6024 
5452 1274 1248 1293 
5453 4284 3967 4327 
5454 4725 5092 5379 
5455 812 843 922 
5456 4108 3968 4363 
5457 4166 5023 5214 
5458 5613 5314 5711 
5459 4987 5121 5344 
5460 3310 258 3553 
5461 2457 2573 2609 
5462 6015 4132 6038 
5463 3828 3897 4251 
5464 5944 5979 6021 
5465 815 842 947 
5466 2526 3115 3406 
5467 2841 3555 3758 
5468 2900 2556 3082 
5469 1511 1464 1536 
5470 3345 3450 3764 
5471 1136 1185 1199 
5472 1329 1359 1416 
5473 1593 1645 1712 
5474 1680 1743 1792 
5475 3003 2858 3065 
5476 3049 2847 3375 
5477 1193 1115 1212 
5478 3326 3506 4043 
5479 2987 3170 3221 
5480 2316 2150 2431 
5481 5 782 4858 
5482 4424 6025 6039 
5483 1916 1868 1984 
5484 5298 5376 5530 
5485 1241 1209 1289 
5486 1369 1425 1462 
5487 2630 2573 2736 
5488 1264 1222 1330 
5489 5878 5938 5979 
5490 372 371 2987 
5491 1161 1135 1232 
5492 794 12 866 
5493 2551 2700 2819 
5494 3067 3004 3171 
5495 5892 6032 6036 
5496 2299 2217 2395 
5497 784 870 911 
5498 1926 1843 1976 
5499 1328 1291 1363 
5500 4049 249 4186 
5501 4696 4889 5157 
5502 845 973 1050 
5503 3402 3597 3709 
5504 2848 3014 3125 
5505 952 920 1042 
5506 4111 3609 5233 
5507 2933 2767 3450 
5508 4263 4491 4695 
5509 5481 5627 5738 
5510 1986 1984 2010 
5511 1079 968 1137 
5512 5228 5322 5404 
5513 117 116 5534 
5514 5039 4997 5243 
5515 5941 5918 5991 
5516 1348 1323 1381 
5517 4337 5993 6025 
5518 5450 114 5665 
5519 936 935 975 
5520 4548 4778 5073 
5521 4748 5634 5785 
5522 5092 5404 5503 
5523 2161 2065 2236 
5524 3893 3618 4044 
5525 2278 2387 2476 
5526 5939 5978 6014 
5527 5899 5939 5997 
5528 6012 4652 6037 
5529 506 505 3376 
5530 5918 5354 5956 
5531 2581 2547 2663 
5532 1405 1430 1481 
5533 3145 3182 3541 
5534 3845 3457 4102 
5535 1338 1347 1379 
5536 5803 5865 5883 
5537 3840 4179 4435 
5538 5324 5426 5527 
5539 4670 4324 4978 
5540 3940 3443 4311 
5541 4941 5882 5957 
5542 979 914 1044 
5543 4280 3884 4486 
5544 511 510 3217 
5545 1701 1436 1758 
5546 5062 4554 5250 
5547 4859 4591 4979 
5548 2993 2905 3223 
5549 80 81 822 
5550 1331 1301 1377 
5551 26 27 814 
5552 4548 4011 4886 
5553 1144 1093 1193 
5554 2855 3044 3214 
5555 30 785 871 
5556 1047 1073 1142 
5557 1086 1015 1151 
5558 978 975 1017 
5559 5149 4909 5303 
5560 3091 3321 3572 
5561 146 145 3559 
5562 1551 1436 1614 
5563 1481 1467 1495 
5564 4559 4428 4587 
5565 194 193 3381 
5566 915 934 976 
5567 823 98 869 
5568 820 95 867 
5569 1173 1112 1224 
5570 125 124 5376 
5571 503 502 3561 
5572 1291 1244 1319 
5573 1452 1396 1497 
5574 4786 5020 5057 
5575 5484 5553 5666 
5576 2322 2422 2464 
5577 2731 2855 3214 
5578 3384 3119 3529 
5579 5802 5695 5874 
5580 1168 1246 1270 
5581 385 384 3654 
5582 949 1050 1140 
5583 5586 5678 5787 
5584 4341 3137 4759 
5585 1466 1403 1540 
5586 2225 2310 2430 
5587 4212 5033 5238 
5588 2855 2777 2914 
5589 3506 4268 4495 
5590 4443 4671 4795 
5591 2822 2683 2944 
5592 406 405 5863 
5593 1949 1925 2004 
5594 4415 4753 5040 
5595 3871 4020 4075 
5596 3405 3335 3437 
5597 3789 3957 4038 
5598 2598 2938 3093 
5599 268 267 3056 
5600 2127 2337 2435 
5601 4022 2276 4474 
5602 5449 5534 5626 
5603 4642 4675 4725 
5604 6033 6021 6046 
5605 4080 4212 5213 
5606 5964 5950 5999 
5607 1164 1233 1320 
5608 5023 4441 5214 
5609 3331 3300 3496 
5610 1067 1175 1245 
5611 2095 2108 2193 
5612 4425 4884 5063 
5613 1430 1346 1467 
5614 3214 3415 3597 
5615 817 845 925 
5616 1218 1260 1302 
5617 1844 1916 1946 
5618 766 765 3390 
5619 1125 1074 1204 
5620 3142 5140 5229 
5621 266 265 3053 
5622 1446 1601 1642 
5623 2413 2598 2665 
5624 254 253 4066 
5625 528 527 2701 
5626 4846 4616 4931 
5627 3891 4473 4668 
5628 1417 1401 1465 
5629 1100 1003 1124 
5630 2412 2452 2484 
5631 259 258 3310 
5632 973 906 1038 
5633 270 269 3057 
5634 4166 3824 4471 
5635 4158 4186 4390 
5636 252 251 4065 
5637 1697 1672 1783 
5638 2514 2610 2698 
5639 5835 4336 5919 
5640 2570 1345 2684 
5641 2633 2777 2855 
5642 410 409 5409 
5643 5741 5584 5868 
5644 1546 1512 1666 
5645 2350 2369 2514 
5646 1400 1466 1540 
5647 2788 2929 2939 
5648 3428 3165 3434 
5649 3916 3985 4256 
5650 3665 4188 4473 
5651 4412 4602 4823 
5652 3563 3364 3760 
5653 5070 5680 5786 
5654 4599 4453 4645 
5655 4665 5068 5254 
5656 421 420 4683 
5657 291 290 2788 
5658 3130 3421 3479 
5659 3389 4224 4418 
5660 5325 5149 5542 
5661 280 279 3052 
5662 525 524 2811 
5663 1398 1421 1442 
5664 819 864 929 
5665 278 277 2986 
5666 4017 4981 5230 
5667 1205 1201 1240 
5668 250 249 4049 
5669 182 181 3386 
5670 288 287 2858 
5671 980 976 1039 
5672 3558 4015 4276 
5673 3517 3688 3692 
5674 405 404 5708 
5675 1460 1504 1624 
5676 4360 3985 4604 
5677 4045 3931 4222 
5678 4189 4519 4843 
5679 3066 3114 3242 
5680 2279 2202 2389 
5681 4936 4908 5141 
5682 1336 1163 1369 
5683 983 1093 1144 
5684 275 274 2037 
5685 3462 3729 3864 
5686 3002 2901 3066 
5687 1796 1774 1841 
5688 1222 1270 1330 
5689 231 230 3205 
5690 3875 3874 4059 
5691 2477 2554 2680 
5692 263 262 3041 
5693 2122 2010 2219 
5694 5503 5427 5582 
5695 5111 5007 5381 
5696 2332 2390 2500 
5697 4229 4599 4604 
5698 241 240 3142 
5699 3507 3836 3879 
5700 2160 2235 2314 
5701 3874 4037 4228 
5702 2091 1638 2190 
5703 3274 3585 3642 
5704 553 552 2256 
5705 238 237 2169 
5706 1353 1208 1428 
5707 983 938 1045 
5708 2317 2484 2605 
5709 823 869 932 
5710 1570 1489 1667 
5711 1113 1100 1202 
5712 1929 2078 2160 
5713 1382 1401 1417 
5714 1116 1170 1213 
5715 233 232 3206 
5716 369 368 2866 
5717 3688 3786 3874 
5718 1378 1633 1639 
5719 1815 1940 1967 
5720 3142 240 3383 
5721 976 1040 1072 
5722 1193 1212 1285 
5723 2549 2749 2937 
5724 2214 2373 2512 
5725 800 872 910 
5726 2576 2737 2931 
5727 3140 3474 3750 
5728 2950 2843 3166 
5729 2754 2699 2886 
5730 2883 3007 3188 
5731 2968 2743 3174 
5732 5498 5496 5635 
5733 1463 1418 1507 
5734 2345 2425 2458 
5735 3934 3649 4119 
5736 4808 4539 5148 
5737 303 302 2318 
5738 1341 1306 1371 
5739 2131 2232 2350 
5740 1831 2245 2335 
5741 1910 1767 2000 
5742 5990 5972 6003 
5743 4746 4082 5237 
5744 4561 3606 4777 
5745 4128 3835 4136 
5746 122 121 5194 
5747 4357 4056 4575 
5748 2133 2036 2227 
5749 337 336 2786 
5750 674 673 3371 
5751 2361 2527 2678 
5752 300 299 2393 
5753 1093 1115 1193 
5754 2107 2189 2268 
5755 3514 3804 4039 
5756 3638 4191 4487 
5757 375 374 3695 
5758 2046 2028 2093 
5759 3660 3702 3956 
5760 1510 1404 1573 
5761 285 284 3139 
5762 2068 2204 2332 
5763 2940 2854 3357 
5764 2426 2436 2442 
5765 3332 3419 4039 
5766 2025 2117 2159 
5767 2977 3378 3941 
5768 97 98 783 
5769 96 97 783 
5770 81 82 789 
5771 5527 5605 5677 
5772 2414 2511 2596 
5773 1144 1193 1239 
5774 4234 4172 4411 
5775 85 801 873 
5776 397 396 5616 
5777 5957 5985 6012 
5778 671 670 3557 
5779 2629 2585 2731 
5780 2235 2282 2380 
5781 3036 3200 3431 
5782 841 911 951 
5783 1422 1443 1603 
5784 5985 6013 6023 
5785 3660 3956 4027 
5786 5008 4904 5293 
5787 1735 1811 1894 
5788 4710 4561 4942 
5789 1511 1536 1595 
5790 4944 4613 5063 
5791 1856 1958 2041 
5792 2369 2232 2382 
5793 930 981 1001 
5794 4023 4263 4489 
5795 1670 1609 1744 
5796 1398 1442 1496 
5797 2554 2638 2776 
5798 4903 5348 5399 
5799 1036 1047 1142 
5800 962 810 1153 
5801 3204 3402 3709 
5802 1315 1290 1333 
5803 208 207 3144 
5804 3489 3513 3754 
5805 1742 1770 1903 
5806 198 197 3209 
5807 395 394 5206 
5808 1108 1152 1205 
5809 1239 1285 1329 
5810 2656 2776 2901 
5811 1681 1847 1899 
5812 5716 5792 5893 
5813 246 245 3312 
5814 2415 2350 2514 
5815 1707 1777 1847 
5816 3439 5120 5315 
5817 5883 5865 5918 
5818 3081 2939 3147 
5819 200 199 3210 
5820 1169 1223 1282 
5821 362 361 3069 
5822 576 575 2046 
5823 1466 1354 1541 
5824 809 29 871 
5825 67 68 819 
5826 423 422 4885 
5827 841 951 1045 
5828 139 138 4278 
5829 1676 1736 1787 
5830 1936 1865 1989 
5831 4015 3787 4420 
5832 4037 4134 4412 
5833 1270 1315 1330 
5834 2425 2292 2510 
5835 480 479 5820 
5836 1563 1682 1761 
5837 3827 3505 4043 
5838 2904 2993 3127 
5839 906 858 1000 
5840 5907 5835 5919 
5841 477 476 5968 
5842 2194 2272 2315 
5843 4604 4599 4730 
5844 1993 2042 2108 
5845 908 1055 1103 
5846 4971 5196 5514 
5847 851 800 910 
5848 27 28 865 
5849 217 216 3889 
5850 4254 5230 5342 
5851 1285 1212 1331 
5852 875 803 913 
5853 2476 2569 2668 
5854 4823 4972 5155 
5855 2103 2045 2182 
5856 11 794 872 
5857 5885 5944 5996 
5858 2043 1971 2103 
5859 4542 4308 4832 
5860 1907 1945 1971 
5861 307 306 2167 
5862 1182 1118 1228 
5863 2260 2141 2349 
5864 4668 4188 4742 
5865 1310 1259 1376 
5866 1284 1274 1427 
5867 809 896 981 
5868 5343 4734 5387 
5869 896 971 1018 
5870 976 934 1040 
5871 4918 5126 5158 
5872 1608 1634 1679 
5873 3493 3644 4106 
5874 12 13 866 
5875 2760 2897 3133 
5876 4147 4266 4374 
5877 4527 5123 5332 
5878 1562 1761 1805 
5879 4197 4549 4611 
5880 1342 3193 3336 
5881 5590 5635 5800 
5882 1260 1354 1400 
5883 5145 4754 5332 
5884 3628 3278 3870 
5885 4599 4741 5034 
5886 3746 3695 3842 
5887 3058 3025 3403 
5888 915 876 934 
5889 5132 4975 5193 
5890 5901 1816 5966 
5891 2508 2506 2696 
5892 1433 1404 1510 
5893 115 114 5450 
5894 5797 5886 5964 
5895 1016 904 1041 
5896 841 784 911 
5897 4256 4360 4411 
5898 370 369 3067 
5899 5195 5172 5291 
5900 1516 1650 1706 
5901 2505 2408 2615 
5902 4437 4164 4808 
5903 995 929 996 
5904 4798 6048 6049 
5905 205 204 2170 
5906 1350 1406 1504 
5907 2777 2707 2804 
5908 5951 5907 5959 
5909 2969 3282 3334 
5910 185 184 3207 
5911 2467 2639 2666 
5912 6013 6034 6035 
5913 4972 5082 5336 
5914 915 976 980 
5915 1237 1195 1267 
5916 210 209 3208 
5917 1566 1478 1648 
5918 389 388 4656 
5919 4159 3823 4480 
5920 4941 5786 5870 
5921 3556 3744 3995 
5922 219 218 3897 
5923 1011 1085 1119 
5924 2355 2546 2820 
5925 376 375 3746 
5926 1216 1164 1259 
5927 4049 4158 4496 
5928 178 177 2809 
5929 1782 1740 1829 
5930 1039 976 1072 
5931 2372 2430 2499 
5932 2901 2836 3066 
5933 150 149 3374 
5934 3289 3369 3457 
5935 4727 4677 4780 
5936 2985 3572 3775 
5937 2804 2657 2914 
5938 361 360 2988 
5939 1042 920 1090 
5940 1072 1040 1136 
5941 5618 5589 5719 
5942 2629 2731 3024 
5943 3649 4225 4417 
5944 4047 4465 4657 
5945 804 935 936 
5946 212 211 3380 
5947 1736 1746 1799 
5948 393 392 5024 
5949 4903 4710 5163 
5950 1493 1552 1623 
5951 4532 4360 4604 
5952 1073 1120 1178 
5953 2182 2202 2270 
5954 2340 2239 2428 
5955 4643 4405 4872 
5956 187 186 3373 
5957 1631 1715 1742 
5958 3848 3099 4248 
5959 160 159 2808 
5960 1017 975 1082 
5961 391 390 4644 
5962 4846 4931 4977 
5963 1025 969 1104 
5964 1213 1275 1387 
5965 398 397 5779 
5966 1956 3160 3216 
5967 767 766 3184 
5968 2564 2401 2659 
5969 4768 4595 4870 
5970 4602 4699 4972 
5971 931 790 1102 
5972 5331 5117 5684 
5973 3617 3889 4383 
5974 378 377 3551 
5975 1870 1934 1947 
5976 243 242 3203 
5977 1006 4358 4640 
5978 1067 1138 1175 
5979 1251 1334 1382 
5980 481 480 5748 
5981 1507 1575 1634 
5982 5827 4553 5853 
5983 4026 3913 4286 
5984 5805 6031 6040 
5985 1276 1206 1324 
5986 1120 1166 1218 
5987 3658 3401 3931 
5988 2465 2294 2599 
5989 1470 1559 1655 
5990 221 220 4078 
5991 1469 1558 1654 
5992 365 364 2923 
5993 4909 5109 5508 
5994 883 914 979 
5995 5778 5630 5847 
5996 367 366 2677 
5997 1268 1243 1332 
5998 2902 3002 3079 
5999 4358 4834 4873 
6000 1128 1001 1184 
6001 245 244 3377 
6002 5717 5753 5866 
6003 1438 1550 1653 
6004 5120 4926 5387 
6005 904 979 1041 
6006 3963 4335 4476 
6007 529 528 2575 
6008 507 506 3186 
6009 2201 2122 2309 
6010 6030 6008 6046 
6011 454 453 5452 
6012 1170 1245 1287 
6013 1075 1145 1171 
6014 2078 2041 2098 
6015 2126 2969 3195 
6016 504 503 3356 
6017 380 379 3550 
6018 4625 4853 5196 
6019 5454 5577 5718 
6020 2005 2051 2120 
6021 3513 3578 3754 
6022 363 362 2906 
6023 2309 2219 2433 
6024 4032 4353 4565 
6025 3330 2733 3588 
6026 343 342 2801 
6027 938 983 1021 
6028 2125 3990 4275 
6029 1450 1598 1652 
6030 821 84 873 
6031 95 820 874 
6032 327 326 2246 
6033 282 281 3051 
6034 4218 3919 4419 
6035 512 511 3037 
6036 3518 3601 3618 
6037 284 283 3215 
6038 3598 3552 3677 
6039 804 874 977 
6040 311 310 2251 
6041 5017 4747 5135 
6042 2500 2543 2589 
6043 4871 4928 5232 
6044 2647 2561 2824 
6045 195 194 3143 
6046 975 935 1019 
6047 874 905 977 
6048 2400 2296 2509 
6049 1441 1481 1518 
6050 345 344 2802 
6051 923 808 1103 
6052 4365 3839 4452 
6053 526 525 2669 
6054 3817 3677 4026 
6055 2893 2748 3083 
6056 1005 3682 3731 
6057 95 96 867 
6058 82 83 868 
6059 293 292 2795 
6060 373 372 3221 
6061 3759 3760 3787 
6062 797 875 974 
6063 1764 1713 1840 
6064 331 330 2325 
6065 2242 2241 2261 
6066 4149 4112 4506 
6067 1745 1632 1749 
6068 347 346 2800 
6069 4931 5171 5184 
6070 554 553 2164 
6071 455 454 5353 
6072 261 260 3394 
6073 3540 3277 4618 
6074 2021 1963 2158 
6075 413 412 4886 
6076 590 589 1845 
6077 4364 4402 4607 
6078 5439 5403 5677 
6079 936 975 978 
6080 2061 2812 2930 
6081 309 308 2134 
6082 3501 2981 3662 
6083 333 332 2406 
6084 5728 5773 5885 
6085 1359 1331 1403 
6086 2106 2013 2129 
6087 3215 2978 3348 
6088 566 565 2090 
6089 2395 2359 2494 
6090 5082 5272 5497 
6091 349 348 2796 
6092 1727 1162 1797 
6093 1198 1194 1235 
6094 4229 4453 4599 
6095 4343 4149 4654 
6096 2722 2037 2896 
6097 1875 1825 1935 
6098 938 841 1045 
6099 2432 2445 2586 
6100 5333 5293 5498 
6101 571 570 2257 
6102 821 873 972 
6103 934 851 1040 
6104 355 354 3058 
6105 577 576 1987 
6106 1313 1387 1419 
6107 3356 3561 3714 
6108 3692 3688 3875 
6109 5197 5445 5652 
6110 3021 2900 3187 
6111 317 316 2181 
6112 675 674 3183 
6113 596 595 1798 
6114 4334 4881 4882 
6115 3406 3461 3582 
6116 777 776 3391 
6117 1344 1433 1710 
6118 191 190 3472 
6119 1036 933 1047 
6120 1149 1196 1236 
6121 549 548 2330 
6122 4736 4976 5033 
6123 305 304 2340 
6124 672 671 3354 
6125 2546 2705 2820 
6126 959 982 1010 
6127 296 295 2919 
6128 2965 3144 3670 
6129 1428 1432 1459 
6130 1351 1333 1384 
6131 623 622 1535 
6132 4749 4822 4986 
6133 4518 4723 4907 
6134 2339 2228 2603 
6135 608 607 1644 
6136 487 486 5923 
6137 1075 1022 1145 
6138 213 212 3313 
6139 1290 1234 1333 
6140 2575 2701 2761 
6141 4865 4593 4896 
6142 1018 1071 1129 
6143 5882 5940 5985 
6144 5940 5876 5969 
6145 383 382 3745 
6146 995 996 1080 
6147 4195 4385 4651 
6148 1885 1844 1946 
6149 2265 2346 2396 
6150 1412 1454 1508 
6151 1176 1117 1215 
6152 3148 3412 3739 
6153 5326 5314 5613 
6154 5295 4526 5486 
6155 1534 1436 1551 
6156 4545 4489 4695 
6157 3663 3875 3956 
6158 5708 5844 5863 
6159 1078 962 1101 
6160 1022 1095 1145 
6161 720 719 5017 
6162 4185 4122 4482 
6163 935 977 1019 
6164 3275 3625 3881 
6165 668 667 1704 
6166 3460 3746 3943 
6167 2055 2120 2187 
6168 4553 5827 5927 
6169 2449 1921 2571 
6170 913 980 1039 
6171 1862 1900 1997 
6172 28 29 809 
6173 2829 2169 3010 
6174 723 722 4748 
6175 5836 4177 5923 
6176 4510 4595 4723 
6177 3786 3958 4037 
6178 801 883 979 
6179 2375 2457 2516 
6180 5094 5443 5518 
6181 1063 954 1131 
6182 4055 4219 4295 
6183 2393 2456 2506 
6184 2624 2852 3084 
6185 1071 1142 1233 
6186 908 791 963 
6187 957 1031 1081 
6188 2107 2043 2189 
6189 959 937 982 
6190 2359 2222 2470 
6191 4709 4679 5005 
6192 905 957 1034 
6193 822 846 946 
6194 1942 1960 2042 
6195 3814 3709 3879 
6196 848 932 954 
6197 2024 2149 2264 
6198 3738 3949 4122 
6199 2656 2901 2932 
6200 101 803 875 
6201 1219 1172 1268 
6202 876 824 934 
6203 4835 4617 5048 
6204 928 946 997 
6205 4476 4570 4664 
6206 256 255 3894 
6207 2344 2512 2614 
6208 1904 1954 2001 
6209 1078 1123 1192 
6210 1505 1553 1605 
6211 954 1033 1131 
6212 4746 4959 5190 
6213 3512 3375 3704 
6214 1302 1260 1400 
6215 1810 2477 2593 
6216 175 174 2681 
6217 4894 5453 5634 
6218 1285 1331 1359 
6219 3029 3191 3323 
6220 1377 1348 1422 
6221 605 604 1797 
6222 3354 3557 3708 
6223 1050 973 1065 
6224 386 385 3918 
6225 3448 3301 3692 
6226 2612 2694 2768 
6227 4181 4452 4658 
6228 4419 4630 4871 
6229 1632 1714 1749 
6230 4010 4466 4785 
6231 225 224 4572 
6232 1232 1135 1288 
6233 4552 4883 5051 
6234 3493 3359 3644 
6235 2482 2582 2642 
6236 4716 4559 5057 
6237 1213 1170 1275 
6238 3183 3371 3485 
6239 1122 1195 1237 
6240 3236 3316 3581 
6241 1147 1197 1214 
6242 1357 1330 1411 
6243 5755 5583 5845 
6244 1420 1366 1447 
6245 2700 2551 2791 
6246 2187 2269 2348 
6247 2400 2509 2619 
6248 705 704 4744 
6249 5121 5334 5361 
6250 2096 2076 2151 
6251 3133 3022 3563 
6252 2662 2560 3406 
6253 1150 1194 1198 
6254 1553 1664 1715 
6255 2074 2218 2308 
6256 4228 4412 4645 
6257 5293 4904 5496 
6258 3001 2816 3230 
6259 741 740 3832 
6260 1066 1155 1200 
6261 2961 3205 3389 
6262 1560 1661 1708 
6263 2902 2932 3002 
6264 1178 1218 1266 
6265 1454 1414 1710 
6266 2183 2090 2329 
6267 1704 1619 3844 
6268 1845 1775 1944 
6269 1017 1082 1117 
6270 914 978 1044 
6271 2394 2493 2557 
6272 3836 4089 4090 
6273 919 984 1092 
6274 3961 4038 4290 
6275 1893 1919 1991 
6276 1922 1995 2038 
6277 2831 2170 3009 
6278 4985 5006 5090 
6279 5840 5868 5925 
6280 83 84 821 
6281 1170 1131 1245 
6282 183 182 3190 
6283 166 165 2699 
6284 128 127 5522 
6285 1034 957 1081 
6286 2636 2668 2770 
6287 3435 5206 5277 
6288 5493 5592 5661 
6289 2782 2650 2926 
6290 803 915 980 
6291 1386 1373 1429 
6292 3706 3905 4021 
6293 1422 1395 1443 
6294 2773 2607 2878 
6295 3461 3115 3700 
6296 98 99 869 
6297 3037 3217 3333 
6298 3910 3832 5237 
6299 1047 959 1073 
6300 2315 2402 2488 
6301 3911 4487 4682 
6302 2003 1972 2115 
6303 738 737 5012 
6304 914 853 978 
6305 6047 6045 6048 
6306 1770 1864 1903 
6307 192 191 3359 
6308 3592 3267 3890 
6309 1066 956 1155 
6310 1014 1074 1125 
6311 784 67 870 
6312 3352 3011 3579 
6313 1166 1237 1326 
6314 4405 4154 4526 
6315 2877 2934 3008 
6316 958 1025 1069 
6317 4819 4744 5071 
6318 4118 4190 4587 
6319 853 936 978 
6320 2745 2690 2895 
6321 1225 1174 1284 
6322 4411 4360 4532 
6323 1714 1671 1747 
6324 1701 1757 1792 
6325 4106 3805 4446 
6326 4059 4228 4453 
6327 222 221 3998 
6328 2979 3206 4772 
6329 2206 2244 2292 
6330 3490 3627 3754 
6331 4134 4514 4602 
6332 812 922 1000 
6333 359 358 3193 
6334 1037 1057 1247 
6335 5304 5235 5329 
6336 975 1019 1082 
6337 3128 3331 3396 
6338 224 223 4640 
6339 5813 5459 5850 
6340 825 876 915 
6341 2630 2736 2927 
6342 2918 3071 3175 
6343 1179 1066 1200 
6344 1629 1670 1901 
6345 1798 1752 1895 
6346 3237 3310 3495 
6347 2438 2174 2561 
6348 1122 1146 1195 
6349 1069 1154 1168 
6350 2458 2645 2817 
6351 4956 4730 5034 
6352 1535 1448 1647 
6353 1095 1020 1145 
6354 1021 983 1061 
6355 3500 3657 4119 
6356 1147 1076 1197 
6357 11 12 794 
6358 4219 4003 4638 
6359 5485 5325 5542 
6360 2164 2256 2303 
6361 3652 3849 3916 
6362 1020 1092 1190 
6363 824 800 934 
6364 1743 1784 1792 
6365 1799 1791 1877 
6366 3429 3445 3728 
6367 1392 1485 1519 
6368 800 10 872 
6369 1082 1019 1134 
6370 935 804 977 
6371 4524 4793 5069 
6372 1376 1259 1408 
6373 3349 3074 3360 
6374 4883 5071 5161 
6375 5336 5497 5614 
6376 4171 4223 4454 
6377 800 851 934 
6378 3668 4086 4253 
6379 1334 1308 1360 
6380 997 946 1046 
6381 2496 2560 2603 
6382 1260 1326 1354 
6383 1021 1061 1139 
6384 2597 2468 2759 
6385 1738 1697 1783 
6386 797 100 875 
6387 2671 2867 3085 
6388 1020 985 1092 
6389 877 825 915 
6390 1195 1198 1235 
6391 5216 5296 5529 
6392 984 938 1021 
6393 3663 3448 3692 
6394 136 135 4005 
6395 959 1010 1073 
6396 904 801 979 
6397 5844 5766 5863 
6398 5953 5872 5958 
6399 2001 2006 2057 
6400 2000 1767 2053 
6401 1362 1329 1416 
6402 3031 3036 3232 
6403 3948 3852 4084 
6404 3708 3924 4058 
6405 2192 2064 2266 
6406 5348 5163 5511 
6407 1010 1062 1120 
6408 2999 2944 3749 
6409 4524 4280 4793 
6410 2865 3067 3171 
6411 1964 2055 2099 
6412 3972 4356 4603 
6413 933 937 959 
6414 1971 1985 2045 
6415 2144 2242 2261 
6416 1029 964 1083 
6417 2759 2971 3093 
6418 1261 1239 1329 
6419 1462 1425 1502 
6420 5385 4515 5688 
6421 3825 3903 4052 
6422 171 170 2174 
6423 5981 6012 6023 
6424 3220 3152 3870 
6425 2536 2476 2636 
6426 5051 4883 5161 
6427 4711 5113 5340 
6428 5110 5372 5537 
6429 4792 4635 4803 
6430 4623 4962 5252 
6431 163 162 2695 
6432 4596 4401 4813 
6433 4532 4730 4801 
6434 1181 1088 1247 
6435 1239 1193 1285 
6436 1139 1061 1165 
6437 1820 1727 1838 
6438 5497 5590 5714 
6439 5870 5680 5876 
6440 1362 1416 1541 
6441 4209 4534 4827 
6442 3053 3235 3418 
6443 4002 4252 4408 
6444 1061 983 1144 
6445 1776 1898 1949 
6446 1280 1327 1350 
6447 4876 4773 4922 
6448 5304 5483 5559 
6449 901 1020 1095 
6450 1679 1634 1702 
6451 4224 3994 4418 
6452 3170 3171 3303 
6453 3912 4475 4639 
6454 1117 1177 1215 
6455 1267 1304 1372 
6456 5604 5795 5842 
6457 2218 2370 2502 
6458 5152 5119 5382 
6459 4123 4121 4239 
6460 29 30 871 
6461 1070 1117 1176 
6462 1076 1148 1197 
6463 3245 3139 3298 
6464 5155 5336 5532 
6465 4623 4327 4805 
6466 907 814 964 
6467 4938 5004 5228 
6468 933 959 1047 
6469 5580 5767 5873 
6470 2660 2851 2881 
6471 5082 4699 5182 
6472 4896 4795 5231 
6473 1122 1096 1146 
6474 3496 3432 3604 
6475 3792 3658 4045 
6476 4201 4496 4573 
6477 1195 1235 1267 
6478 1333 1283 1384 
6479 5140 5133 5305 
6480 783 848 926 
6481 2330 2291 2432 
6482 2669 2811 2916 
6483 1275 1170 1287 
6484 913 803 980 
6485 315 314 1957 
6486 1139 1165 1231 
6487 1057 1007 1141 
6488 1298 1293 1335 
6489 4494 4162 4781 
6490 4274 4693 5054 
6491 2875 2632 3081 
6492 2881 2996 3030 
6493 809 871 896 
6494 10 11 872 
6495 1129 1071 1164 
6496 4121 4204 4239 
6497 403 402 5966 
6498 3348 3218 3567 
6499 3066 2955 3114 
6500 2017 2099 2171 
6501 484 483 5854 
6502 4537 5044 5371 
6503 1230 1222 1264 
6504 3883 3885 4113 
6505 2076 2023 2162 
6506 3155 2999 3284 
6507 1070 1017 1117 
6508 2504 2471 2547 
6509 930 809 981 
6510 5190 5319 5517 
6511 2059 2069 2180 
6512 1150 1147 1194 
6513 985 919 1092 
6514 4384 4234 4411 
6515 4953 4573 5149 
6516 1458 1422 1506 
6517 84 85 873 
6518 94 95 874 
6519 804 94 874 
6520 1850 1779 1901 
6521 3347 3663 3747 
6522 2480 2589 2610 
6523 2849 2809 3097 
6524 1149 1099 1196 
6525 1148 1064 1197 
6526 1556 1596 1629 
6527 3495 3738 3843 
6528 954 932 1033 
6529 5104 4937 5310 
6530 1195 1146 1198 
6531 99 100 797 
6532 1165 1144 1239 
6533 1235 1263 1304 
6534 1061 1144 1165 
6535 3009 3257 3568 
6536 5278 5050 5358 
6537 3048 3227 3292 
6538 3195 3334 3386 
6539 3620 4288 4386 
6540 3751 3943 4080 
6541 912 797 974 
6542 4285 4508 4630 
6543 4703 4651 4865 
6544 2749 2778 2937 
6545 933 835 937 
6546 10 800 824 
6547 4379 4460 4524 
6548 1010 982 1048 
6549 2257 2145 2319 
6550 1010 1048 1062 
6551 5511 5660 5682 
6552 3522 3320 3880 
6553 2470 2591 2703 
6554 5418 5697 5931 
6555 1946 1916 1986 
6556 1373 1484 1494 
6557 2038 2085 2175 
6558 2437 3464 3695 
6559 4544 4505 4598 
6560 1265 1217 1321 
6561 1194 1147 1214 
6562 2601 2664 2807 
6563 3330 3626 3901 
6564 1073 1010 1120 
6565 1231 1165 1261 
6566 3803 3780 3872 
6567 103 825 877 
6568 1064 1149 1236 
6569 1062 1122 1237 
6570 8 824 876 
6571 411 3788 4778 
6572 1820 1871 1937 
6573 4952 5146 5206 
6574 1058 950 1130 
6575 1966 2001 2057 
6576 3298 3215 3348 
6577 449 448 5759 
6578 1267 1235 1304 
6579 1218 1166 1260 
6580 1485 1465 1503 
6581 949 845 1050 
6582 4241 4006 4416 
6583 3489 2834 3570 
6584 3163 3385 3584 
6585 1096 1013 1146 
6586 1288 1242 1309 
6587 1624 1665 1711 
6588 1171 1145 1217 
6589 1178 1120 1218 
6590 3070 3159 4116 
6591 1121 1075 1171 
6592 3056 3234 3421 
6593 3288 3095 3483 
6594 4383 4206 4643 
6595 1605 1553 1631 
6596 1048 982 1096 
6597 5116 5379 5496 
6598 1196 1121 1238 
6599 883 830 914 
6600 830 853 914 
6601 3844 4205 4242 
6602 2785 2881 2928 
6603 100 101 875 
6604 901 985 1020 
6605 4338 4726 4837 
6606 3148 2875 3412 
6607 5387 4734 5478 
6608 6011 3830 6036 
6609 1022 992 1095 
6610 1749 1747 1789 
6611 2567 2894 3096 
6612 1023 1099 1149 
6613 3365 2872 3583 
6614 887 835 933 
6615 785 887 933 
6616 1194 1214 1263 
6617 4581 4698 4947 
6618 1238 1171 1265 
6619 4940 5155 5386 
6620 895 804 936 
6621 853 895 936 
6622 1048 1096 1122 
6623 1051 1064 1148 
6624 937 878 982 
6625 803 877 915 
6626 3003 3246 3318 
6627 3543 3651 3720 
6628 1117 1082 1177 
6629 2180 2262 2323 
6630 1097 1076 1147 
6631 1197 1236 1281 
6632 1097 1147 1150 
6633 1120 1062 1166 
6634 803 102 877 
6635 4931 4709 4993 
6636 1077 1150 1198 
6637 2006 1969 2023 
6638 5641 5695 5773 
6639 4289 4413 4440 
6640 3048 2886 3227 
6641 1145 1190 1217 
6642 2078 2130 2235 
6643 982 902 1096 
6644 3702 3747 3956 
6645 3814 4090 4289 
6646 1464 1398 1536 
6647 1197 1064 1236 
6648 179 178 2757 
6649 2559 2488 2606 
6650 2171 2259 2324 
6651 3491 3733 3908 
6652 990 1022 1075 
6653 2290 2133 2311 
6654 986 1013 1096 
6655 902 986 1096 
6656 4354 3984 4669 
6657 1146 1077 1198 
6658 1013 1077 1146 
6659 3416 3334 3547 
6660 992 901 1095 
6661 2672 2868 3086 
6662 4607 4825 4964 
6663 2919 2893 3017 
6664 3862 3820 4036 
6665 2600 2514 2698 
6666 1099 1012 1121 
6667 5589 2832 5764 
6668 5453 5693 5747 
6669 1001 981 1091 
6670 1805 3478 3652 
6671 1077 1098 1150 
6672 2995 2916 3078 
6673 8 9 824 
6674 9 10 824 
6675 825 7 876 
6676 5727 5429 5736 
6677 1385 1332 1420 
6678 4058 4243 4272 
6679 5511 5284 5660 
6680 1502 1602 1659 
6681 2448 2588 2686 
6682 2882 2783 2963 
6683 1098 1097 1150 
6684 1099 1121 1196 
6685 1064 955 1149 
6686 1121 1171 1238 
6687 1076 960 1148 
6688 1014 1125 1154 
6689 101 102 803 
6690 834 878 937 
6691 835 834 937 
6692 4154 3456 4371 
6693 1145 1020 1190 
6694 1235 1194 1263 
6695 4332 4557 4756 
6696 5362 4612 5463 
6697 878 849 982 
6698 2460 2900 3082 
6699 849 902 982 
6700 152 151 3552 
6701 1171 1217 1265 
6702 1053 1076 1097 
6703 1443 1492 1594 
6704 7 8 876 
6705 4086 4051 4226 
6706 2175 2258 2322 
6707 1012 1075 1121 
6708 1051 955 1064 
6709 1012 990 1075 
6710 102 103 877 
6711 1568 1493 1623 
6712 990 943 1022 
6713 943 992 1022 
6714 1238 1265 1322 
6715 4722 4547 5011 
6716 890 938 984 
6717 960 1051 1148 
6718 4126 3850 5230 
6719 1077 1052 1098 
6720 784 841 938 
6721 5287 5521 5663 
6722 1081 1116 1187 
6723 4980 4720 5211 
6724 3878 4111 4179 
6725 1053 960 1076 
6726 1023 1049 1099 
6727 1013 1052 1077 
6728 950 1027 1130 
6729 1024 1097 1098 
6730 955 1023 1149 
6731 4439 4548 4833 
6732 161 160 2683 
6733 103 104 825 
6734 104 1 825 
6735 1 7 825 
6736 3938 3929 4095 
6737 4401 3377 4582 
6738 5900 5968 5987 
6739 909 1014 1104 
6740 4433 4662 4696 
6741 4073 3898 4398 
6742 1024 1053 1097 
6743 5816 5915 5934 
6744 3825 3703 3903 
6745 4808 5148 5333 
6746 919 836 984 
6747 1937 1983 2040 
6748 1349 1376 1396 
6749 140 139 4187 
6750 144 143 3535 
6751 989 1012 1099 
6752 890 837 938 
6753 837 784 938 
6754 1049 989 1099 
6755 2128 2207 2343 
6756 1568 1623 1705 
6757 1023 916 1049 
6758 1166 1062 1237 
6759 889 919 985 
6760 836 890 984 
6761 2195 2087 2261 
6762 1997 2049 2100 
6763 1052 993 1098 
6764 993 1024 1098 
6765 1062 1048 1122 
6766 1214 1197 1281 
6767 848 823 932 
6768 889 836 919 
6769 847 955 1051 
6770 5710 5913 5953 
6771 2099 2187 2259 
6772 4976 5089 5160 
6773 939 916 1023 
6774 4014 4285 4419 
6775 1052 1013 1054 
6776 1260 1166 1326 
6777 903 940 960 
6778 916 987 1049 
6779 901 795 985 
6780 795 889 985 
6781 994 1052 1054 
6782 1024 988 1053 
6783 833 916 939 
6784 942 994 1054 
6785 903 885 940 
6786 987 917 1049 
6787 847 939 955 
6788 988 903 1053 
6789 847 793 939 
6790 955 939 1023 
6791 960 940 1051 
6792 793 847 940 
6793 940 847 1051 
6794 799 917 987 
6795 991 990 1012 
6796 989 991 1012 
6797 917 989 1049 
6798 916 882 987 
6799 1013 986 1054 
6800 793 833 939 
6801 903 960 1053 
6802 989 879 991 
6803 917 879 989 
6804 892 903 988 
6805 885 793 940 
6806 941 988 1024 
6807 833 882 916 
6808 993 941 1024 
6809 918 942 1054 
6810 994 993 1052 
6811 834 849 878 
6812 945 990 991 
6813 882 799 987 
6814 944 941 993 
6815 849 918 986 
6816 918 886 942 
6817 945 943 990 
6818 891 901 992 
6819 831 885 903 
6820 892 831 903 
6821 941 798 988 
6822 986 918 1054 
6823 944 993 994 
6824 881 945 991 
6825 879 881 991 
6826 849 796 918 
6827 942 852 994 
6828 798 892 988 
6829 799 884 917 
6830 884 806 917 
6831 806 879 917 
6832 880 944 994 
6833 798 941 944 
6834 834 796 849 
6835 891 795 901 
6836 943 802 992 
6837 902 849 986 
6838 852 880 994 
6839 796 886 918 
6840 802 891 992 
6841 802 943 945 
6842 357 356 2847 
6843 894 798 944 
6844 880 894 944 
6845 886 832 942 
6846 832 852 942 
6847 893 802 945 
6848 881 893 945 
6849 56 55 3 
6850 89 4 90 
6851 41 40 2 
6852 880 852 888 
6853 879 827 881 
6854 827 838 881 
6855 41 42 828 
6856 827 55 838 
6857 852 805 888 
6858 826 90 840 
6859 828 42 839 
6860 838 829 881 
6861 89 90 826 
6862 40 41 828 
6863 830 826 853 
6864 51 799 882 
6865 55 56 838 
6866 48 49 793 
6867 805 38 888 
6868 793 49 833 
6869 50 51 882 
6870 806 827 879 
6871 87 830 883 
6872 38 39 888 
6873 48 793 885 
6874 88 826 830 
6875 833 49 882 
6876 56 57 838 
6877 52 806 884 
6878 832 805 852 
6879 40 828 888 
6880 806 54 827 
6881 57 829 838 
6882 88 89 826 
6883 828 880 888 
6884 801 86 883 
6885 36 832 886 
6886 799 51 884 
6887 881 829 893 
6888 49 50 882 
6889 87 88 830 
6890 37 805 832 
6891 54 55 827 
6892 32 835 887 
6893 92 93 895 
6894 43 44 894 
6895 853 840 895 
6896 86 87 883 
6897 796 35 886 
6898 39 40 888 
6899 51 52 884 
6900 52 53 806 
6901 53 54 806 
6902 34 796 834 
6903 37 38 805 
6904 33 834 835 
6905 85 86 801 
6906 880 839 894 
6907 36 37 832 
6908 785 31 887 
6909 44 798 894 
6910 35 36 886 
6911 58 802 893 
6912 34 35 796 
6913 33 34 834 
6914 60 61 891 
6915 93 804 895 
6916 826 840 853 
6917 32 33 835 
6918 45 46 892 
6919 31 32 887 
6920 30 31 785 
6921 61 795 891 
6922 47 48 885 
6923 62 63 889 
6924 46 831 892 
6925 802 60 891 
6926 831 47 885 
6927 795 62 889 
6928 836 64 890 
6929 61 62 795 
6930 63 836 889 
6931 828 839 880 
6932 798 45 892 
6933 64 837 890 
6934 63 64 836 
6935 829 58 893 
6936 839 43 894 
6937 64 65 837 
6938 65 66 784 
6939 66 67 784 
6940 46 47 831 
6941 840 92 895 
6942 58 59 802 
6943 59 60 802 
6944 44 45 798 
6945 65 784 837 
6946 93 94 804 
6947 57 58 829 
6948 42 43 839 
6949 91 92 840 
6950 90 91 840 
6951 2649 2574 2691 
6952 2735 2681 2942 
6953 1067 1035 1138 
6954 1277 1306 1341 
6955 927 821 972 
6956 1211 1169 1282 
6957 4025 3855 4235 
6958 5940 5983 6013 
6959 1779 1685 1901 
6960 6031 6033 6046 
6961 1872 1890 2571 
6962 3461 3700 3713 
6963 5046 4915 5351 
6964 1803 1759 1844 
6965 2421 2366 2550 
6966 1261 1329 1362 
6967 1889 1817 1955 
6968 5870 5876 5882 
6969 1164 1071 1233 
6970 3773 3547 4055 
6971 5171 5292 5352 
6972 147 146 3317 
6973 2323 2415 2487 
6974 3889 216 4016 
6975 3714 3937 4072 
6976 1627 1510 1693 
6977 5861 5724 5955 
6978 3482 3414 3529 
6979 2016 1987 2046 
6980 5923 5904 5962 
6981 4703 4995 5193 
6982 1104 1014 1154 
6983 5983 6026 6034 
6984 1065 1107 1191 
6985 4733 4669 5074 
6986 951 1008 1094 
6987 2631 2755 2946 
6988 5601 5450 5739 
6989 5801 5961 5978 
6990 2414 2349 2511 
6991 1298 1386 1427 
6992 4217 4020 4231 
6993 2054 2091 2131 
6994 1165 1239 1261 
6995 5983 5969 6005 
6996 2656 2571 2680 
6997 3865 3643 4041 
6998 3071 3256 3358 
6999 2259 2348 2416 
7000 3494 3693 3763 
7001 3825 4052 4285 
7002 5995 5967 6016 
7003 1259 1164 1320 
7004 5084 5423 5772 
7005 2786 2928 3030 
7006 2300 2343 2427 
7007 961 999 1084 
7008 5025 5241 5373 
7009 1071 1036 1142 
7010 1304 1263 1365 
7011 2861 156 3063 
7012 3671 3855 4025 
7013 5114 4998 5279 
7014 1601 1589 1912 
7015 2324 2416 2490 
7016 4551 4426 4766 
7017 4908 4791 4975 
7018 1416 1466 1541 
7019 1769 1841 1891 
7020 5463 5664 5740 
7021 2040 2086 2172 
7022 3147 2939 3338 
7023 2292 2341 2372 
7024 1346 1423 1435 
7025 2290 2417 2489 
7026 1343 1417 1485 
7027 2596 2714 2813 
7028 388 387 4409 
7029 1112 1058 1188 
7030 4642 4370 4675 
7031 3861 3476 4087 
7032 1008 995 1080 
7033 3819 3777 3951 
7034 5957 6012 6037 
7035 2744 2659 3047 
7036 3117 3490 3578 
7037 4113 4240 4443 
7038 4948 4548 5073 
7039 3081 3147 3412 
7040 4446 4221 4866 
7041 4572 4640 4873 
7042 3104 3021 3405 
7043 4465 4616 4657 
7044 1252 1207 1339 
7045 3260 3155 3284 
7046 1712 1645 1759 
7047 2416 2513 2604 
7048 4928 4844 5036 
7049 3918 3850 4126 
7050 4070 4173 4240 
7051 188 187 3311 
7052 3973 1684 4234 
7053 5764 5667 5873 
7054 3823 4159 4456 
7055 4215 4025 4235 
7056 1387 1357 1419 
7057 3742 4006 4483 
7058 2081 2047 2112 
7059 5971 5937 5972 
7060 3774 3812 3868 
7061 5271 5451 5647 
7062 2673 2869 3088 
7063 1917 1875 1935 
7064 2241 2297 2364 
7065 5245 5663 5746 
7066 864 900 996 
7067 3653 3777 3819 
7068 2995 3249 3369 
7069 5482 5318 5628 
7070 5405 5990 6003 
7071 2736 2857 3075 
7072 1234 1283 1333 
7073 5740 4336 5835 
7074 3908 4110 4261 
7075 3721 3318 3904 
7076 5266 5320 5430 
7077 4350 3606 4561 
7078 320 319 2132 
7079 5898 5954 5992 
7080 2189 2103 2270 
7081 1727 1797 1838 
7082 4615 4546 4781 
7083 1928 1912 1959 
7084 5089 4898 5526 
7085 1519 1503 1604 
7086 4005 135 4281 
7087 2172 2260 2320 
7088 4922 4773 4988 
7089 1834 1843 1926 
7090 1204 1234 1290 
7091 1417 1465 1485 
7092 5642 5597 5744 
7093 2963 3185 3367 
7094 5613 5711 5791 
7095 1831 1726 2139 
7096 4515 5385 5540 
7097 4979 4834 5026 
7098 4207 4774 5056 
7099 2518 2494 2525 
7100 2276 4187 4474 
7101 5573 5964 6020 
7102 3060 2818 3226 
7103 4339 4545 4806 
7104 5129 5484 5666 
7105 4342 5044 5257 
7106 4842 4898 4976 
7107 2511 2617 2714 
7108 3630 3516 3709 
7109 3454 3373 3774 
7110 2006 2023 2057 
7111 2604 2716 2815 
7112 5606 5743 5842 
7113 2490 2604 2685 
7114 1379 1347 1407 
7115 3550 3305 3727 
7116 4034 3666 4296 
7117 5305 5455 5494 
7118 3321 3643 3775 
7119 3184 3390 3573 
7120 724 723 5785 
7121 4167 4078 4505 
7122 3719 3288 3932 
7123 4549 4815 4996 
7124 1900 1944 1997 
7125 4865 4896 4995 
7126 447 446 5466 
7127 1270 1290 1315 
7128 4268 3978 4495 
7129 5903 5953 5958 
7130 1854 1819 1863 
7131 3399 3220 3870 
7132 1315 1333 1351 
7133 3521 3724 3902 
7134 4385 4072 4484 
7135 2372 2341 2430 
7136 5760 5828 5856 
7137 4282 4792 4803 
7138 3596 3505 3827 
7139 5523 5446 5685 
7140 4677 4326 4780 
7141 5874 5835 5906 
7142 4741 4823 4940 
7143 2320 2414 2486 
7144 3042 2980 3297 
7145 3467 3770 3924 
7146 2506 2558 2696 
7147 1220 1294 1337 
7148 4954 4716 5208 
7149 3090 2979 4743 
7150 3400 3232 3431 
7151 2115 2029 2168 
7152 5878 5906 5938 
7153 4932 4760 5001 
7154 1328 1363 1418 
7155 3850 3907 5230 
7156 322 321 2142 
7157 3764 3860 4117 
7158 4377 4239 4467 
7159 4192 4104 4271 
7160 1082 1134 1177 
7161 4380 4773 4876 
7162 3010 3253 5060 
7163 5841 5749 5867 
7164 353 352 2787 
7165 5956 5981 5991 
7166 5595 5485 5735 
7167 4802 4801 4956 
7168 3679 3492 4276 
7169 5595 5735 5829 
7170 3673 3915 4459 
7171 3920 3669 4086 
7172 2118 2056 2128 
7173 2815 2941 3071 
7174 2489 2643 3073 
7175 3020 3410 3545 
7176 2253 2213 2381 
7177 2349 2381 2511 
7178 1991 1968 2024 
7179 1113 1220 1337 
7180 2445 1345 2570 
7181 157 156 2861 
7182 3301 3212 3396 
7183 2853 2898 3068 
7184 3028 3211 3411 
7185 1838 1781 1884 
7186 1201 1127 1271 
7187 1181 1242 1288 
7188 3718 3696 4091 
7189 5954 5984 5992 
7190 2963 2927 3075 
7191 1676 1708 1736 
7192 2736 2649 2782 
7193 3243 2765 3427 
7194 5170 5220 5386 
7195 4322 4293 4510 
7196 780 3707 3909 
7197 2225 2191 2268 
7198 4787 4969 5164 
7199 408 3987 5327 
7200 2141 2253 2349 
7201 3712 3446 3871 
7202 5500 5330 5509 
7203 4243 4388 4461 
7204 2674 2870 3089 
7205 5620 5442 5672 
7206 1025 1104 1154 
7207 5367 4515 5541 
7208 1350 1327 1406 
7209 3301 3396 3517 
7210 3842 3728 4000 
7211 5829 5696 5926 
7212 2685 2815 2918 
7213 2486 2596 2682 
7214 1661 1454 1710 
7215 3580 3495 3736 
7216 5270 429 5554 
7217 5827 5853 5899 
7218 3430 3340 3520 
7219 4087 3266 4227 
7220 3457 3369 3587 
7221 4519 4918 4960 
7222 1615 1733 1754 
7223 2286 2241 2364 
7224 3600 3272 3768 
7225 5624 2275 5782 
7226 6010 5997 6014 
7227 3299 2940 3357 
7228 4067 3719 4249 
7229 3630 3814 4083 
7230 3092 2913 3255 
7231 3245 3298 3577 
7232 5040 4155 5224 
7233 3849 4027 4229 
7234 4482 4678 4853 
7235 1266 1218 1302 
7236 2487 2600 2702 
7237 335 2785 2928 
7238 4263 4040 4491 
7239 1323 1276 1381 
7240 158 157 2790 
7241 1072 1136 1199 
7242 2369 2382 2480 
7243 5007 5215 5381 
7244 4303 4044 4494 
7245 4145 4083 4289 
7246 4827 4095 5053 
7247 4591 4341 4979 
7248 3182 3417 3541 
7249 5517 5671 5770 
7250 1505 1494 1553 
7251 5643 5495 5796 
7252 950 846 1027 
7253 5199 5373 5521 
7254 2432 2291 2445 
7255 1444 1408 1539 
7256 3470 3784 3937 
7257 5490 5633 5760 
7258 4499 4287 4500 
7259 1298 1402 1484 
7260 2753 2556 2900 
7261 4853 5076 5196 
7262 2756 2945 3078 
7263 4736 4842 4976 
7264 3289 3457 3724 
7265 3223 2950 3263 
7266 4645 4412 4741 
7267 4961 4780 5030 
7268 2120 2188 2269 
7269 4009 4258 4410 
7270 5843 5912 5921 
7271 3257 3042 3297 
7272 3246 3245 3577 
7273 5499 5368 5646 
7274 2300 2427 2504 
7275 325 324 2123 
7276 3434 3630 3882 
7277 3159 3322 3921 
7278 3247 3270 3413 
7279 5323 5587 5769 
7280 2752 3258 3420 
7281 1055 923 1103 
7282 1269 1183 1336 
7283 2631 1249 2755 
7284 1262 1355 1431 
7285 1896 1868 1916 
7286 1893 1991 2048 
7287 5876 5804 5884 
7288 5248 5249 5280 
7289 4406 3631 4983 
7290 3772 3831 3904 
7291 4105 3922 4502 
7292 4932 5131 5356 
7293 1961 2056 2118 
7294 3948 4084 4114 
7295 3805 3644 4076 
7296 1781 1729 1884 
7297 4616 4709 4931 
7298 5203 4752 5396 
7299 351 350 2676 
7300 1245 1175 1287 
7301 4784 5050 5052 
7302 1359 1403 1466 
7303 1351 1398 1464 
7304 1686 1622 1694 
7305 4632 4846 4977 
7306 3172 3133 3363 
7307 4004 3902 4104 
7308 5168 5167 5372 
7309 4192 4339 4606 
7310 2424 2281 2608 
7311 4376 4067 4672 
7312 4554 4440 4659 
7313 1502 1425 1602 
7314 4513 4833 5025 
7315 2647 2860 2921 
7316 5908 5707 5909 
7317 5895 5829 5926 
7318 3670 3481 4013 
7319 2513 2616 2716 
7320 5442 5659 5750 
7321 5925 5881 5970 
7322 3173 3351 3579 
7323 1377 1422 1458 
7324 5803 5883 5967 
7325 2788 2939 3081 
7326 1402 1500 1599 
7327 4409 4196 4647 
7328 4539 4899 5148 
7329 2681 174 2758 
7330 673 3120 3371 
7331 4122 4133 4482 
7332 3208 3277 3540 
7333 3724 3845 4104 
7334 2045 2019 2182 
7335 3651 3544 4073 
7336 4345 4724 4990 
7337 4413 4614 4659 
7338 2016 2093 2194 
7339 5109 5260 5508 
7340 3402 3214 3597 
7341 527 2539 2701 
7342 4943 5205 5411 
7343 5761 5595 5829 
7344 5119 5019 5392 
7345 4402 4560 4825 
7346 4843 4960 5415 
7347 1264 1330 1357 
7348 3821 4195 4291 
7349 1919 1953 1968 
7350 4040 4262 4491 
7351 552 2137 2256 
7352 2841 3293 3555 
7353 3737 1111 3894 
7354 5680 5804 5876 
7355 5439 5677 5737 
7356 3696 3803 4091 
7357 3144 207 3387 
7358 765 3314 3390 
7359 3237 259 3310 
7360 5946 5893 6051 
7361 1779 1850 1896 
7362 524 2756 2811 
7363 3978 4359 4495 
7364 1634 1575 1702 
7365 2860 2824 2903 
7366 1775 1725 1897 
7367 2311 2407 2417 
7368 2081 2112 2143 
7369 5033 4927 5238 
7370 2404 2339 2603 
7371 1751 1798 1824 
7372 3492 3679 3725 
7373 5718 5840 5888 
7374 3911 4682 4736 
7375 2302 2366 2421 
7376 2700 2368 2819 
7377 5476 5127 5679 
7378 3857 4066 4121 
7379 505 3123 3376 
7380 6021 6030 6046 
7381 3725 3888 4028 
7382 670 3467 3557 
7383 2091 2190 2233 
7384 5311 5629 5768 
7385 2327 300 2393 
7386 3517 3496 3688 
7387 2904 3127 3233 
7388 1556 1453 1596 
7389 2345 2206 2425 
7390 3547 3748 4055 
7391 2348 2374 2513 
7392 5383 4971 5514 
7393 2219 2010 2331 
7394 3389 4418 4535 
7395 3347 3409 3448 
7396 2349 2253 2381 
7397 2911 263 3041 
7398 5623 5462 5717 
7399 5892 6036 6045 
7400 3143 194 3381 
7401 2609 2573 2630 
7402 1504 1406 1665 
7403 5078 5026 5154 
7404 2910 266 3053 
7405 404 1816 5708 
7406 502 3470 3561 
7407 2476 2387 2569 
7408 400 399 5924 
7409 1442 1493 1568 
7410 2226 2194 2315 
7411 4908 5132 5141 
7412 2610 2640 2698 
7413 3957 4012 4038 
7414 3354 671 3557 
7415 329 328 2212 
7416 5982 5941 6035 
7417 2842 268 3056 
7418 1620 1162 1707 
7419 3219 2733 3546 
7420 3577 3772 3904 
7421 2668 2569 2807 
7422 1956 275 2037 
7423 2797 288 2858 
7424 5554 2440 5609 
7425 2239 303 2318 
7426 2746 2718 2792 
7427 1227 1276 1323 
7428 1593 1499 1645 
7429 2908 278 2986 
7430 5634 5453 5853 
7431 4401 4582 4813 
7432 3183 674 3371 
7433 4922 5108 5216 
7434 2840 280 3052 
7435 3535 143 3659 
7436 384 3463 3654 
7437 3039 357 3049 
7438 2009 285 3139 
7439 2972 2860 3076 
7440 3688 3604 3786 
7441 3209 3309 3397 
7442 2669 525 2811 
7443 3854 3486 4114 
7444 1761 1682 1805 
7445 5437 5643 5720 
7446 3802 250 4049 
7447 3322 3694 3921 
7448 3826 252 4065 
7449 3047 2856 3173 
7450 2854 270 3057 
7451 360 1342 2988 
7452 3931 4079 4222 
7453 3572 3321 3775 
7454 2632 291 2788 
7455 2714 2746 2936 
7456 3249 3280 3587 
7457 3137 4572 4759 
7458 2447 2391 2488 
7459 3857 254 4066 
7460 4172 4256 4411 
7461 381 3304 3471 
7462 1847 1777 1899 
7463 5175 5112 5389 
7464 1398 1384 1421 
7465 2840 3052 3110 
7466 2160 2078 2235 
7467 3446 3818 3871 
7468 1790 1663 1800 
7469 3184 766 3390 
7470 2093 2195 2272 
7471 2961 231 3205 
7472 4328 4892 5212 
7473 2062 238 2169 
7474 1987 576 2046 
7475 2755 2919 3017 
7476 2124 246 3312 
7477 4433 4696 5004 
7478 3795 3676 3877 
7479 2964 241 3142 
7480 4396 4261 4501 
7481 3556 3995 4033 
7482 1000 922 1038 
7483 3406 3115 3461 
7484 1030 931 1102 
7485 2408 2508 2615 
7486 2565 2508 2696 
7487 2791 2653 2905 
7488 2164 553 2256 
7489 2335 2245 2423 
7490 2606 2712 2715 
7491 1963 2073 2158 
7492 2314 2235 2380 
7493 4566 4596 4841 
7494 2041 1958 2098 
7495 3044 3192 3415 
7496 2090 2014 2263 
7497 2380 2282 2480 
7498 4241 3841 4483 
7499 2579 2542 2903 
7500 510 3032 3217 
7501 2979 233 3206 
7502 5668 5435 5784 
7503 5732 111 5858 
7504 297 1249 2602 
7505 2332 2204 2390 
7506 575 2028 2046 
7507 5173 5341 5437 
7508 2232 2313 2382 
7509 1248 1182 1293 
7510 2500 2390 2543 
7511 5523 4706 5658 
7512 3093 3194 3423 
7513 2575 528 2701 
7514 3609 4163 5233 
7515 371 2865 2987 
7516 1852 1817 1889 
7517 1249 296 2919 
7518 3985 4229 4604 
7519 2235 2130 2282 
7520 3711 3917 4046 
7521 4164 4539 4808 
7522 2350 2232 2369 
7523 2131 2091 2232 
7524 2241 2242 2297 
7525 3942 4128 4270 
7526 3607 3683 3791 
7527 2605 2637 2799 
7528 2514 2369 2610 
7529 2989 3458 3926 
7530 2972 3141 3407 
7531 2776 2638 2836 
7532 1373 1386 1484 
7533 418 4769 4875 
7534 5885 5802 5944 
7535 3356 503 3561 
7536 4998 4768 5039 
7537 4964 4767 5174 
7538 5641 5463 5695 
7539 3708 3557 3924 
7540 2512 2373 2614 
7541 1681 1899 1929 
7542 301 2327 2408 
7543 2921 2972 3197 
7544 5958 5885 5996 
7545 1909 1862 1997 
7546 4415 5040 5224 
7547 667 1580 1619 
7548 610 1555 1582 
7549 4610 700 4620 
7550 2657 2740 2914 
7551 5979 6009 6030 
7552 643 1438 1521 
7553 4742 4843 5415 
7554 1579 663 1583 
7555 1157 668 1704 
7556 641 1450 1520 
7557 4654 4716 4831 
7558 4545 4936 5041 
7559 2946 2984 3226 
7560 638 1296 1479 
7561 2596 2511 2714 
7562 1296 636 1375 
7563 1438 641 1520 
7564 1578 632 1584 
7565 2931 2737 3074 
7566 2055 2005 2120 
7567 607 1162 1620 
7568 4601 4797 4925 
7569 1555 608 1644 
7570 645 1469 1522 
7571 2678 2527 2781 
7572 2140 2012 2267 
7573 5782 5732 5858 
7574 4758 5367 5541 
7575 3317 146 3559 
7576 612 1491 1586 
7577 1469 643 1521 
7578 1514 630 1523 
7579 186 3136 3373 
7580 663 1517 1583 
7581 1580 665 1636 
7582 1378 634 1637 
7583 1491 610 1582 
7584 368 2530 2866 
7585 632 1514 1584 
7586 1382 1360 1401 
7587 2847 3118 3375 
7588 3897 3991 4251 
7589 3190 182 3386 
7590 647 1470 1524 
7591 670 1157 3467 
7592 3617 217 3889 
7593 1468 638 1479 
7594 1470 645 1522 
7595 220 3828 4078 
7596 3065 3245 3246 
7597 630 1437 1523 
7598 1375 636 1378 
7599 6015 6038 6039 
7600 1256 333 2371 
7601 4008 3468 4105 
7602 579 1914 1938 
7603 1517 661 1585 
7604 5956 4884 5981 
7605 4528 4812 5009 
7606 2938 2759 3093 
7607 1513 612 1586 
7608 649 1471 1525 
7609 665 1579 1636 
7610 1515 657 1526 
7611 4202 4389 4464 
7612 2016 2046 2093 
7613 4059 3874 4228 
7614 634 1578 1637 
7615 1471 647 1524 
7616 551 2220 2243 
7617 3120 672 3354 
7618 1516 659 1590 
7619 4422 698 4436 
7620 657 1476 1526 
7621 651 1472 1528 
7622 1472 649 1525 
7623 3949 4120 4122 
7624 661 1516 1585 
7625 5903 5704 5953 
7626 1977 1922 2038 
7627 4843 4519 4960 
7628 4473 4188 4668 
7629 3075 3131 3185 
7630 2786 336 2928 
7631 707 4552 4624 
7632 616 1478 1533 
7633 2402 2503 2606 
7634 3078 3248 3249 
7635 1474 651 1528 
7636 1914 577 1987 
7637 4937 5233 5310 
7638 6016 5880 6040 
7639 1111 256 3894 
7640 653 1474 1530 
7641 659 1515 1590 
7642 3874 3786 4037 
7643 1476 655 1529 
7644 2187 2120 2269 
7645 1475 653 1530 
7646 308 2167 2250 
7647 1473 627 1527 
7648 655 1475 1529 
7649 1707 1162 1727 
7650 1657 1713 1756 
7651 1101 962 1153 
7652 1525 1561 1641 
7653 743 3648 3892 
7654 2857 2782 2926 
7655 1440 625 1531 
7656 3871 3818 4020 
7657 618 1439 1532 
7658 4256 3985 4360 
7659 1439 616 1533 
7660 622 1391 1448 
7661 1156 702 4799 
7662 3002 3066 3242 
7663 4599 4645 4741 
7664 2167 306 2238 
7665 1446 623 1535 
7666 4058 3924 4243 
7667 2992 3239 3379 
7668 627 1440 1527 
7669 4635 4007 4803 
7670 2957 3275 3392 
7671 1477 618 1532 
7672 548 1345 2291 
7673 620 1477 1480 
7674 625 1446 1531 
7675 2374 2333 2391 
7676 1391 620 1480 
7677 2239 2401 2428 
7678 2220 549 2330 
7679 1726 1663 1790 
7680 4228 4037 4412 
7681 4596 4813 4841 
7682 5957 5882 5985 
7683 3003 3065 3246 
7684 700 4422 4620 
7685 332 2289 2406 
7686 4043 4203 4269 
7687 677 2958 3191 
7688 4086 4226 4253 
7689 4858 4565 5059 
7690 6025 5993 6039 
7691 2364 2297 2516 
7692 1162 605 1797 
7693 126 125 5298 
7694 1860 579 1938 
7695 4270 4472 4637 
7696 357 2847 3049 
7697 2958 675 3183 
7698 1275 1314 1387 
7699 2965 208 3144 
7700 4949 5239 5509 
7701 581 1860 1939 
7702 1390 1375 1639 
7703 5533 5645 5757 
7704 1957 314 2036 
7705 667 1619 1704 
7706 741 3832 3910 
7707 2134 308 2250 
7708 3186 506 3376 
7709 604 1729 1781 
7710 4552 705 4819 
7711 1528 1591 1656 
7712 705 4744 4819 
7713 1563 1529 1657 
7714 4412 4134 4602 
7715 1564 1530 1658 
7716 585 1870 1886 
7717 1565 1528 1656 
7718 1530 1565 1658 
7719 1591 1525 1641 
7720 704 1156 4744 
7721 607 1620 1644 
7722 3704 3639 3838 
7723 1529 1564 1657 
7724 1895 1930 1995 
7725 524 1434 2756 
7726 2665 2598 2779 
7727 1588 1531 1642 
7728 2137 551 2243 
7729 5938 5989 6009 
7730 1964 1934 2055 
7731 2133 2227 2311 
7732 1826 3652 3916 
7733 2906 362 3069 
7734 1959 1912 2059 
7735 583 1882 1941 
7736 3648 741 3910 
7737 2182 2066 2285 
7738 1480 1638 1709 
7739 218 3617 3897 
7740 3016 3000 3661 
7741 2258 2342 2422 
7742 1882 581 1939 
7743 5981 4652 6012 
7744 4609 4738 4809 
7745 740 1158 3832 
7746 1621 1480 1709 
7747 2212 328 2326 
7748 698 4237 4436 
7749 3029 677 3191 
7750 4918 4980 5126 
7751 2962 198 3209 
7752 3069 2988 3108 
7753 2286 2364 2503 
7754 680 2976 3045 
7755 5493 5428 5592 
7756 2060 205 2170 
7757 3785 3640 3862 
7758 4037 3958 4134 
7759 184 2960 3207 
7760 1870 583 1941 
7761 2209 2454 2587 
7762 1625 1866 1892 
7763 1750 601 1793 
7764 330 2212 2325 
7765 5024 4770 5234 
7766 5786 5680 5870 
7767 3231 3019 3289 
7768 2296 305 2340 
7769 4627 4532 4801 
7770 483 5713 5854 
7771 3689 3434 3882 
7772 604 1781 1797 
7773 1821 1625 1892 
7774 3242 3114 3300 
7775 2952 2848 3125 
7776 1735 585 1886 
7777 2813 2714 2936 
7778 3760 3901 4060 
7779 118 117 5449 
7780 2132 319 2249 
7781 1006 222 3998 
7782 4823 4602 4972 
7783 587 1735 1795 
7784 5055 4930 5395 
7785 702 4610 4799 
7786 4971 4625 5196 
7787 319 2166 2249 
7788 3995 3864 4380 
7789 223 1006 4640 
7790 4236 694 4246 
7791 548 2291 2330 
7792 1723 599 1794 
7793 2539 526 2669 
7794 2142 321 2248 
7795 556 2071 2176 
7796 2123 324 2247 
7797 601 1723 1793 
7798 765 1716 3314 
7799 575 1254 2028 
7800 334 333 1256 
7801 265 2912 3053 
7802 709 4334 4626 
7803 3421 3596 3757 
7804 4579 4771 5001 
7805 4272 4243 4461 
7806 3340 3584 3673 
7807 1158 738 5012 
7808 769 2977 3196 
7809 3345 2933 3450 
7810 279 2908 3052 
7811 5985 5940 6013 
7812 5527 5426 5605 
7813 3947 4232 4500 
7814 2071 554 2164 
7815 737 4612 4745 
7816 2833 680 3045 
7817 2980 200 3210 
7818 4428 4118 4587 
7819 4529 5179 5394 
7820 1725 587 1795 
7821 1755 1862 1943 
7822 737 4745 5012 
7823 4730 4599 5034 
7824 2125 213 3313 
7825 595 1699 1752 
7826 4940 4823 5155 
7827 1448 1621 1647 
7828 321 2132 2248 
7829 267 2910 3056 
7830 177 2679 2809 
7831 260 3237 3394 
7832 1751 596 1798 
7833 1254 573 2173 
7834 374 2437 3695 
7835 3391 3462 3744 
7836 781 780 3636 
7837 1641 1915 1948 
7838 589 1725 1775 
7839 3347 3448 3663 
7840 599 1734 1794 
7841 3060 3226 3548 
7842 1700 590 1845 
7843 211 3135 3380 
7844 4931 4993 5171 
7845 4972 4699 5082 
7846 4960 4918 5158 
7847 4539 4668 4742 
7848 3916 3849 3985 
7849 1699 593 1755 
7850 622 1448 1535 
7851 5033 4976 5410 
7852 2614 2537 2648 
7853 593 1668 1755 
7854 558 2097 2179 
7855 324 2165 2247 
7856 3663 3692 3875 
7857 328 2237 2326 
7858 1872 1537 1890 
7859 2166 2146 2339 
7860 3137 225 4572 
7861 2315 2272 2402 
7862 3037 511 3217 
7863 5996 5944 6021 
7864 2097 556 2176 
7865 1778 1751 1851 
7866 4625 4482 4853 
7867 4880 5480 5658 
7868 244 3134 3377 
7869 5802 5874 5878 
7870 2683 160 2808 
7871 2787 351 2793 
7872 3359 191 3472 
7873 5082 5182 5272 
7874 1548 1523 1640 
7875 5219 5274 5369 
7876 2559 2715 2828 
7877 4237 696 4438 
7878 1682 1657 1756 
7879 4334 707 4624 
7880 1900 1845 1944 
7881 3525 745 3533 
7882 2423 2411 2446 
7883 682 2833 3362 
7884 2977 767 3184 
7885 570 2088 2145 
7886 2433 2388 2474 
7887 5724 5846 5955 
7888 1777 1727 1820 
7889 684 3353 3531 
7890 5684 5492 5724 
7891 2752 363 2906 
7892 1887 1755 1943 
7893 2290 2311 2417 
7894 5819 5837 5936 
7895 2194 2093 2272 
7896 5785 5634 5853 
7897 1793 1846 1888 
7898 560 2079 2102 
7899 2144 571 2257 
7900 4337 5960 5993 
7901 3287 684 3531 
7902 4602 4514 4699 
7903 1589 1535 1647 
7904 1483 1393 1487 
7905 2099 2055 2187 
7906 1939 1965 2051 
7907 1873 1641 1948 
7908 2079 558 2179 
7909 1818 1793 1888 
7910 2321 2409 2495 
7911 694 3986 4246 
7912 688 3524 3710 
7913 686 3287 3532 
7914 3093 2971 3194 
7915 2982 195 3143 
7916 4844 4540 5036 
7917 5336 5082 5497 
7918 2719 688 3710 
7919 565 2014 2090 
7920 304 2239 2340 
7921 3524 686 3532 
7922 2722 2896 3095 
7923 2089 566 2183 
7924 283 2978 3215 
7925 5068 5235 5254 
7926 5155 4972 5336 
7927 5944 5878 5979 
7928 5303 4909 5508 
7929 326 2123 2246 
7930 351 2676 2793 
7931 2088 568 2178 
7932 4339 4271 4489 
7933 3575 3594 3621 
7934 242 2964 3203 
7935 568 2089 2178 
7936 2007 560 2102 
7937 1775 1897 1944 
7938 1537 1543 1890 
7939 2854 3130 3357 
7940 4060 4279 4450 
7941 2005 1939 2051 
7942 5104 5310 5490 
7943 531 2444 2582 
7944 1888 1933 1992 
7945 4458 3979 4543 
7946 2295 2265 2396 
7947 3533 743 3892 
7948 5888 5925 5970 
7949 2849 3097 3126 
7950 4787 4648 4828 
7951 5773 5695 5802 
7952 5050 5225 5358 
7953 4450 4667 4812 
7954 692 4047 4247 
7955 2035 562 2101 
7956 1607 1671 1714 
7957 3931 3401 4107 
7958 209 2965 3208 
7959 1557 386 3918 
7960 3688 3874 3875 
7961 3986 692 4247 
7962 1523 1587 1640 
7963 1646 1583 1703 
7964 2141 2158 2253 
7965 2444 529 2575 
7966 3296 3931 4107 
7967 4503 4729 4824 
7968 5612 5301 5772 
7969 1342 359 3193 
7970 3353 682 3362 
7971 719 4613 4747 
7972 1800 1640 1839 
7973 1583 1612 1703 
7974 2939 2929 3005 
7975 281 2840 3051 
7976 4733 5143 5324 
7977 711 4423 4444 
7978 5876 5884 5969 
7979 1922 1895 1995 
7980 2731 2633 2855 
7981 3025 3238 3403 
7982 502 1717 3470 
7983 562 2007 2101 
7984 2184 1839 2185 
7985 2114 2059 2180 
7986 3204 3024 3402 
7987 269 2842 3057 
7988 2836 2924 2955 
7989 2274 720 5017 
7990 696 4236 4438 
7991 2073 2038 2175 
7992 2102 2186 2252 
7993 5385 4863 5540 
7994 3462 3541 3729 
7995 3628 3870 4075 
7996 2732 2970 3164 
7997 1856 1820 1937 
7998 6013 5983 6034 
7999 2371 333 2406 
8000 5497 5272 5590 
8001 1619 1684 3844 
8002 1938 1999 2044 
8003 4032 4244 4353 
8004 1866 1642 1928 
8005 2259 2187 2348 
8006 3398 3492 3725 
8007 316 1957 2181 
8008 1965 1938 2044 
8009 2488 2402 2606 
8010 2139 2230 2321 
8011 3367 3566 3765 
8012 2085 2156 2258 
8013 1920 1888 1992 
8014 722 2274 4748 
8015 1246 1204 1290 
8016 2585 2570 2633 
8017 3294 3343 3468 
8018 2064 2017 2171 
8019 3068 3079 3128 
8020 1820 1838 1871 
8021 3640 3785 4480 
8022 3479 3421 3757 
8023 2527 2733 2781 
8024 3211 2878 3411 
8025 310 2134 2251 
8026 595 1752 1798 
8027 4098 4202 4464 
8028 1751 1824 1851 
8029 3146 3029 3323 
8030 292 2632 2795 
8031 4849 4541 4992 
8032 1975 1709 2054 
8033 124 5180 5376 
8034 2968 3174 3414 
8035 2688 365 2923 
8036 4532 4604 4730 
8037 289 2797 2929 
8038 1752 1887 1895 
8039 5695 5740 5874 
8040 5980 4132 6015 
8041 2017 1964 2099 
8042 3451 3354 3708 
8043 1956 2722 3160 
8044 4423 709 4626 
8045 1824 1798 1895 
8046 589 1775 1845 
8047 2886 2967 3227 
8048 2482 531 2582 
8049 3290 3183 3485 
8050 3516 3204 3709 
8051 286 2009 3065 
8052 1345 546 2684 
8053 2829 3010 4939 
8054 2920 769 3196 
8055 3735 3946 4081 
8056 534 2453 2492 
8057 2814 2915 3062 
8058 5264 5571 5651 
8059 5822 5744 5855 
8060 3803 3872 3992 
8061 4582 4718 5010 
8062 2245 2139 2321 
8063 2411 2321 2495 
8064 2507 2524 2697 
8065 2029 2047 2081 
8066 2806 2655 2935 
8067 149 3252 3374 
8068 3123 504 3356 
8069 5959 4132 5980 
8070 5015 4783 5406 
8071 2727 3080 3259 
8072 3748 3876 4003 
8073 4369 713 4448 
8074 353 2787 3055 
8075 3074 3111 3360 
8076 3786 3891 3958 
8077 1830 1852 1880 
8078 3271 745 3525 
8079 2148 2102 2252 
8080 1937 1871 1983 
8081 2624 337 2786 
8082 4055 4003 4219 
8083 2391 2315 2488 
8084 4020 3818 4231 
8085 3232 3036 3431 
8086 2049 2119 2192 
8087 2214 2171 2324 
8088 2211 2178 2347 
8089 3862 4036 4057 
8090 3419 2923 3420 
8091 2577 544 2583 
8092 3709 3597 3879 
8093 2530 367 2677 
8094 3827 4043 4269 
8095 570 2145 2257 
8096 719 4747 5017 
8097 3226 3426 3548 
8098 1958 1937 2040 
8099 2907 771 2920 
8100 2506 2456 2558 
8101 251 3802 4065 
8102 2250 2298 2429 
8103 3363 3133 3563 
8104 5440 5326 5613 
8105 1991 2024 2264 
8106 2020 1997 2100 
8107 4430 4583 4830 
8108 2223 2183 2329 
8109 253 3826 4066 
8110 2638 2446 2814 
8111 3138 192 3359 
8112 2783 2630 2927 
8113 2178 2223 2347 
8114 339 2624 2794 
8115 3139 284 3215 
8116 2213 2175 2322 
8117 4833 4948 5241 
8118 4957 5022 5144 
8119 2946 2755 2984 
8120 5553 5255 5666 
8121 5005 5188 5365 
8122 4405 4526 4872 
8123 5971 5990 6004 
8124 4664 4784 4796 
8125 5403 5527 5677 
8126 566 2090 2183 
8127 2621 2442 2710 
8128 3555 2880 3758 
8129 2353 534 2492 
8130 1839 2080 2185 
8131 544 2483 2583 
8132 2396 2475 2588 
8133 3680 3452 3955 
8134 5744 5597 5855 
8135 4166 4751 5023 
8136 361 2988 3069 
8137 2410 2323 2487 
8138 2255 2180 2323 
8139 2204 2361 2390 
8140 2671 339 2794 
8141 3052 3220 3399 
8142 2897 3022 3133 
8143 3484 3323 3681 
8144 2293 2250 2429 
8145 2712 2572 2783 
8146 341 2671 2798 
8147 5094 5344 5443 
8148 2176 2216 2346 
8149 5882 5876 5940 
8150 4204 4393 4467 
8151 3197 3407 3537 
8152 4271 4023 4489 
8153 2265 2176 2346 
8154 2676 349 2796 
8155 2559 2606 2715 
8156 1479 1390 1537 
8157 5797 5964 5998 
8158 2394 536 2493 
8159 2125 3456 3990 
8160 540 2365 2491 
8161 3785 3862 4057 
8162 4385 4593 4865 
8163 2249 2339 2404 
8164 4776 4922 5018 
8165 2696 2558 2818 
8166 4371 3540 4618 
8167 2672 341 2798 
8168 4131 711 4444 
8169 2483 542 2584 
8170 2298 2238 2400 
8171 5241 5266 5560 
8172 2446 2784 2814 
8173 2831 3009 3473 
8174 713 4131 4448 
8175 4425 715 4628 
8176 3257 3297 3568 
8177 3814 3879 4090 
8178 5751 5457 5756 
8179 5183 5110 5537 
8180 3962 5103 5499 
8181 3024 2731 3214 
8182 2090 2263 2329 
8183 2675 347 2800 
8184 1527 1588 1625 
8185 2777 2804 2914 
8186 2040 1983 2086 
8187 542 2481 2584 
8188 2673 343 2801 
8189 3214 3044 3415 
8190 5655 5191 5753 
8191 2729 771 2907 
8192 4199 4586 4751 
8193 2674 345 2802 
8194 4608 423 4885 
8195 5489 5295 5596 
8196 5048 5168 5372 
8197 4476 4335 4570 
8198 2302 2249 2404 
8199 3110 3052 3399 
8200 5446 5369 5467 
8201 4134 4437 4514 
8202 3389 3205 4224 
8203 4894 5259 5453 
8204 2068 2040 2172 
8205 2736 2782 2857 
8206 3820 3708 4058 
8207 2228 2496 2603 
8208 5600 5745 5830 
8209 2418 2515 2590 
8210 3501 3662 3846 
8211 536 2353 2493 
8212 2063 2036 2133 
8213 1028 1113 1337 
8214 5517 5319 5671 
8215 3640 3485 3862 
8216 5485 5542 5735 
8217 4939 3010 5060 
8218 4057 4140 4449 
8219 3256 3393 3576 
8220 5225 5176 5358 
8221 3495 3310 3738 
8222 2429 2519 2594 
8223 4121 4066 4204 
8224 2489 2417 2643 
8225 5328 5383 5514 
8226 5069 4793 5094 
8227 509 2959 3198 
8228 2959 507 3186 
8229 750 3840 4069 
8230 5295 5486 5593 
8231 1612 1585 1706 
8232 3336 3512 3735 
8233 3754 3627 3867 
8234 2572 2630 2783 
8235 3086 3180 3385 
8236 3463 383 3745 
8237 372 2987 3221 
8238 2924 2814 3062 
8239 2377 2329 2497 
8240 3844 3973 4205 
8241 2445 2585 2586 
8242 2822 2999 3155 
8243 3734 3532 3895 
8244 4431 4195 4651 
8245 4605 4431 4703 
8246 4039 3804 4180 
8247 2126 2849 2969 
8248 4449 4661 4815 
8249 3598 3677 3817 
8250 3175 3071 3358 
8251 2916 2811 3078 
8252 3286 2968 3414 
8253 4699 4994 5182 
8254 4039 4180 4248 
8255 3482 3605 3942 
8256 2847 355 3058 
8257 2865 370 3067 
8258 2748 2875 3083 
8259 573 2144 2173 
8260 3250 3647 3852 
8261 2492 2555 2713 
8262 5073 3788 5221 
8263 4358 4544 4834 
8264 2329 2424 2497 
8265 2448 2396 2588 
8266 3338 3466 3711 
8267 5190 4959 5319 
8268 2204 2172 2320 
8269 2760 2640 2897 
8270 5592 5752 5848 
8271 1893 1814 1919 
8272 230 3034 3205 
8273 3269 3620 3700 
8274 4078 4251 4505 
8275 4212 4736 5033 
8276 3652 3660 3849 
8277 2634 2575 2761 
8278 3889 4206 4383 
8279 2416 2348 2513 
8280 4669 4866 5074 
8281 5217 5111 5381 
8282 2963 3075 3185 
8283 2401 2318 2505 
8284 5201 5410 5524 
8285 2978 3218 3348 
8286 3179 3294 3542 
8287 4289 4090 4413 
8288 715 4369 4628 
8289 2373 2324 2490 
8290 1996 2449 2803 
8291 2969 3126 3282 
8292 2439 2394 2557 
8293 4172 1869 4256 
8294 5564 3987 5576 
8295 2198 2133 2290 
8296 3286 3414 3482 
8297 5026 4705 5154 
8298 2437 373 3221 
8299 773 2729 3201 
8300 5518 5443 5600 
8301 3032 509 3198 
8302 4813 4582 5010 
8303 2647 2824 2860 
8304 2172 2086 2260 
8305 5766 406 5863 
8306 2555 2482 2642 
8307 2694 2557 2775 
8308 2541 2492 2713 
8309 4336 733 5919 
8310 3221 3170 3429 
8311 4756 4557 5037 
8312 2061 2438 2812 
8313 2960 183 3190 
8314 1703 1869 4172 
8315 3803 3992 4293 
8316 3868 4002 4076 
8317 2063 2198 2496 
8318 747 3271 3896 
8319 2216 2164 2303 
8320 1460 1350 1504 
8321 4859 5078 5308 
8322 2481 540 2491 
8323 2725 2957 3228 
8324 4597 4174 4715 
8325 3746 3842 3943 
8326 4731 4445 4937 
8327 2361 2320 2486 
8328 3532 3641 3895 
8329 5826 5592 5848 
8330 4544 4705 4834 
8331 2830 512 3037 
8332 2573 2574 2649 
8333 2535 175 2681 
8334 5285 5517 5633 
8335 3036 520 3200 
8336 5761 5829 5895 
8337 138 4050 4278 
8338 3144 3481 3670 
8339 1550 1520 1652 
8340 4325 4461 4802 
8341 1584 1548 1663 
8342 514 2830 3054 
8343 5320 5221 5564 
8344 520 2966 3200 
8345 2280 2229 2385 
8346 3560 3345 3764 
8347 2966 518 3202 
8348 4333 4145 4440 
8349 1558 1521 1653 
8350 4177 487 5923 
8351 1633 1637 1696 
8352 2336 2246 2403 
8353 5006 4902 5090 
8354 4908 4975 5132 
8355 3630 3709 3814 
8356 5321 5436 5461 
8357 4574 4731 4828 
8358 3025 353 3055 
8359 5993 6010 6039 
8360 4983 5093 5318 
8361 2737 2702 3172 
8362 2288 2251 2420 
8363 1559 1522 1654 
8364 3736 3495 3843 
8365 4462 4246 4632 
8366 4817 5031 5195 
8367 3300 3361 3432 
8368 2932 2901 3002 
8369 3129 2637 3349 
8370 518 3038 3202 
8371 2592 2507 2697 
8372 2410 2487 2576 
8373 4649 4717 5077 
8374 4368 3939 4417 
8375 1822 1795 1894 
8376 4239 4204 4467 
8377 1561 1524 1655 
8378 1006 4167 4358 
8379 4063 3815 4198 
8380 3373 3538 3774 
8381 5156 5359 5567 
8382 3033 514 3054 
8383 6023 6013 6035 
8384 3832 1158 5159 
8385 453 452 2838 
8386 382 3471 3745 
8387 3185 3283 3566 
8388 3141 3048 3292 
8389 2528 2448 2686 
8390 3339 3179 3542 
8391 5630 5765 5847 
8392 276 1956 3216 
8393 3558 3759 4015 
8394 2455 2432 2586 
8395 116 5269 5534 
8396 3697 3837 4098 
8397 4388 4205 4627 
8398 4345 421 4683 
8399 4832 4308 5035 
8400 5071 5095 5375 
8401 3691 3574 4014 
8402 5728 5500 5773 
8403 5602 5738 5774 
8404 3737 3894 4123 
8405 2574 2497 2691 
8406 3270 3225 3545 
8407 2537 2490 2685 
8408 4786 4749 5020 
8409 2281 2105 2419 
8410 3644 3805 4106 
8411 4322 4510 4518 
8412 4679 4721 5005 
8413 5090 5355 5428 
8414 5593 5486 5651 
8415 2469 2418 2590 
8416 5907 731 5959 
8417 2497 2608 2691 
8418 2487 2415 2600 
8419 2241 2195 2261 
8420 4702 4549 4996 
8421 2325 2379 2498 
8422 2067 2287 2431 
8423 2462 2429 2594 
8424 2397 2303 2485 
8425 4197 4057 4449 
8426 3304 380 3550 
8427 232 2961 3206 
8428 1958 2068 2098 
8429 3301 3517 3692 
8430 3787 3760 4060 
8431 2495 2605 2799 
8432 2660 2779 2851 
8433 3843 3738 4122 
8434 3206 3389 4772 
8435 3467 1157 3770 
8436 5745 5712 5834 
8437 2604 2513 2716 
8438 2251 2293 2420 
8439 3412 3465 3739 
8440 3474 3398 3725 
8441 2180 2069 2262 
8442 5441 5268 5502 
8443 2320 2260 2414 
8444 2190 1567 2233 
8445 3642 3585 3953 
8446 5964 5573 5998 
8447 2215 2435 2521 
8448 5973 5703 6001 
8449 5294 5246 5456 
8450 483 5569 5713 
8451 4557 4755 5037 
8452 385 3654 3918 
8453 2413 2325 2498 
8454 3182 773 3201 
8455 4036 4058 4272 
8456 3585 3773 3953 
8457 1158 5012 5239 
8458 4246 4355 4632 
8459 3100 750 4069 
8460 2789 1996 2803 
8461 2496 2356 2560 
8462 4607 4402 4825 
8463 2323 2262 2415 
8464 1892 2022 2113 
8465 2550 2450 2662 
8466 4708 4601 4925 
8467 5891 6011 6032 
8468 2445 2570 2585 
8469 4353 4244 4650 
8470 3791 3959 4238 
8471 4993 4709 5005 
8472 2527 2486 2682 
8473 3725 3679 3888 
8474 2356 2290 2489 
8475 2809 2922 3097 
8476 2484 2538 2605 
8477 2438 2561 2647 
8478 2892 2629 3024 
8479 2652 777 3315 
8480 5230 4981 5342 
8481 4205 4384 4627 
8482 4874 4760 4932 
8483 1005 3454 3682 
8484 3305 378 3551 
8485 4223 752 4260 
8486 4139 4060 4450 
8487 2376 2551 2819 
8488 2284 2243 2405 
8489 1855 484 5854 
8490 3226 2984 3426 
8491 4454 4574 4828 
8492 3098 3095 3288 
8493 3577 3298 3772 
8494 3465 3338 3711 
8495 4500 4441 4679 
8496 5457 5637 5756 
8497 2283 2247 2418 
8498 5770 5671 5872 
8499 4557 4383 4643 
8500 3460 376 3746 
8501 4747 4944 5135 
8502 2707 2583 2804 
8503 5032 4817 5195 
8504 731 4132 5959 
8505 3703 762 3903 
8506 295 2893 2919 
8507 392 3622 5024 
8508 4996 5210 5391 
8509 130 129 5374 
8510 4878 4518 4907 
8511 4199 4456 4586 
8512 4440 4413 4659 
8513 776 3145 3391 
8514 762 3635 3903 
8515 5893 5946 6006 
8516 3298 3469 3772 
8517 3622 391 4644 
8518 2231 2266 2512 
8519 2451 2516 2609 
8520 2856 2818 3060 
8521 2447 2488 2559 
8522 3894 4121 4123 
8523 4339 4489 4545 
8524 2613 2491 2693 
8525 4959 4746 5237 
8526 3554 3984 4208 
8527 4018 3795 4182 
8528 4487 4191 4682 
8529 3312 245 3377 
8530 2246 2283 2403 
8531 486 1855 5904 
8532 3315 777 3391 
8533 4120 4123 4239 
8534 3714 3561 3937 
8535 2243 2334 2405 
8536 3887 4088 4199 
8537 4436 4576 4817 
8538 3141 3292 3595 
8539 4528 4450 4812 
8540 2542 166 2699 
8541 2995 3078 3249 
8542 4748 4894 5634 
8543 752 3100 4260 
8544 3347 3177 3409 
8545 5106 5005 5365 
8546 3157 3286 3530 
8547 2165 2142 2338 
8548 2171 2099 2259 
8549 2762 2642 2899 
8550 2225 2268 2310 
8551 4145 4289 4440 
8552 5453 5568 5693 
8553 5913 5872 5953 
8554 3706 758 3905 
8555 3017 3083 3148 
8556 2061 171 2174 
8557 5606 5353 5743 
8558 4646 4436 4817 
8559 4549 4449 4815 
8560 2785 2660 2881 
8561 4378 389 4656 
8562 3466 3318 3721 
8563 3878 747 3896 
8564 3787 4139 4420 
8565 5471 5097 5632 
8566 4138 5264 5525 
8567 5594 5490 5760 
8568 5088 5275 5341 
8569 2100 2049 2192 
8570 4293 3992 4510 
8571 2080 1892 2113 
8572 3695 3464 3842 
8573 5131 5001 5222 
8574 4048 754 4223 
8575 4374 4530 4836 
8576 3400 3431 3527 
8577 2175 2085 2258 
8578 5291 5516 5642 
8579 2648 2537 2747 
8580 758 3611 3905 
8581 2145 2211 2319 
8582 2322 2258 2422 
8583 3611 756 3906 
8584 1653 1921 1996 
8585 4737 4554 5062 
8586 3829 754 4048 
8587 369 2866 3067 
8588 3610 4181 4658 
8589 1947 1934 1964 
8590 4325 4272 4461 
8591 2078 2098 2130 
8592 2491 2612 2693 
8593 3726 2990 3926 
8594 3194 3366 3544 
8595 1816 403 5966 
8596 3407 3595 3753 
8597 5131 5328 5546 
8598 4393 4201 4573 
8599 214 2125 4275 
8600 3537 3753 3900 
8601 3906 4092 4266 
8602 3390 3314 3691 
8603 614 613 1648 
8604 2996 3199 3343 
8605 3514 3258 3697 
8606 3340 3163 3584 
8607 4343 4654 4831 
8608 4193 4442 4594 
8609 3446 3288 3719 
8610 1373 1494 1505 
8611 4418 4512 5388 
8612 6008 5961 6018 
8613 3473 3009 3568 
8614 4518 4510 4723 
8615 1811 1886 1947 
8616 2583 2657 2804 
8617 524 523 1434 
8618 1997 1944 2049 
8619 496 3884 4071 
8620 756 3829 3906 
8621 3161 2963 3367 
8622 4215 4235 4434 
8623 2324 2259 2416 
8624 5877 5861 5955 
8625 4178 4069 4435 
8626 5801 5920 5961 
8627 2486 2414 2596 
8628 548 547 1345 
8629 2373 2537 2614 
8630 4649 4520 4717 
8631 155 154 1004 
8632 2881 2851 2996 
8633 5621 5636 5712 
8634 5099 4939 5377 
8635 2734 2686 2917 
8636 4586 4816 5006 
8637 3462 3145 3541 
8638 2855 2914 3044 
8639 3885 498 4070 
8640 5149 5303 5542 
8641 189 188 1005 
8642 3397 4427 4592 
8643 3808 496 4071 
8644 5070 5051 5161 
8645 575 574 1254 
8646 2087 2173 2261 
8647 4939 5147 5377 
8648 3362 3102 3571 
8649 4693 4840 5054 
8650 5491 5308 5778 
8651 3163 3086 3385 
8652 498 3808 4070 
8653 223 222 1006 
8654 4001 3942 4270 
8655 3804 3697 4098 
8656 3978 3843 4185 
8657 2784 2495 2799 
8658 4895 4746 5190 
8659 491 3983 5361 
8660 3994 3846 4629 
8661 3177 3189 3409 
8662 4072 3937 4484 
8663 670 669 1157 
8664 740 739 1158 
8665 3339 3542 3664 
8666 607 606 1162 
8667 2303 2398 2485 
8668 704 703 1156 
8669 5466 5646 5730 
8670 2747 2685 2918 
8671 2815 2716 2941 
8672 2921 2860 2972 
8673 3655 398 5779 
8674 3888 3988 4189 
8675 3965 4832 5035 
8676 2687 2540 2805 
8677 3218 3278 3567 
8678 1549 1649 1690 
8679 247 2124 4470 
8680 2825 2947 3384 
8681 3126 3097 3534 
8682 5199 5025 5373 
8683 1756 1764 3539 
8684 2126 179 2757 
8685 4189 4366 4519 
8686 3281 3743 3781 
8687 2775 2742 2909 
8688 638 637 1296 
8689 3022 3219 3364 
8690 5820 5900 5954 
8691 4013 3481 4305 
8692 2534 163 2695 
8693 3831 4074 4255 
8694 703 702 1156 
8695 669 668 1157 
8696 739 738 1158 
8697 3973 4234 4384 
8698 1897 1822 2002 
8699 5699 5596 5725 
8700 4760 4579 5001 
8701 2038 1995 2085 
8702 4117 4220 4509 
8703 3064 3068 3212 
8704 1266 1302 1364 
8705 396 3435 5616 
8706 3751 3460 3943 
8707 2721 3132 3583 
8708 606 605 1162 
8709 4519 4804 4918 
8710 3953 4055 4295 
8711 3442 3336 3735 
8712 2452 2410 2576 
8713 574 573 1254 
8714 3375 3498 3704 
8715 1271 1127 1294 
8716 2759 2925 2971 
8717 637 636 1296 
8718 257 256 1111 
8719 5819 1816 5901 
8720 733 5907 5919 
8721 5166 4932 5356 
8722 3107 3003 3318 
8723 667 666 1580 
8724 636 635 1378 
8725 3818 3719 4067 
8726 2468 2709 2759 
8727 3161 3367 3564 
8728 5961 5995 6018 
8729 471 2104 6043 
8730 4767 5028 5174 
8731 2941 3001 3256 
8732 547 546 1345 
8733 2927 2736 3075 
8734 642 641 1438 
8735 5178 4968 5366 
8736 4890 122 5194 
8737 4806 4545 5041 
8738 3435 395 5206 
8739 641 640 1450 
8740 3269 3157 3530 
8741 4206 4405 4643 
8742 4355 4247 4657 
8743 4267 4098 4464 
8744 3530 3741 4288 
8745 2490 2416 2604 
8746 5388 5491 5648 
8747 610 609 1555 
8748 189 1005 3731 
8749 5171 5106 5292 
8750 4165 4269 4579 
8751 5285 5190 5517 
8752 4359 4185 4625 
8753 5382 5513 5562 
8754 297 296 1249 
8755 3837 3735 4081 
8756 2716 2816 2941 
8757 3525 4421 4457 
8758 645 644 1469 
8759 666 665 1580 
8760 5505 3983 5636 
8761 2407 2288 2420 
8762 4639 4475 4887 
8763 665 664 1579 
8764 523 522 1434 
8765 5991 5981 6023 
8766 634 633 1578 
8767 2846 2768 3077 
8768 2997 2892 3204 
8769 3867 4064 4265 
8770 635 634 1378 
8771 5400 5216 5529 
8772 1942 1952 1960 
8773 639 638 1468 
8774 5843 5826 5912 
8775 3277 3801 4618 
8776 3364 3546 3760 
8777 486 485 1855 
8778 640 639 1450 
8779 3369 3249 3587 
8780 1930 1909 2020 
8781 2438 2725 2812 
8782 486 5904 5923 
8783 2891 3031 3232 
8784 5710 5953 6000 
8785 4463 4216 4663 
8786 2908 2986 3220 
8787 2526 2489 3073 
8788 335 334 1256 
8789 643 642 1438 
8790 546 2577 2684 
8791 632 631 1514 
8792 5455 5377 5644 
8793 3609 3525 4457 
8794 4588 4194 4649 
8795 502 501 1717 
8796 3068 2898 3079 
8797 3788 410 5409 
8798 612 611 1491 
8799 5536 5598 5721 
8800 647 646 1470 
8801 663 662 1517 
8802 664 663 1579 
8803 3292 3227 3424 
8804 609 608 1555 
8805 630 629 1437 
8806 3680 4023 4102 
8807 633 632 1578 
8808 1777 1856 1899 
8809 702 701 4610 
8810 1764 1840 3177 
8811 644 643 1469 
8812 4377 4467 4974 
8813 1884 1818 1920 
8814 5670 5311 5768 
8815 3763 3693 3866 
8816 5372 5167 5537 
8817 661 660 1516 
8818 4373 4255 4477 
8819 4023 3955 4263 
8820 649 648 1471 
8821 5721 5822 5932 
8822 1994 1653 1996 
8823 3578 3490 3754 
8824 6010 6015 6039 
8825 662 661 1517 
8826 2158 2073 2213 
8827 1005 188 3311 
8828 5853 5747 5899 
8829 765 764 1716 
8830 3321 3549 3643 
8831 631 630 1514 
8832 659 658 1515 
8833 2738 2669 2916 
8834 2877 2792 2934 
8835 5377 5555 5644 
8836 4796 4784 5052 
8837 651 650 1472 
8838 4167 4505 4544 
8839 551 550 2220 
8840 3454 3774 3868 
8841 4019 3831 4255 
8842 2234 2219 2331 
8843 360 359 1342 
8844 1999 1987 2016 
8845 611 610 1491 
8846 646 645 1470 
8847 657 656 1476 
8848 627 626 1440 
8849 701 700 4610 
8850 653 652 1474 
8851 3641 3684 3824 
8852 1696 1663 1726 
8853 4322 4518 4878 
8854 655 654 1475 
8855 2866 2730 3004 
8856 660 659 1516 
8857 3704 3838 3946 
8858 127 126 1410 
8859 3872 3671 4025 
8860 615 614 1478 
8861 629 628 1437 
8862 4323 4270 4637 
8863 5598 5744 5822 
8864 1437 1473 1587 
8865 618 617 1439 
8866 5161 5071 5375 
8867 3989 3906 4266 
8868 579 578 1914 
8869 625 624 1446 
8870 5969 5949 6005 
8871 5500 5641 5773 
8872 5869 5888 5977 
8873 648 647 1471 
8874 4705 4598 5002 
8875 622 621 1391 
8876 620 619 1477 
8877 658 657 1515 
8878 5532 5614 5645 
8879 628 627 1473 
8880 4273 4372 4590 
8881 4133 4239 4377 
8882 3404 2834 3489 
8883 3641 3824 3895 
8884 4408 4252 4622 
8885 3224 2825 3384 
8886 613 612 1513 
8887 4231 4067 4376 
8888 4083 3814 4289 
8889 5953 5704 6000 
8890 650 649 1472 
8891 656 655 1476 
8892 3294 3468 3542 
8893 4718 3276 4968 
8894 451 450 5758 
8895 673 672 3120 
8896 4976 4898 5089 
8897 5648 5778 5846 
8898 652 651 1474 
8899 3189 3064 3212 
8900 654 653 1475 
8901 2796 2871 3372 
8902 4374 4266 4488 
8903 3923 3722 4077 
8904 4320 4945 5550 
8905 5432 5356 5546 
8906 2135 2113 2254 
8907 5117 4418 5388 
8908 2198 2356 2496 
8909 5509 5362 5641 
8910 626 625 1440 
8911 4609 4523 4738 
8912 4757 4377 4974 
8913 5851 5707 5908 
8914 1663 1548 1800 
8915 616 615 1478 
8916 3943 3842 4000 
8917 1639 1801 1802 
8918 4439 4011 4548 
8919 3624 3491 3908 
8920 3747 3663 3956 
8921 2682 2596 2813 
8922 5492 5388 5648 
8923 1805 1682 3528 
8924 4686 4727 4989 
8925 624 623 1446 
8926 5376 5460 5530 
8927 257 1111 3553 
8928 617 616 1439 
8929 5220 4940 5386 
8930 621 620 1391 
8931 2113 2155 2254 
8932 226 225 3137 
8933 726 725 5927 
8934 342 2672 2801 
8935 619 618 1477 
8936 2898 2902 3079 
8937 4465 4499 4616 
8938 4508 4540 4844 
8939 2685 2604 2815 
8940 578 577 1914 
8941 3468 3343 3720 
8942 3603 3103 3646 
8943 1543 1639 1802 
8944 550 549 2220 
8945 4606 4339 4806 
8946 1537 1390 1543 
8947 2834 2793 3570 
8948 197 3040 3209 
8949 1982 1913 2004 
8950 700 699 4422 
8951 4663 4373 4809 
8952 581 580 1860 
8953 2899 3019 3026 
8954 604 603 1729 
8955 4489 4263 4695 
8956 1296 1390 1479 
8957 3549 3755 3899 
8958 3117 3430 3490 
8959 1296 1375 1390 
8960 5264 5124 5482 
8961 1543 1390 1639 
8962 5724 5648 5846 
8963 677 676 2958 
8964 4385 4484 4593 
8965 3982 3848 4248 
8966 5809 5756 5921 
8967 2230 2135 2317 
8968 1548 1640 1800 
8969 3350 2796 3372 
8970 4114 4084 4302 
8971 3922 4073 4194 
8972 2245 2411 2423 
8973 3752 3795 4018 
8974 2793 3350 3570 
8975 5681 5422 5777 
8976 5305 5099 5455 
8977 3243 2874 3382 
8978 2805 2706 3244 
8979 5596 5593 5725 
8980 5154 5002 5364 
8981 1729 1750 1818 
8982 699 698 4422 
8983 3873 3674 3999 
8984 1526 1476 1563 
8985 3811 3706 4021 
8986 1563 1657 1682 
8987 4985 4586 5006 
8988 4956 5034 5220 
8989 1527 1440 1588 
8990 3832 5159 5237 
8991 583 582 1882 
8992 2909 2863 3225 
8993 112 111 5732 
8994 2311 2288 2407 
8995 1476 1529 1563 
8996 471 470 2104 
8997 1529 1475 1564 
8998 2374 2391 2447 
8999 3935 4109 4213 
9000 1929 2041 2078 
9001 2862 2775 3059 
9002 676 675 2958 
9003 5284 5544 5622 
9004 4194 4398 4649 
9005 2706 2763 3244 
9006 1475 1530 1564 
9007 3327 3229 3536 
9008 2361 2486 2527 
9009 1448 1391 1621 
9010 3900 4101 4259 
9011 4975 4703 5193 
9012 603 602 1729 
9013 4824 4929 5043 
9014 1474 1528 1565 
9015 4054 3953 4295 
9016 1480 1477 1638 
9017 5360 4867 5488 
9018 1530 1474 1565 
9019 1477 1532 1638 
9020 3108 1342 3336 
9021 1440 1531 1588 
9022 4598 4756 5002 
9023 4052 4183 4508 
9024 3455 3356 3714 
9025 601 600 1723 
9026 1472 1525 1591 
9027 1948 2853 3064 
9028 1391 1480 1621 
9029 585 584 1870 
9030 1523 1437 1587 
9031 332 331 2289 
9032 580 579 1860 
9033 4004 4104 4192 
9034 5047 4835 5048 
9035 3569 3352 3718 
9036 4011 413 4886 
9037 5019 3615 5242 
9038 1528 1472 1591 
9039 2725 2647 2921 
9040 2356 2526 2560 
9041 501 500 1717 
9042 3116 3345 3560 
9043 5097 4521 5313 
9044 5747 5693 5801 
9045 1851 1824 1922 
9046 3509 3379 3591 
9047 602 601 1750 
9048 2588 2475 2687 
9049 5384 5441 5640 
9050 4419 4285 4630 
9051 5110 5048 5372 
9052 2836 2638 2924 
9053 1026 1105 1152 
9054 1658 1565 1840 
9055 3548 3426 3671 
9056 4550 4561 4710 
9057 3625 3963 4310 
9058 3507 3716 3836 
9059 1565 1656 1840 
9060 5062 4533 5227 
9061 2446 2411 2784 
9062 1591 1641 1873 
9063 2204 2320 2361 
9064 1656 1591 1873 
9065 5243 5219 5369 
9066 5179 4568 5394 
9067 6019 5982 6034 
9068 552 551 2137 
9069 4721 5023 5188 
9070 582 581 1882 
9071 4720 4528 5009 
9072 2917 2769 2994 
9073 301 300 2327 
9074 599 598 1734 
9075 1790 1800 2184 
9076 1625 1588 1866 
9077 193 192 3138 
9078 387 386 1557 
9079 220 219 3828 
9080 3717 3521 3902 
9081 680 679 2976 
9082 4373 4609 4809 
9083 3022 2781 3219 
9084 678 677 3029 
9085 5121 4987 5334 
9086 4701 4607 4964 
9087 3071 2941 3256 
9088 4955 5066 5088 
9089 387 1557 4409 
9090 698 697 4237 
9091 3913 3981 4286 
9092 2686 2769 2917 
9093 5571 5482 5754 
9094 707 706 4552 
9095 600 599 1723 
9096 3391 3145 3462 
9097 159 158 2692 
9098 584 583 1870 
9099 4617 4814 5048 
9100 2580 161 2683 
9101 4519 4366 4804 
9102 3620 3530 4288 
9103 4071 4280 4460 
9104 2992 2917 3239 
9105 3521 3289 3724 
9106 5404 5322 5427 
9107 556 555 2071 
9108 5160 5089 5311 
9109 587 586 1735 
9110 3922 4194 4502 
9111 1513 1586 1651 
9112 2540 2706 2805 
9113 1155 1106 1200 
9114 5254 5304 5401 
9115 3333 3511 3733 
9116 2576 2487 2702 
9117 2405 2455 2507 
9118 2864 2968 3157 
9119 461 460 2358 
9120 2850 2761 3050 
9121 180 179 2126 
9122 5058 3834 5101 
9123 679 678 2976 
9124 2517 2520 2611 
9125 5708 5819 5844 
9126 3297 2980 4826 
9127 2594 2711 3395 
9128 186 185 3136 
9129 706 705 4552 
9130 1583 1517 1612 
9131 3358 3256 3576 
9132 2254 2328 2412 
9133 2768 2862 3077 
9134 1588 1642 1866 
9135 5713 5806 5894 
9136 4002 3812 4252 
9137 697 696 4237 
9138 4397 3833 4492 
9139 3150 3037 3333 
9140 5269 115 5450 
9141 2973 2942 3229 
9142 1561 1655 1915 
9143 3233 3127 3344 
9144 2068 2172 2204 
9145 2527 2682 2733 
9146 4240 4379 4671 
9147 3284 2999 3486 
9148 3923 4077 4264 
9149 3805 4221 4446 
9150 2994 2859 3165 
9151 214 213 2125 
9152 589 588 1725 
9153 595 594 1699 
9154 2289 331 2325 
9155 1559 1654 1974 
9156 3119 3011 3352 
9157 593 592 1668 
9158 3819 3951 4061 
9159 2317 2254 2412 
9160 682 681 2833 
9161 1517 1585 1612 
9162 598 597 1734 
9163 3996 3908 4261 
9164 485 484 1855 
9165 4717 5007 5111 
9166 476 3632 5945 
9167 3115 3269 3700 
9168 272 2940 3094 
9169 4110 4306 4501 
9170 4189 3988 4366 
9171 5653 5420 5762 
9172 199 2962 3210 
9173 5334 491 5361 
9174 5309 128 5522 
9175 1558 1653 1994 
9176 718 717 5063 
9177 2957 2921 3197 
9178 6012 5985 6023 
9179 743 742 3648 
9180 4012 4145 4245 
9181 4966 4737 5062 
9182 1655 1559 1974 
9183 4698 4513 5025 
9184 255 3857 3894 
9185 1856 1937 1958 
9186 573 572 2144 
9187 4945 5338 5396 
9188 330 329 2212 
9189 5181 5050 5278 
9190 5983 6005 6026 
9191 5390 5094 5518 
9192 597 596 1751 
9193 586 585 1735 
9194 558 557 2097 
9195 737 736 4612 
9196 3241 3425 3549 
9197 5865 5354 5918 
9198 3195 2969 3334 
9199 1641 1561 1915 
9200 4648 4454 4828 
9201 1647 1621 1975 
9202 681 680 2833 
9203 3888 3679 3988 
9204 1958 2040 2068 
9205 1873 1948 3061 
9206 5599 5546 5692 
9207 1654 1558 1994 
9208 479 3433 5820 
9209 5940 5969 5983 
9210 3318 3246 3577 
9211 5352 5292 5457 
9212 2715 2712 2783 
9213 4036 3820 4058 
9214 1818 1888 1920 
9215 5239 4745 5362 
9216 2421 2550 2689 
9217 722 721 2274 
9218 570 569 2088 
9219 742 741 3648 
9220 5569 481 5748 
9221 3760 3546 3901 
9222 1491 1582 1613 
9223 2824 2579 2903 
9224 154 153 3370 
9225 568 567 2089 
9226 5166 5356 5413 
9227 3004 3099 3848 
9228 588 587 1725 
9229 3433 477 5968 
9230 3963 4259 4335 
9231 4572 224 4640 
9232 3846 4591 4629 
9233 555 554 2071 
9234 2239 2318 2401 
9235 2113 2022 2155 
9236 5567 5359 5662 
9237 5453 5747 5853 
9238 229 228 2981 
9239 3643 3549 3899 
9240 3364 3219 3546 
9241 247 246 2124 
9242 527 526 2539 
9243 5125 436 5321 
9244 1800 1839 2184 
9245 594 593 1699 
9246 5244 5253 5412 
9247 1621 1709 1975 
9248 696 695 4236 
9249 564 563 2035 
9250 2263 2177 2424 
9251 736 735 4612 
9252 2792 2648 2934 
9253 4180 4267 4402 
9254 5827 5899 5960 
9255 591 590 1700 
9256 592 591 1668 
9257 560 559 2079 
9258 3741 3482 3942 
9259 1996 1921 2449 
9260 721 720 2274 
9261 4816 4902 5006 
9262 1586 1491 1613 
9263 5892 6045 6047 
9264 1725 1795 1822 
9265 2643 2743 2864 
9266 375 3695 3746 
9267 5146 5024 5234 
9268 4929 4729 5185 
9269 286 285 2009 
9270 5884 5721 5932 
9271 3429 3303 3445 
9272 260 259 3237 
9273 4173 4071 4460 
9274 5294 5456 5598 
9275 304 303 2239 
9276 5002 5207 5364 
9277 684 683 3353 
9278 5184 5171 5352 
9279 1777 1820 1856 
9280 3222 3049 3375 
9281 2255 2323 2410 
9282 5718 5577 5840 
9283 572 571 2144 
9284 4238 4149 4343 
9285 686 685 3287 
9286 264 263 2911 
9287 3229 3392 3536 
9288 695 694 4236 
9289 5850 5459 5931 
9290 562 561 2007 
9291 1752 1699 1887 
9292 1750 1793 1818 
9293 3424 3260 3565 
9294 4898 5357 5526 
9295 1589 1647 1912 
9296 3899 4100 4257 
9297 3795 3877 3979 
9298 688 687 3524 
9299 1619 1580 1684 
9300 2918 2815 3071 
9301 690 689 2719 
9302 4117 3860 4220 
9303 557 556 2097 
9304 3959 4149 4238 
9305 5335 5198 5407 
9306 4682 4516 4842 
9307 4857 4156 4982 
9308 1700 1845 1900 
9309 683 682 3353 
9310 2722 3098 3160 
9311 1699 1755 1887 
9312 5654 5596 5699 
9313 3061 1948 3064 
9314 3367 3185 3566 
9315 3197 2972 3407 
9316 1824 1895 1922 
9317 2899 2850 3019 
9318 565 564 2014 
9319 1707 1727 1777 
9320 685 684 3287 
9321 1778 1851 1859 
9322 328 327 2237 
9323 1543 1802 1810 
9324 2403 2469 2595 
9325 3491 3333 3733 
9326 3329 152 3552 
9327 569 568 2088 
9328 3685 3596 3827 
9329 1294 1127 1337 
9330 3574 3703 3825 
9331 687 686 3524 
9332 4712 4325 4802 
9333 3275 3197 3537 
9334 4556 4381 4810 
9335 3343 3543 3720 
9336 4655 4374 4836 
9337 689 688 2719 
9338 3813 136 4005 
9339 230 229 3034 
9340 1580 1636 1684 
9341 341 340 2671 
9342 3412 3147 3465 
9343 567 566 2089 
9344 5312 5201 5524 
9345 563 562 2035 
9346 531 530 2444 
9347 1582 1555 1681 
9348 2956 2907 3732 
9349 5170 4956 5220 
9350 4323 4637 4821 
9351 559 558 2079 
9352 358 357 3039 
9353 265 264 2912 
9354 4801 4730 4956 
9355 3327 3699 3761 
9356 1271 1308 1334 
9357 4139 4450 4528 
9358 694 693 3986 
9359 5597 5751 5855 
9360 1882 1939 2005 
9361 4720 5009 5211 
9362 3435 5277 5454 
9363 5756 5843 5921 
9364 1909 1997 2020 
9365 4544 4598 4705 
9366 1933 1859 1963 
9367 3812 4054 4252 
9368 561 560 2007 
9369 276 275 1956 
9370 2073 2175 2213 
9371 1543 1810 1890 
9372 5287 5199 5521 
9373 3699 3536 3881 
9374 1860 1938 1965 
9375 6004 5990 6024 
9376 3316 261 3394 
9377 3321 3241 3549 
9378 4887 4927 5201 
9379 3149 3054 3408 
9380 1941 1882 2005 
9381 1977 2038 2073 
9382 218 217 3617 
9383 691 690 4042 
9384 5207 5037 5565 
9385 769 768 2977 
9386 709 708 4334 
9387 4922 4988 5108 
9388 4723 4768 4998 
9389 692 691 4047 
9390 338 337 2624 
9391 5311 5526 5629 
9392 1780 1804 1817 
9393 5342 5200 5519 
9394 283 282 2978 
9395 693 692 3986 
9396 2852 2786 3030 
9397 244 243 3134 
9398 364 363 2752 
9399 3151 2995 3369 
9400 3642 3953 4054 
9401 4191 3982 4364 
9402 196 195 2982 
9403 2034 2017 2064 
9404 316 315 1957 
9405 326 325 2123 
9406 4041 3899 4257 
9407 3253 4743 5060 
9408 289 288 2797 
9409 3477 3664 3915 
9410 2411 2495 2784 
9411 2334 2330 2432 
9412 4673 4835 5028 
9413 2450 2404 2603 
9414 3623 3727 3945 
9415 708 707 4334 
9416 1157 1704 3634 
9417 2576 2702 2737 
9418 1532 1439 2190 
9419 162 161 2580 
9420 2014 2035 2177 
9421 4038 4245 4290 
9422 4565 4829 4921 
9423 3787 4060 4139 
9424 5037 5489 5565 
9425 3998 221 4078 
9426 2319 2211 2375 
9427 4366 4420 4653 
9428 3831 3762 4074 
9429 1959 2059 2114 
9430 4259 4400 4633 
9431 1939 1860 1965 
9432 4184 4113 4443 
9433 2064 2171 2214 
9434 3119 3352 3569 
9435 279 278 2908 
9436 3715 3883 4113 
9437 768 767 2977 
9438 5345 5287 5663 
9439 3553 3737 3949 
9440 5973 5814 5987 
9441 2957 3197 3275 
9442 5500 5509 5641 
9443 735 734 5664 
9444 308 307 2167 
9445 2034 2064 2119 
9446 3351 3060 3548 
9447 3490 3520 3627 
9448 4941 5870 5882 
9449 3625 3900 3963 
9450 4563 4626 4882 
9451 3528 1756 3539 
9452 184 183 2960 
9453 2135 2254 2317 
9454 719 718 4613 
9455 4881 4624 5051 
9456 324 323 2165 
9457 5291 5172 5516 
9458 206 205 2060 
9459 239 238 2062 
9460 2537 2685 2747 
9461 267 266 2910 
9462 211 210 3135 
9463 2775 2909 3059 
9464 5725 5817 5860 
9465 172 171 2061 
9466 4598 4332 4756 
9467 4981 5200 5342 
9468 4883 4819 5071 
9469 2864 2743 2968 
9470 2967 2764 3260 
9471 281 280 2840 
9472 344 2673 2802 
9473 4523 4430 4830 
9474 4523 4830 4997 
9475 530 529 2444 
9476 2373 2490 2537 
9477 323 322 2142 
9478 539 538 2392 
9479 4452 3839 4658 
9480 2347 2223 2377 
9481 251 250 3802 
9482 2114 2180 2255 
9483 4182 3979 4458 
9484 2069 2054 2131 
9485 5264 5482 5571 
9486 232 231 2961 
9487 4705 5002 5154 
9488 4703 4865 4995 
9489 4216 4373 4663 
9490 745 744 3533 
9491 318 317 2146 
9492 5490 5285 5633 
9493 177 176 2679 
9494 5206 5146 5277 
9495 242 241 2964 
9496 5016 4850 5162 
9497 319 318 2166 
9498 321 320 2132 
9499 4413 4198 4614 
9500 197 196 3040 
9501 4453 4228 4645 
9502 2211 2347 2375 
9503 3313 212 3380 
9504 292 291 2632 
9505 3997 4264 4847 
9506 2484 2452 2538 
9507 1682 1756 3528 
9508 4292 4174 4597 
9509 312 311 2224 
9510 4205 3973 4384 
9511 3945 3751 4080 
9512 2867 2794 3084 
9513 534 533 2453 
9514 5754 5857 5911 
9515 2214 2324 2373 
9516 2973 3327 3534 
9517 5072 5177 5414 
9518 3753 3954 4101 
9519 234 233 2979 
9520 744 743 3533 
9521 310 309 2134 
9522 3896 3609 4111 
9523 2223 2329 2377 
9524 461 2358 5763 
9525 4729 4686 4989 
9526 3625 3537 3900 
9527 734 733 4336 
9528 4197 4449 4549 
9529 2245 2321 2411 
9530 4926 5136 5387 
9531 3120 3354 3451 
9532 235 234 3090 
9533 294 293 2748 
9534 3868 3812 4002 
9535 6003 5263 6028 
9536 3785 4057 4197 
9537 5965 5894 6002 
9538 5492 5648 5724 
9539 4414 4211 4498 
9540 4165 3827 4269 
9541 4038 4012 4245 
9542 725 724 4553 
9543 540 539 2365 
9544 3844 1684 3973 
9545 272 271 2940 
9546 2377 2497 2574 
9547 2145 2088 2211 
9548 4252 4429 4622 
9549 2958 3183 3290 
9550 4138 4305 5124 
9551 253 252 3826 
9552 4198 4395 4614 
9553 4373 4477 4609 
9554 404 403 1816 
9555 3786 3604 3891 
9556 271 270 2854 
9557 4966 5062 5227 
9558 546 545 2577 
9559 4335 4259 4633 
9560 3730 5019 5242 
9561 2638 2814 2924 
9562 476 5945 5968 
9563 269 268 2842 
9564 3017 2893 3083 
9565 3963 3900 4259 
9566 3251 147 3317 
9567 4586 4456 4816 
9568 2475 2540 2687 
9569 295 294 2893 
9570 3287 3531 3641 
9571 2088 2178 2211 
9572 4974 4953 5325 
9573 4003 4447 4638 
9574 352 351 2787 
9575 4516 4364 4607 
9576 4585 4458 4822 
9577 3818 4067 4231 
9578 3308 144 3535 
9579 2833 3045 3102 
9580 3532 3287 3641 
9581 5883 5918 5941 
9582 2779 2598 2975 
9583 532 531 2482 
9584 544 543 2483 
9585 366 365 2688 
9586 4771 4971 5222 
9587 2007 2102 2148 
9588 505 504 3123 
9589 2358 459 5520 
9590 536 535 2353 
9591 538 537 2392 
9592 2101 2007 2148 
9593 717 716 4425 
9594 176 175 2535 
9595 2178 2089 2223 
9596 255 254 3857 
9597 2198 2290 2356 
9598 5737 5605 5839 
9599 3446 3719 3818 
9600 3157 2968 3286 
9601 2089 2183 2223 
9602 3895 3824 4094 
9603 3882 3630 4083 
9604 542 541 2481 
9605 5112 4584 5389 
9606 2063 2133 2198 
9607 3191 2958 3290 
9608 4727 4780 4961 
9609 164 163 2534 
9610 119 118 2362 
9611 3928 3764 4117 
9612 2554 2446 2638 
9613 2470 2222 2591 
9614 5721 5598 5822 
9615 2251 2134 2293 
9616 3636 780 3909 
9617 509 508 2959 
9618 3054 3150 3408 
9619 2725 2921 2957 
9620 2167 2238 2298 
9621 4738 4523 4997 
9622 5196 5397 5514 
9623 3371 3120 3451 
9624 5182 4994 5333 
9625 4764 4631 4935 
9626 3385 3339 3477 
9627 2134 2250 2293 
9628 3290 3485 3640 
9629 2868 2798 3085 
9630 2420 2293 2462 
9631 2293 2429 2462 
9632 4014 3825 4285 
9633 4175 4105 4502 
9634 4630 4508 4844 
9635 350 349 2676 
9636 3275 3537 3625 
9637 711 710 4423 
9638 716 715 4425 
9639 4195 4072 4385 
9640 209 208 2965 
9641 533 532 2453 
9642 4734 5343 5528 
9643 4702 4996 5187 
9644 4260 4178 4454 
9645 3451 3708 3820 
9646 537 536 2394 
9647 2833 3102 3362 
9648 4503 4686 4729 
9649 4043 3506 4203 
9650 4138 5124 5264 
9651 2746 2792 2877 
9652 1314 1264 1357 
9653 4021 4147 4479 
9654 2955 2924 3140 
9655 165 164 2578 
9656 771 770 2920 
9657 5204 5332 5406 
9658 2097 2176 2265 
9659 2356 2489 2526 
9660 2719 3710 3947 
9661 4082 3910 5237 
9662 1275 1287 1314 
9663 339 338 2624 
9664 710 709 4423 
9665 4097 4298 4362 
9666 4969 4937 5104 
9667 5099 5377 5455 
9668 384 383 3463 
9669 2248 2132 2302 
9670 3571 3102 3678 
9671 545 544 2577 
9672 2973 3229 3327 
9673 3821 3714 4072 
9674 368 367 2530 
9675 5868 5733 5935 
9676 2132 2249 2302 
9677 5597 5457 5751 
9678 199 198 2962 
9679 181 180 3195 
9680 2530 2730 2866 
9681 4731 4937 4969 
9682 5683 5723 5831 
9683 3959 4112 4149 
9684 2276 140 4187 
9685 4298 4509 4636 
9686 4874 4932 5166 
9687 2148 2252 2294 
9688 470 469 2104 
9689 1351 1384 1398 
9690 1839 1821 2080 
9691 770 769 2920 
9692 3147 3338 3465 
9693 5181 5278 5561 
9694 4464 4389 4673 
9695 153 152 3329 
9696 4199 4088 4456 
9697 4246 3986 4355 
9698 4830 4933 5219 
9699 2179 2097 2265 
9700 4877 4791 4908 
9701 2246 2123 2283 
9702 2250 2167 2298 
9703 2612 2439 2694 
9704 348 347 2675 
9705 2761 2890 3050 
9706 5272 5182 5498 
9707 5598 5456 5744 
9708 3980 3919 4218 
9709 2226 2315 2391 
9710 2756 1434 2945 
9711 1957 2036 2063 
9712 2605 2538 2637 
9713 3091 3241 3321 
9714 747 746 3271 
9715 3146 3323 3484 
9716 340 339 2671 
9717 2071 2164 2216 
9718 2148 2294 2419 
9719 2403 2283 2469 
9720 5428 5355 5638 
9721 1957 2063 2181 
9722 201 200 2980 
9723 543 542 2483 
9724 3958 3891 4164 
9725 3327 3536 3699 
9726 535 534 2353 
9727 5365 5493 5661 
9728 3064 2853 3068 
9729 3978 4185 4359 
9730 5138 5340 5794 
9731 2485 2398 2592 
9732 2540 2485 2592 
9733 5558 5087 5669 
9734 4514 4437 4808 
9735 5756 5637 5843 
9736 202 201 3042 
9737 167 166 2542 
9738 3098 3288 3446 
9739 3902 3724 4104 
9740 514 513 2830 
9741 494 493 4486 
9742 746 745 3271 
9743 727 726 4337 
9744 3811 4021 4183 
9745 2325 2212 2379 
9746 3360 3111 3558 
9747 3986 4247 4355 
9748 151 150 3306 
9749 541 540 2481 
9750 714 713 4369 
9751 2790 157 2861 
9752 346 345 2674 
9753 2346 2216 2397 
9754 5943 5898 5992 
9755 342 341 2672 
9756 3556 3315 3744 
9757 3298 3348 3469 
9758 3074 2737 3111 
9759 168 167 2579 
9760 2528 2686 2734 
9761 4739 463 5849 
9762 4834 4705 5026 
9763 3140 3398 3474 
9764 4717 4520 5007 
9765 344 343 2673 
9766 4242 4205 4388 
9767 5260 5422 5681 
9768 356 355 2847 
9769 4835 4389 4847 
9770 520 519 2966 
9771 4418 3994 4512 
9772 2028 1254 2087 
9773 3812 3642 4054 
9774 3501 3846 3994 
9775 2176 2071 2216 
9776 4938 5228 5404 
9777 491 490 3983 
9778 5090 4902 5355 
9779 2869 2801 3086 
9780 3370 3598 3599 
9781 3269 3530 3620 
9782 715 714 4369 
9783 1764 3177 3347 
9784 4933 5166 5413 
9785 3846 4341 4591 
9786 3131 2992 3379 
9787 149 148 3252 
9788 2087 1254 2173 
9789 488 487 4177 
9790 773 772 2729 
9791 2677 2688 3332 
9792 2829 4939 5099 
9793 1821 1892 2080 
9794 4182 4458 4585 
9795 4512 3994 4629 
9796 516 515 3035 
9797 5699 5725 5860 
9798 4699 4514 4994 
9799 4141 4381 4556 
9800 2123 2247 2283 
9801 3529 3119 3569 
9802 148 147 3251 
9803 772 771 2729 
9804 4718 4968 5178 
9805 4134 3958 4437 
9806 172 2061 2930 
9807 2722 3095 3098 
9808 5405 6003 6028 
9809 3283 3131 3379 
9810 4318 4265 4641 
9811 2449 2571 2656 
9812 2283 2418 2469 
9813 4977 4931 5184 
9814 508 507 2959 
9815 489 488 5781 
9816 3107 3318 3466 
9817 1890 1810 2593 
9818 4935 5363 5510 
9819 3683 3854 3959 
9820 2541 2713 2742 
9821 4638 4447 5052 
9822 5005 4721 5188 
9823 3062 3129 3398 
9824 1609 1660 1744 
9825 2696 2818 2856 
9826 2398 2507 2592 
9827 3604 3432 3891 
9828 4640 4358 4873 
9829 4165 4579 4760 
9830 5494 5455 5683 
9831 3755 3944 4100 
9832 2928 2881 3030 
9833 5501 5532 5645 
9834 1906 1964 2017 
9835 4932 5001 5131 
9836 2438 2647 2725 
9837 1711 1683 1753 
9838 5848 5752 5908 
9839 2295 2396 2448 
9840 5804 5721 5884 
9841 3494 3106 3693 
9842 2212 2326 2379 
9843 5441 5502 5625 
9844 4679 4441 4721 
9845 374 373 2437 
9846 522 521 3031 
9847 728 727 6025 
9848 4815 5038 5210 
9849 712 711 4131 
9850 2216 2303 2397 
9851 6042 471 6043 
9852 131 130 3834 
9853 5397 5420 5653 
9854 2366 2450 2550 
9855 2711 2825 3224 
9856 4443 4240 4671 
9857 510 509 3032 
9858 2555 2642 2762 
9859 5727 5736 5859 
9860 469 468 6049 
9861 4902 4702 5187 
9862 3394 3237 3495 
9863 155 1004 3063 
9864 5106 5365 5434 
9865 713 712 4131 
9866 4381 4691 4761 
9867 521 520 3036 
9868 5292 5106 5434 
9869 3227 2967 3424 
9870 1651 2314 2501 
9871 1933 1963 1992 
9872 2870 2802 3088 
9873 513 512 2830 
9874 2002 1918 2119 
9875 2353 2492 2541 
9876 4232 4441 4500 
9877 145 144 3308 
9878 4348 4218 4631 
9879 2110 2016 2194 
9880 2571 1890 2593 
9881 4868 4558 4991 
9882 2493 2353 2541 
9883 354 353 3025 
9884 5696 5810 5926 
9885 4995 4896 5096 
9886 3260 3284 3565 
9887 2526 3073 3115 
9888 2583 2483 2657 
9889 2960 3416 3585 
9890 5010 4718 5178 
9891 5156 4929 5359 
9892 4513 4439 4833 
9893 4767 4673 5028 
9894 4611 4549 4702 
9895 519 518 2966 
9896 5536 5294 5598 
9897 2139 1790 2184 
9898 2405 2334 2455 
9899 2439 2557 2694 
9900 5457 5292 5637 
9901 2648 2747 2934 
9902 4553 724 5785 
9903 2483 2584 2657 
9904 4436 4237 4576 
9905 4447 4250 4796 
9906 3736 3843 3978 
9907 2711 3224 3395 
9908 5592 5428 5752 
9909 515 514 3033 
9910 2967 3260 3424 
9911 4569 4323 4821 
9912 3477 3339 3664 
9913 5904 5889 5962 
9914 4128 4136 4472 
9915 346 2674 2800 
9916 2334 2432 2455 
9917 518 517 3038 
9918 4362 4298 4636 
9919 517 516 3035 
9920 202 3042 3257 
9921 1734 1751 1778 
9922 3701 3196 3941 
9923 774 773 3182 
9924 3915 4008 4313 
9925 3051 2840 3110 
9926 2542 2754 2903 
9927 3300 3114 3361 
9928 5070 5161 5680 
9929 4183 4021 4479 
9930 2539 2669 2738 
9931 729 728 6038 
9932 4787 4731 4969 
9933 5975 5832 6007 
9934 3234 3418 3596 
9935 5356 5131 5546 
9936 463 5749 5849 
9937 4001 4270 4323 
9938 2734 2917 2992 
9939 5961 5920 5995 
9940 5508 5260 5681 
9941 4285 4052 4508 
9942 1831 2139 2245 
9943 3673 3477 3915 
9944 3741 3942 4001 
9945 4191 4516 4682 
9946 3475 3534 3761 
9947 1338 1258 1347 
9948 3534 3327 3761 
9949 732 731 5907 
9950 5482 5628 5754 
9951 2237 327 2246 
9952 748 747 3878 
9953 4646 4817 5032 
9954 3567 3278 3628 
9955 4333 4440 4554 
9956 4131 4444 4564 
9957 4420 4139 4653 
9958 141 140 2276 
9959 113 112 2275 
9960 4092 4048 4171 
9961 733 732 5907 
9962 2871 2800 3089 
9963 4100 4309 4481 
9964 2692 158 2790 
9965 3140 3062 3398 
9966 453 2838 5452 
9967 4701 4964 5192 
9968 2971 2925 3116 
9969 4232 4094 4441 
9970 2947 3011 3119 
9971 5912 5897 5921 
9972 371 370 2865 
9973 5117 5388 5492 
9974 5693 5568 5803 
9975 3201 2956 3417 
9976 775 774 3145 
9977 776 775 3145 
9978 2917 2994 3239 
9979 4237 4438 4576 
9980 4540 4765 5036 
9981 4606 4806 5022 
9982 2924 3062 3140 
9983 2491 2365 2612 
9984 474 473 6027 
9985 3380 3135 3540 
9986 490 489 3983 
9987 3795 3979 4182 
9988 2768 2694 2862 
9989 2199 2601 2807 
9990 2137 2243 2284 
9991 4194 4073 4398 
9992 750 749 3840 
9993 4233 4106 4446 
9994 381 380 3304 
9995 5308 5078 5515 
9996 5048 4814 5168 
9997 1450 1468 1598 
9998 4729 4989 5185 
9999 2854 3057 3130 
10000 5573 6020 6024 
10001 4673 4389 4835 
10002 1729 1818 1884 
10003 3118 3058 3403 
10004 778 777 2652 
10005 2444 2575 2634 
10006 5847 5765 5922 
10007 3733 3873 4110 
10008 749 748 3840 
10009 2911 3041 3236 
10010 731 730 4132 
10011 4425 4628 4884 
10012 5910 5855 5928 
10013 2882 2963 3161 
10014 2457 2377 2574 
10015 2694 2775 2862 
10016 3286 3482 3741 
10017 1734 1778 1794 
10018 2907 3701 3732 
10019 3537 3407 3753 
10020 4997 5219 5243 
10021 730 729 4132 
10022 1956 2037 2722 
10023 2713 2555 2762 
10024 5801 5693 5920 
10025 5078 5154 5261 
10026 5011 5247 5403 
10027 3378 3184 3573 
10028 496 495 3884 
10029 3633 3573 3919 
10030 764 763 3703 
10031 3976 4404 4562 
10032 3175 3358 3602 
10033 2701 2539 2738 
10034 5165 4963 5218 
10035 5453 5259 5568 
10036 2062 2169 2829 
10037 762 761 3635 
10038 763 762 3703 
10039 5631 5416 5746 
10040 498 497 3808 
10041 3343 3199 3543 
10042 3826 4065 4201 
10043 761 760 3635 
10044 3951 3961 4061 
10045 127 1410 5522 
10046 2256 2137 2284 
10047 3373 3136 3538 
10048 3744 3864 3995 
10049 3545 3410 3717 
10050 379 378 3305 
10051 4267 4464 4560 
10052 4898 4701 5192 
10053 760 759 3705 
10054 459 458 5349 
10055 2451 2364 2516 
10056 3185 3131 3283 
10057 5510 5363 5647 
10058 2759 2709 2925 
10059 5318 5093 5439 
10060 2582 2444 2634 
10061 2634 2761 2850 
10062 5311 5089 5526 
10063 2809 2679 2922 
10064 4611 4702 4816 
10065 758 757 3611 
10066 239 2062 3383 
10067 2976 3029 3146 
10068 4328 4685 4707 
10069 4747 4613 4944 
10070 759 758 3706 
10071 3966 4301 4403 
10072 5846 5887 5955 
10073 4751 4985 5023 
10074 4078 3828 4251 
10075 3022 3364 3563 
10076 2186 2295 2599 
10077 5434 5365 5661 
10078 4221 4660 4866 
10079 4190 4026 4286 
10080 1725 1822 1897 
10081 2769 2859 2994 
10082 4714 4710 4903 
10083 5041 5244 5412 
10084 754 753 4223 
10085 2729 2907 2956 
10086 3627 3520 3853 
10087 5576 5766 5844 
10088 4894 2274 5017 
10089 4265 4064 4455 
10090 757 756 3611 
10091 2851 2779 2975 
10092 756 755 3829 
10093 4389 3997 4847 
10094 2803 2656 2932 
10095 4617 4318 4814 
10096 1256 2371 2660 
10097 4748 2274 4894 
10098 4824 4729 4929 
10099 2947 3119 3384 
10100 4921 4999 5258 
10101 2996 2851 3199 
10102 3282 3126 3475 
10103 2064 2214 2266 
10104 1438 1520 1550 
10105 4040 3996 4262 
10106 2797 2858 3003 
10107 3470 1717 3784 
10108 5111 5217 5329 
10109 753 752 4223 
10110 5483 4906 5559 
10111 377 376 3460 
10112 1469 1521 1558 
10113 4395 4606 4861 
10114 2124 3312 4401 
10115 1633 1378 1637 
10116 3478 3528 3702 
10117 1514 1548 1584 
10118 755 754 3829 
10119 392 391 3622 
10120 3643 3899 4041 
10121 4723 4595 4768 
10122 3452 3400 3527 
10123 1470 1522 1559 
10124 751 750 3100 
10125 1515 1562 1590 
10126 5001 4771 5222 
10127 1514 1523 1548 
10128 3836 3716 4063 
10129 138 137 4050 
10130 5978 5961 6008 
10131 5614 5497 5714 
10132 3445 3303 3638 
10133 3579 3351 3780 
10134 3194 2971 3366 
10135 1471 1524 1561 
10136 137 136 3813 
10137 493 492 3790 
10138 5265 5142 5561 
10139 4872 4526 5295 
10140 3544 3366 3723 
10141 2926 2734 3087 
10142 3425 3602 3755 
10143 4772 4535 5000 
10144 2869 3086 3163 
10145 1439 1533 1567 
10146 4402 4267 4560 
10147 500 499 3883 
10148 752 751 3100 
10149 2729 2956 3201 
10150 129 128 5309 
10151 1525 1471 1561 
10152 2870 3088 3162 
10153 1533 1478 1566 
10154 5855 5751 5928 
10155 165 2578 2699 
10156 1383 1305 1430 
10157 5633 5517 5770 
10158 3997 3923 4264 
10159 4262 4261 4396 
10160 2902 2803 2932 
10161 2871 3089 3117 
10162 3352 3696 3718 
10163 4042 2719 4287 
10164 3271 3525 3609 
10165 3876 3699 4068 
10166 2969 2849 3126 
10167 476 475 3632 
10168 3784 3715 4184 
10169 3142 3383 5133 
10170 4783 4569 5029 
10171 4637 4855 5049 
10172 1446 1535 1601 
10173 499 498 3885 
10174 1516 1590 1650 
10175 4887 4475 4927 
10176 3363 3563 3759 
10177 4806 5041 5144 
10178 4555 4776 5018 
10179 2793 2676 3350 
10180 5894 5943 6002 
10181 4358 4167 4544 
10182 3352 3579 3696 
10183 460 459 2358 
10184 4158 4390 4566 
10185 5478 4734 5552 
10186 3396 3331 3517 
10187 3089 2870 3162 
10188 3867 3627 4064 
10189 1156 4799 4946 
10190 3270 3545 3716 
10191 4520 4362 4820 
10192 2281 2466 2608 
10193 495 494 3884 
10194 5577 5741 5840 
10195 2676 2796 3350 
10196 2351 2222 2359 
10197 3088 2869 3163 
10198 348 2675 2796 
10199 497 496 3808 
10200 5000 4535 5117 
10201 5201 4927 5410 
10202 3100 4069 4178 
10203 5942 5941 5982 
10204 448 2839 5759 
10205 4052 3811 4183 
10206 4570 4335 4750 
10207 4208 3984 4354 
10208 2515 2421 2689 
10209 390 389 4378 
10210 5200 4887 5201 
10211 4261 4110 4501 
10212 3050 2890 3151 
10213 3922 3651 4073 
10214 4516 4607 4701 
10215 4592 4427 4811 
10216 1636 1579 1646 
10217 5260 5178 5366 
10218 3111 3363 3558 
10219 2649 2691 2782 
10220 465 464 4739 
10221 3413 3270 3507 
10222 5295 5593 5596 
10223 4744 1156 4946 
10224 2871 3117 3372 
10225 5454 5464 5577 
10226 4286 3981 4344 
10227 3539 3347 3747 
10228 3410 3521 3717 
10229 3407 3141 3595 
10230 1240 1271 1334 
10231 5971 5972 5990 
10232 162 2580 2695 
10233 2125 3313 3456 
10234 1579 1583 1646 
10235 3990 3456 4154 
10236 4569 4821 5029 
10237 5303 5508 5611 
10238 779 778 2652 
10239 2960 3190 3416 
10240 3045 2976 3146 
10241 5514 5397 5653 
10242 5359 5562 5662 
10243 1764 3347 3539 
10244 5018 4922 5216 
10245 5628 5439 5737 
10246 4899 4742 5415 
10247 3100 4178 4260 
10248 1806 2000 2053 
10249 3385 3477 3584 
10250 4818 4714 5055 
10251 4566 4841 4909 
10252 124 123 5180 
10253 473 472 3830 
10254 2009 3139 3245 
10255 4842 4701 4898 
10256 4895 5190 5285 
10257 3649 3934 4085 
10258 5258 4999 5343 
10259 4565 4353 4829 
10260 467 466 4511 
10261 4393 4573 4953 
10262 5633 5770 5828 
10263 4751 4586 4985 
10264 3372 3117 3578 
10265 2735 2942 2973 
10266 5239 5362 5509 
10267 5420 5595 5761 
10268 1639 1633 1801 
10269 2643 2864 3073 
10270 2717 2559 2828 
10271 4996 4815 5210 
10272 1602 1452 1659 
10273 4989 4727 5152 
10274 4191 4364 4516 
10275 417 416 2121 
10276 1668 1700 1862 
10277 1633 1696 1801 
10278 399 398 3655 
10279 483 482 5569 
10280 5883 5941 5942 
10281 134 133 3606 
10282 3682 3454 3868 
10283 3720 3651 3922 
10284 5770 5872 5913 
10285 2035 2101 2105 
10286 4539 4164 4668 
10287 2985 3775 3776 
10288 3721 3904 4019 
10289 3564 3367 3765 
10290 5432 5546 5599 
10291 492 491 5334 
10292 2763 2892 2997 
10293 4560 4464 4673 
10294 5050 4784 5225 
10295 457 456 5081 
10296 3159 3921 4116 
10297 5455 5644 5683 
10298 3305 3551 3727 
10299 5887 5847 5963 
10300 4691 4737 4761 
10301 3507 3270 3716 
10302 2982 3143 3328 
10303 5605 5426 5742 
10304 3996 4261 4262 
10305 4430 4376 4583 
10306 1256 2660 2785 
10307 3801 4013 4138 
10308 3889 4016 4206 
10309 5869 5718 5888 
10310 2060 2170 2831 
10311 3044 2846 3192 
10312 4732 4957 5250 
10313 5894 5806 5943 
10314 1966 1904 2001 
10315 5683 5644 5723 
10316 468 467 4798 
10317 5806 5748 5898 
10318 3004 2730 3099 
10319 4967 5164 5314 
10320 3271 3609 3896 
10321 3680 3955 4023 
10322 5525 5264 5651 
10323 1271 1294 1308 
10324 5808 6021 6033 
10325 2542 2699 2754 
10326 4516 4701 4842 
10327 2270 2202 2279 
10328 4814 5045 5168 
10329 5192 5393 5472 
10330 3076 3048 3141 
10331 412 4778 4886 
10332 2534 2695 2764 
10333 5020 4950 5208 
10334 446 5499 5646 
10335 2449 2656 2803 
10336 3404 3489 3722 
10337 4265 4455 4641 
10338 1811 1735 1886 
10339 5109 5178 5260 
10340 5426 5265 5623 
10341 4427 4208 4634 
10342 1954 1867 2001 
10343 5332 4754 5545 
10344 463 462 5749 
10345 3111 2737 3172 
10346 5749 461 5763 
10347 2365 2392 2439 
10348 3638 3982 4191 
10349 3623 3550 3727 
10350 4935 5232 5363 
10351 1934 1870 1941 
10352 3900 3753 4101 
10353 3631 4547 4722 
10354 4140 4036 4272 
10355 459 5349 5520 
10356 5234 5016 5507 
10357 1665 1569 1711 
10358 2709 2826 2925 
10359 1793 1723 1846 
10360 4791 4605 4975 
10361 2903 2754 3048 
10362 3866 3624 3996 
10363 3905 3611 3989 
10364 2146 2181 2228 
10365 1914 1987 1999 
10366 5162 4867 5360 
10367 3442 3735 3837 
10368 4479 4147 4655 
10369 479 478 3433 
10370 5419 5565 5654 
10371 3513 3372 3578 
10372 1006 3998 4167 
10373 3624 3908 3996 
10374 1723 1794 1846 
10375 4245 4145 4333 
10376 2530 2677 2730 
10377 4833 4548 4948 
10378 2111 2044 2196 
10379 5413 5356 5432 
10380 3697 3442 3837 
10381 2453 2482 2555 
10382 4807 4588 5077 
10383 2580 2683 2822 
10384 2519 2400 2619 
10385 5375 5294 5536 
10386 5055 5395 5417 
10387 4249 4213 4375 
10388 3611 3906 3989 
10389 394 393 4952 
10390 3138 3359 3493 
10391 3408 3150 3491 
10392 5501 5386 5532 
10393 4784 4570 5013 
10394 4178 4435 4574 
10395 4381 4761 4810 
10396 1755 1668 1862 
10397 2061 2174 2438 
10398 3026 3019 3231 
10399 1403 1377 1458 
10400 1612 1706 1869 
10401 5081 455 5353 
10402 1410 126 5298 
10403 4983 4722 5093 
10404 2890 2995 3151 
10405 4733 5074 5143 
10406 3904 3831 4019 
10407 2688 2923 3332 
10408 2321 2230 2409 
10409 2126 2757 2849 
10410 2210 2142 2248 
10411 2392 2394 2439 
10412 3804 4098 4267 
10413 4776 4876 4922 
10414 3908 3733 4110 
10415 4003 3876 4250 
10416 5104 5490 5594 
10417 5187 4996 5391 
10418 1938 1914 1999 
10419 5260 5366 5422 
10420 2898 2789 2902 
10421 3509 3689 3957 
10422 5477 5390 5518 
10423 1703 1612 1869 
10424 4057 4036 4140 
10425 3887 3678 4088 
10426 4180 3804 4267 
10427 2014 2177 2263 
10428 3471 3304 3767 
10429 3177 3061 3189 
10430 472 471 6042 
10431 3149 3408 3453 
10432 5420 5761 5762 
10433 2757 178 2809 
10434 5948 5928 5975 
10435 1992 1963 2021 
10436 2847 3058 3118 
10437 5318 5439 5628 
10438 3034 2981 3501 
10439 4454 4178 4574 
10440 5451 5440 5586 
10441 4147 4374 4655 
10442 3150 3333 3491 
10443 4661 4712 5038 
10444 475 474 3632 
10445 5883 5942 5967 
10446 401 400 5917 
10447 2733 3330 3546 
10448 5884 5949 5969 
10449 2813 2985 3588 
10450 5016 5162 5262 
10451 4588 4649 5077 
10452 4091 3803 4293 
10453 4895 5285 5535 
10454 5630 5515 5765 
10455 4927 5033 5410 
10456 408 407 3987 
10457 3514 3697 3804 
10458 4386 4288 4493 
10459 4404 4414 4562 
10460 5266 5430 5691 
10461 6022 5578 6041 
10462 3959 3854 4112 
10463 3821 4072 4195 
10464 482 481 5569 
10465 402 401 5890 
10466 1005 3311 3454 
10467 396 395 3435 
10468 5261 5364 5538 
10469 5029 4821 5205 
10470 4698 5025 5199 
10471 3409 3301 3448 
10472 3702 3539 3747 
10473 4689 4791 4877 
10474 4535 4418 5117 
10475 4163 3609 4457 
10476 2822 2944 2999 
10477 3463 3745 3907 
10478 2572 2609 2630 
10479 5544 5522 5622 
10480 3144 3387 3481 
10481 1888 1846 1933 
10482 3393 3161 3564 
10483 3311 187 3373 
10484 4952 393 5024 
10485 4400 4603 4845 
10486 4249 4375 4672 
10487 4233 4446 4669 
10488 5382 5119 5513 
10489 4678 4377 4757 
10490 4590 4372 4818 
10491 2846 3077 3192 
10492 4092 4171 4488 
10493 4254 4126 5230 
10494 4060 3901 4279 
10495 4684 4746 4895 
10496 4605 4703 4975 
10497 2830 3037 3150 
10498 407 406 5766 
10499 3801 3670 4013 
10500 2915 2637 3129 
10501 3486 3948 4114 
10502 5974 6047 6048 
10503 3944 4127 4309 
10504 3054 2830 3150 
10505 4047 4042 4465 
10506 3835 3718 4091 
10507 123 122 4890 
10508 2987 2865 3170 
10509 3915 4313 4459 
10510 3032 3198 3291 
10511 4187 4382 4474 
10512 2959 3186 3319 
10513 3123 3356 3455 
10514 4179 4111 4445 
10515 2079 2179 2186 
10516 3710 3524 3734 
10517 4001 4323 4493 
10518 3524 3532 3734 
10519 4997 4830 5219 
10520 4140 4325 4661 
10521 4618 3801 5525 
10522 3046 2812 3228 
10523 5187 5391 5533 
10524 4429 4219 4638 
10525 2492 2453 2555 
10526 3652 3478 3660 
10527 2344 2231 2512 
10528 3696 3579 3780 
10529 4070 3808 4173 
10530 3108 3336 3442 
10531 1314 1357 1387 
10532 3699 3881 4068 
10533 2102 2079 2186 
10534 2859 2805 3244 
10535 3544 3898 4073 
10536 2790 2861 3000 
10537 3753 3595 3954 
10538 3808 4071 4173 
10539 2838 451 5734 
10540 116 115 5269 
10541 1855 5854 5889 
10542 3217 3032 3291 
10543 3198 2959 3319 
10544 4139 4528 4653 
10545 4438 4236 4462 
10546 3174 2552 3395 
10547 4862 5069 5128 
10548 5254 5235 5304 
10549 4366 4653 4804 
10550 2242 2144 2257 
10551 3019 2850 3050 
10552 3186 3376 3593 
10553 5066 4990 5088 
10554 3696 3780 3803 
10555 3455 3714 3821 
10556 3040 2982 3554 
10557 5729 5826 5843 
10558 5790 6022 6041 
10559 3602 3653 3944 
10560 2326 2237 2336 
10561 4724 5014 5189 
10562 4816 4702 4902 
10563 2402 2286 2503 
10564 2684 2577 2707 
10565 1855 5889 5904 
10566 3899 3755 4100 
10567 3506 3236 4268 
10568 4947 4698 5083 
10569 2495 2409 2605 
10570 478 477 3433 
10571 5806 5898 5943 
10572 3283 3379 3509 
10573 3972 4238 4356 
10574 3595 3607 3954 
10575 4318 4641 4814 
10576 2590 2689 2823 
10577 3420 3258 3514 
10578 4266 4092 4488 
10579 3475 3126 3534 
10580 4929 5185 5359 
10581 4527 5332 5545 
10582 4450 4279 4667 
10583 3715 4113 4184 
10584 1449 1701 1758 
10585 3761 3699 3876 
10586 5751 5809 5928 
10587 2237 2246 2336 
10588 4812 4667 5043 
10589 5198 437 5407 
10590 5836 5923 5962 
10591 4676 4322 4878 
10592 4964 5174 5393 
10593 3976 4562 4773 
10594 5583 5520 5771 
10595 2906 3069 3258 
10596 5357 5192 5472 
10597 2679 2535 2735 
10598 4236 4246 4462 
10599 414 413 4011 
10600 4546 4343 4831 
10601 3192 3077 3413 
10602 5928 5809 5975 
10603 5069 5094 5390 
10604 3376 3123 3455 
10605 2406 2289 2413 
10606 4259 4101 4400 
10607 5532 5336 5614 
10608 397 5616 5779 
10609 3466 3721 3917 
10610 3622 4644 4770 
10611 5277 5146 5464 
10612 5355 5187 5533 
10613 4756 5037 5207 
10614 4540 4479 4655 
10615 5364 5419 5538 
10616 4927 4475 5238 
10617 3251 3317 3487 
10618 3490 3430 3520 
10619 5466 446 5646 
10620 4257 4100 4481 
10621 5144 5041 5412 
10622 4138 4013 4305 
10623 3170 3303 3429 
10624 448 447 2839 
10625 2789 2803 2902 
10626 4761 4737 4966 
10627 4539 4742 4899 
10628 4986 4905 5226 
10629 3077 3247 3413 
10630 3741 4001 4288 
10631 2689 2550 2767 
10632 5562 5513 5662 
10633 4094 3824 5214 
10634 466 465 4511 
10635 3530 3286 3741 
10636 1701 1449 1757 
10637 4192 4271 4339 
10638 2289 2325 2413 
10639 5752 5638 5852 
10640 3314 1716 3574 
10641 2877 3008 3241 
10642 1999 2016 2110 
10643 5519 5312 5591 
10644 2705 2384 2820 
10645 3250 3599 3647 
10646 113 2275 5665 
10647 151 3306 3552 
10648 5461 5436 5588 
10649 4620 4422 4646 
10650 3488 3675 3913 
10651 3711 3466 3917 
10652 4780 4556 5030 
10653 464 463 4739 
10654 5359 5185 5562 
10655 3432 3361 4473 
10656 3370 3329 3598 
10657 3231 3289 3521 
10658 2224 2251 2288 
10659 4449 4140 4661 
10660 5185 4989 5382 
10661 3308 3535 3676 
10662 2708 2590 2823 
10663 2709 2595 2826 
10664 2573 2457 2574 
10665 4386 4493 4681 
10666 2891 1434 3031 
10667 3016 3661 3749 
10668 2781 2733 3219 
10669 5125 5321 5461 
10670 5900 3433 5968 
10671 2342 2231 2344 
10672 2428 2401 2564 
10673 1756 1713 1764 
10674 4435 4179 4445 
10675 4140 4272 4325 
10676 1998 1908 2026 
10677 4372 4550 4714 
10678 780 779 3707 
10679 2503 2451 2712 
10680 2333 2226 2391 
10681 4530 4648 4787 
10682 2364 2451 2503 
10683 2595 2708 2826 
10684 1600 1490 1660 
10685 4298 4117 4509 
10686 4987 3790 5334 
10687 4576 4719 5031 
10688 5341 5275 5469 
10689 5076 5100 5397 
10690 2362 118 5449 
10691 5950 5877 5955 
10692 4422 4436 4646 
10693 4799 4610 4869 
10694 109 108 3656 
10695 5713 5569 5806 
10696 4815 4661 5038 
10697 3038 3035 3106 
10698 4650 4380 4876 
10699 2220 2330 2334 
10700 2249 2166 2339 
10701 3647 3817 4118 
10702 5820 3433 5900 
10703 5142 5181 5561 
10704 4981 4887 5200 
10705 5011 4811 5247 
10706 5945 3632 5986 
10707 5811 6051 6052 
10708 4306 3999 4431 
10709 4999 4921 5240 
10710 4647 4196 4867 
10711 3654 3463 3850 
10712 3528 3539 3702 
10713 2146 2228 2339 
10714 3809 4209 5053 
10715 5330 4949 5509 
10716 2977 3184 3378 
10717 2857 2926 3087 
10718 4976 5160 5410 
10719 4552 4819 4883 
10720 4458 4794 4822 
10721 4622 4429 4839 
10722 4061 3961 4141 
10723 2988 1342 3108 
10724 5464 5507 5650 
10725 2379 2468 2597 
10726 3633 3980 4498 
10727 3633 3919 3980 
10728 5751 5756 5809 
10729 5993 5997 6010 
10730 110 109 5750 
10731 5435 5353 5606 
10732 3813 4005 4161 
10733 5534 5269 5601 
10734 2577 2583 2707 
10735 3484 3681 4480 
10736 5467 5274 5566 
10737 5638 5533 5757 
10738 4507 5175 5389 
10739 2243 2220 2334 
10740 2464 2544 2718 
10741 3379 3239 3591 
10742 4334 4624 4881 
10743 5711 5780 5791 
10744 4610 4620 4869 
10745 4651 4385 4865 
10746 1696 1726 1801 
10747 1644 1620 1707 
10748 4636 4509 4851 
10749 4456 4611 4816 
10750 3189 3301 3409 
10751 3759 3787 4015 
10752 2706 2697 2763 
10753 5103 5368 5499 
10754 2481 2491 2613 
10755 4133 4120 4239 
10756 2254 2155 2328 
10757 3449 3732 4211 
10758 1994 1996 2789 
10759 411 410 3788 
10760 235 3090 3253 
10761 4563 4423 4626 
10762 4633 4400 4845 
10763 5002 4756 5207 
10764 2480 2282 2589 
10765 4509 4681 4851 
10766 2156 2231 2342 
10767 5222 4971 5383 
10768 5763 5583 5867 
10769 3239 3428 3591 
10770 452 451 2838 
10771 2584 2481 2613 
10772 2327 2393 2508 
10773 3684 3571 4471 
10774 5884 5932 5949 
10775 4783 5204 5406 
10776 3573 3390 3691 
10777 3449 2956 3732 
10778 3648 3910 4082 
10779 458 457 5349 
10780 2497 2424 2608 
10781 3417 2956 3449 
10782 4255 4074 4477 
10783 3509 3591 3689 
10784 5270 5554 5674 
10785 434 433 2832 
10786 5192 4964 5393 
10787 5637 5434 5729 
10788 4821 4637 5049 
10789 2329 2263 2424 
10790 4520 4820 5007 
10791 4141 3961 4290 
10792 4759 4572 4873 
10793 462 461 5749 
10794 3894 3857 4121 
10795 4109 3827 4165 
10796 4814 4641 5045 
10797 409 5327 5409 
10798 5478 5552 5672 
10799 119 2362 5549 
10800 4458 4543 4794 
10801 5395 5153 5417 
10802 5261 5154 5364 
10803 4628 4369 4652 
10804 5355 5533 5638 
10805 3038 3106 3202 
10806 399 3655 5924 
10807 3549 3425 3755 
10808 4150 3853 4459 
10809 1157 3634 3770 
10810 3574 3825 4014 
10811 3206 2961 3389 
10812 2624 2786 2852 
10813 4112 3854 4114 
10814 5434 5661 5729 
10815 6051 5893 6052 
10816 4632 4355 4846 
10817 4355 4657 4846 
10818 4433 4478 4662 
10819 3180 3339 3385 
10820 5117 5492 5684 
10821 5043 4929 5156 
10822 3762 3807 4074 
10823 3728 3445 4487 
10824 3052 2908 3220 
10825 4348 4631 4764 
10826 2057 2023 2076 
10827 4244 3995 4380 
10828 4369 4448 4652 
10829 4444 4423 4563 
10830 613 1513 1648 
10831 5760 5633 5828 
10832 2617 2464 2718 
10833 4054 4295 4429 
10834 3061 3064 3189 
10835 4608 4885 5066 
10836 1906 1947 1964 
10837 3635 3705 3811 
10838 4379 4173 4460 
10839 5520 5668 5771 
10840 3062 2915 3129 
10841 2671 2794 2867 
10842 1594 1497 1603 
10843 5577 5650 5741 
10844 6005 5896 6026 
10845 3724 3457 3845 
10846 1822 1918 2002 
10847 4104 3845 4271 
10848 141 2276 3925 
10849 1450 639 1468 
10850 3079 3002 3128 
10851 1388 1309 1426 
10852 4661 4325 4712 
10853 5754 5628 5857 
10854 3705 3706 3811 
10855 4345 4683 4724 
10856 5018 5216 5400 
10857 5365 5188 5493 
10858 110 5750 5858 
10859 4993 5106 5171 
10860 5271 5440 5451 
10861 2570 2684 2707 
10862 5419 5207 5565 
10863 5708 1816 5819 
10864 5095 5294 5375 
10865 2748 2795 2875 
10866 2158 2213 2253 
10867 4993 5005 5106 
10868 4448 4131 6037 
10869 2711 2619 2825 
10870 107 106 3439 
10871 3892 3648 4082 
10872 4862 4524 5069 
10873 2146 317 2181 
10874 5437 5341 5643 
10875 3008 3175 3425 
10876 4629 4591 4859 
10877 5577 5464 5650 
10878 5361 3983 5505 
10879 6008 6018 6031 
10880 354 3025 3058 
10881 1004 154 3370 
10882 5391 5210 5501 
10883 2672 2798 2868 
10884 5551 5478 5672 
10885 3533 3892 4421 
10886 4614 4395 4861 
10887 2121 4317 4581 
10888 2498 2379 2597 
10889 5569 5748 5806 
10890 4252 4054 4429 
10891 3189 3212 3301 
10892 4203 3506 4495 
10893 1437 628 1473 
10894 2978 3051 3218 
10895 2619 2635 2825 
10896 4068 3881 4310 
10897 4240 4173 4379 
10898 4472 4676 4855 
10899 4890 5194 5268 
10900 4721 4441 5023 
10901 5920 5803 5967 
10902 3574 1716 3703 
10903 5168 5045 5401 
10904 2338 2210 2515 
10905 4231 4376 4430 
10906 3631 4722 4983 
10907 3980 4218 4348 
10908 5988 5982 6019 
10909 3111 3172 3363 
10910 2673 2801 2869 
10911 5038 4712 5170 
10912 5007 4820 5215 
10913 2698 2640 2760 
10914 4817 4576 5031 
10915 5364 5207 5419 
10916 3134 3203 3276 
10917 427 426 2440 
10918 3425 3175 3602 
10919 2509 2428 2564 
10920 2258 2156 2342 
10921 2600 2698 2760 
10922 4902 5187 5355 
10923 5083 5199 5287 
10924 3366 3116 3560 
10925 5369 5274 5467 
10926 6040 5880 6044 
10927 405 5708 5863 
10928 3791 3683 3959 
10929 5196 5076 5397 
10930 5637 5729 5843 
10931 3715 1717 3883 
10932 5515 5261 5656 
10933 2796 2675 2871 
10934 5059 4921 5258 
10935 2689 2767 2823 
10936 4636 4851 5015 
10937 3571 3887 4471 
10938 3199 2975 3423 
10939 4664 4570 4784 
10940 2674 2802 2870 
10941 388 4409 4656 
10942 3560 3764 3928 
10943 5805 6040 6044 
10944 437 5125 5407 
10945 3210 2962 3397 
10946 4340 4708 4916 
10947 1429 1373 1505 
10948 2839 447 5466 
10949 5507 5262 5676 
10950 5205 4821 5411 
10951 2985 2813 3572 
10952 4100 3944 4309 
10953 3525 3533 4421 
10954 5275 5408 5504 
10955 3881 3625 4310 
10956 2675 2800 2871 
10957 5916 5877 5950 
10958 4456 4159 4611 
10959 4250 4068 4476 
10960 4033 3995 4244 
10961 5327 3987 5564 
10962 3378 3573 3633 
10963 3025 3055 3238 
10964 5373 5241 5560 
10965 3035 3033 3149 
10966 5915 5860 5934 
10967 4861 4606 5022 
10968 4667 4824 5043 
10969 4187 139 4278 
10970 5185 5382 5562 
10971 2142 2210 2338 
10972 4050 3813 4273 
10973 1410 5298 5530 
10974 4200 4011 4439 
10975 5451 5586 5787 
10976 3381 3138 3562 
10977 3755 3602 3944 
10978 1439 1567 2190 
10979 419 418 4875 
10980 4822 4905 4986 
10981 4637 4472 4855 
10982 4356 4343 4546 
10983 426 425 5061 
10984 2966 3202 3337 
10985 2787 2793 2834 
10986 1729 602 1750 
10987 3200 2966 3337 
10988 5204 5145 5332 
10989 2114 2255 2328 
10990 3541 3417 3729 
10991 4064 3853 4150 
10992 3582 3461 3713 
10993 1862 1700 1900 
10994 2860 2903 3076 
10995 1681 1555 1847 
10996 3941 3633 4498 
10997 4778 3788 5073 
10998 4820 4636 5015 
10999 6026 6019 6034 
11000 4845 4603 5064 
11001 5654 5699 5799 
11002 4481 4309 4677 
11003 1892 1866 2022 
11004 2590 2515 2689 
11005 2878 2644 3411 
11006 3571 3678 3887 
11007 4830 4583 4933 
11008 3193 3039 3222 
11009 226 3137 3936 
11010 5045 5254 5401 
11011 3898 3723 4097 
11012 2922 2735 2973 
11013 420 419 4567 
11014 4122 4120 4133 
11015 3972 3791 4238 
11016 456 455 5081 
11017 1866 1928 2022 
11018 5752 5852 5908 
11019 2976 678 3029 
11020 5734 451 5758 
11021 5435 5606 5795 
11022 3378 3633 3941 
11023 5821 5860 5915 
11024 425 424 4879 
11025 4641 4852 5045 
11026 5572 5654 5799 
11027 4017 3767 4639 
11028 6008 6031 6046 
11029 2787 2834 3055 
11030 4279 4497 4667 
11031 5924 5869 5977 
11032 3834 130 5374 
11033 5454 5277 5464 
11034 5951 5959 5980 
11035 4089 4063 4198 
11036 3136 3207 3274 
11037 5105 5221 5320 
11038 5016 5262 5507 
11039 5758 449 5759 
11040 5182 5333 5498 
11041 1734 597 1751 
11042 1403 1458 1540 
11043 2540 2592 2706 
11044 3228 2957 3392 
11045 4898 5192 5357 
11046 4493 4323 4569 
11047 4506 4559 4654 
11048 193 3138 3381 
11049 2362 5449 5626 
11050 5839 5742 5866 
11051 159 2692 2808 
11052 5920 5967 5995 
11053 4251 3991 4332 
11054 3929 3447 4095 
11055 4362 4636 4820 
11056 2652 3315 3556 
11057 2177 2281 2424 
11058 5495 5652 5796 
11059 440 439 3436 
11060 424 423 4608 
11061 3033 3054 3149 
11062 3063 1004 3250 
11063 4455 4150 4665 
11064 335 1256 2785 
11065 3766 3509 3957 
11066 5105 5073 5221 
11067 1668 591 1700 
11068 4930 4903 5165 
11069 4564 5957 6037 
11070 2592 2697 2706 
11071 3906 3829 4092 
11072 1913 1766 1949 
11073 5315 5120 5551 
11074 3829 4048 4092 
11075 1706 1650 1826 
11076 3723 3560 3928 
11077 2014 564 2035 
11078 4136 4322 4676 
11079 422 421 4345 
11080 5274 4933 5413 
11081 3538 3274 3642 
11082 4074 3807 4283 
11083 2828 2882 3230 
11084 5506 5328 5514 
11085 5844 5819 5936 
11086 2177 2105 2281 
11087 5292 5434 5637 
11088 5392 3730 5563 
11089 3558 3363 3759 
11090 4913 5198 5335 
11091 3478 1805 3528 
11092 3039 3049 3222 
11093 3828 219 3897 
11094 1434 522 3031 
11095 229 2981 3034 
11096 2408 2327 2508 
11097 5401 5304 5559 
11098 4653 4720 4804 
11099 4514 4808 4994 
11100 3980 4348 4414 
11101 2920 3196 3701 
11102 2543 2390 2678 
11103 4634 4354 4733 
11104 4693 4590 4840 
11105 4335 4633 4750 
11106 2696 2856 3047 
11107 2839 5610 5759 
11108 5648 5491 5778 
11109 5180 4890 5384 
11110 5025 4833 5241 
11111 264 2911 2912 
11112 3136 185 3207 
11113 5022 4806 5144 
11114 2224 311 2251 
11115 5922 5864 5971 
11116 5386 5155 5532 
11117 5650 5507 5676 
11118 4941 4563 5786 
11119 4457 4421 4684 
11120 2734 2992 3087 
11121 3129 3349 3492 
11122 690 2719 4042 
11123 1158 4949 5159 
11124 2317 2412 2484 
11125 4093 3629 4442 
11126 4949 1158 5239 
11127 5629 5339 5794 
11128 4613 718 5063 
11129 3059 2909 3225 
11130 2358 5583 5763 
11131 5343 4999 5528 
11132 1555 1644 1847 
11133 4150 4432 4665 
11134 5081 5353 5435 
11135 5428 5638 5752 
11136 5328 5506 5692 
11137 5771 5668 5784 
11138 153 3329 3370 
11139 5219 4933 5274 
11140 691 4042 4047 
11141 4337 726 5927 
11142 3350 3372 3513 
11143 2358 5520 5583 
11144 4930 5218 5395 
11145 4797 4913 5186 
11146 5232 5271 5363 
11147 3958 4164 4437 
11148 3553 1111 3737 
11149 2907 2920 3701 
11150 3361 3114 3750 
11151 2230 2317 2409 
11152 3361 3665 4473 
11153 4064 4150 4455 
11154 5506 5653 5715 
11155 5693 5803 5920 
11156 180 2126 3195 
11157 5905 5812 6006 
11158 2035 2105 2177 
11159 5963 5922 6004 
11160 3199 3423 3543 
11161 2594 2519 2711 
11162 3350 3513 3570 
11163 2986 3152 3220 
11164 358 3039 3193 
11165 2116 2052 2163 
11166 1918 2034 2119 
11167 5076 4757 5100 
11168 4164 3891 4668 
11169 2972 3076 3141 
11170 4244 4380 4650 
11171 3319 3593 3674 
11172 5715 5653 5762 
11173 196 2982 3040 
11174 4557 4643 4755 
11175 1906 1811 1947 
11176 3118 3403 3498 
11177 2365 539 2392 
11178 1562 1515 1761 
11179 2519 2619 2711 
11180 3065 2009 3245 
11181 2275 112 5732 
11182 5647 5451 5787 
11183 1894 1811 1906 
11184 1810 1802 2335 
11185 323 2142 2165 
11186 4493 4569 4681 
11187 6045 2104 6048 
11188 4171 4454 4648 
11189 5012 4745 5239 
11190 4989 5152 5382 
11191 3020 2863 3026 
11192 4309 4326 4677 
11193 4641 4455 4852 
11194 2719 3947 4287 
11195 5847 5922 5963 
11196 2652 3556 3707 
11197 3449 4211 4404 
11198 3639 3722 3923 
11199 318 2146 2166 
11200 206 2060 3387 
11201 4550 4710 4714 
11202 4831 4716 4954 
11203 734 4336 5664 
11204 4071 3884 4280 
11205 2538 2452 2931 
11206 5262 5360 5429 
11207 4238 4343 4356 
11208 3375 3118 3498 
11209 234 2979 3090 
11210 1716 764 3703 
11211 5588 5436 5589 
11212 176 2535 2679 
11213 3134 243 3203 
11214 4068 4310 4476 
11215 3915 3664 4008 
11216 2598 2413 2938 
11217 2717 2828 3230 
11218 271 2854 2940 
11219 4944 5354 5776 
11220 2595 2469 2708 
11221 2453 532 2482 
11222 294 2748 2893 
11223 5397 5100 5420 
11224 2978 282 3051 
11225 5308 5630 5778 
11226 4727 4961 5152 
11227 3824 4166 5214 
11228 4581 4513 4698 
11229 2392 537 2394 
11230 3280 3400 3452 
11231 3559 3308 3752 
11232 3547 3282 3748 
11233 5568 5259 5865 
11234 3943 4000 4080 
11235 4543 4274 5054 
11236 5866 5818 5914 
11237 4270 4128 4472 
11238 4822 4794 4905 
11239 5638 5757 5852 
11240 5083 4698 5199 
11241 3135 210 3208 
11242 3626 3776 3865 
11243 364 2752 2923 
11244 1717 500 3883 
11245 5602 5640 5738 
11246 164 2534 2578 
11247 3306 3374 3488 
11248 3551 3460 3751 
11249 2469 2590 2708 
11250 4141 4290 4381 
11251 4653 4528 4720 
11252 4217 4231 4490 
11253 2507 2455 2524 
11254 3366 3560 3723 
11255 2524 2455 2586 
11256 2618 2620 2627 
11257 445 444 3962 
11258 5031 4719 5172 
11259 5611 5508 5681 
11260 4749 4986 5020 
11261 444 6 3962 
11262 3403 3238 3404 
11263 181 3195 3386 
11264 1822 1894 1918 
11265 2814 2784 2915 
11266 3913 3816 3981 
11267 2748 293 2795 
11268 3554 3328 3984 
11269 2763 2997 3244 
11270 1930 1887 1943 
11271 1895 1887 1930 
11272 2851 2975 3199 
11273 5765 5656 5864 
11274 4506 4428 4559 
11275 5377 5147 5555 
11276 2572 2451 2609 
11277 450 449 5758 
11278 5911 5933 5934 
11279 3241 3008 3425 
11280 3398 3129 3492 
11281 4592 4811 5011 
11282 5684 5724 5861 
11283 3636 3909 4032 
11284 5019 3730 5392 
11285 3469 3348 3567 
11286 201 2980 3042 
11287 3865 4041 4297 
11288 167 2542 2579 
11289 5014 4947 5189 
11290 3627 3853 4064 
11291 5200 5201 5312 
11292 4131 4564 6037 
11293 3626 3865 4096 
11294 5765 5864 5922 
11295 1564 1658 1713 
11296 2784 2799 2915 
11297 3218 3110 3278 
11298 3864 3729 3976 
11299 2677 366 2688 
11300 2365 2439 2612 
11301 148 3251 3252 
11302 5610 5466 5730 
11303 134 3606 4281 
11304 3980 4414 4498 
11305 3733 3511 3873 
11306 4783 5029 5204 
11307 3678 3823 4088 
11308 515 3033 3035 
11309 5656 5538 5789 
11310 3735 3512 3946 
11311 488 4177 5781 
11312 2971 3116 3366 
11313 4472 4136 4676 
11314 3031 521 3036 
11315 4885 4990 5066 
11316 5546 5328 5692 
11317 5047 5048 5110 
11318 5078 5261 5515 
11319 3306 150 3374 
11320 2863 3020 3225 
11321 3716 3815 4063 
11322 5822 5855 5910 
11323 3455 3821 4291 
11324 4279 4096 4497 
11325 3502 3565 3683 
11326 5917 5924 5952 
11327 3394 3495 3580 
11328 4663 4809 4870 
11329 5407 5125 5461 
11330 5286 5390 5477 
11331 3283 3509 3766 
11332 3682 3868 4076 
11333 5974 6050 6051 
11334 4074 4283 4477 
11335 6034 5982 6035 
11336 4379 4524 4862 
11337 5113 5629 5794 
11338 4317 4439 4513 
11339 4990 4724 5122 
11340 145 3308 3559 
11341 517 3035 3038 
11342 5609 2440 5798 
11343 2282 2130 2500 
11344 2130 2098 2332 
11345 4340 4694 4708 
11346 5257 4537 5398 
11347 5261 5538 5656 
11348 5605 5742 5839 
11349 3418 3505 3596 
11350 3838 3923 3997 
11351 4424 728 6025 
11352 3660 3478 3702 
11353 3512 3704 3946 
11354 5828 5770 5913 
11355 4829 4577 5027 
11356 5308 5515 5630 
11357 2947 2744 3011 
11358 5737 5839 5914 
11359 3051 3110 3218 
11360 2393 2506 2508 
11361 4042 4287 4465 
11362 4231 4430 4490 
11363 1664 1622 1686 
11364 728 4424 6038 
11365 4434 4663 4870 
11366 5967 5942 5988 
11367 782 3636 4858 
11368 4768 4870 5039 
11369 4952 5024 5146 
11370 2742 2863 2909 
11371 4732 4614 4861 
11372 3278 3110 3399 
11373 3626 3330 3776 
11374 3544 3723 3898 
11375 5538 5572 5789 
11376 3416 3547 3773 
11377 3280 3248 3400 
11378 3145 774 3182 
11379 5031 5172 5195 
11380 1929 1899 2041 
11381 4689 4396 4791 
11382 6031 5805 6033 
11383 2418 2338 2515 
11384 4540 4655 4765 
11385 3807 4217 4283 
11386 2682 2813 3588 
11387 3770 3634 4242 
11388 4765 4655 4836 
11389 1515 1526 1761 
11390 493 3790 4486 
11391 1434 2891 2945 
11392 4429 4638 4839 
11393 4295 4219 4429 
11394 3840 748 3878 
11395 3567 3628 3762 
11396 5583 5755 5867 
11397 4096 3865 4297 
11398 4820 5015 5215 
11399 5676 5429 5727 
11400 2679 2735 2922 
11401 437 436 5125 
11402 2813 2936 3572 
11403 5452 2838 5617 
11404 3912 3623 3945 
11405 5538 5419 5572 
11406 5572 5419 5654 
11407 3935 3685 4109 
11408 3334 3282 3547 
11409 4665 4432 4807 
11410 2606 2503 2712 
11411 5857 5737 5914 
11412 2080 2135 2185 
11413 2419 2294 2465 
11414 5469 5275 5504 
11415 5088 5122 5275 
11416 4765 4836 4967 
11417 1652 1598 1872 
11418 4831 4954 5021 
11419 2468 2595 2709 
11420 1550 1652 1921 
11421 5426 5623 5742 
11422 2799 2637 2915 
11423 5696 5777 5810 
11424 2080 2113 2135 
11425 3836 4063 4089 
11426 5341 5469 5643 
11427 3819 4061 4315 
11428 5262 5162 5360 
11429 1653 1550 1921 
11430 3142 5133 5140 
11431 1535 1589 1601 
11432 4302 4428 4506 
11433 4447 4796 5052 
11434 5328 5222 5383 
11435 4694 4601 4708 
11436 4839 4638 5052 
11437 5216 5108 5296 
11438 5822 5910 5932 
11439 3136 3274 3538 
11440 3249 3248 3280 
11441 4041 4257 4503 
11442 3566 3283 3766 
11443 5165 4903 5399 
11444 439 438 5198 
11445 3749 3661 3948 
11446 4654 4559 4716 
11447 2282 2500 2589 
11448 6017 5790 6029 
11449 446 445 5499 
11450 5298 125 5376 
11451 5780 5856 5930 
11452 3562 3493 4106 
11453 4003 4250 4447 
11454 3635 760 3705 
11455 4644 4378 4850 
11456 4928 5036 5134 
11457 4957 4861 5022 
11458 2839 5466 5610 
11459 129 5309 5374 
11460 3876 4068 4250 
11461 3705 759 3706 
11462 4659 4614 4732 
11463 5942 5982 5988 
11464 4427 4634 4811 
11465 2982 3328 3554 
11466 4570 4750 5013 
11467 5617 2838 5734 
11468 4208 4354 4634 
11469 3397 3309 4427 
11470 1965 2044 2111 
11471 5952 5924 5977 
11472 2903 3048 3076 
11473 3236 3581 4268 
11474 5743 5585 5842 
11475 4250 4664 4796 
11476 4667 4497 4824 
11477 4660 4408 4854 
11478 5399 5348 5556 
11479 3883 499 3885 
11480 468 4798 6049 
11481 5436 2832 5589 
11482 432 431 5667 
11483 3653 3819 4127 
11484 1657 1564 1713 
11485 2374 2447 2616 
11486 2508 2565 2615 
11487 5515 5656 5765 
11488 5932 5910 5976 
11489 4283 4217 4490 
11490 431 430 5547 
11491 5265 5561 5623 
11492 473 3830 6027 
11493 782 781 3636 
11494 3282 3475 3748 
11495 5910 5928 5948 
11496 5776 5354 5865 
11497 137 3813 4050 
11498 5864 5937 5971 
11499 3790 492 5334 
11500 5215 5015 5406 
11501 5128 5069 5390 
11502 2608 2466 2650 
11503 379 3305 3550 
11504 2281 2419 2466 
11505 5200 5312 5519 
11506 5749 5841 5849 
11507 3639 3404 3722 
11508 4855 5072 5256 
11509 3114 2955 3750 
11510 2049 2002 2119 
11511 5715 5762 5825 
11512 5674 5609 5775 
11513 3838 3639 3923 
11514 3928 4117 4298 
11515 3801 4138 5525 
11516 5554 5609 5674 
11517 779 2652 3707 
11518 2746 2877 3091 
11519 2812 2725 3228 
11520 3830 472 6042 
11521 4916 4708 5209 
11522 4273 4161 4372 
11523 5628 5737 5857 
11524 3685 3827 4109 
11525 5388 4512 5491 
11526 4097 3928 4298 
11527 3138 3493 3562 
11528 5860 5817 5934 
11529 4672 4375 4874 
11530 377 3460 3551 
11531 4784 5013 5225 
11532 4854 4622 5065 
11533 4676 4878 5072 
11534 4288 4001 4493 
11535 2662 3406 3582 
11536 2451 2572 2712 
11537 3944 3653 4127 
11538 5917 400 5924 
11539 5910 5948 5976 
11540 4490 4430 4523 
11541 4840 4818 5055 
11542 2447 2559 2717 
11543 3469 3567 3762 
11544 4027 3956 4059 
11545 4133 4377 4678 
11546 5949 5932 5976 
11547 390 4378 4644 
11548 5513 3798 5662 
11549 5034 4940 5220 
11550 2298 2400 2519 
11551 5590 5272 5635 
11552 4474 4382 4693 
11553 5037 4755 5489 
11554 3393 3564 3777 
11555 430 429 5270 
11556 2945 2891 3248 
11557 4112 4114 4302 
11558 3727 3551 3751 
11559 5720 5796 5862 
11560 5049 4855 5256 
11561 4669 4446 4866 
11562 4096 4297 4497 
11563 5262 5429 5676 
11564 5449 117 5534 
11565 2267 2149 2308 
11566 5520 5349 5668 
11567 1717 3715 3784 
11568 4372 4714 4818 
11569 5131 5222 5328 
11570 5656 5789 5864 
11571 3605 3835 4128 
11572 4590 4818 4840 
11573 402 5890 5966 
11574 4408 4622 4854 
11575 5560 5266 5691 
11576 3723 3928 4097 
11577 5817 5911 5934 
11578 5771 5784 5845 
11579 2051 1965 2111 
11580 3479 3757 3935 
11581 2413 2498 2938 
11582 4187 4278 4382 
11583 4740 5236 5337 
11584 3473 3568 3631 
11585 3911 3728 4487 
11586 123 4890 5180 
11587 4465 4287 4499 
11588 2381 2464 2617 
11589 1948 1915 2853 
11590 3807 3628 4075 
11591 4455 4665 4852 
11592 3675 3816 3913 
11593 4317 4513 4581 
11594 3727 3751 3945 
11595 5864 5789 5937 
11596 5696 5681 5777 
11597 3332 2923 3419 
11598 5041 4936 5244 
11599 3837 4081 4202 
11600 5530 5460 5602 
11601 4098 3837 4202 
11602 4482 4133 4678 
11603 4936 5141 5244 
11604 2936 2746 3091 
11605 4714 4930 5055 
11606 5993 5960 5997 
11607 3319 3186 3593 
11608 3752 3676 3795 
11609 4317 4200 4439 
11610 3308 3676 3752 
11611 3576 3393 3777 
11612 5045 4852 5254 
11613 5120 5387 5551 
11614 2635 2744 2947 
11615 4567 4875 5014 
11616 5808 5996 6021 
11617 5890 401 5917 
11618 2994 3165 3428 
11619 3987 407 5766 
11620 4297 4041 4503 
11621 2342 2344 2383 
11622 2210 2421 2515 
11623 6 443 4340 
11624 4622 4839 5065 
11625 4678 4757 5076 
11626 5784 5435 5795 
11627 3850 3463 3907 
11628 3813 4161 4273 
11629 4120 3737 4123 
11630 2511 2381 2617 
11631 4221 4408 4660 
11632 2980 3210 4826 
11633 3873 3999 4306 
11634 5384 5268 5441 
11635 5823 6002 6029 
11636 4855 4676 5072 
11637 394 4952 5206 
11638 3636 4032 4858 
11639 4503 4257 4686 
11640 5911 5857 5933 
11641 3762 3628 3807 
11642 2513 2374 2616 
11643 4665 4807 5068 
11644 4530 4488 4648 
11645 3581 3580 3736 
11646 5789 5875 5937 
11647 4714 4903 4930 
11648 6050 5946 6051 
11649 4257 4481 4686 
11650 5135 4944 5776 
11651 3091 2877 3241 
11652 4942 5058 5101 
11653 2440 426 5061 
11654 4008 4105 4175 
11655 5750 5659 5858 
11656 4732 4861 4957 
11657 442 441 4601 
11658 5147 5331 5555 
11659 4770 5016 5234 
11660 4488 4171 4648 
11661 2342 2383 2422 
11662 4770 4644 4850 
11663 2616 2447 2717 
11664 5790 6017 6022 
11665 4853 4678 5076 
11666 3502 3424 3565 
11667 4563 4882 5786 
11668 4879 4608 4955 
11669 4770 4850 5016 
11670 5922 5971 6004 
11671 4671 4379 4862 
11672 4924 5177 5380 
11673 5526 5339 5629 
11674 4250 4476 4664 
11675 5555 5331 5684 
11676 4755 4643 4872 
11677 4008 4175 4313 
11678 4890 5268 5384 
11679 2718 2544 2792 
11680 3077 2862 3247 
11681 5784 5458 5845 
11682 5955 5887 5999 
11683 4374 4488 4530 
11684 1862 1909 1943 
11685 5413 5432 5566 
11686 5028 4835 5047 
11687 4313 4175 4432 
11688 105 5 4926 
11689 5611 5681 5696 
11690 5580 5674 5767 
11691 4110 3873 4306 
11692 2429 2298 2519 
11693 5821 5699 5860 
11694 425 4879 5061 
11695 2852 3030 3178 
11696 3078 2945 3248 
11697 4560 4673 4767 
11698 3584 3477 3673 
11699 109 3656 5750 
11700 6043 2104 6045 
11701 5286 5128 5390 
11702 5823 5965 6002 
11703 2862 3059 3247 
11704 5780 5711 5856 
11705 5903 5958 5996 
11706 2867 3084 3179 
11707 4881 5051 5070 
11708 6002 5943 6017 
11709 4948 5073 5105 
11710 5274 5413 5566 
11711 4882 4881 5070 
11712 4347 5018 5400 
11713 2868 3085 3180 
11714 5789 5572 5875 
11715 3945 4080 5213 
11716 3087 2992 3131 
11717 3585 3416 3773 
11718 4866 4660 5075 
11719 3084 2852 3178 
11720 5403 5247 5527 
11721 3085 2867 3179 
11722 2275 5732 5782 
11723 424 4608 4879 
11724 5572 5799 5875 
11725 4955 4608 5066 
11726 3086 2868 3180 
11727 6002 6017 6029 
11728 5159 4949 5330 
11729 3596 3685 3757 
11730 5943 5992 6017 
11731 5122 4724 5189 
11732 5896 6019 6026 
11733 4502 4194 4588 
11734 422 4345 4885 
11735 4587 4786 5057 
11736 2941 2816 3001 
11737 4262 4396 4689 
11738 4560 4767 4825 
11739 4959 5237 5330 
11740 3421 3234 3596 
11741 4491 4262 4689 
11742 420 4567 4683 
11743 3239 2994 3428 
11744 5799 5699 5821 
11745 5309 5522 5544 
11746 4577 4353 4650 
11747 3942 3605 4128 
11748 5591 5312 5670 
11749 4567 419 4875 
11750 4681 4783 4851 
11751 5231 5128 5286 
11752 5948 5975 6007 
11753 4127 3819 4315 
11754 4939 5060 5147 
11755 4821 5049 5411 
11756 5256 5072 5414 
11757 4681 4569 4783 
11758 2825 2635 2947 
11759 4708 4925 5209 
11760 3912 3945 4475 
11761 3253 3090 4743 
11762 2708 2823 2933 
11763 2269 2188 2333 
11764 5775 5609 5798 
11765 2826 2708 2933 
11766 5088 4990 5122 
11767 5136 5343 5387 
11768 3769 3479 3935 
11769 4925 4797 5186 
11770 5720 5767 5775 
11771 4507 4504 4864 
11772 3292 3424 3502 
11773 5645 5614 5757 
11774 3949 3737 4120 
11775 4660 4854 5075 
11776 5547 5270 5580 
11777 2252 2186 2599 
11778 4571 4845 5064 
11779 5580 5270 5674 
11780 4353 4577 4829 
11781 5678 5586 5791 
11782 5852 5851 5908 
11783 4930 5165 5218 
11784 5690 5758 5759 
11785 4657 4616 4846 
11786 5506 5514 5653 
11787 5357 5339 5526 
11788 3256 3001 3393 
11789 445 3962 5499 
11790 5237 5159 5330 
11791 4340 443 4694 
11792 443 442 4694 
11793 4615 4571 5064 
11794 430 5270 5547 
11795 431 5547 5667 
11796 3953 3773 4055 
11797 442 4601 4694 
11798 4504 4210 4864 
11799 5286 5477 5553 
11800 5767 5674 5775 
11801 5796 5445 5862 
11802 5136 5258 5343 
11803 3757 3685 3935 
11804 4851 4783 5015 
11805 3655 5869 5924 
11806 5013 5176 5225 
11807 5461 5588 5783 
11808 2371 2406 2665 
11809 2587 2221 2704 
11810 2823 2767 2933 
11811 5604 5784 5795 
11812 1773 1807 1848 
11813 5839 5866 5914 
11814 5792 5698 6052 
11815 3224 3174 3395 
11816 5013 4750 5042 
11817 5218 5130 5395 
11818 4617 4835 4847 
11819 5952 5970 5994 
11820 5410 5160 5524 
11821 5437 5775 5798 
11822 5970 5881 5994 
11823 5707 5851 5871 
11824 5793 5543 5859 
11825 416 415 4200 
11826 107 3439 3656 
11827 312 2224 2227 
11828 433 432 5764 
11829 3436 439 5198 
11830 5353 454 5452 
11831 457 5081 5349 
11832 4511 465 4739 
11833 467 4511 4798 
11834 5748 480 5820 
11835 963 928 1011 
11836 1059 1079 1126 
11837 1084 1114 1183 
11838 1114 1128 1163 
11839 1183 1114 1336 
11840 1163 1273 1340 
11841 1308 1220 1383 
11842 1305 1312 1346 
11843 1311 1307 1352 
11844 1311 1352 1380 
11845 1340 1349 1425 
11846 1369 1340 1425 
11847 1347 1380 1394 
11848 1425 1349 1602 
11849 1380 1352 1595 
11850 1352 1389 1399 
11851 1399 1357 1411 
11852 1486 1392 1501 
11853 1407 1394 1449 
11854 1397 1407 1436 
11855 1492 1501 1549 
11856 1533 1566 1567 
11857 1552 1605 1611 
11858 1562 1805 1826 
11859 1567 1566 2313 
11860 1566 1648 1651 
11861 1613 1582 1681 
11862 1586 1613 1651 
11863 1651 1613 2314 
11864 1613 1681 1929 
11865 1636 1646 1684 
11866 1912 1647 1975 
11867 1652 1872 1921 
11868 1974 1654 1994 
11869 1915 1655 1974 
11870 1840 1656 1873 
11871 3634 1704 3844 
11872 1706 1826 1869 
11873 1718 1763 1766 
11874 1809 1721 1853 
11875 1806 1722 1815 
11876 1724 1760 1807 
11877 1732 1745 1771 
11878 1823 1768 1893 
11879 1807 1771 1854 
11880 1817 1828 1861 
11881 1874 1823 1924 
11882 1869 1826 3916 
11883 1902 1849 1942 
11884 1871 1884 1920 
11885 1894 1906 1918 
11886 1951 1902 1993 
11887 1928 1959 2022 
11888 2022 1959 2155 
11889 1967 2026 2109 
11890 2018 1978 2106 
11891 1981 1980 2012 
11892 1990 1986 2025 
11893 2084 2008 2147 
11894 2066 2019 2161 
11895 2060 2831 3481 
11896 2062 2829 5133 
11897 2153 2072 2221 
11898 2083 2075 2136 
11899 2082 2127 2215 
11900 2092 2153 2197 
11901 2105 2101 2148 
11902 2154 2118 2343 
11903 2136 2197 2222 
11904 2301 2140 2308 
11905 2147 2151 2199 
11906 2152 2147 2387 
11907 2199 2271 2601 
11908 2297 2319 2375 
11909 2522 2378 2567 
11910 2419 2465 2466 
11911 2440 5061 5173 
11912 2442 2556 2710 
11913 2443 2522 3096 
11914 2443 2533 2895 
11915 2533 2443 3096 
11916 2471 2532 2625 
11917 2473 2549 2568 
11918 2493 2541 2557 
11919 2764 2580 2822 
11920 2582 2634 2642 
11921 2623 2627 2727 
11922 2625 2646 2732 
11923 2889 2625 3164 
11924 2664 2770 2807 
11925 2770 2668 2807 
11926 2730 2677 3332 
11927 2766 2837 2874 
11928 2771 2806 2883 
11929 2873 2771 3043 
11930 2876 2791 2904 
11931 2925 2826 2933 
11932 3075 2857 3087 
11933 3007 2880 3112 
11934 2888 2887 2954 
11935 2949 2990 3103 
11936 2954 3254 3267 
11937 3000 3063 3250 
11938 3012 3281 3781 
11939 3019 3050 3151 
11940 3020 3026 3231 
11941 3020 3231 3410 
11942 3106 3035 3149 
11943 3309 3040 3554 
11944 3102 3045 3146 
11945 3069 3108 3258 
11946 3101 3156 3264 
11947 3102 3146 3484 
11948 3152 3712 3870 
11949 3388 3169 3518 
11950 3303 3171 3848 
11951 3302 3176 3355 
11952 3191 3290 3323 
11953 3291 3198 3319 
11954 3497 3263 4483 
11955 3266 3590 3615 
11956 3267 3589 3612 
11957 3293 3629 4093 
11958 3304 3623 3767 
11959 3328 3381 3562 
11960 3371 3451 3485 
11961 3376 3455 3593 
11962 3456 3380 3540 
11963 3415 3507 3597 
11964 3417 3449 3729 
11965 3504 3447 3929 
11966 3729 3449 4404 
11967 3542 3468 3664 
11968 3474 3665 3750 
11969 3487 3559 3752 
11970 3722 3489 3754 
11971 3590 3510 5242 
11972 3768 3575 3914 
11973 3600 3768 3833 
11974 3612 3952 4007 
11975 4227 3615 4426 
11976 3616 3650 3800 
11977 3991 3617 4383 
11978 4053 3621 4156 
11979 3645 3938 4466 
11980 4010 3645 4466 
11981 3851 3646 3966 
11982 4084 3647 4118 
11983 3919 3691 4014 
11984 3710 3734 3947 
11985 3932 3769 3935 
11986 3950 3793 3965 
11987 3798 4115 4155 
11988 4130 3800 4304 
11989 3810 4010 4314 
11990 3864 3976 4380 
11991 3892 4082 4421 
11992 4129 3893 4303 
11993 3898 4097 4398 
11994 3954 3972 4101 
11995 4312 3960 4478 
11996 3965 4130 4146 
11997 3974 4210 4504 
11998 4304 3975 4347 
11999 3981 4018 4182 
12000 3981 4182 4585 
12001 4015 3988 4276 
12002 4195 3999 4291 
12003 4050 4273 4382 
12004 4299 4124 4367 
12005 4144 4292 4324 
12006 4394 4152 4568 
12007 4153 4300 4328 
12008 4156 4314 4982 
12009 4158 4566 4573 
12010 4197 4159 4480 
12011 4160 4507 5389 
12012 4163 4457 4684 
12013 4163 4684 5535 
12014 4199 4166 4471 
12015 4196 4254 4867 
12016 4367 4284 4623 
12017 4351 4314 5197 
12018 4392 4342 5257 
12019 4347 4391 4555 
12020 4347 4555 5018 
12021 4414 4348 4562 
12022 4378 4647 4850 
12023 4396 4501 4605 
12024 4396 4605 4791 
12025 4406 4983 5124 
12026 4444 4563 4564 
12027 4687 4485 4838 
12028 4511 4739 5905 
12029 4798 4511 6050 
12030 4512 4629 4859 
12031 4512 4859 5491 
12032 4531 4950 5226 
12033 4951 4531 5226 
12034 4958 4536 5531 
12035 4541 4578 4992 
12036 4564 4563 5957 
12037 4880 4568 4924 
12038 4583 4672 4874 
12039 4888 4600 5021 
12040 5486 4618 5525 
12041 4838 4619 5003 
12042 4620 4646 4869 
12043 4628 4652 4884 
12044 4634 4733 5247 
12045 4642 4725 4762 
12046 4869 4646 5032 
12047 4795 4671 4862 
12048 5172 4719 5184 
12049 4762 4725 5379 
12050 5003 4782 5191 
12051 5067 4790 5091 
12052 5091 4790 5347 
12053 4795 4862 5128 
12054 4869 5032 5246 
12055 4884 4944 5063 
12056 5191 4910 5346 
12057 4973 4911 5183 
12058 4914 4992 5087 
12059 4915 5046 5236 
12060 5209 4925 5337 
12061 5137 4963 5556 
12062 4968 5140 5305 
12063 5314 4969 5594 
12064 5008 5115 5126 
12065 5032 5291 5456 
12066 5349 5081 5668 
12067 5402 5091 5481 
12068 5139 5098 5289 
12069 5245 5102 5345 
12070 5174 5110 5183 
12071 5158 5115 5415 
12072 5351 5150 5368 
12073 5161 5536 5680 
12074 5174 5183 5393 
12075 5180 5384 5460 
12076 5570 5263 5706 
12077 5273 5302 5543 
12078 5531 5290 5783 
12079 5296 5510 5539 
12080 5297 5444 5610 
12081 5345 5307 5504 
12082 5470 5348 5682 
12083 5405 5465 5573 
12084 5422 5494 5683 
12085 5473 5424 5578 
12086 5543 5425 5584 
12087 5425 5657 5733 
12088 5471 5438 5792 
12089 5444 5585 5617 
12090 5470 5682 5774 
12091 5539 5510 5647 
12092 5521 5631 5746 
12093 5557 5625 5639 
12094 5626 5557 5639 
12095 5581 5669 5726 
12096 5690 5617 5734 
12097 5816 5706 5915 
12098 5831 5723 5877 
12099 5811 5807 6047 
12100 5886 5810 5916 
12101 5832 5833 6007 
12102 5838 5881 5925 
12103 5886 5916 5950 
12104 6010 5989 6015 
$EndElements
