# vtk DataFile Version 3.0
Mesh from Gmsh, time = 6.10012
ASCII
DATASET UNSTRUCTURED_GRID
POINTS 6066 double
-15 -8 0
20 -8 0
20 8 0
-15 8 0
0.999997 0.00244346 0
0 0 0
-14 -8 0
-13 -8 0
-12 -8 0
-11 -8 0
-10 -8 0
-9 -8 0
-8 -8 0
-7 -8 0
-6 -8 0
-5 -8 0
-4 -8 0
-3 -8 0
-2 -8 0
-1 -8 0
-7.17613e-11 -8 0
1 -8 0
2 -8 0
3 -8 0
4 -8 0
5 -8 0
6 -8 0
7 -8 0
8 -8 0
9 -8 0
10 -8 0
11 -8 0
12 -8 0
13 -8 0
14 -8 0
15 -8 0
16 -8 0
17 -8 0
18 -8 0
19 -8 0
20 -7 0
20 -6 0
20 -5 0
20 -4 0
20 -3 0
20 -2 0
20 -1 0
20 -2.20188e-11 0
20 1 0
20 2 0
20 3 0
20 4 0
20 5 0
20 6 0
20 7 0
19 8 0
18 8 0
17 8 0
16 8 0
15 8 0
14 8 0
13 8 0
12 8 0
11 8 0
10 8 0
9 8 0
8 8 0
7 8 0
6 8 0
5 8 0
4 8 0
3 8 0
2 8 0
1 8 0
7.61204e-11 8 0
-1 8 0
-2 8 0
-3 8 0
-4 8 0
-5 8 0
-6 8 0
-7 8 0
-8 8 0
-9 8 0
-10 8 0
-11 8 0
-12 8 0
-13 8 0
-14 8 0
-15 7 0
-15 6 0
-15 5 0
-15 4 0
-15 3 0
-15 2 0
-15 1 0
-15 2.20188e-11 0
-15 -1 0
-15 -2 0
-15 -3 0
-15 -4 0
-15 -5 0
-15 -6 0
-15 -7 0
0.997253 0.00364987 0
0.994366 0.0044459 0
0.99141 0.00495573 0
0.988441 0.00537684 0
0.985467 0.00576153 0
0.982491 0.0061341 0
0.979515 0.00650787 0
0.97654 0.00689084 0
0.973567 0.00728475 0
0.970594 0.00767986 0
0.967621 0.00807465 0
0.964648 0.0084686 0
0.961674 0.00886134 0
0.958701 0.00925256 0
0.955727 0.00964203 0
0.952753 0.0100296 0
0.949779 0.010415 0
0.946804 0.0107982 0
0.943829 0.0111794 0
0.940854 0.0115601 0
0.937879 0.0119403 0
0.934904 0.0123197 0
0.931929 0.0126983 0
0.928953 0.0130757 0
0.925978 0.013452 0
0.923002 0.0138269 0
0.920026 0.0142003 0
0.91705 0.0145722 0
0.914074 0.0149424 0
0.911098 0.0153109 0
0.908121 0.0156776 0
0.905144 0.0160423 0
0.902167 0.0164055 0
0.89919 0.0167681 0
0.896212 0.0171299 0
0.893235 0.0174909 0
0.890258 0.017851 0
0.88728 0.0182101 0
0.884302 0.0185682 0
0.881324 0.0189251 0
0.878346 0.0192809 0
0.875368 0.0196353 0
0.87239 0.0199885 0
0.869411 0.0203402 0
0.866433 0.0206905 0
0.863454 0.0210393 0
0.860475 0.0213865 0
0.857496 0.0217321 0
0.854516 0.0220761 0
0.851537 0.0224186 0
0.848557 0.0227603 0
0.845577 0.0231012 0
0.842597 0.0234412 0
0.839617 0.0237804 0
0.836637 0.0241186 0
0.833657 0.0244558 0
0.830677 0.024792 0
0.827696 0.0251271 0
0.824716 0.025461 0
0.821735 0.0257938 0
0.818754 0.0261254 0
0.815773 0.0264557 0
0.812792 0.0267847 0
0.809811 0.0271124 0
0.80683 0.0274387 0
0.803848 0.0277636 0
0.800867 0.028087 0
0.797885 0.028409 0
0.794903 0.0287295 0
0.79192 0.0290485 0
0.788938 0.0293667 0
0.785956 0.0296841 0
0.782973 0.0300006 0
0.779991 0.0303161 0
0.777008 0.0306307 0
0.774025 0.0309444 0
0.771043 0.031257 0
0.76806 0.0315685 0
0.765077 0.031879 0
0.762093 0.0321883 0
0.75911 0.0324965 0
0.756127 0.0328035 0
0.753143 0.0331092 0
0.750159 0.0334137 0
0.747176 0.0337169 0
0.744192 0.0340187 0
0.741207 0.0343192 0
0.738223 0.0346183 0
0.735239 0.0349159 0
0.732254 0.0352121 0
0.72927 0.0355068 0
0.726285 0.0358 0
0.7233 0.0360921 0
0.720315 0.0363833 0
0.71733 0.0366736 0
0.714345 0.036963 0
0.711359 0.0372514 0
0.708374 0.0375388 0
0.705388 0.0378251 0
0.702403 0.0381104 0
0.699417 0.0383945 0
0.696431 0.0386774 0
0.693445 0.0389592 0
0.690459 0.0392398 0
0.687473 0.039519 0
0.684487 0.039797 0
0.6815 0.0400737 0
0.678514 0.040349 0
0.675527 0.0406229 0
0.67254 0.0408954 0
0.669554 0.0411664 0
0.666566 0.0414359 0
0.663579 0.0417039 0
0.660592 0.0419702 0
0.657604 0.042235 0
0.654617 0.0424981 0
0.651629 0.0427598 0
0.648641 0.0430206 0
0.645653 0.0432804 0
0.642665 0.0435391 0
0.639677 0.0437967 0
0.636689 0.0440532 0
0.633701 0.0443086 0
0.630712 0.0445627 0
0.627724 0.0448156 0
0.624735 0.0450672 0
0.621746 0.0453175 0
0.618758 0.0455664 0
0.615769 0.045814 0
0.61278 0.0460601 0
0.60979 0.0463047 0
0.606801 0.0465478 0
0.603812 0.0467893 0
0.600822 0.0470293 0
0.597832 0.0472676 0
0.594842 0.0475042 0
0.591852 0.047739 0
0.588862 0.0479721 0
0.585872 0.0482034 0
0.582882 0.0484328 0
0.579891 0.0486604 0
0.5769 0.048886 0
0.57391 0.0491103 0
0.570919 0.0493334 0
0.567928 0.0495553 0
0.564937 0.0497759 0
0.561946 0.0499951 0
0.558954 0.050213 0
0.555963 0.0504294 0
0.552971 0.0506443 0
0.54998 0.0508578 0
0.546988 0.0510697 0
0.543996 0.0512799 0
0.541004 0.0514886 0
0.538012 0.0516955 0
0.53502 0.0519007 0
0.532028 0.052104 0
0.529035 0.0523055 0
0.526043 0.0525052 0
0.52305 0.0527028 0
0.520057 0.0528985 0
0.517065 0.0530921 0
0.514071 0.0532836 0
0.511078 0.053473 0
0.508085 0.0536601 0
0.505091 0.053845 0
0.502098 0.0540275 0
0.499104 0.0542077 0
0.49611 0.054386 0
0.493116 0.0545628 0
0.490122 0.054738 0
0.487128 0.0549115 0
0.484134 0.0550833 0
0.481139 0.0552533 0
0.478145 0.0554215 0
0.47515 0.0555878 0
0.472156 0.0557522 0
0.469161 0.0559146 0
0.466166 0.056075 0
0.463171 0.0562332 0
0.460176 0.0563893 0
0.45718 0.0565432 0
0.454185 0.0566949 0
0.45119 0.0568442 0
0.448194 0.0569911 0
0.445198 0.0571356 0
0.442203 0.0572776 0
0.439207 0.057417 0
0.43621 0.0575537 0
0.433214 0.0576877 0
0.430218 0.057819 0
0.427222 0.0579474 0
0.424225 0.0580728 0
0.421228 0.0581953 0
0.418231 0.0583153 0
0.415235 0.0584331 0
0.412238 0.0585486 0
0.409241 0.058662 0
0.406243 0.0587729 0
0.403246 0.0588815 0
0.400249 0.0589876 0
0.397252 0.0590912 0
0.394254 0.0591923 0
0.391256 0.0592907 0
0.388259 0.0593865 0
0.385261 0.0594794 0
0.382263 0.0595696 0
0.379265 0.0596568 0
0.376267 0.0597411 0
0.373269 0.0598224 0
0.370271 0.0599005 0
0.367273 0.0599755 0
0.364274 0.0600471 0
0.361276 0.0601155 0
0.358278 0.0601804 0
0.355279 0.0602417 0
0.35228 0.0602995 0
0.349282 0.0603536 0
0.346283 0.0604038 0
0.343284 0.0604504 0
0.340285 0.0604938 0
0.337286 0.0605342 0
0.334287 0.0605713 0
0.331288 0.0606053 0
0.328289 0.0606359 0
0.32529 0.0606632 0
0.322291 0.060687 0
0.319292 0.0607074 0
0.316293 0.0607241 0
0.313294 0.0607373 0
0.310294 0.0607467 0
0.307295 0.0607523 0
0.304296 0.060754 0
0.301297 0.0607518 0
0.298298 0.0607455 0
0.295299 0.0607351 0
0.292299 0.0607204 0
0.2893 0.0607014 0
0.286301 0.0606779 0
0.283302 0.0606499 0
0.280303 0.0606172 0
0.277304 0.0605797 0
0.274305 0.0605373 0
0.271306 0.0604899 0
0.268308 0.0604381 0
0.265309 0.0603817 0
0.26231 0.0603209 0
0.259312 0.0602554 0
0.256314 0.0601852 0
0.253315 0.0601102 0
0.250317 0.0600305 0
0.247319 0.0599457 0
0.244321 0.059856 0
0.241324 0.0597612 0
0.238326 0.0596612 0
0.235329 0.0595559 0
0.232332 0.0594451 0
0.229335 0.0593289 0
0.226338 0.059207 0
0.223342 0.0590793 0
0.220345 0.0589457 0
0.217349 0.0588061 0
0.214354 0.0586603 0
0.211358 0.0585081 0
0.208363 0.0583494 0
0.205369 0.0581841 0
0.202375 0.0580121 0
0.199381 0.0578336 0
0.196387 0.0576484 0
0.193394 0.0574565 0
0.190402 0.0572577 0
0.187409 0.057052 0
0.184418 0.0568392 0
0.181427 0.0566192 0
0.178436 0.056392 0
0.175446 0.0561572 0
0.172457 0.0559149 0
0.169468 0.0556648 0
0.16648 0.0554068 0
0.163493 0.0551406 0
0.160506 0.0548662 0
0.15752 0.0545833 0
0.154535 0.0542916 0
0.151551 0.053991 0
0.148568 0.0536811 0
0.145586 0.0533617 0
0.142605 0.0530325 0
0.139625 0.0526931 0
0.136646 0.0523435 0
0.133669 0.0519835 0
0.130692 0.0516128 0
0.127718 0.0512312 0
0.124744 0.0508386 0
0.121772 0.0504346 0
0.118802 0.050019 0
0.115833 0.0495915 0
0.112867 0.0491518 0
0.109902 0.0486994 0
0.106939 0.0482341 0
0.103978 0.0477554 0
0.10102 0.0472628 0
0.0980637 0.0467559 0
0.0951103 0.046234 0
0.0921597 0.0456962 0
0.0892122 0.0451415 0
0.0862681 0.0445695 0
0.0833275 0.0439797 0
0.0803906 0.0433715 0
0.0774578 0.0427442 0
0.0745292 0.0420973 0
0.0716052 0.0414297 0
0.0686862 0.0407408 0
0.0657726 0.0400294 0
0.0628649 0.0392945 0
0.0599635 0.0385349 0
0.0570691 0.037749 0
0.0541824 0.0369353 0
0.0513045 0.0360912 0
0.0484364 0.0352144 0
0.045579 0.0343029 0
0.0427337 0.0333546 0
0.0399018 0.032367 0
0.037085 0.0313372 0
0.0342852 0.0302619 0
0.031505 0.0291372 0
0.0287472 0.0279583 0
0.0260159 0.0267196 0
0.0233158 0.0254142 0
0.0206535 0.0240334 0
0.0180365 0.0225685 0
0.0154748 0.0210092 0
0.0129815 0.0193427 0
0.0105747 0.0175538 0
0.00827988 0.0156236 0
0.00613364 0.0135299 0
0.00429466 0.0111664 0
0.00292513 0.00850238 0
0.00193109 0.00567392 0
0.00105701 0.00280497 0
0.00107071 -0.00279977 0
0.0019588 -0.00566441 0
0.00296665 -0.00848798 0
0.00434918 -0.0111453 0
0.00619968 -0.0134997 0
0.00835613 -0.015583 0
0.0106604 -0.0175019 0
0.0130759 -0.019279 0
0.0155773 -0.0209333 0
0.0181466 -0.0224801 0
0.0207707 -0.0239322 0
0.0234397 -0.0252999 0
0.0261461 -0.0265922 0
0.0288835 -0.0278175 0
0.031647 -0.0289829 0
0.0344327 -0.030094 0
0.0372377 -0.0311556 0
0.0400595 -0.0321716 0
0.0428962 -0.0331453 0
0.0457461 -0.0340797 0
0.0486079 -0.0349772 0
0.0514802 -0.0358401 0
0.0543623 -0.0366701 0
0.0572529 -0.0374697 0
0.0601511 -0.0382414 0
0.0630562 -0.0389868 0
0.0659675 -0.0397075 0
0.0688845 -0.0404046 0
0.0718068 -0.0410793 0
0.074734 -0.0417325 0
0.0776657 -0.0423652 0
0.0806016 -0.0429781 0
0.0835414 -0.043572 0
0.0864849 -0.0441474 0
0.0894318 -0.044705 0
0.0923819 -0.0452452 0
0.0953351 -0.0457687 0
0.098291 -0.0462761 0
0.101249 -0.0467686 0
0.10421 -0.0472467 0
0.107173 -0.0477109 0
0.110138 -0.0481618 0
0.113106 -0.0485996 0
0.116074 -0.0490248 0
0.119045 -0.0494378 0
0.122017 -0.0498389 0
0.124991 -0.0502284 0
0.127966 -0.0506065 0
0.130943 -0.0509735 0
0.133921 -0.0513296 0
0.1369 -0.0516751 0
0.139881 -0.0520102 0
0.142862 -0.052335 0
0.145845 -0.0526496 0
0.148828 -0.0529544 0
0.151813 -0.0532497 0
0.154799 -0.0535358 0
0.157785 -0.0538128 0
0.160772 -0.0540812 0
0.16376 -0.054341 0
0.166749 -0.0545925 0
0.169738 -0.054836 0
0.172728 -0.0550714 0
0.175718 -0.0552992 0
0.17871 -0.0555193 0
0.181701 -0.0557319 0
0.184693 -0.0559373 0
0.187686 -0.0561355 0
0.190679 -0.0563266 0
0.193673 -0.0565107 0
0.196667 -0.056688 0
0.199661 -0.0568585 0
0.202656 -0.0570224 0
0.205651 -0.0571798 0
0.208646 -0.0573305 0
0.211642 -0.0574745 0
0.214638 -0.057612 0
0.217634 -0.0577432 0
0.220631 -0.0578682 0
0.223628 -0.0579871 0
0.226625 -0.0581002 0
0.229622 -0.0582074 0
0.232619 -0.058309 0
0.235617 -0.0584051 0
0.238615 -0.0584958 0
0.241613 -0.0585812 0
0.244611 -0.0586613 0
0.247609 -0.0587364 0
0.250608 -0.0588065 0
0.253606 -0.0588716 0
0.256605 -0.0589319 0
0.259603 -0.0589874 0
0.262602 -0.0590383 0
0.265601 -0.0590845 0
0.2686 -0.0591262 0
0.271599 -0.0591634 0
0.274598 -0.0591961 0
0.277597 -0.0592238 0
0.280596 -0.0592467 0
0.283595 -0.0592647 0
0.286594 -0.0592781 0
0.289593 -0.0592869 0
0.292593 -0.0592912 0
0.295592 -0.0592913 0
0.298591 -0.059287 0
0.30159 -0.0592787 0
0.304589 -0.0592662 0
0.307588 -0.0592499 0
0.310588 -0.0592296 0
0.313587 -0.0592055 0
0.316586 -0.0591777 0
0.319585 -0.0591463 0
0.322584 -0.0591113 0
0.325583 -0.0590728 0
0.328582 -0.0590309 0
0.33158 -0.0589856 0
0.334579 -0.058937 0
0.337578 -0.0588852 0
0.340577 -0.0588302 0
0.343575 -0.0587721 0
0.346574 -0.0587108 0
0.349572 -0.0586459 0
0.352571 -0.0585772 0
0.355569 -0.0585048 0
0.358567 -0.0584288 0
0.361565 -0.0583492 0
0.364564 -0.0582662 0
0.367561 -0.0581799 0
0.370559 -0.0580903 0
0.373557 -0.0579975 0
0.376555 -0.0579016 0
0.379552 -0.0578027 0
0.38255 -0.0577008 0
0.385547 -0.057596 0
0.388544 -0.0574884 0
0.391542 -0.057378 0
0.394539 -0.0572649 0
0.397536 -0.0571492 0
0.400532 -0.0570309 0
0.403529 -0.0569102 0
0.406526 -0.0567869 0
0.409522 -0.0566613 0
0.412519 -0.0565334 0
0.415515 -0.0564032 0
0.418511 -0.0562707 0
0.421508 -0.0561361 0
0.424504 -0.055999 0
0.4275 -0.0558589 0
0.430495 -0.0557159 0
0.433491 -0.05557 0
0.436487 -0.0554213 0
0.439482 -0.0552699 0
0.442477 -0.0551159 0
0.445472 -0.0549593 0
0.448467 -0.0548002 0
0.451462 -0.0546386 0
0.454457 -0.0544746 0
0.457451 -0.0543084 0
0.460446 -0.0541398 0
0.46344 -0.0539691 0
0.466434 -0.0537962 0
0.469428 -0.0536212 0
0.472422 -0.0534442 0
0.475416 -0.0532651 0
0.47841 -0.0530842 0
0.481404 -0.0529014 0
0.484397 -0.0527167 0
0.48739 -0.0525303 0
0.490384 -0.0523422 0
0.493377 -0.0521524 0
0.49637 -0.0519609 0
0.499363 -0.0517679 0
0.502356 -0.0515731 0
0.505349 -0.051376 0
0.508341 -0.0511765 0
0.511333 -0.0509748 0
0.514326 -0.0507708 0
0.517318 -0.0505646 0
0.52031 -0.0503564 0
0.523302 -0.0501461 0
0.526293 -0.0499338 0
0.529285 -0.0497196 0
0.532276 -0.0495034 0
0.535267 -0.0492854 0
0.538259 -0.0490657 0
0.54125 -0.0488441 0
0.54424 -0.0486209 0
0.547231 -0.048396 0
0.550222 -0.0481695 0
0.553212 -0.0479414 0
0.556203 -0.0477118 0
0.559193 -0.0474808 0
0.562183 -0.0472483 0
0.565173 -0.0470145 0
0.568163 -0.0467793 0
0.571153 -0.0465428 0
0.574143 -0.0463051 0
0.577132 -0.0460661 0
0.580122 -0.0458259 0
0.583111 -0.0455838 0
0.586101 -0.0453397 0
0.58909 -0.0450938 0
0.592079 -0.0448461 0
0.595067 -0.0445966 0
0.598056 -0.0443454 0
0.601045 -0.0440925 0
0.604033 -0.043838 0
0.607021 -0.0435819 0
0.610009 -0.0433242 0
0.612997 -0.0430649 0
0.615985 -0.0428042 0
0.618973 -0.0425421 0
0.62196 -0.0422786 0
0.624948 -0.0420137 0
0.627935 -0.0417474 0
0.630923 -0.04148 0
0.63391 -0.0412112 0
0.636897 -0.0409413 0
0.639884 -0.0406702 0
0.64287 -0.0403979 0
0.645857 -0.0401246 0
0.648844 -0.0398503 0
0.65183 -0.0395749 0
0.654817 -0.0392985 0
0.657803 -0.0390208 0
0.660789 -0.0387415 0
0.663775 -0.0384605 0
0.666761 -0.038178 0
0.669747 -0.0378939 0
0.672732 -0.0376083 0
0.675718 -0.0373212 0
0.678703 -0.0370327 0
0.681688 -0.0367428 0
0.684673 -0.0364515 0
0.687658 -0.036159 0
0.690643 -0.0358651 0
0.693627 -0.0355699 0
0.696612 -0.0352736 0
0.699596 -0.034976 0
0.702581 -0.0346773 0
0.705565 -0.0343775 0
0.708549 -0.0340766 0
0.711533 -0.0337746 0
0.714517 -0.0334716 0
0.7175 -0.0331677 0
0.720484 -0.0328628 0
0.723468 -0.032557 0
0.726451 -0.0322503 0
0.729434 -0.0319425 0
0.732418 -0.0316332 0
0.735401 -0.0313225 0
0.738384 -0.0310102 0
0.741366 -0.0306966 0
0.744349 -0.0303815 0
0.747331 -0.0300651 0
0.750314 -0.0297473 0
0.753296 -0.0294283 0
0.756278 -0.029108 0
0.75926 -0.0287864 0
0.762242 -0.0284637 0
0.765223 -0.0281398 0
0.768205 -0.0278147 0
0.771186 -0.0274886 0
0.774167 -0.0271614 0
0.777149 -0.0268332 0
0.78013 -0.026504 0
0.783111 -0.0261739 0
0.786092 -0.0258428 0
0.789072 -0.0255109 0
0.792053 -0.0251781 0
0.795034 -0.0248445 0
0.798014 -0.0245095 0
0.800994 -0.024173 0
0.803974 -0.0238349 0
0.806954 -0.0234955 0
0.809934 -0.0231546 0
0.812914 -0.0228123 0
0.815893 -0.0224687 0
0.818872 -0.0221239 0
0.821851 -0.0217777 0
0.82483 -0.0214304 0
0.827809 -0.0210819 0
0.830788 -0.0207322 0
0.833767 -0.0203815 0
0.836745 -0.0200297 0
0.839724 -0.019677 0
0.842702 -0.0193233 0
0.84568 -0.0189687 0
0.848658 -0.0186132 0
0.851636 -0.0182569 0
0.854614 -0.0178999 0
0.857592 -0.0175414 0
0.860569 -0.0171812 0
0.863546 -0.0168194 0
0.866523 -0.0164561 0
0.8695 -0.0160912 0
0.872477 -0.0157249 0
0.875454 -0.0153573 0
0.87843 -0.0149882 0
0.881406 -0.014618 0
0.884382 -0.0142465 0
0.887358 -0.0138739 0
0.890334 -0.0135002 0
0.89331 -0.0131256 0
0.896285 -0.01275 0
0.899261 -0.0123736 0
0.902236 -0.0119965 0
0.905212 -0.0116188 0
0.908187 -0.0112395 0
0.911162 -0.0108583 0
0.914136 -0.0104753 0
0.917111 -0.0100905 0
0.920085 -0.00970408 0
0.923059 -0.00931609 0
0.926033 -0.00892665 0
0.929006 -0.00853586 0
0.93198 -0.00814386 0
0.934953 -0.00775079 0
0.937926 -0.00735681 0
0.940899 -0.00696209 0
0.943872 -0.00656686 0
0.946845 -0.00617113 0
0.949818 -0.0057734 0
0.95279 -0.00537343 0
0.955763 -0.00497137 0
0.958734 -0.00456737 0
0.961706 -0.00416162 0
0.964677 -0.00375436 0
0.967649 -0.00334589 0
0.97062 -0.00293657 0
0.973591 -0.00252693 0
0.976562 -0.0021185 0
0.979535 -0.001721 0
0.982509 -0.00133269 0
0.985483 -0.000945584 0
0.988455 -0.00054636 0
0.991423 -0.000110743 0
0.994376 0.000413524 0
0.997259 0.00122365 0
-14 1.94175e-11 0
9 7 0
8.91231 -7.00387 0
3.94228 -7.05095 0
-6 -7 0
-6.98857 7.03352 0
5 7 0
1 7 0
-3.76519 7.06167 0
-2 -7 0
19 -1 0
13 7 0
-9.006 -7.00548 0
14 -7 0
19 2 0
-14.0051 -2.91278 0
-11 -7 0
-11 7 0
-14 -5 0
19 4 0
17 -7 0
17 7 0
-14 4 0
19 -4 0
1.95844 -6.98984 0
-2 7 0
6.98682 -7.02215 0
19 6 0
-0.047705 -6.99105 0
-3 -7 0
-4.09642 -6.94824 0
2 7 0
3.07565 7.01992 0
6 7 0
-7.02173 -7.04929 0
-0.923913 7.01949 0
7 7 0
-14.0106 2.01063 0
-8.9132 7.00791 0
-5.94808 6.97319 0
-14 -1 0
5.93438 -6.96898 0
-12 -7 0
-14 -7 0
-14 7 0
19 -7 0
18 7 0
-13 7 0
19 -1.94175e-11 0
16 -7 0
13 -7 0
12 -7 0
11 -7 0
11 7 0
14 7 0
15 7 0
19 -3 0
19 7 0
19 -6 0
-14 6 0
12 -6 0
2.80983 6.14766 0
-3.21307 -6.1672 0
-1.1559 6.1559 0
-6.13244 -6.13244 0
6.1264 6.12712 0
-6.88926 6.05225 0
6.86401 -6.07108 0
-13.0625 -0.0625143 0
18 -1 0
13 6 0
18 -4 0
-11.0075 -6.00748 0
-13 6 0
17 -6 0
1.83411 6.16589 0
-1.14734 -7.06914 0
0.932262 -7.06774 0
-5.11944 -7.06729 0
2.9323 -7.0677 0
4.17504 7.06768 0
0.0676501 7.06765 0
-2.93532 7.06468 0
-4.64496 7.07085 0
4.93243 -7.06757 0
-8.01439 -7.01439 0
-14.0202 1.09273 0
-7.96549 7.03451 0
-14.0255 -1.9745 0
8 7 0
7.97439 -7.02561 0
-10.0045 -7.00452 0
-9.81518 7.01518 0
-14 3 0
-14.0083 -3.86836 0
-13.0004 -7.00127 0
-14.0025 -5.9975 0
18 -6 0
-12 7 0
14 -6 0
19 5 0
19 3 0
15 -7 0
19 1 0
9.90901 -7.0012 0
18 -7 0
12 7 0
10 7 0
14 6 0
19 -2 0
16 7 0
-14 5 0
19 -5 0
17 6 0
18 6 0
2.78908 -6.19378 0
-0.733427 -6.33519 0
2.04544 5.37719 0
13 5 0
18 3 0
-10.009 6.02592 0
-13.0732 1.98204 0
9.03152 6.03097 0
5.19578 6.17353 0
-5.27121 -6.22225 0
-3.2438 6.21882 0
-8.04474 -6.05913 0
-10.0262 -6.02322 0
-13.1047 -2.0613 0
-13.016 -4.00797 0
-12 6 0
-13.0067 -5.99577 0
15 -6 0
10 -6 0
18 -2 0
15 6 0
-2.27417 -6.08582 0
-4.00698 -6.10602 0
-1.98216 6.17374 0
4.88806 -6.17951 0
1.30215 -6.33734 0
5.99985 -6.06743 0
-7.15942 -6.13957 0
-13.121 0.775232 0
-8.04901 6.08352 0
-4.99113 6.15283 0
7.95153 -6.0987 0
7.09538 6.1264 0
1.01056 6.17646 0
-13.0667 -1.08637 0
11 6 0
-11.9956 -6.01188 0
12 6 0
-13.0084 3.99162 0
-13 5 0
11 -6 0
18 5 0
16 -6.00003 0
13 -6 0
18 1 0
18 -1.86688e-11 0
18 -3 0
16 6 0
18 -5 0
-5.99803 6.0811 0
3.74247 6.20692 0
-0.419911 6.37756 0
-6.94413 -5.33722 0
7.04799 -5.17916 0
-6.8993 5.1818 0
-2.92695 -5.42904 0
-0.301735 5.55171 0
5.31296 5.36022 0
10.9818 -5.01821 0
17 -1 0
-12.1511 -0.655254 0
15 -5 0
1.27146 5.36193 0
-12.225 1.10422 0
-10.0668 -5.07895 0
17.0001 -3.9999 0
15 5 0
5.24856 -5.31123 0
-0.0305241 -6.12647 0
3.45402 5.44675 0
3.76237 -6.11316 0
-4.04438 6.19248 0
6.29047 5.32811 0
2.74294 5.40785 0
-1.92646 5.40317 0
8.05932 6.05932 0
-9.07453 -6.04835 0
1.98008 -6.12091 0
10.0134 6.01343 0
-9.06212 6.11907 0
-5.32318 -5.42478 0
-13.0311 -2.99604 0
-12.0365 4.02847 0
8.98056 -6.03734 0
-12.0251 -5.02534 0
13 -5 0
11.0203 5.0203 0
-13.0181 3.00969 0
-12.0102 5.01024 0
-11.0103 6.01943 0
-13.0131 -4.99483 0
12.0067 5.00667 0
17 -1.68582e-11 0
17 -3 0
17 -5 0
18 4 0
18 2 0
14 5 0
17 5 0
-5.12711 5.35367 0
-1.44088 -6.22104 0
4.44512 6.26881 0
-4.56893 -6.32433 0
1.26193 -5.50004 0
1.75849 4.73741 0
0.8452 0.0259686 0
0.74395 0.0370076 0
0.642451 0.0465303 0
5.49813 4.48919 0
11.0316 4.04528 0
16.0016 -0.9984 0
13 4 0
-4.23397 5.27251 0
-7.81215 -5.19111 0
3.13263 -5.51111 0
8.13829 5.20885 0
-3.75339 -5.35907 0
10.0712 5.06649 0
-8.95227 5.17634 0
-11.0674 4.06254 0
-12.0519 3.0489 0
17 3 0
2.94282 4.76615 0
-9.13614 -5.14191 0
-7.75919 5.1733 0
6.07987 -5.24502 0
4.29851 5.42894 0
0.529866 5.47707 0
-12.17 0.176628 0
7.23275 5.28382 0
-1.06954 5.40739 0
-12.1717 -1.89379 0
-12.1312 2.06533 0
-12.0607 -3.03751 0
-4.57283 -5.63479 0
-12.0567 -4.03696 0
-11.0423 -5.03185 0
-10.0183 5.06561 0
-2.22972 -5.34137 0
-0.779341 -5.46928 0
9.02658 -5.06173 0
-11.0329 5.0384 0
11.9745 -5.00727 0
-5.98538 5.22283 0
8.0355 -5.12529 0
13.9966 -5.0034 0
14 4 0
17.0004 -2.00036 0
10.0003 -5.0185 0
17.0006 0.999389 0
16.0004 -3.99958 0
-6.12826 -5.31657 0
15.9998 -5.00019 0
17 4 0
16 5 0
4.54788 -5.31343 0
-2.64866 5.68653 0
-3.20772 -4.73051 0
5.39544 -4.51422 0
-6.00687 4.3304 0
-0.461586 4.73459 0
-2.60578 4.78468 0
8.07971 -4.16502 0
10.9966 -4.03417 0
-11.2474 -0.0705887 0
13.0057 3.00565 0
-5.33736 -4.6433 0
13.9948 -4.00857 0
1.18833 4.71162 0
-11.2061 -2.12968 0
7.31262 4.45856 0
10.092 4.12526 0
-8.01459 4.22196 0
-9.13159 -4.22534 0
-10.1027 4.10485 0
-11.0996 -4.08734 0
-6.9754 -4.45977 0
16.0026 -1.99616 0
16 4 0
-0.0320739 -5.4113 0
1.99401 -5.35041 0
-1.31504 4.75917 0
-11.3123 1.01398 0
-11.1239 3.12233 0
9.09748 5.14889 0
-5.0277 4.55993 0
3.66734 -5.12877 0
3.60872 4.73398 0
-4.485 -4.7849 0
-3.34748 5.47482 0
-1.64116 -5.46297 0
6.20671 -4.40177 0
12.0074 -4.01809 0
9.03581 -4.10323 0
15.0009 -4.00046 0
16.0006 -3.00021 0
12.012 4.0187 0
14.9977 4.00225 0
16.0022 -0.000629419 0
17.0004 1.9989 0
2.23508 4.66945 0
0.488314 -5.61567 0
4.67688 4.6274 0
0.314405 6.27507 0
-2.56199 6.42876 0
-8.41231 -5.31087 0
0.223206 4.85891 0
-4.69712 -4.1135 0
4.83549 4.05082 0
2.99054 -4.76467 0
-0.759588 -4.75476 0
0.160756 4.17793 0
0.543816 0.0542736 0
5.46575 -3.77221 0
-5.27793 3.79872 0
8.09741 -3.22534 0
11.024 -3.05593 0
10.0937 3.18281 0
15.0052 -0.00140867 0
-10.3451 0.171184 0
2.65297 4.28763 0
-10.189 3.18734 0
-2.47791 -4.69551 0
-4.10379 4.43587 0
9.19604 4.24393 0
12.0195 3.03252 0
0.514742 -4.9353 0
1.83894 4.26085 0
-7.61828 -4.10443 0
-0.977368 4.10859 0
6.50542 4.5259 0
-6.92823 4.29279 0
-11.2355 -1.18729 0
-3.3582 4.68136 0
4.10904 -4.69255 0
8.20826 4.35112 0
-8.98936 4.16871 0
-11.2015 2.09613 0
-10.1864 -4.15465 0
1.23115 -4.67759 0
-1.91437 4.75538 0
7.10625 -4.30482 0
-11.133 -3.07479 0
-6.15464 -4.50692 0
14.0055 -3.01239 0
10.0162 -4.06861 0
15.0014 3.00442 0
14.0045 3.00612 0
16.0013 0.99956 0
15.0045 -2.00209 0
15.0027 -3.00257 0
16.0007 3.00075 0
13.0005 -4.00925 0
-3.77566 -4.66494 0
4.70112 -4.61278 0
3.67064 4.05574 0
0.65107 -6.27305 0
-8.35897 -4.50555 0
3.11133 4.1891 0
0.750603 4.92988 0
0.777477 -0.0298144 0
0.634178 -0.0441983 0
0.884754 -0.0172226 0
0.718489 -4.24793 0
0.532492 -0.0524948 0
3.28487 3.60983 0
7.39245 3.65156 0
-6.16612 -3.70874 0
-8.28869 -3.57304 0
-7.12144 3.38443 0
-10.2776 -0.720794 0
-2.76008 4.09319 0
3.16165 -4.01991 0
-4.45907 3.71533 0
-3.98129 -3.96628 0
4.76477 -3.90401 0
-10.2911 -2.35171 0
-9.15833 3.24525 0
-10.252 2.23488 0
7.18359 -3.43876 0
9.20696 3.35081 0
12.0232 2.05009 0
10.0229 -3.10873 0
14.0101 -2.0182 0
15.0055 0.994387 0
13.0124 -3.01669 0
1.32173 4.157 0
1.76577 -4.86316 0
-1.90653 -4.90904 0
-2.88713 -4.23805 0
-9.3545 -3.3934 0
-0.39575 4.17898 0
-10.3398 1.07744 0
6.24819 -3.59645 0
-6.06897 3.49605 0
9.04788 -3.16723 0
-5.3836 -3.9325 0
-0.161455 -4.81429 0
11.051 3.07678 0
14.0096 2.01216 0
15.0034 2.00722 0
12.0135 -3.03564 0
15.0055 -1.00595 0
16.0021 1.99787 0
-10.2356 -3.24634 0
0.730707 4.40633 0
2.24363 4.02561 0
2.33307 -4.73659 0
-3.50383 3.96405 0
-6.95248 -3.64579 0
-3.66094 3.25738 0
-0.253606 3.67006 0
1.21909 3.6263 0
-5.43926 -3.20355 0
-6.2729 2.67133 0
6.38511 -2.79772 0
8.10156 -2.30121 0
9.17553 2.48595 0
10.0532 -2.11466 0
-9.45421 0.154018 0
-9.28913 2.31583 0
11.0655 2.11906 0
-2.08783 4.1473 0
6.60142 3.81174 0
0.0882675 -4.21124 0
4.13492 -4.11448 0
-8.49167 -2.60254 0
-8.05371 3.31104 0
-5.27789 3.0301 0
4.77633 -3.21303 0
8.34404 3.47756 0
-4.62576 -3.43287 0
0.714758 3.79353 0
1.7349 -4.19371 0
-2.41234 -4.01771 0
-9.36801 -2.44912 0
-6.20247 -2.95986 0
14.0107 -0.996129 0
14.0131 1.01802 0
12.0252 -2.0451 0
13.019 -2.02562 0
13.0152 2.01397 0
2.69411 3.73281 0
1.70847 3.6763 0
1.25704 -4.11635 0
-2.91756 3.44723 0
-1.3792 -4.81746 0
-10.4931 -1.58771 0
-7.47409 -3.4152 0
-3.33841 -4.03968 0
2.60543 -5.40458 0
5.50875 -3.05832 0
2.47475 -3.97404 0
0.436088 0.0605504 0
-3.17186 2.91328 0
0.551256 -3.76401 0
0.388652 -0.0604856 0
2.56797 -3.4197 0
0.866708 3.34135 0
0.31628 0.0637233 0
4.9646 -2.51851 0
2.90025 3.21857 0
-4.85853 -2.78394 0
6.53519 3.06354 0
-5.44629 2.1643 0
-0.571752 -4.14222 0
11.0611 1.15691 0
-8.57863 -1.74529 0
8.32056 2.61325 0
-2.25794 3.5508 0
13.0265 1.02738 0
-7.64619 -2.66728 0
1.91665 -3.69084 0
4.14645 -3.40702 0
-9.39313 1.28551 0
-3.4128 -3.54089 0
5.73433 -2.24917 0
-9.2825 -0.7031 0
0.216162 3.67649 0
-4.38342 2.93529 0
9.05664 -2.22683 0
2.14164 3.47166 0
10.1476 2.26348 0
11.0323 -2.08776 0
14.0125 -0.00341668 0
13.0249 -1.0398 0
-7.1446 2.51896 0
-5.52908 -2.51478 0
-3.92419 -3.34567 0
7.23224 -2.58641 0
-9.45505 -1.54908 0
1.36663 3.19161 0
-6.93088 -2.86135 0
-1.80387 -4.26251 0
-1.53689 4.23112 0
-2.88254 -3.7424 0
5.90551 3.78738 0
-8.26503 2.40388 0
-2.82391 -3.12442 0
1.00379 2.89703 0
5.22922 -1.74111 0
-4.8382 -2.09368 0
8.35536 1.77119 0
8.10756 -1.3877 0
3.39264 3.14277 0
2.42314 3.14175 0
10.0705 -1.25667 0
12.0833 -1.00756 0
10.2018 1.38716 0
0.052528 3.22963 0
-7.38033 1.64073 0
5.84022 3.08176 0
1.05234 -3.69606 0
1.78597 3.22725 0
-6.32785 1.87909 0
-8.55707 0.485346 0
-8.75107 -1.10471 0
-6.93313 -2.05657 0
-4.1371 -2.69183 0
-8.41944 1.46226 0
7.50459 2.82241 0
-0.0720115 -3.69223 0
-1.11595 -4.23291 0
13.0334 -0.120524 0
-1.57968 3.62504 0
-1.95752 -3.63453 0
12.0593 1.10507 0
6.44956 -1.99153 0
-7.75437 -1.90518 0
-2.50953 3.02908 0
-6.20246 -2.20737 0
-2.4384 -3.51832 0
3.50163 -3.32874 0
-4.78855 2.44039 0
-3.71115 2.5483 0
7.30552 -1.70134 0
4.13119 -2.73282 0
0.43382 3.33674 0
0.235419 0.0628314 0
0.423969 -3.27075 0
0.307605 -0.062249 0
5.80495 2.41221 0
-4.64778 1.81895 0
-6.29635 -1.53383 0
-6.54875 0.878835 0
-0.372753 3.23763 0
-0.583924 -3.57969 0
-4.12917 -1.95137 0
7.46072 -0.933163 0
3.49571 -2.60304 0
7.45694 1.97274 0
-7.84641 -1.07033 0
5.93 -1.30847 0
10.132 0.445666 0
-1.05226 3.58853 0
-1.36645 -3.71674 0
11.094 0.1982 0
4.53388 -1.99585 0
1.33598 2.77314 0
-2.75132 2.58748 0
9.0918 -1.30742 0
9.26794 1.58703 0
-2.11567 -3.07252 0
0.488145 2.91432 0
11.0169 -1.12083 0
12.1678 0.1986 0
3.0549 2.79967 0
-3.19838 -2.31777 0
-4.27309 2.30295 0
-5.45817 1.38449 0
5.31634 3.65441 0
-5.63248 -1.82 0
-1.8677 3.06214 0
-3.15758 -2.70028 0
-8.60881 -0.412989 0
3.70873 -3.8786 0
2.03498 3.03392 0
3.85027 3.35538 0
-7.63197 0.642286 0
0.928669 0.01606 0
4.84073 -1.23803 0
-4.52099 1.10034 0
-3.25777 2.1129 0
8.10742 -0.447135 0
-5.67326 -1.12685 0
-7.07788 -0.255929 0
0.908998 -3.19479 0
7.58975 1.17469 0
-2.44746 -2.68413 0
1.13677 2.58518 0
8.40713 0.986171 0
4.59082 3.38706 0
-3.96642 1.78582 0
-7.03017 -1.28904 0
3.91412 -2.18687 0
6.66848 2.23112 0
0.0709874 2.83823 0
-0.467052 -3.16756 0
2.59719 2.75039 0
-0.00949674 -3.25989 0
-4.45972 -1.39728 0
3.58305 2.67993 0
5.20186 2.98713 0
-1.63035 -3.23678 0
9.2077 -0.364349 0
-2.13012 2.6376 0
-7.89219 -0.155704 0
-5.08178 -1.47656 0
6.71497 -1.05695 0
9.20775 0.699793 0
2.93479 -3.48232 0
10.3042 -0.419597 0
1.71591 2.82379 0
-0.699739 3.7668 0
0.832299 2.57997 0
-3.47597 -3.0086 0
-0.819709 3.28784 0
-3.60871 -2.3927 0
-1.26971 3.07506 0
-0.920829 -3.77308 0
3.6287 -4.43316 0
0.504056 -2.87985 0
0.232518 -0.0613065 0
0.759798 2.26947 0
0.154771 0.057281 0
3.39718 -2.09234 0
-3.01425 1.54447 0
6.28009 -0.432489 0
6.07345 1.62212 0
-4.94243 -0.706903 0
5.00209 2.2884 0
-5.15869 0.757953 0
-0.307651 2.83759 0
-2.40808 2.23947 0
-3.7775 1.04283 0
-0.055723 -2.85398 0
4.13459 2.78255 0
-3.87378 -1.20668 0
-1.03844 -3.30085 0
-0.849291 2.82014 0
2.9673 -2.93607 0
7.04312 -0.185207 0
2.19101 2.68257 0
3.21185 2.39474 0
-1.80773 -2.71802 0
4.20793 -1.51561 0
-6.36315 -0.745441 0
7.71082 0.391955 0
0.506983 2.54399 0
4.67423 2.72972 0
1.44208 2.43299 0
1.38137 -3.21913 0
6.31435 0.991423 0
-1.58935 2.63004 0
8.52816 0.253287 0
4.26998 4.00367 0
-2.81884 -2.51874 0
-0.528718 2.4586 0
4.08678 -0.933251 0
5.28689 1.59377 0
0.441572 2.24227 0
-4.2328 -0.662776 0
2.3498 -2.97596 0
-2.89468 -2.03153 0
-1.16423 2.48463 0
-2.10451 -2.46744 0
-4.30973 0.410588 0
4.38012 2.27406 0
5.66475 -0.644701 0
1.88266 2.47072 0
-5.77134 -0.336935 0
-3.42851 -1.79332 0
3.77114 2.22373 0
-1.37741 -2.84315 0
-0.440234 -2.75474 0
2.77436 2.35858 0
-1.7781 2.26713 0
1.0873 2.26315 0
3.73805 -1.70835 0
0.889026 -2.80625 0
0.194453 2.53113 0
-2.7225 1.88471 0
6.75375 1.43646 0
6.10157 0.315434 0
6.91889 0.687458 0
-5.77872 0.486083 0
1.5261 -3.67242 0
-6.30797 0.00532267 0
3.12082 -2.36759 0
4.10495 4.56994 0
0.542549 -2.51959 0
0.1635 -0.0573289 0
0.835218 1.99308 0
-1.39762 2.14648 0
3.67787 -1.21167 0
4.11806 1.83975 0
1.66537 2.1321 0
-2.44708 1.47638 0
-3.67522 -0.502404 0
1.28499 -2.82056 0
5.46046 -0.0787196 0
-2.97565 -1.49409 0
0.112036 2.20165 0
4.61939 -0.701059 0
-0.0465128 -2.47158 0
-3.73028 0.449303 0
-4.99394 0.112841 0
2.94853 1.99483 0
1.84352 -3.27563 0
-2.09706 1.91285 0
5.69432 0.929582 0
-0.878898 -2.83081 0
-1.9401 -2.04453 0
2.33205 2.30711 0
-1.57615 -2.33635 0
2.66271 -2.48273 0
3.36186 1.97444 0
2.88552 -2.02638 0
3.23215 -1.71063 0
-0.116569 2.49356 0
-0.855233 2.40211 0
1.36542 2.11982 0
-2.41966 -2.18598 0
-4.47034 -0.160108 0
-3.30793 -1.05607 0
-1.31911 -2.05138 0
1.44514 1.84578 0
2.68683 -1.5855 0
3.45686 -0.760643 0
3.08236 1.61662 0
-3.10325 -0.445036 0
-0.389133 -2.4178 0
2.24713 -2.5297 0
-2.78802 1.15136 0
-1.90047 1.47558 0
-2.20695 -1.79878 0
1.80645 -2.77189 0
2.54136 1.9388 0
5.04067 0.927728 0
0.560492 1.99112 0
1.98347 2.11965 0
3.66045 1.60041 0
-3.15082 0.625011 0
-0.24052 2.09416 0
-0.992213 2.03749 0
1.10321 1.98009 0
0.843271 -2.46732 0
3.91252 -0.432471 0
-2.82691 -0.884523 0
-1.17306 -2.4741 0
4.62215 1.78519 0
3.14048 -1.21777 0
2.46276 -2.08104 0
4.87648 -0.244445 0
2.25612 -3.52336 0
0.255083 -2.6431 0
-3.95561 -0.0455146 0
-0.623356 2.10128 0
-2.57121 -1.69266 0
5.1565 -0.596916 0
-1.62603 1.79439 0
0.527359 -2.18054 0
0.586611 1.72282 0
2.68878 1.57138 0
-1.42144 1.49374 0
2.30643 -1.70705 0
2.69804 -1.09763 0
3.43091 -0.302269 0
3.32756 1.20637 0
-2.63417 -0.293888 0
1.17123 1.72072 0
-0.417468 1.7971 0
-0.991337 -2.1811 0
-0.000740892 -2.15507 0
-2.26454 -1.47512 0
1.80851 1.78472 0
2.20429 1.87656 0
2.97229 -0.844484 0
-2.25773 1.09612 0
1.97777 -2.1797 0
1.15854 -2.51771 0
-3.48674 -0.00280389 0
-1.86499 -1.57679 0
-1.59243 -1.83926 0
-0.718882 1.76497 0
0.30674 1.91463 0
-1.25756 1.72941 0
4.23971 1.34474 0
-0.744696 -2.46357 0
0.0439206 1.92562 0
4.38649 -0.187254 0
-3.26026 1.19495 0
4.71771 1.30692 0
0.223578 -2.98151 0
-2.50937 -1.22613 0
5.36424 -1.10584 0
0.460614 -0.0571343 0
-1.15536 -1.77374 0
1.86967 -1.76147 0
-0.518472 1.54303 0
3.00603 -0.421694 0
2.91455 1.2187 0
0.319281 1.63246 0
3.76504 0.0463991 0
-2.05495 -1.10039 0
-0.298853 -2.11795 0
4.39581 0.817965 0
-1.62907 1.28509 0
1.58298 1.55911 0
0.888663 1.73316 0
-0.969526 1.60802 0
-2.52456 0.723249 0
2.01232 1.5179 0
-2.39494 -0.707684 0
1.5092 -2.41945 0
-2.99305 0.0643119 0
0.813204 -2.17883 0
-1.38566 -1.52762 0
2.32614 1.54009 0
4.81297 0.30011 0
-0.638793 -2.15189 0
3.80874 1.10326 0
0.262432 -2.32069 0
-1.80692 1.08978 0
2.66124 -0.717425 0
-3.48993 1.54713 0
1.36514 1.59936 0
0.502871 -1.87614 0
0.726098 1.45696 0
-0.961162 -1.53008 0
1.41164 1.4156 0
-1.39256 1.11308 0
2.55214 -0.341833 0
2.16408 1.23901 0
-2.18321 -0.177889 0
3.20008 0.052056 0
0.0832695 1.6865 0
3.03774 0.830979 0
-0.251735 -1.80344 0
0.957633 1.51476 0
-2.56465 0.24091 0
-2.06616 0.726715 0
-1.15171 1.33795 0
1.11583 -2.16566 0
-0.265796 1.50654 0
-0.851038 -1.87773 0
-1.58819 -1.24517 0
3.92768 0.628461 0
0.457621 -0.0582567 0
4.21169 0.281723 0
0.454621 -0.0574694 0
1.19728 1.48756 0
0.260506 -2.02078 0
3.43501 0.828647 0
1.55216 -2.03927 0
5.422 0.478827 0
2.5538 1.19559 0
-0.742422 1.49591 0
0.461006 -0.0599012 0
0.915829 1.29761 0
-1.01384 1.09319 0
2.308 0.944178 0
1.51928 -1.69417 0
-1.69238 -0.880635 0
0.255145 -1.7627 0
0.112712 -0.051346 0
-0.730359 -1.64904 0
-0.362308 1.28449 0
1.21415 1.29974 0
1.63673 1.323 0
0.128818 1.47525 0
2.79801 -0.0960363 0
-1.60842 0.771577 0
-1.97104 -0.596128 0
-0.613956 1.29262 0
0.76635 -1.90179 0
-1.16282 -1.28712 0
-2.12851 0.290181 0
2.67166 0.868991 0
-0.150136 1.73657 0
3.47887 0.394931 0
0.017714 -1.87944 0
-0.542839 -1.85677 0
-0.873491 1.28336 0
1.13728 -1.77789 0
1.79073 1.48694 0
-2.32097 0.495264 0
0.37619 0.0627393 0
0.705865 -0.0373617 0
0.107334 0.0514949 0
0.499558 -0.0547608 0
0.42764 -0.0588548 0
-0.633759 -1.4261 0
1.19737 -1.4808 0
0.956165 -0.0079435 0
-1.63734 -0.599831 0
0.487577 -0.0555237 0
2.39181 0.669889 0
0.47857 -0.0558517 0
2.48365 0.0590785 0
0.472579 -0.0562117 0
0.300951 1.40307 0
-1.81738 0.0126819 0
3.08414 0.440077 0
-1.20353 0.859044 0
2.02685 0.938691 0
1.45578 1.20939 0
-0.479084 1.09354 0
0.485051 -1.67327 0
-0.818601 -1.27269 0
-1.32786 -1.04079 0
0.0160896 -1.64841 0
0.466607 -0.0567904 0
0.493567 -0.0551456 0
0.484509 -0.0558681 0
0.433539 -0.0581207 0
0.439633 -0.0582653 0
-0.724245 1.09661 0
-0.454716 -1.61664 0
0.463638 -0.0572898 0
-1.7971 0.434221 0
0.864036 -1.6258 0
-0.150719 1.2334 0
1.07584 1.35458 0
1.89949 1.23879 0
-0.534041 -1.23378 0
-0.592745 0.917811 0
2.24422 -0.138727 0
0.40949 -0.0597506 0
2.07966 0.632825 0
-1.50989 0.20779 0
1.26568 1.1109 0
-0.871189 0.918957 0
-1.38535 0.60699 0
0.24985 -1.54288 0
-1.41521 -0.759196 0
2.81258 0.221364 0
-0.197082 -1.55495 0
0.0834403 1.24446 0
1.68077 1.12647 0
0.415645 -0.0593995 0
0.445624 -0.0577275 0
0.505561 -0.053917 0
0.511535 -0.0539672 0
0.4245 -0.0591947 0
0.379383 0.062931 0
0.702823 -0.0386491 0
-0.965039 -1.08932 0
0.511858 1.41814 0
0.469753 -0.0570965 0
0.475662 -0.0574485 0
0.48158 -0.056847 0
0.496616 -0.0553769 0
0.49058 -0.0557558 0
0.442747 -0.0585624 0
0.502711 -0.0552519 0
0.436554 -0.0591182 0
0.430797 -0.0592838 0
0.699894 -0.0379604 0
1.0893 1.18464 0
2.76549 0.549464 0
-0.0436688 1.46232 0
-1.73536 -0.319066 0
-0.138748 1.03009 0
-0.279199 1.0664 0
-0.358222 -1.37798 0
0.706322 -0.0404066 0
0.375913 0.065921 0
0.670031 -0.0408796 0
-0.303919 -1.20426 0
0.926766 1.11362 0
-0.0147163 1.09166 0
-0.726434 0.776887 0
-0.168829 0.880216 0
0.0663044 0.0439468 0
-1.36759 -0.4194 0
2.19657 0.137632 0
0.0381123 -1.44224 0
0.448635 -0.0591236 0
0.418471 -0.0599168 0
0.506154 -0.0573813 0
0.460746 -1.46091 0
2.28593 -0.403806 0
1.83264 0.73215 0
1.499 0.978615 0
-0.375377 0.888003 0
0.31846 1.21684 0
-1.43558 -0.133831 0
2.34959 0.238673 0
-1.10955 -0.88429 0
1.11372 1.0258 0
0.517515 -0.0533296 0
-0.997759 0.727684 0
-0.664248 -1.09314 0
-0.140246 -1.36998 0
0.514794 -0.0540904 0
0.508369 -0.0543682 0
0.421294 -0.0593903 0
2.24886 0.393014 0
2.50866 0.355247 0
1.78389 0.924524 0
0.424466 -0.0626603 0
0.343242 0.0634493 0
0.960073 0.965333 0
0.00581254 0.911376 0
-1.11062 -0.400507 0
1.60402 0.764468 0
0.727109 -0.0353204 0
-0.273058 0.72312 0
1.96404 0.0223689 0
0.358219 0.063179 0
-0.836812 0.613359 0
0.379556 0.0665572 0
0.394162 0.0621901 0
0.660881 -0.041633 0
0.717774 -0.0359305 0
0.367205 0.0629739 0
0.461996 1.256 0
0.352228 0.0632982 0
0.765167 1.21217 0
1.96778 0.314053 0
-1.20728 0.0400638 0
2.01611 -0.246362 0
1.8373 0.516849 0
1.29189 0.914059 0
0.255052 -1.30006 0
-0.131508 -1.19777 0
-0.81151 -0.916102 0
-1.15264 -0.618198 0
0.711805 -0.0367149 0
0.523555 -0.0526832 0
0.655094 -0.0422848 0
0.675914 -0.0398697 0
0.666957 -0.0413928 0
0.681978 -0.039728 0
0.723908 -0.03543 0
0.732598 -0.034184 0
0.738665 -0.0337716 0
0.744664 -0.0333641 0
0.349233 0.0633524 0
0.364209 0.0630456 0
0.400152 0.0619853 0
0.406218 0.0614579 0
0.412259 0.0616058 0
0.373195 0.0628206 0
-0.429934 -1.06503 0
0.520679 -0.0540125 0
0.673241 -0.0407791 0
0.7088 -0.037568 0
0.451451 -0.0578283 0
0.138654 1.0721 0
0.670932 -1.48213 0
0.509901 -0.0578654 0
-1.1714 0.593646 0
-0.471655 0.73749 0
2.36028 -0.642253 0
0.580364 -0.0488153 0
0.375857 0.0692248 0
0.506264 -0.0615488 0
-0.357488 0.596575 0
1.81124 0.165924 0
0.352577 0.0667092 0
1.40137 0.752748 0
0.156892 0.916464 0
0.331258 0.0636043 0
0.646102 -0.042887 0
0.433277 -0.0619288 0
0.517462 -0.0561643 0
-0.958743 -0.50735 0
0.367814 0.066492 0
0.526263 -0.0537124 0
0.454431 -0.0600985 0
0.388254 0.0625895 0
1.8019 -0.139725 0
1.11983 0.85283 0
0.38282 0.0629705 0
0.372211 0.0664565 0
0.498864 1.05611 0
0.815343 0.95867 0
0.292929 1.05149 0
0.437423 -1.26871 0
0.0460261 -1.22566 0
2.05604 -0.500654 0
-1.27045 0.375148 0
0.766676 1.07022 0
-0.906022 -0.719643 0
-0.637693 0.603442 0
-0.543349 -0.926038 0
0.652106 -0.0425614 0
0.750632 -0.0322814 0
0.756598 -0.03209 0
0.33699 0.0633733 0
0.687991 -0.0386944 0
0.415347 0.0616559 0
0.423715 0.0611702 0
0.421118 0.0611924 0
0.670614 -0.0435592 0
0.657999 -0.0429743 0
0.747846 -0.0337429 0
0.741631 -0.0341582 0
0.73561 -0.0350188 0
0.678889 -0.0407504 0
0.685207 -0.04034 0
0.715106 -0.0370963 0
0.730115 -0.0356723 0
0.72094 -0.0370832 0
0.339881 0.0639275 0
0.346152 0.0639618 0
0.409377 0.0622428 0
0.355301 0.0638555 0
0.370279 0.0634345 0
0.361384 0.0638884 0
0.403317 0.0626297 0
0.397195 0.0630928 0
0.390711 0.0628616 0
-0.231838 -1.05029 0
0.0683534 -0.0433892 0
0.663594 -0.042224 0
0.524121 -0.05618 0
2.3807 -0.938684 0
0.427273 -0.0622179 0
1.76282 0.289717 0
0.710172 -0.0412242 0
-0.102808 0.725245 0
0.670329 -1.69867 0
-0.989789 0.47032 0
0.492921 0.0577911 0
0.218435 -1.12923 0
0.70641 -0.0438568 0
-0.489933 0.551455 0
1.22517 0.701803 0
-0.902015 -0.244133 0
0.559404 -0.0500114 0
1.60492 0.300731 0
0.48421 -0.0589547 0
0.726463 -0.0388775 0
0.688679 -0.042077 0
0.571204 -0.049436 0
0.622204 -1.28562 0
0.342898 0.0667725 0
0.660784 -0.0444928 0
0.493259 -0.0585104 0
1.48061 0.580896 0
0.387597 0.065524 0
-0.743311 -0.611598 0
0.324979 0.0634986 0
0.510262 -0.0618965 0
0.379768 0.0708791 0
0.57725 -0.0492765 0
0.682419 -0.0432236 0
0.394021 0.0650133 0
0.732504 -0.0380289 0
0.744452 -0.0362582 0
0.400465 0.0647904 0
-0.768329 0.444864 0
0.357653 0.0666162 0
0.527724 -0.056634 0
0.299981 0.882766 0
0.717664 -0.0389701 0
0.907688 -1.38576 0
0.714278 -0.0403503 0
0.428582 -0.0657678 0
1.81825 -0.352581 0
0.982649 0.827853 0
2.37487 -1.30705 0
0.657945 0.950496 0
0.513681 -0.0580825 0
0.383765 0.0669729 0
2.09369 -0.76232 0
0.49957 -0.058164 0
0.693923 -0.0385546 0
1.67771 0.450764 0
0.64297 -0.0435928 0
0.762595 -0.0309921 0
0.56529 -0.0495678 0
0.556431 -0.0508348 0
0.586357 -0.047882 0
0.592326 -0.0478351 0
0.598189 -0.0468971 0
0.604288 -0.0468264 0
0.427317 0.0611597 0
-0.345127 -0.912684 0
0.64899 -0.0436176 0
0.440206 -0.0612269 0
0.445601 -0.0613564 0
0.759777 -0.0324573 0
0.753606 -0.0328499 0
0.327979 0.0639491 0
0.583574 -0.049478 0
0.334287 0.064041 0
0.69087 -0.0394044 0
0.739684 -0.0372208 0
0.436866 -0.0627768 0
0.503386 -0.0589681 0
0.424657 0.0642491 0
0.520636 -0.0581301 0
-0.657158 -0.760666 0
-0.0596172 -1.05452 0
0.529334 -0.0529038 0
0.132193 0.78233 0
0.41855 0.0622175 0
0.751545 -0.0360106 0
0.654816 -0.044937 0
0.412611 0.0649284 0
0.409503 0.0662621 0
0.675583 -0.0438498 0
0.33699 0.0667364 0
0.34994 0.0666078 0
0.406351 0.0647334 0
0.364618 0.0656388 0
0.656975 1.10451 0
0.45759 -0.0617841 0
1.7325 0.0112778 0
0.430131 -0.062311 0
0.487085 -0.0589619 0
0.723877 -0.0388734 0
0.667287 -0.0449301 0
0.385992 0.0628205 0
-1.02822 0.226885 0
-0.169801 0.62353 0
-0.254787 0.585563 0
-0.0653003 0.819991 0
-1.54129 0.471284 0
0.505991 -0.0655044 0
0.797657 0.031472 0
0.693216 0.0419492 0
0.0371499 0.0348043 0
0.461169 -0.0640973 0
0.79509 -1.16776 0
0.374921 0.0747304 0
0.241401 0.797037 0
0.469017 0.0589103 0
1.5876 0.0136193 0
-0.172537 0.512339 0
0.354064 0.0706983 0
0.531704 -0.0565776 0
0.488712 -0.0629215 0
0.413527 0.0682921 0
0.646698 -0.0458605 0
0.424556 -0.0666063 0
0.428056 0.064902 0
0.550429 -0.0507002 0
-0.535948 -0.643235 0
0.318994 0.0642652 0
0.637402 -0.0448279 0
0.430574 0.0610804 0
0.478486 -0.0596857 0
0.549855 0.924114 0
0.587335 -0.0520409 0
0.580711 -0.0514584 0
0.560072 -0.0538198 0
0.51751 -0.0603704 0
0.524112 -0.0596006 0
0.448306 -0.0626127 0
0.755846 -0.0354885 0
0.332107 0.0668808 0
1.65319 -0.254559 0
0.369076 0.0705785 0
-0.0658027 0.584883 0
-0.975118 0.00723981 0
1.51961 0.413215 0
0.853413 0.829591 0
0.379882 -1.12222 0
0.671446 -0.047574 0
-0.792264 -0.411517 0
0.433215 -0.0658128 0
1.85105 -0.601413 0
2.09849 -1.07269 0
-0.00179948 0.663222 0
0.699605 -0.0406971 0
0.498757 -0.061879 0
0.76853 -0.0307963 0
0.610276 -0.0458633 0
0.616246 -0.0457921 0
0.547455 -0.0515182 0
0.466029 0.0592618 0
0.496189 0.0573417 0
0.474989 0.0586659 0
0.48099 0.0582487 0
0.487056 0.0576772 0
0.709771 -0.0454947 0
-0.170082 -0.906306 0
0.765493 -0.031717 0
0.607496 -0.0474696 0
0.601187 -0.0478056 0
0.553352 -0.0513398 0
0.595475 -0.0481699 0
0.562411 -0.0508101 0
0.589431 -0.0488172 0
0.568265 -0.0504886 0
0.696978 -0.0387173 0
0.103961 -1.05593 0
2.06454 -1.44029 0
0.747605 -0.0373581 0
0.736131 -0.0393281 0
0.67931 -0.0445931 0
0.702819 -0.0424532 0
0.657711 -0.0461551 0
1.65767 0.607642 0
0.34019 0.0671778 0
0.361548 0.0678429 0
0.403468 0.0658954 0
0.321991 0.0638583 0
0.573904 -0.0500679 0
0.38818 0.070051 0
-0.446516 -0.77987 0
0.763265 -0.0343701 0
0.440876 -0.0654038 0
0.324671 0.0665357 0
0.639772 -0.0439069 0
-0.604187 0.420089 0
0.496083 -0.0586582 0
1.61483 0.157474 0
0.686022 -0.0439159 0
0.502234 -0.0624946 0
0.390884 0.0665055 0
0.347088 0.0675898 0
0.383623 0.0717971 0
1.02659 -1.56756 0
0.439075 0.892594 0
0.421582 0.0645127 0
0.489698 -0.0591825 0
0.481884 -0.0604722 0
0.416371 0.065273 0
0.729745 -0.0388271 0
0.405664 0.0686749 0
0.720902 -0.0405475 0
0.650769 -0.046734 0
0.514435 -0.063208 0
0.397373 0.0667456 0
1.10331 0.730273 0
0.454018 -0.0638364 0
0.66377 -0.046542 0
0.596221 1.23356 0
0.69232 -0.0425679 0
-0.285157 0.494974 0
-0.375734 0.482727 0
-0.873262 0.3107 0
1.31295 0.572756 0
0.0140058 0.760364 0
0.59443 0.0508281 0
0.193562 0.0604509 0
0.271605 -0.979012 0
0.706335 -0.0485993 0
0.669332 0.044157 0
0.773743 0.0341942 0
-0.459343 0.400142 0
-0.0797333 0.491093 0
1.36481 0.454346 0
0.454051 0.059691 0
0.598009 -0.0500064 0
-0.729414 -0.215877 0
1.48759 0.0617897 0
0.551106 -0.0541651 0
0.571055 -0.0522597 0
0.424044 0.0679753 0
0.739963 -0.0412928 0
0.753081 -0.0404606 0
0.541471 -0.0518351 0
0.583371 0.798673 0
-0.818513 0.14431 0
0.535376 -0.055959 0
-0.348306 -0.659721 0
0.77151 -0.0310084 0
0.0418245 0.580115 0
1.84906 -1.22186 0
0.472346 -0.0591252 0
-0.224002 0.409242 0
0.732551 -0.0413353 0
0.724356 -0.0421511 0
0.494293 -0.062825 0
0.56085 -1.10584 0
0.555895 -0.0548118 0
0.393379 0.0696569 0
0.4162 -0.0630555 0
0.420459 -0.0631542 0
0.335482 0.0709586 0
0.343802 0.0705644 0
1.654 -0.454412 0
0.431634 0.0649006 0
1.82141 -0.882619 0
0.707681 0.796361 0
-0.601165 -0.492355 0
1.00205 0.688084 0
0.744434 -0.0404454 0
0.428012 -0.0699129 0
0.698966 -0.0455611 0
-0.710083 0.286876 0
0.622263 -0.0448129 0
0.251529 0.661707 0
0.401201 0.0691405 0
0.358098 0.071077 0
0.462671 0.0599263 0
0.460038 0.0593853 0
0.696075 -0.0422154 0
0.528068 -0.0605701 0
0.674705 -0.0490105 0
0.681073 -0.0469735 0
0.688963 -0.0462051 0
0.00227032 -0.901298 0
0.465103 -0.0599986 0
0.696444 0.0416129 0
0.510473 -0.0665383 0
0.643238 -0.0471733 0
0.647174 -0.0504836 0
0.655217 -0.0494041 0
0.660042 -0.0483445 0
0.115936 0.660021 0
0.800836 0.0309877 0
0.619414 -0.0462213 0
0.613194 -0.0464251 0
0.5445 -0.0520803 0
0.604509 -0.049616 0
0.380015 0.0759538 0
0.484108 0.0582776 0
0.47797 0.0584235 0
0.472021 0.0589899 0
0.759778 -0.0363924 0
0.437657 -0.0667968 0
0.667349 -0.0490223 0
0.469272 0.062347 0
0.328352 0.0680462 0
0.484721 -0.0631775 0
0.456941 -0.0653444 0
0.409797 0.070476 0
0.564962 -0.0530001 0
-0.26617 -0.77244 0
0.433481 0.0614429 0
1.72338 -1.46931 0
0.583568 -0.0529321 0
0.703243 -0.0462305 0
0.521104 -0.0617231 0
1.19419 0.562705 0
0.972285 -1.18048 0
0.365299 0.0694784 0
0.47497 -0.060773 0
0.611106 -0.0496076 0
0.372527 0.0709328 0
-1.16637 -0.191761 0
0.341918 0.777427 0
0.451352 -0.0614678 0
1.10255 0.623127 0
0.577561 -0.052844 0
1.10456 -1.27452 0
0.770399 -0.0346791 0
0.766807 -0.0348729 0
0.350716 0.0702391 0
0.591352 -0.0518288 0
0.717343 -0.0427436 0
1.46277 0.254363 0
-0.329305 0.391975 0
0.636567 -0.0472993 0
0.352639 -0.0615756 0
0.505579 -0.070636 0
0.973281 0.0109767 0
0.462614 -0.0680976 0
0.610279 0.682878 0
0.375515 0.0800263 0
0.570729 0.0523264 0
-0.205028 -0.657209 0
0.0362667 -0.0337622 0
1.00597 0.584003 0
0.0102377 0.491713 0
-0.386729 0.280569 0
0.211495 0.0615041 0
1.49366 -0.0540406 0
1.36054 0.16173 0
0.435413 0.0640681 0
0.355638 0.0745718 0
1.15417 -1.0825 0
0.633207 -0.047954 0
0.623054 -0.0485515 0
0.74409 -0.966646 0
0.366759 0.665008 0
0.472819 -0.0638739 0
1.6189 -1.01344 0
0.450195 -0.0654706 0
0.480432 -0.0635661 0
0.414607 0.0726123 0
1.52762 -0.331809 0
0.424006 -0.0712496 0
0.744881 -0.0449455 0
0.448063 0.0599874 0
0.659707 -0.0525548 0
0.4056 0.0738297 0
0.391467 0.0743597 0
0.641787 -0.0514302 0
1.64047 -0.660267 0
0.463396 0.063585 0
0.541162 -0.0552284 0
0.487335 0.0608605 0
0.465599 -0.064118 0
-0.627234 0.119686 0
0.711256 -0.049648 0
0.693764 -0.0470628 0
0.77329 -0.0335795 0
0.888721 0.718293 0
0.490293 -0.0669355 0
1.45687 -1.42917 0
0.588017 -0.0558883 0
0.58074 -0.0551828 0
0.560648 -0.0577228 0
-0.425377 -0.535457 0
0.499751 -0.0663414 0
0.519329 -0.0657274 0
0.417011 -0.0668472 0
-0.265535 0.301409 0
0.454083 0.741334 0
0.135246 0.554654 0
0.538482 -0.0522615 0
0.748881 -0.0409534 0
0.412676 -0.986536 0
-0.642437 -0.346289 0
0.52393 -0.0647872 0
0.628201 -0.0447348 0
0.146138 -0.927543 0
0.370786 0.0742994 0
0.728557 -0.0426614 0
0.59787 0.0502322 0
-0.743536 -0.0530951 0
0.535844 -0.0526983 0
0.535958 -0.0592672 0
0.763699 -0.038308 0
0.547463 -0.0550548 0
0.625147 -0.0455966 0
0.615411 -0.0491684 0
0.532254 -0.0612746 0
0.456897 0.0602578 0
0.428073 0.0691812 0
0.450824 0.0600355 0
0.419538 0.0687376 0
0.56793 -0.0539307 0
0.42088 -0.0676388 0
0.60128 -0.0516568 0
0.515307 -0.0675158 0
0.774334 -0.030344 0
0.468853 -0.0607828 0
0.720787 -0.0449197 0
0.347301 0.0726622 0
0.756427 -0.0394088 0
-0.113687 -0.777947 0
0.397842 0.070854 0
0.362269 0.0718236 0
0.431875 -0.0702895 0
0.441415 -0.0698454 0
0.412025 -0.0590708 0
1.55976 -1.24429 0
-0.55993 0.282288 0
0.332237 0.0709361 0
0.324314 0.071026 0
0.607419 -0.0509045 0
0.713482 -0.0447975 0
0.6847 -0.047859 0
0.45378 -0.0678242 0
0.639373 -0.047658 0
1.22587 0.466863 0
0.594712 -0.0513774 0
0.736033 -0.043625 0
0.663812 -0.0508111 0
0.465601 0.0622648 0
0.574046 -0.0543956 0
0.651601 -0.0513193 0
0.678009 -0.0481252 0
1.3039 -1.25579 0
-0.109394 0.406107 0
1.08459 0.471894 0
0.890162 0.0213958 0
0.263175 -0.837714 0
0.706494 -0.0542511 0
0.461532 0.0660982 0
0.108774 0.474504 0
0.985039 0.481244 0
0.795369 -0.0278249 0
0.331615 -0.0617608 0
-0.307001 0.218842 0
0.952596 0.0130776 0
0.776853 -0.0341477 0
0.337203 0.0756068 0
1.14227 0.376077 0
-0.0567904 -0.653563 0
0.451824 0.0629773 0
0.551717 -0.0579318 0
0.380299 0.0819064 0
0.423772 0.0720106 0
-0.596202 -0.168025 0
0.396252 0.0756666 0
0.764683 0.684919 0
0.637267 -0.0508468 0
0.448626 -0.0703059 0
1.40537 -0.00923732 0
0.465644 0.63916 0
0.496201 0.061054 0
0.350884 0.565591 0
0.208926 0.578561 0
0.927919 -1.00814 0
0.612567 -0.0536256 0
0.604546 -0.0534386 0
0.385573 0.076537 0
0.554718 -0.939366 0
0.466814 -0.0688201 0
1.3997 -1.05534 0
-0.485526 0.164522 0
0.342705 0.075449 0
0.44584 -0.0656035 0
0.88766 0.610545 0
0.143273 -0.800259 0
-0.273385 -0.552483 0
0.316373 0.067007 0
0.716495 -0.0472964 0
0.725382 -0.0472532 0
0.0286864 -0.747075 0
1.49348 -0.519121 0
0.55644 -0.0590712 0
0.486274 -0.0678071 0
0.439419 0.0638161 0
1.265 0.362874 0
0.320847 0.0670997 0
1.49414 -0.19385 0
0.47669 -0.0641688 0
0.337618 -0.061661 0
0.343453 -0.061665 0
0.789405 -0.0284916 0
0.358683 -0.0609834 0
0.364552 -0.0608224 0
0.370649 -0.0610882 0
0.349431 -0.0618638 0
0.445075 0.0603215 0
0.564939 -0.0575297 0
0.570339 -0.056319 0
0.214557 0.0619075 0
0.412663 -0.0671116 0
0.412692 -0.0620992 0
0.494878 -0.068273 0
0.654826 -0.0544507 0
-0.173676 0.339946 0
0.63121 -0.0453764 0
0.689101 -0.0507853 0
0.740139 -0.0461606 0
0.528081 -0.0651371 0
0.355816 -0.0624292 0
0.510663 -0.0719738 0
0.577442 -0.0569979 0
0.217695 0.0619379 0
0.749773 -0.0455651 0
-0.476131 -0.412249 0
0.619474 -0.0499708 0
0.460309 0.062079 0
0.328566 0.0727479 0
0.469897 0.0660445 0
0.536747 -0.063045 0
-0.546169 -0.0405482 0
0.597634 -0.0538809 0
0.54373 -0.0558178 0
0.411004 0.0752024 0
0.760037 -0.0411767 0
0.48999 0.058315 0
0.400579 0.0737608 0
0.428186 -0.0740853 0
0.432533 0.069344 0
0.458204 0.0638947 0
0.538202 -0.0557287 0
0.351782 0.0747529 0
0.680747 -0.0507832 0
0.584402 -0.0566127 0
0.416157 -0.0711137 0
0.419786 -0.0716213 0
0.366161 0.0746506 0
1.59828 -0.812564 0
0.626441 -0.0487946 0
0.469142 -0.0653508 0
0.590469 -0.0550366 0
0.731628 -0.0457637 0
-0.0279989 0.413954 0
0.360244 0.0763077 0
0.414598 0.0637984 0
0.505009 -0.076654 0
0.017742 0.0259806 0
0.248555 -0.720967 0
0.675896 -0.843048 0
0.660558 -0.0585508 0
0.889625 0.509869 0
0.062291 0.397909 0
0.869201 0.0235766 0
1.38612 -0.406786 0
0.373733 0.0866757 0
1.28604 0.00292961 0
0.211367 0.0646858 0
0.51374 0.0566787 0
0.400651 -0.0600278 0
0.551881 -0.0620206 0
0.307294 0.0637515 0
0.46165 -0.0737231 0
0.773363 -0.037748 0
0.692893 -0.0523213 0
-0.438466 -0.155073 0
1.18401 0.291669 0
0.196819 0.489387 0
0.507923 0.0566548 0
0.223623 0.0619724 0
0.589851 0.571029 0
1.38011 -0.11908 0
0.440853 0.561157 0
0.359498 -0.0647265 0
0.352456 -0.064279 0
0.633281 -0.0522194 0
0.623719 -0.0519835 0
0.702173 -0.0502004 0
0.402058 0.0787019 0
0.385976 0.0838439 0
0.454367 -0.0725881 0
-0.468225 0.0522449 0
0.672239 -0.0524474 0
0.415554 0.0778261 0
0.36503 0.0801242 0
-0.182803 0.257466 0
0.49119 0.0616734 0
1.30854 0.250165 0
1.08678 -0.917919 0
0.650149 -0.055551 0
0.478279 0.062135 0
-0.146043 -0.560121 0
0.442076 0.0602741 0
0.473629 0.0624538 0
0.499581 0.0575383 0
0.408341 -0.858684 0
0.471193 -0.0691898 0
0.792585 0.583076 0
0.780427 -0.0330729 0
0.540341 -0.0590008 0
-0.486939 -0.276539 0
0.31996 0.0714205 0
0.409165 -0.0633072 0
0.376716 -0.0604503 0
0.481116 -0.0678877 0
0.328425 -0.0622379 0
0.322406 -0.0622571 0
0.786478 -0.0296453 0
0.801331 -0.0267092 0
0.807294 -0.0264754 0
0.313284 0.0637364 0
0.519889 0.0558928 0
0.252697 0.476542 0
0.144841 -0.688244 0
0.560932 -0.0612471 0
0.569814 -0.0604477 0
0.745099 -0.0497567 0
-0.36765 0.144478 0
0.547579 -0.0591507 0
0.373824 -0.0619051 0
0.367498 -0.0618973 0
0.323876 0.0758042 0
0.334646 -0.0631569 0
0.361695 -0.0619061 0
0.340625 -0.0630739 0
0.428335 0.0743402 0
0.792531 -0.0286942 0
0.798558 -0.0281968 0
0.439101 0.0604318 0
0.893228 0.0204473 0
0.532385 -0.066394 0
0.600797 -0.0561455 0
0.0609922 -0.659374 0
-0.325651 -0.443307 0
0.348098 0.0778806 0
0.354004 0.0792239 0
0.490083 -0.0716298 0
0.346191 -0.0619621 0
0.448328 0.0634174 0
0.391455 0.0797526 0
0.6159 -0.0531229 0
0.62979 -0.0485688 0
0.653848 0.568437 0
-0.0565664 0.352416 0
0.608523 -0.0546639 0
1.47475 -0.691994 0
0.684572 -0.0533478 0
0.720671 -0.0496221 0
0.713434 -0.056425 0
0.735383 -0.0486515 0
1.62717 -0.10288 0
0.333038 0.0751259 0
0.573266 -0.0581055 0
0.455041 0.0636192 0
0.457497 0.0673413 0
0.504977 0.0570042 0
0.423562 -0.0761558 0
1.01725 0.389713 0
0.340366 0.0704395 0
0.59354 -0.0559833 0
0.589227 -0.0590586 0
0.580459 -0.0601387 0
0.921709 -0.873261 0
1.43904 -0.8631 0
-0.109022 0.313197 0
0.436883 0.069085 0
0.800751 0.0342483 0
0.377162 -0.0638578 0
0.24773 -0.622027 0
0.564764 0.493054 0
0.828768 -0.703621 0
0.706524 -0.0604207 0
-0.106253 0.246687 0
-0.27507 0.156614 0
0.750813 -0.0510006 0
0.428777 -0.0796556 0
0.486898 0.0652941 0
0.511442 -0.0780351 0
0.527346 -0.0690899 0
0.339159 0.0811795 0
0.318751 0.076107 0
0.286722 0.0639463 0
0.295734 0.0635213 0
0.343875 -0.0652455 0
0.638216 -0.0558496 0
0.788601 -0.0325621 0
0.546448 -0.0645174 0
0.408472 -0.0675001 0
0.316614 -0.0621768 0
0.37085 -0.064596 0
0.795367 -0.0305853 0
0.41772 -0.07612 0
-0.38839 -0.244002 0
-0.307395 -0.0267261 0
0.337605 -0.0647967 0
0.331254 -0.0656078 0
0.796434 0.499108 0
0.441528 0.0686829 0
0.462038 0.0708882 0
0.202516 0.0613691 0
0.208599 0.0615902 0
0.593742 -0.0616019 0
0.403608 -0.0604316 0
0.494657 -0.0736366 0
0.175895 0.424707 0
0.374401 0.491594 0
1.39042 -0.265267 0
0.393673 0.0866605 0
0.312299 0.0674852 0
0.348127 -0.065899 0
0.444119 0.0639657 0
0.448735 -0.0765475 0
0.499967 0.0613213 0
0.644337 -0.0568559 0
0.679734 -0.0558788 0
0.364356 -0.734106 0
-0.0520736 -0.547603 0
-0.352935 0.0438722 0
0.768836 -0.0392117 0
0.409051 0.0805 0
0.54043 -0.82122 0
0.422073 0.0783166 0
1.25577 -0.867472 0
0.628841 -0.0530711 0
0.57469 -0.0623672 0
0.494906 0.0649513 0
0.452006 0.0673411 0
1.22269 0.209378 0
0.50801 0.0597041 0
0.541861 -0.0637348 0
0.477279 0.0658187 0
-0.0471552 0.285163 0
0.78345 -0.0286437 0
0.730877 -0.0512172 0
0.382652 -0.0606982 0
0.397462 -0.0603538 0
0.813257 -0.0253491 0
0.819217 -0.0251032 0
0.82504 -0.0239818 0
0.831138 -0.023711 0
0.2267 0.0624592 0
0.301243 0.0633171 0
0.289502 0.0637865 0
0.280771 0.0639212 0
0.274778 0.0638353 0
0.268776 0.0632226 0
0.262369 0.0633195 0
0.522209 0.0560364 0
0.531853 0.055098 0
0.528862 0.0552996 0
0.725971 -0.0531311 0
1.10893 0.275347 0
0.475828 -0.069016 0
0.319514 -0.0625154 0
0.379534 -0.0613395 0
0.781148 -0.0301716 0
0.500378 -0.0718154 0
0.667346 -0.0532424 0
0.155029 -0.590642 0
0.466647 -0.0742541 0
0.781239 -0.0361036 0
0.55657 -0.0642406 0
0.654947 -0.0601087 0
0.689279 -0.0556866 0
0.804299 -0.0272735 0
0.810489 -0.0268463 0
0.537413 -0.0681388 0
0.516748 0.0560291 0
0.777606 -0.0386257 0
0.220723 0.0621583 0
0.510622 0.0567428 0
0.310303 0.0646853 0
0.303579 0.0645562 0
0.620512 -0.0541697 0
0.612938 -0.0572512 0
0.315598 0.0714789 0
0.359968 0.0828632 0
0.406471 -0.0599799 0
0.473619 0.0675744 0
0.329061 0.0781792 0
0.325286 -0.0624431 0
0.676503 -0.0527666 0
1.33443 -0.0370079 0
0.397346 0.0812679 0
0.584492 -0.0622898 0
1.33794 -0.559061 0
0.363968 -0.0638246 0
0.802301 -0.0304485 0
0.565467 -0.0625254 0
0.701119 -0.0562719 0
0.48337 0.0618324 0
-0.366393 -0.336574 0
0.355725 -0.0659447 0
0.739808 -0.0521741 0
1.02962 -0.776917 0
1.38654 0.339987 0
0.45842 -0.0686124 0
0.433882 0.0752777 0
0.543625 -0.0601787 0
0.484715 -0.0732371 0
0.419109 0.0739007 0
0.514732 0.568902 0
-0.204394 -0.465883 0
0.370342 0.0795465 0
0.132808 0.397405 0
0.604307 -0.0579622 0
0.716463 -0.051521 0
1.07945 0.394579 0
0.664042 -0.0549239 0
-0.00107963 0.344732 0
0.697403 -0.0514338 0
0.597067 -0.0591759 0
0.502373 0.0579332 0
0.925249 0.401507 0
-0.244362 0.220749 0
0.504995 -0.0837335 0
0.34028 -0.640537 0
0.248815 -0.536055 0
0.854972 -0.0208776 0
0.661507 -0.0648876 0
0.191005 0.356449 0
0.821475 0.0287809 0
1.14391 0.197955 0
1.27374 -0.0842576 0
-0.0590662 0.227809 0
0.785705 0.032672 0
0.313588 0.0766271 0
0.0213509 0.27721 0
0.354017 0.0862018 0
0.443433 -0.0750461 0
0.812591 0.0300158 0
0.618587 -0.0589237 0
0.713216 -0.0635109 0
0.498659 0.0655272 0
0.461276 -0.0797118 0
0.300636 0.0671751 0
0.308345 0.0677065 0
0.639806 -0.0609241 0
0.849013 -0.0215913 0
0.344911 -0.0698367 0
0.400993 -0.0632146 0
0.649705 0.485241 0
0.47817 0.0698097 0
0.439881 0.482577 0
0.31044 -0.0624 0
-0.281517 -0.276866 0
0.391846 -0.0612833 0
1.26835 0.144074 0
0.199673 0.0608226 0
0.232524 0.0624398 0
0.387561 0.0902121 0
0.315062 -0.0660459 0
0.321738 -0.065354 0
0.351781 -0.0681401 0
0.363708 -0.0674403 0
-0.192593 0.171154 0
0.630468 -0.725141 0
1.2735 -0.193441 0
1.263 -0.436696 0
0.502429 -0.716088 0
0.516995 0.0594977 0
0.806565 -0.0299136 0
0.511869 0.0604982 0
0.0496393 -0.556 0
0.446887 0.0681551 0
0.784346 -0.0328496 0
0.11613 0.335645 0
0.949196 0.328767 0
1.16386 -0.734926 0
0.804596 0.0313101 0
0.624252 -0.0565035 0
0.674723 -0.0578447 0
0.482429 0.0662837 0
0.0558293 0.33294 0
-0.230291 -0.0163669 0
0.504425 0.0609228 0
0.404917 -0.064202 0
0.415984 0.0840373 0
0.365978 0.0852585 0
0.520955 -0.0705998 0
0.456643 0.0720861 0
0.764469 -0.0440576 0
0.773197 -0.0418415 0
0.694801 -0.0570493 0
0.454864 -0.0791214 0
0.755503 -0.0448914 0
0.599031 -0.0640049 0
0.248519 0.415286 0
1.01193 0.317881 0
0.837131 -0.0225596 0
0.256275 0.0627488 0
0.534816 0.0551325 0
0.402679 0.0849455 0
0.818495 0.0291125 0
0.809953 0.0299139 0
0.327998 -0.0656818 0
0.385673 -0.0610163 0
0.58894 -0.0646347 0
0.827435 0.028114 0
0.579365 -0.0652276 0
0.5696 -0.0658604 0
0.562428 -0.0672978 0
0.324707 0.0824422 0
0.489902 -0.0770618 0
0.633063 -0.0572826 0
0.745645 -0.0573589 0
0.732355 -0.0569871 0
0.834382 -0.0242691 0
0.82806 -0.0248074 0
0.822354 -0.0253542 0
0.816188 -0.0259045 0
0.542645 -0.0696396 0
0.551455 -0.0673121 0
0.359665 -0.0690529 0
0.259221 0.064212 0
0.265603 0.063604 0
0.469102 0.070987 0
0.367267 -0.0658991 0
0.271721 0.0637209 0
0.491106 0.0664868 0
0.277716 0.0638597 0
0.298431 0.0642697 0
0.532466 -0.0722047 0
0.283704 0.0639312 0
0.292809 0.0639569 0
0.51551 -0.0730155 0
0.798214 -0.0320176 0
0.432913 -0.0752218 0
0.313424 -0.0623988 0
0.423114 -0.0820602 0
0.608507 -0.0604296 0
0.720442 -0.0550192 0
0.501464 0.49312 0
0.41218 -0.0770442 0
0.412589 -0.0718733 0
0.472265 -0.0745761 0
0.525384 0.0558408 0
0.394246 -0.060498 0
0.814579 -0.0289399 0
0.782537 -0.0412806 0
0.205802 0.0614109 0
0.374392 -0.0655182 0
0.229916 0.0625267 0
0.792023 -0.0320121 0
0.311159 0.0719168 0
-0.251151 -0.369003 0
0.649407 -0.0615853 0
0.684221 -0.0590306 0
1.3121 -0.719141 0
0.710318 0.494592 0
0.334972 -0.06665 0
0.340259 -0.0662639 0
0.334158 0.080051 0
-0.104743 -0.469987 0
0.52371 0.0597394 0
0.531807 0.0581011 0
-0.326099 -0.103273 0
-0.307305 0.0984063 0
0.528553 0.658784 0
0.380759 -0.0645795 0
0.478329 -0.0750676 0
0.839771 0.410632 0
1.07174 0.339171 0
0.735469 -0.0534987 0
0.600647 -0.0601978 0
0.438809 0.0736072 0
0.465834 0.0660307 0
1.28105 -0.317739 0
0.268558 -0.0621251 0
0.893379 0.023904 0
0.0140239 -0.0232527 0
0.364217 -0.072893 0
0.00205542 0.0140955 0
0.333226 -0.558482 0
0.590401 -0.61892 0
0.588598 0.413931 0
0.378484 0.419535 0
0.170241 0.299021 0
0.23204 0.0660177 0
0.255917 0.0662486 0
0.706046 -0.0675288 0
0.972526 0.267707 0
1.17669 -0.354099 0
-0.166535 -0.302196 0
-0.0038515 0.229117 0
1.22538 -0.0214994 0
0.455178 -0.0866621 0
1.20479 -0.128455 0
0.752657 -0.0580868 0
0.288357 0.0667833 0
0.429496 -0.0862606 0
0.837895 -0.0259469 0
0.515785 0.063829 0
0.511893 -0.0853318 0
-0.241778 -0.0792945 0
0.824933 -0.0271304 0
0.624078 -0.0616486 0
0.503548 0.0660108 0
1.18645 0.13435 0
0.444424 0.0736726 0
0.53575 0.0591772 0
0.248397 0.347738 0
0.387532 -0.0634785 0
0.526126 -0.0752478 0
1.01976 -0.620632 0
0.340958 0.0869782 0
0.472905 -0.0808237 0
0.720161 -0.0615713 0
0.635047 -0.0625256 0
0.423022 0.0860061 0
0.538216 0.0548565 0
0.308335 0.0771593 0
0.487099 0.0692125 0
1.07722 0.204559 0
0.340958 -0.0699383 0
0.281557 0.0668871 0
0.275568 0.066799 0
0.268949 0.0664345 0
0.439107 0.0786757 0
0.2473 0.0629013 0
0.148263 -0.491312 0
1.18204 -0.575379 0
0.45133 0.072396 0
0.392312 0.0942455 0
0.528017 0.0591638 0
0.517942 -0.0785553 0
0.788129 -0.0358575 0
0.795261 -0.0346724 0
0.803846 -0.0343721 0
-0.089534 0.185561 0
0.461652 0.0763491 0
-0.217767 0.100327 0
0.370022 -0.068285 0
0.377168 -0.0679869 0
0.804582 0.0352013 0
1.03717 0.256516 0
0.29606 0.0665457 0
0.667585 -0.0589939 0
0.497197 -0.0792777 0
0.517527 0.423647 0
0.384495 -0.0644397 0
0.312001 0.406616 0
0.304646 0.0678569 0
-0.303632 -0.199698 0
0.756797 -0.0508459 0
-0.147297 -0.387821 0
0.843056 -0.0223015 0
0.738034 -0.0583975 0
0.860929 -0.0201587 0
0.866887 -0.0194332 0
0.68991 -0.0616249 0
0.782754 0.0331758 0
0.726505 -0.0594927 0
0.613215 -0.0627293 0
0.397368 -0.064017 0
0.507793 0.0637638 0
0.788661 0.0325853 0
0.830615 0.0276582 0
0.644974 0.41366 0
0.858101 -0.0208518 0
0.852144 -0.021766 0
0.846115 -0.0224792 0
0.840033 -0.0232206 0
0.538074 -0.0744236 0
0.831208 -0.0265205 0
0.655134 -0.0667595 0
0.407903 -0.0724171 0
0.467011 -0.0805674 0
0.319187 0.0817296 0
0.442598 -0.079817 0
0.435769 -0.081874 0
0.44855 -0.0832644 0
0.556684 -0.0698215 0
0.810684 -0.0306323 0
0.777907 -0.0439531 0
0.474471 0.072439 0
0.759917 -0.046295 0
0.359815 0.089747 0
0.355371 -0.0707661 0
0.400893 -0.0675433 0
0.824312 0.0283201 0
0.815785 0.0297327 0
0.409851 0.0879438 0
0.366718 0.0929599 0
0.593497 -0.0673032 0
0.438672 -0.0753232 0
1.19664 -0.251701 0
0.074204 0.276349 0
0.769381 -0.044694 0
0.603838 -0.0629478 0
0.495582 0.070253 0
0.483824 -0.0796191 0
0.196847 0.0608771 0
1.30004 0.0666519 0
-0.0104287 -0.472107 0
0.784793 -0.0374208 0
0.324495 -0.0660509 0
0.583648 -0.0680676 0
0.628114 -0.0583016 0
0.330317 0.0842224 0
-0.143516 0.206345 0
0.405055 -0.0688315 0
0.380628 0.0888725 0
0.416773 -0.083148 0
0.76517 0.42247 0
0.723176 0.580912 0
0.547324 -0.0703612 0
0.482833 0.0713243 0
0.337564 -0.0687919 0
0.573938 -0.0685695 0
0.348466 -0.0703277 0
0.366823 -0.0695034 0
0.318466 -0.0659654 0
0.520576 0.0590135 0
0.678537 -0.0621659 0
0.306638 0.0722243 0
0.643663 -0.0639516 0
-0.267079 0.0382869 0
0.390381 -0.0642675 0
0.81796 -0.0282279 0
0.31047 -0.0656404 0
0.349409 0.0828703 0
0.434286 -0.647367 0
-0.405353 -0.0412873 0
0.879038 0.332231 0
0.19949 -0.0598529 0
0.696373 0.0453449 0
0.597709 0.0536194 0
0.239203 -0.454599 0
0.586413 0.341493 0
0.800054 0.0379958 0
0.505033 -0.0909163 0
0.289578 -0.0620639 0
0.336983 -0.0729807 0
0.662612 -0.071644 0
0.410001 -0.0832721 0
1.11717 -0.282889 0
0.913678 0.0178173 0
0.253467 -0.0614251 0
-0.191854 -0.0504497 0
0.785914 0.0352372 0
0.881051 0.0219107 0
0.387613 -0.0668866 0
0.848575 -0.0249325 0
0.30661 -0.0659551 0
0.298647 -0.0618284 0
0.396978 -0.0683023 0
0.904866 0.0190274 0
0.414579 -0.562438 0
0.562724 -0.0740603 0
0.545115 -0.076202 0
0.815516 0.0329974 0
0.328226 -0.069786 0
-0.163743 0.114989 0
0.369416 -0.0719852 0
-0.232062 -0.158024 0
0.787509 -0.0408698 0
0.759383 -0.0574207 0
0.855543 -0.0242102 0
0.776564 0.0335165 0
-0.0933985 -0.335104 0
0.727071 -0.066832 0
0.791952 0.0320585 0
0.468092 -0.0865194 0
0.508821 0.0684635 0
0.526729 0.0636145 0
0.303483 0.0780544 0
0.520681 0.0639016 0
0.434059 0.0815411 0
-0.196404 0.0330401 0
0.322283 -0.0693446 0
0.38254 -0.0688754 0
1.21721 0.0590291 0
0.29202 0.0678953 0
0.825419 0.0322051 0
0.487527 0.0748248 0
0.698422 -0.0633803 0
0.403364 -0.0729922 0
0.897342 0.0207219 0
0.296779 0.0703339 0
0.450962 0.418541 0
0.301676 0.0719775 0
0.539714 0.0585989 0
0.306489 0.350349 0
0.762428 -0.0510356 0
0.772976 -0.0473925 0
1.14748 -0.447944 0
0.467051 0.0763801 0
0.444831 0.0795471 0
0.799943 -0.0358858 0
0.125522 0.283082 0
0.984374 0.214516 0
0.872867 -0.0182481 0
0.295587 -0.0624332 0
0.265564 -0.0633821 0
0.250608 0.063342 0
0.241413 0.0627591 0
0.347042 0.0896642 0
0.360111 0.0979408 0
0.910789 0.0183801 0
0.901693 0.0195588 0
0.551283 -0.0737715 0
0.870062 -0.0197663 0
0.262551 -0.062037 0
0.259548 -0.0619861 0
0.864063 -0.0203229 0
-0.13379 0.149236 0
0.422905 -0.0892909 0
0.456426 0.0776328 0
0.512251 0.0658183 0
0.49018 -0.0840339 0
0.406841 -0.0779149 0
0.359397 -0.073612 0
0.568607 -0.0715377 0
0.243993 0.0633257 0
0.375209 0.0954451 0
0.384404 0.0974366 0
0.314043 0.0823529 0
0.0685399 -0.468491 0
0.532047 -0.0788318 0
0.827983 -0.0282584 0
0.490935 0.0714946 0
0.783197 -0.0459217 0
1.02779 0.196136 0
0.618703 -0.0654431 0
0.629568 -0.0629706 0
0.697139 0.420763 0
0.796923 0.0350368 0
0.253586 0.0639375 0
0.779489 0.0340983 0
0.502662 -0.597839 0
0.807116 -0.0339214 0
0.818437 -0.0324119 0
0.814239 -0.0329653 0
0.541181 0.0554245 0
0.308255 0.471914 0
0.607899 -0.0662557 0
0.648661 -0.0685286 0
0.325631 0.087785 0
0.83446 -0.0283018 0
0.416726 0.0913243 0
0.684078 -0.0656404 0
0.39367 -0.0642255 0
0.428464 0.0804786 0
0.806225 0.337901 0
0.667145 -0.0662761 0
-0.209284 -0.229475 0
0.351045 -0.0727624 0
0.435958 -0.0705482 0
0.672576 -0.0644845 0
0.344086 0.0814838 0
0.373229 -0.0692882 0
0.597477 -0.0700556 0
0.58788 -0.0707045 0
-0.0333193 0.190886 0
0.893156 -0.635065 0
0.497421 -0.0876451 0
0.478423 -0.0820318 0
0.462177 -0.0869133 0
1.1244 0.12407 0
0.733385 -0.063207 0
0.821376 -0.0287801 0
0.500462 0.0706476 0
0.691933 0.662702 0
-0.0587144 -0.398367 0
0.578242 -0.0717727 0
0.272419 0.0671336 0
0.278806 0.0675293 0
0.284975 0.067944 0
0.791389 -0.0367455 0
0.830442 0.0310484 0
1.20581 -0.074416 0
0.841716 -0.0266791 0
1.1892 -0.180368 0
0.807755 0.0321533 0
0.335866 0.0862941 0
0.325102 -0.481559 0
0.0727451 0.222944 0
0.0409884 0.242505 0
0.912039 0.2703 0
0.637841 -0.0672799 0
1.34726 0.0189282 0
1.38337 0.0764558 0
0.268642 -0.0650637 0
0.985888 -0.00391724 0
0.920462 -0.0124783 0
0.130974 0.0545974 0
0.00382504 -0.0153242 0
0.410816 -0.487986 0
0.30824 -0.409036 0
0.163721 0.256438 0
-0.0255053 -0.334222 0
0.0697215 0.188728 0
0.993484 0.164365 0
-0.0924835 0.128714 0
0.184488 -0.0589294 0
0.558769 0.0532062 0
0.459956 -0.0942877 0
1.17825 0.0108868 0
1.14361 -0.141681 0
0.543156 0.057905 0
0.615562 0.0488058 0
0.71411 0.0399526 0
-0.128159 -0.0118722 0
0.403848 -0.0845918 0
0.585538 0.0510983 0
0.68426 0.0427873 0
0.430872 -0.0946616 0
0.268705 0.0708519 0
0.734692 -0.0711367 0
0.244306 -0.0617296 0
0.310235 -0.0695463 0
0.393369 0.102839 0
0.297741 0.0759084 0
0.569698 -0.0789602 0
-0.152123 -0.18099 0
0.280396 -0.0621362 0
0.513304 -0.0937248 0
0.472567 0.0772306 0
0.552029 -0.0806149 0
0.77676 0.0365855 0
0.240875 0.0661523 0
0.251864 0.0673234 0
0.789315 -0.0468754 0
0.298975 -0.0654529 0
0.699253 -0.0721726 0
0.631261 -0.0689338 0
0.905358 0.0223338 0
0.751657 -0.0664665 0
0.398352 -0.0729569 0
0.377923 0.103436 0
0.804245 -0.0382243 0
0.301486 0.298525 0
0.34133 -0.0744192 0
0.608893 0.0495223 0
0.708039 0.0405537 0
0.624526 0.0480588 0
0.288765 0.0703968 0
0.33945 0.093857 0
0.723064 0.0390815 0
0.419756 0.3598 0
0.529565 0.363346 0
0.808401 0.0364227 0
0.377905 -0.0718899 0
0.719953 -0.0692465 0
0.0107581 0.184635 0
0.884005 0.021779 0
-0.153938 0.0667212 0
0.839872 0.0265435 0
0.525388 -0.0846385 0
0.859936 -0.0233898 0
0.867082 -0.0228538 0
0.824636 -0.0318186 0
0.83072 -0.0306874 0
0.838205 -0.0303487 0
0.520664 0.0694577 0
0.360466 0.3582 0
0.834333 0.0280023 0
0.885393 -0.537299 0
0.274625 0.0706958 0
0.28036 0.0710384 0
0.633173 -0.529018 0
0.30142 -0.0628793 0
0.819387 0.0329055 0
0.391817 -0.0681625 0
0.700183 0.0420123 0
1.16947 -0.0388942 0
0.913871 0.021179 0
0.919931 0.0173834 0
1.15636 0.0882292 0
0.601656 0.050645 0
0.492805 0.0764983 0
0.900843 0.0233084 0
0.766588 -0.0574275 0
0.795807 -0.0392426 0
-0.0559119 0.154805 0
0.424967 0.0935694 0
0.448177 0.0857139 0
0.168073 -0.41712 0
1.04233 0.149623 0
0.624578 -0.0676429 0
0.691112 -0.0693179 0
1.08303 -0.380219 0
0.878799 -0.0179647 0
0.811766 0.0337475 0
0.250239 -0.061987 0
0.28637 -0.0624912 0
0.621491 0.0484242 0
0.555903 0.0535666 0
0.72008 0.0393728 0
0.705214 0.040387 0
0.878073 0.0222665 0
0.626922 0.366574 0
0.845233 -0.0259794 0
0.875795 -0.0189448 0
0.0192006 -0.402304 0
0.450606 0.0783312 0
0.238622 0.0628365 0
0.256403 -0.0626505 0
0.29248 -0.0628104 0
0.363513 -0.0786917 0
0.804444 0.0397584 0
0.655327 -0.0744589 0
0.439411 0.0858868 0
0.538195 -0.0815319 0
0.782693 0.0370005 0
0.308835 0.0833734 0
0.248239 0.0662597 0
0.556485 -0.0762013 0
0.332797 -0.0705111 0
0.811447 -0.0350863 0
0.292952 0.0729175 0
0.304426 -0.0624475 0
0.85914 0.27544 0
0.48974 -0.0916844 0
0.916603 0.0182938 0
0.907841 0.0188338 0
0.431391 0.0880894 0
0.777816 -0.0502845 0
0.516538 0.0678607 0
0.873795 -0.0219612 0
0.794963 0.031961 0
0.496827 -0.0963006 0
0.415529 -0.090718 0
0.767992 -0.0498745 0
0.73505 0.349395 0
0.482767 -0.0867477 0
0.474888 -0.0886652 0
0.612946 -0.0709285 0
0.462199 0.0816698 0
0.320733 0.088814 0
0.354442 -0.0758047 0
0.851834 -0.0249765 0
-0.134018 -0.237306 0
0.37354 -0.074758 0
0.513117 0.0703748 0
0.491435 -0.513982 0
0.270424 0.543248 0
0.602437 -0.0686287 0
0.789425 0.0361403 0
0.606598 0.0495399 0
0.67799 -0.0690683 0
0.59294 -0.0738134 0
0.741066 -0.0653883 0
0.791947 -0.0419595 0
1.45999 0.149748 0
0.401142 -0.0782893 0
0.330684 0.0909197 0
0.582762 -0.0738833 0
1.15786 -0.0881334 0
0.938676 0.219782 0
1.1498 0.0432836 0
-0.169109 -0.104824 0
0.11661 0.235832 0
0.354325 0.094103 0
0.641987 -0.0717597 0
0.505859 0.0715 0
0.572859 -0.0742403 0
0.086687 0.0478129 0
0.379615 -0.422374 0
0.583953 0.298848 0
0.15081 0.219492 0
1.04149 -0.306462 0
0.949541 0.178031 0
0.758623 0.0362886 0
0.33663 -0.0781187 0
0.799046 0.0436979 0
1.00756 0.125941 0
0.994325 0.00763439 0
-0.0740101 -0.202526 0
-0.0592059 0.110024 0
0.663287 -0.079006 0
1.10293 0.0755894 0
1.101 -0.0993598 0
0.378355 -0.0772232 0
0.773083 0.0376062 0
0.974 -0.00549807 0
0.823078 0.0359394 0
0.820311 -0.0371379 0
0.880868 0.0248055 0
0.691107 -0.0773793 0
0.488302 -0.100703 0
0.525207 0.0684652 0
0.256369 0.0698069 0
0.395414 -0.0788223 0
0.808885 0.0411673 0
0.543433 0.0610902 0
0.559141 0.0557261 0
0.78593 0.0395886 0
0.139964 0.0554619 0
0.28988 -0.0654327 0
0.451595 -0.0950715 0
0.416061 0.100855 0
0.292816 0.0777998 0
0.275719 0.0760396 0
0.510803 0.075276 0
0.486534 0.0810539 0
0.598317 -0.451683 0
0.205699 0.253175 0
0.0480387 -0.33428 0
0.809294 -0.0394363 0
0.498977 0.076619 0
0.579248 0.0519474 0
0.677963 0.0431481 0
0.633995 0.0472122 0
0.731984 0.0384562 0
0.336926 0.31502 0
0.306188 -0.0701983 0
0.317702 -0.070186 0
0.588498 0.0517428 0
0.123097 0.0528371 0
0.687441 0.0427299 0
0.795715 -0.046064 0
0.625578 -0.0748956 0
0.922682 0.0167407 0
0.871791 0.0227775 0
1.13659 -0.00382189 0
0.304376 0.0849321 0
1.04934 -0.490371 0
0.294713 -0.066392 0
0.349454 -0.0781345 0
0.708452 -0.0761745 0
0.455556 0.0842615 0
0.560053 -0.0826611 0
0.232266 -0.390588 0
0.235855 0.0662362 0
0.855898 -0.0283735 0
0.850455 -0.0287411 0
-0.105654 -0.14191 0
0.387748 -0.0725054 0
0.350082 0.100268 0
0.834303 0.0318388 0
0.330175 0.0992839 0
0.564749 0.052769 0
0.801588 0.282311 0
0.634213 -0.0757397 0
0.546363 0.058059 0
0.681299 -0.610297 0
0.0932735 -0.406359 0
-0.0698135 -0.270674 0
0.2584 0.304729 0
1.13372 -0.205781 0
0.788921 -0.597117 0
0.262195 0.0666288 0
0.30268 -0.0667341 0
0.271386 -0.0624437 0
0.277356 -0.062438 0
0.401209 0.093649 0
0.181259 -0.0597047 0
0.552788 0.0536378 0
0.247204 0.0705167 0
0.67078 -0.0726609 0
0.39338 -0.0735344 0
0.442459 -0.086559 0
-0.120258 0.0959138 0
0.346238 -0.0743238 0
0.76483 0.0348674 0
0.881723 -0.0179333 0
0.178489 -0.0585104 0
0.422778 -0.0978003 0
0.742746 -0.0739771 0
0.793101 0.0356935 0
0.368569 -0.077013 0
0.505024 -0.10042 0
0.54479 -0.0850959 0
0.561801 0.0534028 0
0.383715 0.302669 0
0.58267 0.0516352 0
0.815924 0.0370853 0
0.618559 0.0487838 0
0.612552 0.0495503 0
0.84253 0.0265183 0
0.759628 -0.0641212 0
0.619947 -0.0716221 0
0.783717 -0.0524824 0
0.680985 0.0432578 0
0.71704 0.0402468 0
1.12372 -0.0508362 0
0.711344 0.0404444 0
0.244714 0.0665653 0
0.800104 -0.0408274 0
0.2652 0.0683594 0
0.247099 -0.0619575 0
0.328487 -0.0745842 0
0.466669 -0.0951806 0
0.283125 -0.0625079 0
0.684325 -0.0733368 0
0.38539 0.10818 0
0.253039 -0.0648393 0
0.437859 0.0930242 0
0.727094 -0.0753313 0
0.518285 -0.0867679 0
0.48215 -0.0948471 0
0.870121 -0.0230417 0
0.841576 -0.0307404 0
0.285286 0.0730717 0
0.772108 -0.0546399 0
0.476953 -0.445799 0
0.448198 -0.0895969 0
0.874746 0.0228223 0
0.479451 0.0758838 0
0.677619 0.359219 0
0.64756 -0.0763246 0
0.472044 0.362586 0
0.886759 0.0219665 0
0.358294 -0.079641 0
0.436361 -0.0891565 0
0.315331 0.088908 0
0.382077 -0.0738439 0
0.532529 -0.085885 0
0.333178 -0.075385 0
0.577974 -0.0800122 0
-0.13932 0.0224134 0
1.09075 0.156909 0
0.863412 -0.0239326 0
0.811764 0.0380558 0
0.713248 -0.0709908 0
-0.112656 -0.0819137 0
0.89603 0.222837 0
0.834085 -0.0318685 0
0.407622 -0.0908696 0
0.0966021 0.201147 0
0.469014 0.083253 0
0.60619 -0.0723836 0
0.5999 -0.0756566 0
0.880678 -0.0208295 0
0.877565 -0.0224803 0
-0.0112798 0.148878 0
0.604795 0.0501183 0
0.779381 0.038179 0
0.703511 0.0419395 0
0.586421 -0.0779457 0
0.270303 0.075481 0
0.432443 0.0973738 0
0.88172 -0.0246852 0
0.298648 -0.343856 0
0.903805 0.179363 0
0.0977632 0.168953 0
-0.0535857 -0.157109 0
0.18441 -0.061903 0
0.899596 -0.0151451 0
0.682913 0.0465265 0
1.08409 -0.0588302 0
0.31068 -0.0737308 0
0.746328 0.293381 0
0.51431 -0.10336 0
0.585875 0.0538333 0
0.440609 0.10071 0
0.626941 -0.0834847 0
0.54755 0.062603 0
0.985181 0.0087458 0
0.0955114 0.0494554 0
0.788102 -0.463983 0
0.280715 -0.0657038 0
0.374918 0.113484 0
0.635117 0.306702 0
0.872237 0.0265541 0
0.607851 -0.0791103 0
0.585935 -0.0854127 0
0.181057 -0.358663 0
0.776617 0.0406317 0
0.70619 0.0440584 0
0.681696 -0.0828975 0
0.399151 0.113107 0
0.850418 -0.0336295 0
0.172444 -0.0576132 0
-0.0923388 0.0473716 0
0.383748 -0.0788528 0
0.400233 -0.0926122 0
0.752551 0.0363054 0
0.845706 0.0284879 0
0.145759 0.0565867 0
0.830391 -0.0351222 0
0.717592 0.0435007 0
0.264374 0.0762072 0
0.237047 0.0701581 0
0.573563 0.0528712 0
-0.0262784 -0.231636 0
0.790408 0.0405219 0
0.672142 0.0437815 0
0.813724 0.0419876 0
0.298475 -0.068881 0
0.0779549 0.0460988 0
0.477475 0.0840954 0
0.87335 -0.0253472 0
0.830512 0.0346889 0
0.084255 0.0467499 0
0.804808 -0.0447203 0
0.868273 -0.0267603 0
0.441952 -0.095969 0
0.767794 0.0347621 0
1.00137 -0.400252 0
0.357852 0.106062 0
0.54222 0.309443 0
0.285911 -0.0663231 0
0.524958 0.0733241 0
0.836133 -0.035946 0
0.405857 0.102817 0
0.432274 -0.102613 0
0.923483 0.0201448 0
0.549798 0.0538513 0
0.479664 -0.104919 0
0.460932 -0.102711 0
0.617752 -0.0792662 0
0.569822 -0.0871828 0
0.257363 0.257459 0
-0.0745605 -0.106467 0
0.339263 0.104599 0
0.529873 0.0687312 0
0.323642 -0.0741673 0
0.121609 -0.350638 0
1.0811 -0.156686 0
1.07524 0.114483 0
0.521018 -0.0944903 0
1.1094 0.0318807 0
1.0746 -0.221359 0
0.261324 0.0707893 0
0.492301 0.307156 0
0.270477 0.0809568 0
0.716906 -0.0790752 0
-0.0324286 0.126012 0
0.815066 -0.0379732 0
0.025839 0.14784 0
0.708769 -0.516457 0
0.504438 0.076971 0
0.971422 -0.00664835 0
0.397324 -0.085206 0
0.849809 0.227897 0
0.735166 0.0380881 0
0.217017 0.300594 0
0.462001 0.0885046 0
0.655355 -0.0834925 0
0.493051 0.0829767 0
0.82561 -0.0378088 0
0.475068 -0.0982054 0
0.546907 0.0543366 0
0.804045 0.0453169 0
0.323953 0.0949604 0
0.567634 0.05327 0
0.539418 0.0627179 0
0.699508 -0.0819582 0
0.444832 0.0935464 0
0.252204 0.0723559 0
0.755586 0.0359759 0
0.424797 0.103622 0
0.281688 0.0771831 0
0.309501 0.0903385 0
0.968057 -0.00631714 0
0.797697 -0.0530862 0
0.761961 0.0354889 0
0.1163 0.0526453 0
0.552056 -0.0891653 0
0.859954 -0.0267788 0
0.241235 0.0706136 0
0.410472 0.0955345 0
0.336517 0.270621 0
0.795582 0.0393296 0
0.84185 0.0299513 0
0.555645 0.0569573 0
0.373047 -0.0804581 0
0.791596 -0.0547757 0
0.274109 -0.0624379 0
0.845245 -0.0310311 0
0.593364 -0.0810773 0
0.313818 -0.0697898 0
0.576365 0.0519607 0
0.675022 0.0438017 0
0.9257 0.0165444 0
0.591413 0.0506389 0
1.09334 -0.0159774 0
0.770514 0.0345192 0
0.690197 0.0420715 0
0.616216 0.0513746 0
0.734097 -0.0805282 0
0.361783 -0.0846018 0
0.582586 0.0550478 0
0.00174791 -0.279815 0
0.414103 -0.0995202 0
0.714451 0.0433755 0
0.538207 -0.0921738 0
0.958943 0.141992 0
0.735487 -0.716989 0
0.7747 -0.0619732 0
0.767762 -0.0676924 0
0.259174 0.0674566 0
0.495773 -0.106224 0
0.249429 -0.0656098 0
0.750913 -0.0777553 0
0.264751 0.0716247 0
0.298079 0.0833476 0
0.364625 -0.363107 0
-0.0792712 0.0862615 0
0.82014 0.0375077 0
0.778023 -0.0562094 0
0.916764 -0.738702 0
0.540224 -0.450876 0
0.302238 -0.0717237 0
0.641272 -0.0791029 0
-0.146419 -0.0494674 0
0.565313 0.0554971 0
0.562624 0.0577472 0
0.837557 0.0287736 0
0.885019 0.0256954 0
0.517227 0.0741856 0
0.884856 -0.0205126 0
0.353121 -0.0804806 0
0.43474 -0.418253 0
0.677549 -0.0758257 0
0.672953 -0.0811651 0
0.272456 -0.0658811 0
0.208494 0.214017 0
0.826612 0.0375932 0
-0.172075 -0.0121171 0
0.289263 0.0742965 0
0.600753 0.260435 0
0.586142 0.0574699 0
0.422507 -0.36794 0
0.174051 -0.306627 0
0.268408 -0.0687866 0
0.35891 -0.31211 0
0.297645 -0.073893 0
0.864213 0.189132 0
-0.016363 -0.186605 0
1.01403 -0.246046 0
0.755847 0.0392535 0
0.378493 0.257988 0
0.233154 0.0705793 0
0.566616 0.0593546 0
-0.0380173 -0.119939 0
-0.0314577 0.0966097 0
0.79692 0.048396 0
0.7721 0.0419314 0
-0.0813774 -0.0620301 0
1.07251 0.0549396 0
0.245449 -0.0654655 0
0.253106 -0.0683951 0
0.860549 0.0246922 0
0.886456 -0.025079 0
0.804327 -0.052022 0
0.974517 -0.00836307 0
0.776772 -0.0702243 0
1.06279 -0.0321733 0
0.530552 0.0745166 0
0.281886 -0.0698955 0
0.831336 0.039861 0
0.820062 -0.0424485 0
0.672696 0.0474019 0
0.0553751 -0.278551 0
0.819077 0.0427173 0
0.516847 0.0809273 0
0.265385 0.082844 0
0.247356 0.0761211 0
0.832285 -0.0405773 0
1.03429 0.0989551 0
0.905611 -0.0140078 0
0.846118 0.0323664 0
0.854353 0.02537 0
0.291715 0.0839294 0
0.765252 0.03736 0
0.166632 -0.0585184 0
0.414381 0.109907 0
0.673827 -0.0898166 0
0.747 0.0368982 0
0.847884 0.0258173 0
0.347755 -0.0848058 0
0.738161 0.0375557 0
0.700484 0.0463464 0
0.193446 -0.0590436 0
0.610337 0.0523215 0
0.710891 -0.431637 0
0.893638 -0.0154872 0
0.486759 0.2606 0
-0.065098 0.0520461 0
0.520088 -0.396417 0
0.319878 -0.0748852 0
0.592812 -0.0892384 0
0.559303 0.0599125 0
0.57776 0.0553104 0
0.690644 0.0457818 0
0.877044 -0.454 0
0.812236 -0.0457261 0
0.439232 0.309142 0
0.449659 0.103623 0
0.302501 0.0913468 0
0.550581 0.0575957 0
0.525377 -0.10467 0
0.485829 0.0885558 0
0.785313 0.0443416 0
0.531453 0.0624764 0
0.0675885 0.15985 0
1.06207 -0.118175 0
0.799148 -0.0593385 0
0.624618 0.0512503 0
1.07034 0.0209077 0
0.234617 -0.323568 0
0.687868 0.297896 0
0.876836 0.0264616 0
0.806149 0.236781 0
0.27643 -0.0661794 0
0.392425 -0.0932518 0
0.257567 0.0746276 0
0.610612 -0.0857453 0
0.593037 0.0546666 0
0.453625 0.0923357 0
0.571107 0.0557165 0
0.963984 -0.319605 0
0.29657 0.255982 0
0.127768 0.19204 0
0.560485 -0.092611 0
0.236479 0.0743456 0
0.34984 0.111118 0
0.390586 -0.0859495 0
0.838179 0.0330142 0
0.190488 -0.0593197 0
0.0430286 0.174471 0
0.389507 -0.0794119 0
0.964857 -0.00702731 0
0.890661 -0.0165299 0
0.911605 -0.0137935 0
0.290181 -0.0693265 0
0.708587 -0.086881 0
0.422625 -0.107427 0
0.175227 -0.0587165 0
0.451421 -0.104827 0
0.187363 -0.0596285 0
0.88773 -0.0172839 0
0.5045 -0.110883 0
0.535822 0.0638025 0
0.78344 -0.061428 0
0.678281 0.0467419 0
0.276636 0.0818838 0
0.577533 -0.0905375 0
0.761986 0.0388004 0
0.377911 -0.0833385 0
0.16928 -0.0580157 0
0.386303 0.11965 0
0.958829 -0.484624 0
0.618586 -0.0896747 0
0.759347 -0.0732091 0
0.896787 -0.0163861 0
0.749638 0.0365732 0
0.902861 -0.0159476 0
0.470041 -0.105446 0
0.0723513 0.044145 0
0.469858 0.0910213 0
0.794474 0.0436528 0
0.294266 -0.0705869 0
0.834357 0.0363556 0
0.860934 -0.031755 0
0.543465 0.0656245 0
0.0283641 -0.228699 0
0.86395 -0.0283959 0
0.588839 0.0552552 0
0.529597 -0.0940445 0
0.646168 -0.0859839 0
0.635698 -0.0856791 0
0.500543 0.0836516 0
0.368778 0.103503 0
0.689979 -0.0875671 0
0.702824 0.0446926 0
0.656651 -0.463934 0
-0.105239 -0.0362718 0
-0.0890281 0.00791605 0
0.367127 -0.0829287 0
0.0749516 0.0453552 0
1.02992 -0.185161 0
0.546083 -0.0935481 0
0.809669 0.0465855 0
0.316508 0.0945717 0
0.329966 0.109674 0
0.28738 0.078043 0
0.354766 -0.0851082 0
0.841281 -0.0346029 0
0.846184 -0.0372634 0
0.568223 0.0567557 0
0.315291 -0.0748588 0
0.601802 -0.0867158 0
0.404892 -0.10004 0
0.434028 0.10717 0
0.725085 -0.0834608 0
0.013653 0.12097 0
0.563228 -0.525029 0
0.485959 -0.11162 0
0.742318 -0.0842937 0
0.919358 0.142412 0
0.236191 0.216189 0
0.877393 -0.027643 0
0.0813157 0.0467191 0
0.803786 -0.807044 0
0.82297 0.0404343 0
0.983423 0.13319 0
0.769378 0.0379678 0
0.929021 0.0192682 0
0.550424 0.271346 0
0.349929 -0.0906271 0
0.139546 -0.0549906 0
0.091865 -0.0479886 0
0.221239 -0.285668 0
0.563858 0.233714 0
0.127894 0.157835 0
0.0253098 -0.174806 0
0.396164 -0.101924 0
0.238466 0.184392 0
0.955497 -0.256644 0
0.959927 0.114194 0
1.02843 -0.140216 0
0.0895335 0.141244 0
0.738355 0.0403565 0
0.657246 0.0451261 0
0.231325 0.0757489 0
1.0495 0.0415077 0
0.899438 -0.0191481 0
0.703954 0.0487183 0
0.775617 -0.389396 0
0.294607 0.0915655 0
0.320044 0.103158 0
0.219323 0.0649723 0
0.940734 0.0147848 0
0.32438 -0.0784863 0
0.548738 0.0676882 0
0.601488 0.0548669 0
0.373613 0.125816 0
0.346666 0.22834 0
0.277702 -0.0710348 0
0.86632 -0.0322553 0
0.853256 -0.0397786 0
0.474533 -0.117235 0
0.45746 0.270915 0
1.05513 -0.00331504 0
0.0378408 0.117129 0
0.579553 -0.38272 0
0.433031 -0.115115 0
0.807898 -0.0609299 0
0.836261 0.0417276 0
0.55147 0.0624734 0
0.863198 0.0240206 0
0.590645 0.0585632 0
0.95938 -0.00855202 0
0.776477 0.045256 0
0.914848 -0.0130296 0
0.301197 -0.0762738 0
0.534589 0.0683077 0
1.05925 -0.084863 0
0.656705 -0.0941509 0
0.750301 0.0398011 0
0.57069 0.0598986 0
0.627808 0.0478371 0
0.766206 0.0418833 0
0.752994 0.245027 0
0.686878 0.0461608 0
0.283727 0.0835714 0
0.397459 0.12527 0
-0.0091521 -0.14974 0
0.262897 -0.065451 0
0.609287 -0.0971 0
0.934618 0.0153039 0
0.161681 0.190664 0
0.581801 0.059928 0
0.508506 0.0842113 0
0.83957 -0.0411412 0
0.788147 -0.0726717 0
0.647729 0.26115 0
0.461274 0.097982 0
0.104846 -0.29226 0
-0.051904 -0.0816763 0
0.071558 0.0478383 0
0.241848 0.0755626 0
0.823804 0.0460105 0
0.462239 -0.113124 0
0.27275 -0.0702246 0
0.36108 0.116656 0
0.523801 0.0793272 0
0.241675 -0.0650822 0
0.228948 0.0707919 0
-0.0658572 -0.020855 0
0.893897 -0.0195531 0
0.889237 -0.0206807 0
0.849222 0.0291869 0
0.872268 -0.0312574 0
0.0496194 0.141069 0
0.976776 -0.00516069 0
0.637651 -0.0972755 0
0.535934 -0.10393 0
0.83939 0.0378889 0
0.478457 0.0926399 0
0.552008 -0.100591 0
0.89021 0.146528 0
0.285968 -0.0717053 0
0.493748 0.0911281 0
0.384686 -0.0935494 0
0.502755 0.22847 0
0.248934 -0.06981 0
0.270682 0.0863529 0
0.259721 -0.0654374 0
0.196256 -0.0606223 0
0.514364 -0.114498 0
0.781035 0.0418404 0
0.383913 -0.0857389 0
0.826349 -0.0441701 0
0.586038 -0.095714 0
0.803774 0.0514792 0
0.340184 0.116112 0
0.425325 0.114163 0
0.223296 0.065479 0
0.255931 -0.0662891 0
0.342669 -0.0802289 0
0.851047 0.0256826 0
0.310005 0.0980114 0
0.746774 0.040315 0
0.252594 0.0782826 0
0.258708 0.0815759 0
0.647669 -0.40567 0
0.931699 0.0156466 0
0.740804 0.0375038 0
0.88188 -0.0300043 0
0.857576 0.0250864 0
0.0785212 -0.237566 0
0.908639 -0.0148178 0
0.172176 -0.0617208 0
0.842577 0.0350622 0
0.792054 -0.0634931 0
0.767734 -0.0781447 0
0.555231 0.0610706 0
0.627685 -0.0933257 0
-0.0472798 0.0751017 0
0.411824 -0.109216 0
0.826848 0.042454 0
0.699783 -0.0939917 0
0.568367 -0.0964659 0
0.983259 -0.201685 0
0.473214 -0.379788 0
0.812467 -0.0541067 0
0.286825 -0.296649 0
1.0452 0.0665662 0
0.961991 -0.00774174 0
0.906846 -0.0179924 0
0.538927 0.067682 0
-0.0101881 0.113269 0
0.371615 -0.0871598 0
0.365577 -0.0895688 0
0.925436 -0.394528 0
0.0697073 0.0443724 0
0.613106 0.0538983 0
0.493828 -0.117617 0
0.790252 0.0466879 0
0.188202 -0.0634871 0
0.75 -0.0860382 0
0.404439 -0.317802 0
0.759004 0.0394112 0
0.290841 -0.0744002 0
0.680902 -0.0924334 0
0.574435 0.0569774 0
0.983452 0.108342 0
0.265815 -0.0664113 0
0.425789 0.263257 0
0.563304 0.0622656 0
1.06603 0.0821067 0
0.816561 0.0482532 0
0.706896 0.257915 0
0.872787 0.160555 0
-0.071311 0.0317767 0
0.294346 0.22107 0
0.824327 0.192279 0
0.607514 0.0519723 0
0.0388984 0.207067 0
1.05542 -0.0577879 0
0.719148 -0.0890066 0
0.44381 0.110757 0
0.731858 -0.0926853 0
0.172661 0.0589069 0
0.0833316 0.0500234 0
0.746551 -0.0963719 0
0.79662 0.0562913 0
0.0519136 0.0394038 0
0.652743 0.224104 0
0.82319 0.050733 0
0.0664339 -0.189535 0
0.463076 -0.314568 0
0.151002 0.164209 0
0.635969 -0.33189 0
-0.00175749 -0.00336568 0
0.113665 0.141395 0
0.395602 -0.272926 0
0.933747 0.116402 0
0.986342 -0.156197 0
0.850387 0.0340352 0
0.961271 0.0876609 0
-0.0262214 -0.0932042 0
0.267929 -0.0729301 0
0.0274274 0.0960922 0
0.378388 0.221365 0
-0.0282824 0.0600716 0
0.864272 0.133354 0
0.127588 -0.0535817 0
1.02768 -0.0646698 0
0.750389 0.0441163 0
0.18364 -0.0660438 0
0.689882 0.0503132 0
0.25314 -0.073007 0
0.567937 0.0642477 0
0.0829757 -0.0463029 0
0.532876 0.0813856 0
-0.0488649 -0.00169794 0
0.88888 -0.0307088 0
0.714137 -0.101686 0
0.38713 -0.10209 0
0.461363 -0.124272 0
0.965689 -0.00992733 0
0.874694 -0.0368832 0
0.897172 -0.333234 0
0.597649 0.224733 0
0.286672 0.0920239 0
0.309355 0.10817 0
0.864101 0.0273527 0
0.978758 -0.00931875 0
0.558953 0.0646875 0
0.608977 0.0555006 0
0.65109 0.0455505 0
0.371129 -0.094901 0
0.361551 0.131375 0
0.0247023 -0.138412 0
0.896513 -0.0240445 0
0.575005 0.0612754 0
0.281362 -0.0739094 0
0.453932 -0.117242 0
-0.0481531 0.0300923 0
0.715389 0.218613 0
0.597939 0.057175 0
1.02183 0.0641616 0
0.857387 0.0284142 0
0.626551 -0.104348 0
0.840963 0.0435635 0
-0.00792716 0.0839799 0
0.628457 0.0518932 0
0.463986 0.23329 0
0.861943 -0.038033 0
0.742131 0.0413218 0
1.02365 -0.104227 0
0.297201 -0.0792822 0
0.770938 0.0469108 0
0.215254 0.0656629 0
0.537316 0.073672 0
0.868362 0.0270511 0
0.817336 -0.0618691 0
0.833033 -0.0469758 0
0.820511 -0.0514817 0
0.412324 0.123207 0
0.910798 -0.0178005 0
0.596893 -0.0977819 0
0.524629 -0.339307 0
0.192602 -0.0621628 0
0.515533 0.0887757 0
0.703886 -0.371043 0
0.330638 -0.0806563 0
0.0628993 0.113211 0
0.118174 -0.251925 0
-0.0541197 -0.0517812 0
0.933839 -0.211761 0
0.799014 -0.0682445 0
1.03693 -0.0379006 0
0.241527 -0.0615791 0
0.670745 -0.102309 0
0.277916 0.0895588 0
0.227619 0.0661871 0
0.759559 0.0433024 0
0.891275 -0.0252264 0
0.979925 -0.00469468 0
0.263581 -0.0690825 0
0.257756 -0.0701894 0
0.784468 0.0502826 0
0.82993 0.0480087 0
0.272731 -0.0750259 0
0.554619 0.0664992 0
0.543187 0.0715206 0
0.660171 0.0457061 0
0.848557 -0.384841 0
0.853536 0.0298028 0
0.586386 0.0628741 0
0.421738 -0.120299 0
0.522771 -0.117868 0
0.470455 0.102172 0
0.454222 0.114404 0
0.335926 -0.0842398 0
0.34425 -0.092241 0
0.647717 -0.0975203 0
0.236478 0.0792807 0
0.253536 0.0841069 0
0.653953 0.046112 0
0.943689 0.0142457 0
0.301802 0.0998782 0
0.735091 0.0415225 0
0.199535 -0.0631509 0
0.256837 0.0880533 0
0.38696 0.132956 0
0.441263 -0.105694 0
0.777664 -0.0814559 0
0.782011 0.199441 0
0.846683 -0.0443408 0
0.219547 0.068776 0
0.225703 0.0766778 0
0.487096 0.0967392 0
0.937673 0.0151174 0
1.04298 0.0178804 0
0.982899 -0.00472198 0
0.903972 -0.0199564 0
0.866236 0.0238204 0
0.501977 0.0921262 0
0.242074 0.0813795 0
0.244326 -0.0698862 0
0.502849 -0.123032 0
0.378085 -0.0906852 0
0.0789639 0.0498641 0
0.577208 -0.101471 0
0.917588 -0.0138539 0
0.810509 0.0536426 0
0.534377 0.241763 0
0.30577 -0.0754816 0
0.0677385 0.048134 0
0.401866 -0.110971 0
0.54387 -0.100607 0
0.577813 0.0596619 0
0.179942 0.220305 0
0.631129 0.0478866 0
0.349673 0.123358 0
1.0318 0.0489443 0
0.758025 -0.0867239 0
0.560344 -0.101664 0
1.01067 0.101283 0
0.78103 0.0469224 0
0.436021 0.118455 0
0.324958 -0.297291 0
0.41888 0.221101 0
0.285635 -0.076242 0
0.341093 -0.0868174 0
0.664815 -0.0889821 0
0.604856 0.0535033 0
0.688262 -0.0995764 0
0.616717 0.0552624 0
0.45985 0.107066 0
0.957984 -0.0111699 0
0.0707279 0.135029 0
0.619213 -0.0990634 0
0.594707 0.0600874 0
0.876813 -0.0325395 0
0.482719 -0.12371 0
0.840843 0.156071 0
0.904126 0.0265128 0
0.193665 0.0637089 0
0.32225 -0.262421 0
0.938282 -0.0101339 0
0.567445 0.204753 0
0.688005 -0.32061 0
0.0800526 0.053575 0
0.828022 0.0564199 0
0.987797 -0.119272 0
0.510932 -0.291716 0
0.33851 0.128266 0
-0.00268866 0.00290467 0
0.938746 0.0941181 0
0.351881 -0.0987032 0
0.839832 0.130827 0
0.455966 0.196927 0
0.0488451 0.0922524 0
0.269584 0.0937881 0
1.01464 -0.041628 0
0.974904 -0.0136799 0
1.03004 0.0325945 0
0.344605 0.20024 0
0.299903 0.109978 0
0.8673 0.0316439 0
0.632327 0.0511055 0
0.386483 0.190749 0
0.2685 -0.0781325 0
0.211498 -0.0604702 0
0.830912 -0.315678 0
0.182161 0.0599035 0
0.573298 0.0659899 0
0.731324 0.0419257 0
0.668727 0.0478171 0
0.657467 0.0479027 0
0.175799 0.163169 0
1.03468 -0.0153588 0
0.310458 -0.0787373 0
0.434801 -0.126199 0
0.947243 -0.00914382 0
0.0878984 0.051577 0
0.280338 -0.0794546 0
0.0633555 0.0480365 0
0.0580776 0.0404 0
0.685875 -0.113828 0
0.599387 0.0619172 0
0.682214 0.050699 0
0.240035 -0.0699555 0
0.466455 0.11308 0
0.954226 -0.011827 0
0.163788 0.0582583 0
0.235693 -0.0615916 0
0.559427 0.0715209 0
0.890477 0.119259 0
0.645345 0.0462158 0
0.169387 0.0589489 0
0.624053 0.0554213 0
0.547906 0.0740642 0
0.336107 -0.0921178 0
0.257266 -0.0752635 0
0.362735 -0.097623 0
0.10539 0.119386 0
-0.00167196 -0.117601 0
0.663506 0.044703 0
0.320346 0.117434 0
0.157668 -0.262081 0
0.764576 0.0473116 0
0.731823 -0.108373 0
0.303042 -0.0812825 0
0.0681717 0.0525244 0
0.901478 -0.271165 0
0.762167 -0.100805 0
0.615648 -0.108927 0
0.577748 -0.325444 0
0.970193 -0.0108279 0
0.941909 -0.16399 0
0.985892 0.0854242 0
0.777499 0.0517424 0
0.250804 0.0907376 0
0.448315 -0.127213 0
0.291064 -0.0805935 0
0.74643 0.0440129 0
0.738803 0.0440034 0
-0.0300084 -0.0624836 0
0.522561 0.0883155 0
0.0461716 0.037415 0
0.588244 -0.106701 0
0.285371 0.101561 0
0.755043 0.0438715 0
0.875685 0.0317481 0
0.907826 -0.0219298 0
0.202437 -0.0599431 0
0.00759316 0.0994118 0
0.790572 0.0531491 0
0.620188 0.0524016 0
0.65836 -0.10606 0
0.177469 -0.0613722 0
0.563641 0.0675592 0
0.217503 -0.0607395 0
0.205684 -0.0604273 0
0.323951 -0.0859624 0
0.538029 0.21038 0
0.828095 -0.0519025 0
0.786788 -0.0859393 0
0.176109 0.0591756 0
0.481183 0.196346 0
0.846986 0.0373907 0
0.944268 -0.0095399 0
0.40061 0.13908 0
0.983436 -0.00881011 0
0.224041 0.0699554 0
0.262649 -0.0749577 0
0.375218 0.139963 0
0.743536 0.203662 0
0.248192 -0.0748292 0
0.236189 0.0862146 0
0.604856 0.0577967 0
0.277239 -0.0759439 0
0.211121 0.0686463 0
0.803892 0.0590565 0
0.42629 0.127376 0
0.698423 -0.105638 0
0.293318 0.100646 0
0.542994 0.0781398 0
0.180727 -0.0626506 0
0.215327 0.0709067 0
0.238704 -0.0620834 0
0.195757 -0.0644448 0
0.648121 0.0467142 0
0.836966 0.0480579 0
0.613159 0.0579615 0
0.231282 0.0816764 0
0.0787343 0.10767 0
1.01596 0.0438233 0
0.998143 -0.0856425 0
0.808631 -0.0716849 0
0.811292 0.160581 0
0.911383 0.113156 0
0.65465 0.0497006 0
0.409799 -0.121285 0
0.591336 0.0636426 0
0.513519 -0.127799 0
0.379257 -0.0994235 0
0.634189 -0.109468 0
0.330455 -0.0872454 0
0.480546 0.101983 0
0.601497 0.0589252 0
0.495766 0.100017 0
0.961654 -0.011609 0
0.894339 -0.0304083 0
0.427695 -0.282191 0
0.76859 -0.0885732 0
1.00647 0.0811579 0
0.682529 0.221641 0
-0.0409608 -0.0158253 0
0.444134 -0.114953 0
0.518139 0.269796 0
0.075152 0.0492273 0
0.0498648 -0.157526 0
0.840086 -0.049577 0
0.860053 -0.0454267 0
0.248223 0.0831815 0
0.544243 -0.109179 0
0.855484 -0.0333851 0
1.03273 0.00963363 0
0.348941 0.13721 0
0.0837044 0.119758 0
0.567193 -0.107328 0
-0.0394877 0.0119787 0
0.91486 -0.0170578 0
0.920418 -0.0164244 0
0.0552057 0.0402139 0
0.493129 -0.129304 0
0.51086 0.0946111 0
0.860499 0.0283741 0
-0.0412976 0.047217 0
0.843535 0.0396514 0
0.10748 -0.207271 0
0.391467 -0.112772 0
0.857867 0.0316796 0
0.854468 0.0344355 0
0.819196 0.0557355 0
0.147705 0.141312 0
0.47326 -0.132355 0
0.447486 0.122399 0
-0.0601566 0.016763 0
0.0520707 -0.0394275 0
0.519595 0.0973006 0
0.693 0.197108 0
0.795099 0.0643515 0
0.469107 -0.147142 0
0.657943 0.0524306 0
0.0755979 -0.158024 0
0.16788 0.142278 0
0.556453 -0.280362 0
0.842767 0.0504602 0
0.918245 0.0950755 0
0.0322302 -0.108371 0
0.972959 -0.091392 0
0.968558 0.069325 0
0.819315 -0.072901 0
0.841928 -0.25238 0
0.430241 -0.243062 0
0.541577 0.178968 0
0.814943 0.134799 0
0.0280018 0.0804503 0
0.063082 0.053409 0
0.846611 0.107168 0
0.3276 -0.093606 0
0.823377 0.0640529 0
0.995939 -0.0579174 0
0.645485 0.0493341 0
0.995217 -0.00246119 0
0.0525498 0.0429682 0
-0.0169835 0.0462206 0
0.332985 0.141999 0
0.748558 0.0481966 0
1.01546 -0.0216912 0
0.478855 0.17369 0
0.310403 -0.0853979 0
1.01598 0.0278408 0
0.597295 0.194204 0
0.585752 0.0681699 0
0.858601 0.0370253 0
0.672448 0.0517904 0
-0.0298391 -0.00538376 0
0.719767 -0.118162 0
0.988 -0.00759228 0
0.886569 -0.0377623 0
0.199201 0.0646547 0
0.604141 0.0625258 0
0.932112 -0.0105803 0
0.289161 0.111402 0
0.380514 -0.110244 0
0.636023 0.0512208 0
0.160887 0.0577945 0
0.637645 -0.278293 0
0.438387 -0.141544 0
0.283634 -0.258993 0
0.191463 -0.0662135 0
1.00364 0.0571527 0
0.477731 0.111694 0
0.900044 -0.0287842 0
0.527656 -0.130049 0
0.901831 -0.169777 0
0.564806 0.0729735 0
0.549792 0.0803432 0
0.754915 -0.314011 0
0.846323 -0.0519898 0
0.966514 -0.0146847 0
0.725874 0.0386803 0
0.76955 0.0533943 0
0.25971 0.0958607 0
0.0753835 0.0540864 0
0.0625913 0.0429372 0
0.617674 0.0605562 0
0.869999 0.109352 0
0.578477 0.0640252 0
0.0930669 0.0484344 0
0.511245 0.196122 0
0.852529 0.0383048 0
-0.0285118 0.0197248 0
0.317501 -0.0808537 0
0.187653 0.0601622 0
-0.035179 -0.0351036 0
0.664026 0.0475807 0
0.602066 -0.109086 0
0.231505 -0.0643565 0
0.775625 0.166626 0
0.190007 0.189144 0
0.234869 -0.0649012 0
-0.0121818 -0.0755868 0
0.879839 -0.215524 0
0.0123754 0.0790436 0
0.777493 -0.0953797 0
0.459743 -0.274067 0
0.702997 -0.120508 0
0.95319 -0.00834584 0
0.358156 -0.271421 0
-0.00209969 0.00618351 0
0.862742 0.0329149 0
0.62578 0.230594 0
0.827796 -0.0609556 0
0.871355 0.0309455 0
0.926223 -0.0114577 0
0.207221 0.0649621 0
0.243242 0.0889277 0
0.220228 0.0744883 0
0.22904 0.0890202 0
0.223617 -0.0605509 0
0.285006 -0.082825 0
0.628682 0.0564573 0
0.53124 0.0899328 0
0.759729 0.048176 0
0.424907 -0.133874 0
0.880774 0.0291015 0
0.60876 0.0607418 0
0.671315 -0.117131 0
0.126212 0.121287 0
0.749087 -0.118438 0
0.220612 -0.0616169 0
0.651601 0.0484804 0
0.342564 -0.100236 0
0.214543 -0.0611812 0
0.86695 -0.0459066 0
0.253085 -0.0782173 0
0.225069 0.0838571 0
0.208461 -0.0611531 0
0.78374 0.0568168 0
0.310458 0.119541 0
0.29664 -0.0850114 0
0.734988 0.0455737 0
0.237949 -0.0654594 0
0.577516 -0.113565 0
1.01662 0.000183605 0
0.199516 -0.0667336 0
0.190851 0.0605619 0
0.0849878 0.0548307 0
0.184919 0.0600725 0
0.370508 -0.103632 0
0.363099 0.146762 0
0.923197 -0.0132241 0
0.935213 -0.011806 0
0.950761 -0.00926623 0
0.941289 -0.0105409 0
0.728763 0.0386645 0
0.314055 0.204107 0
0.836294 0.0554237 0
0.416286 0.14105 0
0.644328 -0.111133 0
0.357985 -0.0904805 0
0.666406 0.0446012 0
0.277764 0.0982851 0
0.661057 0.0498481 0
0.0762396 0.0968983 0
0.179247 0.0595862 0
0.903163 -0.0245203 0
0.242954 -0.0751597 0
0.210365 0.0744048 0
0.390058 0.148085 0
0.329609 0.120356 0
0.811627 0.061225 0
0.263245 0.0879143 0
0.553649 0.0728552 0
0.555506 -0.110702 0
0.798257 -0.0820827 0
0.62021 0.056724 0
0.000343864 0.00803231 0
0.715509 0.189409 0
0.438252 0.128997 0
0.206936 -0.0643736 0
0.203268 -0.0638642 0
0.847668 0.0434095 0
0.675553 0.252541 0
0.500216 -0.138158 0
0.090102 0.0482886 0
0.264598 -0.0808829 0
0.141953 -0.218769 0
0.504904 0.101893 0
0.0602591 0.0411984 0
0.397779 -0.122425 0
0.743177 0.0464323 0
0.624079 -0.117446 0
0.176824 -0.0657172 0
0.489128 0.106505 0
0.568858 0.0697124 0
0.0649254 0.0920744 0
0.0428731 0.0366914 0
0.0721001 0.0521211 0
0.941393 0.0753536 0
0.987218 0.0657499 0
0.461047 0.125046 0
0.0488389 0.0385793 0
-0.0260645 0.033687 0
0.955213 -0.122674 0
0.957544 -0.0150728 0
0.0913064 0.104506 0
0.971662 -0.0163646 0
0.45789 -0.138594 0
0.833809 -0.0535105 0
0.196605 -0.259749 0
0.595975 0.0656519 0
0.688862 0.165374 0
0.72126 -0.135766 0
0.881389 0.0345619 0
0.529857 0.0988739 0
0.0106551 0.0212313 0
0.318134 -0.228016 0
0.791105 0.138368 0
0.849926 0.051905 0
0.422895 -0.147696 0
0.923609 0.0776711 0
0.269323 -0.0845136 0
0.682897 -0.272379 0
0.514413 -0.250842 0
0.971629 0.0545834 0
0.834247 -0.205346 0
0.488951 0.118208 0
0.976716 -0.0197168 0
0.0878783 0.0897023 0
0.190809 0.139518 0
0.730657 0.0463379 0
0.834491 0.0655449 0
1.00446 0.0345032 0
0.217097 -0.0642157 0
0.350507 -0.107981 0
-0.00537048 0.00670032 0
-0.0277043 -0.0196445 0
0.945156 -0.0131894 0
0.931663 -0.0145424 0
0.04233 0.0785012 0
-0.00970236 0.0344754 0
0.390889 -0.235447 0
0.569719 0.0758584 0
0.458241 0.173025 0
0.743681 0.0518828 0
0.268919 0.102996 0
0.0478422 -0.0376645 0
0.369441 -0.11372 0
0.833246 -0.0735916 0
0.0581366 0.0496457 0
0.0894377 0.0551637 0
0.852274 0.0894869 0
0.324348 0.180506 0
0.608519 0.0661354 0
0.22641 -0.0619003 0
0.926288 -0.0162306 0
0.518469 0.172162 0
0.642734 0.049649 0
-0.00117569 0.0105937 0
0.00288875 0.0640032 0
0.279798 -0.0838019 0
0.952274 -0.0170033 0
0.220961 0.0907802 0
0.477514 -0.239127 0
0.579475 0.0694465 0
0.455435 -0.154231 0
0.00923308 -0.0906208 0
0.540971 0.085387 0
0.856799 0.0428458 0
0.0432422 0.0400876 0
0.319466 -0.093768 0
0.105815 -0.17171 0
0.626113 0.195359 0
0.237615 -0.075027 0
0.861127 -0.0554215 0
-0.0160958 -0.0456352 0
0.899496 0.0949486 0
0.218455 0.0812718 0
0.744099 0.171691 0
0.572634 0.176871 0
0.862978 0.0392088 0
0.475596 0.123208 0
0.184482 0.0633361 0
0.189579 0.0646554 0
0.230961 -0.0684543 0
0.601838 0.068442 0
0.776644 0.0589016 0
0.162072 0.121607 0
0.160468 0.0615118 0
0.546567 -0.123352 0
0.175665 0.0628755 0
0.241659 -0.250997 0
0.200186 0.162588 0
0.622416 0.0599784 0
0.726195 0.0424143 0
0.637217 0.0475717 0
0.556645 0.0784178 0
0.992651 -0.00401792 0
0.988884 -0.0123043 0
0.59074 -0.119623 0
0.0568389 -0.12916 0
0.885607 0.0304843 0
0.23569 -0.0691187 0
0.0579899 0.0440111 0
0.663886 0.189603 0
0.0484144 0.0426464 0
0.573684 0.071708 0
0.203239 0.0657539 0
0.412704 -0.134575 0
0.278158 0.108364 0
0.206628 0.0695828 0
0.780125 -0.109407 0
0.0593558 -0.0412772 0
0.302707 -0.0881572 0
0.739138 0.0493642 0
0.591036 0.0698035 0
0.686012 -0.129686 0
0.880346 -0.0384097 0
0.121323 0.105671 0
0.757644 -0.254495 0
0.803629 0.067945 0
0.949428 -0.0129698 0
0.299429 0.121909 0
0.767629 -0.11904 0
0.612513 0.0627407 0
0.0824021 0.0582702 0
0.237138 0.0938316 0
0.250731 0.1007 0
0.0753689 0.0843753 0
0.0715528 0.0569127 0
0.513691 -0.143054 0
0.229331 -0.0613813 0
0.194936 -0.0691448 0
0.764208 0.0522868 0
0.215348 0.076205 0
0.810271 -0.0839586 0
0.804575 -0.0976528 0
0.929058 -0.0122694 0
0.3166 -0.0879527 0
0.348025 0.153828 0
0.754553 0.0491426 0
0.17941 -0.226651 0
0.599592 -0.290425 0
0.939245 -0.0137867 0
0.321081 0.130089 0
0.158019 0.0577374 0
0.790792 -0.0975461 0
0.900109 -0.0338513 0
0.909339 -0.0278087 0
0.632577 0.0548816 0
0.839834 -0.0590325 0
0.224001 -0.064416 0
0.86154 -0.181537 0
0.333372 -0.101361 0
0.656846 -0.121036 0
0.73193 -0.124523 0
0.0924262 0.0517932 0
0.247226 -0.0807115 0
0.99637 -0.0377833 0
0.989236 -0.00380282 0
0.132048 0.137106 0
0.1871 -0.0675917 0
0.218317 0.19044 0
0.962531 -0.0183212 0
0.289957 -0.0870597 0
0.37781 0.152483 0
0.317631 0.236024 0
0.871202 0.0355451 0
0.796448 -0.271373 0
0.564674 -0.120045 0
0.43382 0.140885 0
0.634055 -0.121247 0
0.209869 -0.0638445 0
0.204127 -0.0682433 0
0.869339 -0.0382211 0
-0.0127103 0.0241718 0
0.84451 0.0584947 0
0.904477 -0.0299724 0
0.405062 0.155081 0
0.648848 0.0509173 0
0.0461799 0.0405708 0
0.582699 0.0647462 0
0.0403313 0.0352978 0
0.866794 0.0361959 0
0.484084 -0.141193 0
-0.012523 0.0626905 0
0.853239 -0.0494767 0
0.94506 -0.0901517 0
0.894476 -0.135364 0
-0.0240616 0.00687596 0
0.789729 0.0591341 0
1.02478 -0.00217437 0
0.979777 -0.0741352 0
0.498395 0.110767 0
0.514254 0.103733 0
0.610309 -0.124542 0
0.823718 0.111798 0
0.385855 -0.125615 0
0.451661 0.137249 0
0.608629 0.0720931 0
0.738562 0.054435 0
0.186012 0.0686868 0
0.595039 -0.134888 0
0.232172 -0.0742808 0
0.793408 0.0734925 0
0.908072 -0.0349778 0
0.0559767 -0.107306 0
0.523054 0.108529 0
0.0445678 0.0441266 0
0.267811 0.116376 0
0.928848 0.063331 0
0.632797 -0.23751 0
0.205116 0.0749332 0
0.954305 -0.0679554 0
-0.00462485 -0.0595912 0
0.180522 0.12304 0
0.094109 0.0566545 0
0.886553 0.0364525 0
0.209925 0.141852 0
0.0649878 0.0588138 0
0.784538 -0.128717 0
0.539419 0.15418 0
0.823295 0.0741503 0
0.425524 -0.210318 0
0.486321 0.131524 0
0.86156 -0.147026 0
0.922524 -0.0206303 0
0.852096 0.0601407 0
0.869746 0.0417706 0
0.25363 -0.0848996 0
0.551663 -0.242889 0
0.306373 0.13464 0
0.726041 0.0468458 0
0.577068 0.0775329 0
0.0874728 0.0759176 0
0.870903 -0.0555121 0
0.0371155 0.0673372 0
-0.00272047 0.0271923 0
0.0629361 0.0791004 0
0.644661 0.0529721 0
1.00371 0.0199449 0
0.373223 -0.124533 0
0.63659 0.0558447 0
0.423297 0.155964 0
-0.00239459 0.0154538 0
1.00564 -0.0107078 0
0.941085 -0.0185048 0
0.845286 -0.0694273 0
0.285442 0.123964 0
0.825004 -0.163685 0
0.032506 -0.0894066 0
-0.00996957 -0.0101047 0
0.139338 0.105167 0
0.0162685 0.0610456 0
0.279293 -0.223136 0
0.165385 0.0615408 0
0.622143 0.0649659 0
0.353964 -0.235913 0
0.138425 -0.183902 0
0.64032 0.168847 0
0.597311 0.17044 0
0.739805 -0.141376 0
0.0132977 0.0235395 0
0.720955 0.0431393 0
0.405697 -0.150627 0
0.262668 -0.0866185 0
0.614901 0.0675653 0
0.214091 0.0874073 0
0.511048 0.113954 0
0.971712 -0.0559557 0
0.858138 0.0509216 0
-0.00626285 0.000423179 0
0.719822 0.164943 0
0.784755 0.06494 0
0.795927 -0.231513 0
-0.00213068 0.0503432 0
0.987779 0.0469609 0
0.182451 -0.0709386 0
0.345633 0.174536 0
0.0813515 -0.133732 0
0.311679 -0.0937812 0
0.660929 0.162168 0
0.22758 -0.0654741 0
0.65322 0.0520889 0
0.970123 -0.0216822 0
0.211715 0.0813491 0
0.179876 0.0634473 0
0.820565 -0.0971021 0
0.443813 0.155056 0
0.143411 0.122234 0
0.632564 0.059125 0
0.890601 -0.0454625 0
1.01503 0.0133513 0
0.227304 0.161009 0
0.584787 0.0738867 0
0.546876 -0.140843 0
-0.0149728 -0.00338964 0
0.62721 0.0611964 0
0.261249 0.191803 0
0.298027 0.174928 0
0.924743 -0.103347 0
0.812722 0.0712832 0
0.982612 -0.0151855 0
0.399475 -0.135615 0
0.0390999 0.0400163 0
0.996502 -0.00630603 0
0.0583373 0.0557065 0
0.749381 0.0538059 0
0.563339 0.0791826 0
0.437507 -0.161613 0
0.0496152 0.0471391 0
0.0543922 0.047119 0
0.199106 -0.0724608 0
0.578124 -0.127197 0
0.341134 -0.109929 0
0.992603 -0.00840116 0
0.702086 -0.142744 0
0.52995 -0.148129 0
0.318547 0.147248 0
0.359874 -0.108938 0
0.258745 0.10737 0
0.862845 0.0448882 0
0.00831399 0.0195231 0
0.844139 0.0684264 0
0.107287 0.10263 0
0.229648 0.097629 0
0.220204 -0.0648631 0
0.461525 0.151313 0
0.549422 0.0893222 0
0.0772433 0.0596811 0
0.810964 -0.111562 0
0.723723 -0.278159 0
0.331413 0.160413 0
0.734937 0.0502693 0
0.913499 -0.0213692 0
0.212756 -0.227998 0
0.956241 0.054259 0
0.889304 0.026154 0
0.296189 -0.091972 0
0.500835 0.122889 0
0.802628 0.113057 0
0.597015 0.0715685 0
0.469626 0.136979 0
0.935546 -0.0161611 0
0.274839 -0.080634 0
0.771271 0.0611175 0
0.0967533 0.0531475 0
0.66917 -0.134728 0
0.796244 -0.113746 0
0.213309 -0.0649727 0
0.208742 -0.0682884 0
0.169873 0.0624834 0
0.876444 0.0375266 0
-0.025494 0.0756907 0
0.850363 -0.0594478 0
0.198755 0.069455 0
0.194244 0.0678332 0
0.822916 -0.0839639 0
0.18995 -0.071324 0
0.284883 0.195558 0
0.76016 0.0538492 0
0.20265 0.0710086 0
0.253595 -0.283175 0
0.497221 -0.154455 0
0.475606 -0.161761 0
0.533758 -0.114841 0
0.0885229 0.0595743 0
0.367882 0.165633 0
0.432183 0.176849 0
0.540237 0.102382 0
0.539083 0.0941552 0
0.485136 -0.274064 0
0.640378 0.0478324 0
0.874201 -0.0450471 0
-0.0171343 0.0139858 0
0.324091 -0.102302 0
0.495092 0.174506 0
0.240724 -0.0813635 0
1.03898 0.00269753 0
0.282695 -0.0884657 0
0.642714 -0.126918 0
0.629348 -0.133166 0
0.63975 0.0516317 0
0.829825 0.0945366 0
0.761698 0.139912 0
0.388525 0.164415 0
0.156733 0.0616708 0
0.761318 0.185355 0
0.956687 -0.0213573 0
0.906478 0.077191 0
0.244244 0.0957307 0
0.946906 -0.0173891 0
0.584795 0.0812712 0
0.234271 -0.0809796 0
0.688794 0.140642 0
0.106252 -0.143886 0
0.943721 0.0174789 0
0.645235 0.14656 0
0.0254809 -0.0294784 0
0.156502 0.0657089 0
0.784378 0.075354 0
0.310015 -0.19358 0
0.866254 0.0512329 0
0.654853 0.0564273 0
0.133173 0.0909072 0
0.0566203 -0.0824829 0
0.548641 0.0990386 0
0.175269 0.106739 0
0.97474 0.0422381 0
0.548283 -0.157629 0
0.0294359 0.0310624 0
0.0977451 0.0840255 0
0.247837 0.111452 0
0.672011 -0.23571 0
0.535848 0.112216 0
0.494421 -0.180807 0
0.936796 -0.02132 0
0.0146106 0.0269009 0
0.0397925 0.0448286 0
0.396661 -0.204597 0
0.754206 -0.21967 0
0.00438284 -0.0455728 0
0.957337 -0.0515302 0
0.873194 -0.114009 0
0.31349 -0.102617 0
0.0982622 0.0579884 0
0.890533 0.0756136 0
0.287723 0.137602 0
0.0134201 0.0442329 0
0.523731 0.120853 0
0.0582728 0.0620861 0
0.827854 -0.113894 0
0.810093 0.0932804 0
0.499468 0.139094 0
0.788893 -0.188869 0
0.457191 -0.213857 0
0.165892 0.0661133 0
0.228049 0.139617 0
0.153354 0.0614886 0
0.26957 -0.0920347 0
0.9786 -0.0404752 0
0.579154 -0.144128 0
0.00826319 0.023676 0
0.717797 0.0467066 0
0.362889 -0.120243 0
0.22351 -0.0685182 0
0.000513402 0.0174403 0
0.926306 -0.0220342 0
0.501285 -0.213344 0
0.577104 0.154865 0
0.894265 0.0277286 0
0.0111076 -0.0694924 0
0.990833 -0.0189874 0
0.272694 0.170046 0
0.637779 0.0609293 0
0.454084 -0.173852 0
0.948018 -0.0229684 0
0.995548 0.0295968 0
1.00652 0.0104572 0
0.0750075 0.0721448 0
0.101448 0.0501683 0
0.171334 -0.193105 0
0.856293 -0.0707959 0
0.855507 0.0722571 0
0.915373 -0.0268427 0
0.732637 0.0558991 0
0.0940711 0.0625047 0
0.521818 0.153528 0
0.900352 -0.041235 0
0.302142 0.152301 0
0.596734 -0.251242 0
0.621062 0.0711545 0
0.76316 -0.1414 0
0.648302 -0.140836 0
0.978709 -0.0275298 0
0.414714 0.191762 0
0.181655 0.067147 0
0.831005 -0.13605 0
0.0719217 0.0634411 0
0.0490088 0.0662031 0
0.430436 0.19666 0
0.391035 -0.153667 0
0.206671 0.087902 0
0.304237 -0.0972021 0
0.881189 -0.0545024 0
0.194403 0.0735139 0
0.876741 0.0441033 0
1.00082 7.07486e-05 0
0.814456 0.0806973 0
0.612805 -0.14453 0
0.362226 0.186939 0
0.372229 -0.138405 0
0.942881 0.0601946 0
0.245022 -0.2075 0
0.0255339 0.0670179 0
0.00613311 0.0182935 0
0.118174 0.0908142 0
0.778333 0.115301 0
-0.00645783 -0.00554424 0
0.239813 0.103277 0
0.250645 0.165126 0
0.641181 0.0569677 0
0.591277 0.0763591 0
0.571469 0.0833906 0
0.744028 0.0579263 0
0.246767 -0.0876096 0
0.384547 -0.140992 0
0.834447 0.0790449 0
0.615336 0.0753267 0
0.963386 -0.0257659 0
0.513372 -0.162453 0
-0.00370031 0.0201404 0
0.106511 0.0911386 0
0.998835 -0.0107723 0
0.847465 -0.080932 0
0.83571 -0.101603 0
0.351879 -0.119403 0
0.721651 0.0488188 0
0.835461 -0.0882351 0
0.481605 0.153535 0
0.729585 0.0512106 0
0.212708 0.0957877 0
0.221006 0.101271 0
0.205095 0.080838 0
0.954069 0.0693586 0
0.190647 0.0698551 0
0.218277 -0.0683751 0
0.721844 -0.15504 0
0.0488095 0.0525771 0
0.415356 -0.169644 0
0.213472 -0.0705727 0
0.104084 0.0510084 0
0.632955 0.0645535 0
0.998698 -0.0022238 0
0.0988912 0.0501348 0
0.331357 -0.111913 0
0.00590055 0.0395213 0
-0.00796737 0.01398 0
0.804277 0.0785085 0
0.682752 -0.149699 0
0.755459 0.0566885 0
-0.0126282 0.00642928 0
0.91925 -0.134406 0
0.882825 -0.0470079 0
0.0443573 0.0493348 0
0.627581 0.0676287 0
0.735076 0.144239 0
0.26557 0.220398 0
1.02673 0.0193803 0
0.227109 -0.0726673 0
0.258983 -0.0801399 0
0.194012 -0.0747253 0
0.619466 0.170842 0
0.00438014 0.0163327 0
0.776576 0.0671679 0
0.557197 0.0852155 0
0.0832516 0.0629459 0
0.512808 0.129267 0
0.603092 0.0747003 0
0.649608 0.0551401 0
0.153565 0.108159 0
0.277965 0.117908 0
0.890471 0.0319389 0
0.345689 -0.20768 0
0.287955 -0.0943277 0
0.0536696 0.0518308 0
0.256073 0.116732 0
0.918091 -0.0215122 0
0.405502 0.173732 0
0.925558 -0.0835407 0
0.765752 0.0580404 0
0.935359 -0.0726124 0
1.02318 0.00807489 0
-0.00428859 0.04095 0
0.166902 0.0579639 0
0.227112 -0.068916 0
0.205863 0.123996 0
0.914448 0.064005 0
0.562936 -0.134964 0
0.275734 -0.0874919 0
0.0751824 -0.110524 0
0.861322 0.0607804 0
0.994074 -0.0143979 0
0.985252 -0.0234935 0
0.199186 -0.0776343 0
0.622347 0.079045 0
0.136282 -0.156262 0
0.22751 -0.0796998 0
0.915727 -0.0346872 0
0.128309 0.0806872 0
0.151732 0.0653985 0
0.932259 0.0505818 0
0.0199383 -0.0573042 0
0.883023 0.0424836 0
0.640597 0.0674063 0
0.637002 -0.15678 0
0.892061 0.0372121 0
0.547274 0.10906 0
0.774368 0.0767755 0
0.961765 0.0419484 0
0.933027 0.019197 0
0.0996768 0.0626919 0
0.034474 0.0419167 0
0.203736 0.0975072 0
0.374801 -0.154401 0
0.597905 0.148481 0
0.176753 0.0675159 0
0.660237 0.0575418 0
0.584755 -0.215257 0
0.650782 0.059865 0
0.709144 0.0481446 0
0.917181 -0.0638644 0
0.254891 -0.0937645 0
0.866397 0.0681037 0
0.303786 -0.105333 0
0.535782 0.125544 0
0.994138 0.0198307 0
0.890421 -0.055933 0
0.221055 0.124034 0
0.722147 0.053416 0
0.337571 -0.178291 0
0.0163403 0.03047 0
0.905303 -0.0851143 0
0.267614 0.146823 0
-0.00599066 -0.0375459 0
0.0334187 0.0555405 0
0.216543 -0.0731096 0
0.662989 -0.203299 0
0.862975 -0.0823462 0
0.246453 0.123313 0
0.20885 -0.196494 0
0.744286 -0.166542 0
0.0972943 0.0742681 0
0.999638 0.00537207 0
0.59223 0.0841003 0
0.642703 0.0619078 0
0.181015 0.0726874 0
0.187767 0.0741491 0
0.17117 0.0668877 0
0.104607 0.05419 0
0.947595 0.0143408 0
0.794325 0.0840615 0
0.276476 -0.193231 0
1.00011 -0.0205466 0
0.624451 0.149225 0
0.55786 0.0942936 0
0.0105557 0.0281232 0
0.0433178 0.0573089 0
0.190231 0.107357 0
0.210842 0.107666 0
0.244893 0.141469 0
0.899531 0.0279419 0
0.89956 -0.110936 0
0.278186 -0.0958556 0
0.713519 0.0476502 0
0.711132 0.142659 0
0.516109 -0.187885 0
0.881008 0.0900641 0
0.789014 -0.154087 0
0.669291 0.141139 0
0.869719 -0.0678432 0
1.00307 0.0042059 0
0.716696 -0.232957 0
0.870822 0.0596932 0
0.198269 0.0802417 0
0.921873 -0.0267486 0
0.151952 0.0575538 0
0.943064 0.0477829 0
0.757776 0.116433 0
0.955078 -0.0286787 0
0.00355841 0.0216946 0
0.847164 -0.118127 0
0.274724 0.128166 0
1.00369 -0.00364618 0
0.187867 -0.0768062 0
0.263173 -0.0955363 0
0.161236 0.0662309 0
0.809232 -0.131677 0
0.431714 -0.183961 0
1.00937 0.00403884 0
0.87434 0.0511835 0
0.295739 -0.100687 0
0.971924 -0.030868 0
0.057648 0.0699758 0
0.19995 0.0752016 0
0.0304234 -0.0313672 0
0.339871 -0.122048 0
0.360276 -0.131691 0
0.505329 0.156035 0
0.0215811 -0.0282041 0
0.738389 0.0607348 0
0.0388843 0.0512804 0
-0.00388242 -0.0114706 0
0.528994 -0.168586 0
0.118885 0.0778929 0
0.56329 -0.15293 0
0.0250986 0.056074 0
0.230156 0.105842 0
0.791684 0.0974599 0
0.595091 -0.153768 0
0.371132 -0.211447 0
0.910261 -0.0441637 0
0.941373 -0.025125 0
0.542495 0.13536 0
0.284954 0.155965 0
0.065129 0.0675936 0
0.23913 -0.0886636 0
0.661449 -0.155805 0
0.726024 0.0564345 0
0.163082 0.108431 0
0.986511 0.0357437 0
0.0956623 -0.117143 0
0.578788 0.0854496 0
0.750316 0.0607878 0
0.469751 -0.189445 0
0.626669 0.0742689 0
0.757782 -0.186594 0
0.901803 0.06387 0
0.0521536 0.0772066 0
0.931317 -0.0204933 0
0.841692 0.0900748 0
0.845612 0.079858 0
0.0518115 0.0581189 0
0.853155 -0.0983679 0
0.596699 0.0785112 0
0.221521 -0.0743937 0
0.399565 -0.166681 0
0.646268 0.0587531 0
0.026355 0.0299493 0
0.320599 -0.113263 0
0.480032 -0.207316 0
0.0334232 0.032303 0
0.895083 0.0334967 0
0.965304 -0.0437061 0
0.701961 -0.16642 0
0.0780482 0.06525 0
0.609453 0.0798063 0
0.0792707 -0.0921926 0
0.995526 0.0385712 0
0.893475 -0.0365714 0
0.527368 0.137445 0
0.513358 0.143074 0
0.72509 0.0513452 0
0.994449 -0.0280354 0
0.0884336 0.0663357 0
0.56541 0.089043 0
0.314895 0.163079 0
0.363674 0.205527 0
0.986676 -0.0314635 0
0.761011 0.0611275 0
0.767484 0.067092 0
0.0254648 -0.0781013 0
0.164103 -0.164526 0
0.93373 -0.0581271 0
0.145537 0.0908567 0
0.0981456 0.0944003 0
0.234273 0.115302 0
0.897269 0.024608 0
0.822548 0.0849176 0
0.18149 -0.0773414 0
0.250911 -0.102313 0
0.700177 0.121722 0
0.964563 0.0117433 0
0.295558 -0.110753 0
0.0926822 -0.0989448 0
0.629927 0.0810195 0
0.932754 0.0236583 0
0.160419 -0.139849 0
0.602847 0.128245 0
0.558287 0.107116 0
0.031391 -0.0648004 0
0.70814 0.0531745 0
0.183578 0.0787159 0
0.278329 -0.173423 0
0.125235 0.0726229 0
0.650872 0.127812 0
0.977694 0.032172 0
0.0237588 -0.0334918 0
0.151709 0.0698066 0
0.919117 0.0503555 0
0.897753 0.0398657 0
0.346622 -0.13576 0
0.108321 0.0552461 0
0.923749 -0.0354326 0
0.026529 0.0333072 0
0.933894 0.0402411 0
0.720059 0.0580765 0
0.882498 0.0512846 0
0.763745 0.100385 0
0.764683 0.0775057 0
0.186593 0.0961719 0
0.635732 -0.200701 0
0.53764 -0.186992 0
0.163232 0.0966679 0
0.877614 -0.0806444 0
0.238465 -0.182193 0
0.00997193 -0.0343517 0
0.93669 0.0183559 0
0.935084 -0.0271457 0
0.721708 -0.176152 0
0.997744 0.00830112 0
0.0167472 -0.0255759 0
0.9049 0.0309339 0
0.148927 0.0606307 0
0.575528 0.0934492 0
0.0205675 0.0293754 0
0.73727 0.122839 0
0.0334295 0.0357135 0
0.191007 0.0814423 0
0.105351 0.0730495 0
0.950883 0.0166973 0
0.665168 0.0513068 0
0.599883 0.0858281 0
0.877979 0.0704565 0
0.114831 -0.12378 0
0.00106034 -0.0118298 0
-0.00101866 -0.00772712 0
0.110066 0.0814542 0
0.0127841 0.0355186 0
0.90008 -0.0658173 0
0.889063 0.0616576 0
0.64853 0.0650186 0
0.198476 0.087879 0
0.549049 0.121215 0
0.927828 -0.0278559 0
0.890084 0.0439841 0
0.173165 0.0722822 0
0.167526 0.070623 0
0.555716 -0.204416 0
0.701382 -0.196794 0
0.655853 0.0620141 0
0.204367 -0.0734149 0
0.560425 0.137709 0
0.579681 0.138881 0
0.997284 0.0130057 0
0.947723 -0.0302467 0
0.0281718 0.0498825 0
0.777036 0.0978328 0
0.759466 0.0682987 0
0.286257 -0.103012 0
0.0435699 -0.0755154 0
0.614723 -0.166247 0
0.732416 0.0624458 0
1.00637 -0.0314268 0
0.269072 -0.103171 0
0.0327689 -0.0337485 0
0.200073 0.109173 0
0.0240031 0.0287234 0
0.78273 0.086219 0
0.157131 0.0712606 0
0.717749 0.0520194 0
0.766017 -0.164258 0
0.900729 -0.0512586 0
0.710448 0.0440378 0
0.88194 -0.0662764 0
0.223466 0.110823 0
0.947305 0.0191021 0
0.00447164 0.0278669 0
0.192934 -0.0807439 0
0.951319 -0.0378257 0
0.149138 0.0568637 0
0.987673 0.0268926 0
0.259595 0.128813 0
0.961864 -0.0334149 0
0.919716 -0.0503655 0
0.359431 -0.147282 0
0.1935 0.120617 0
0.56727 0.0995819 0
0.328346 -0.123017 0
0.0336855 0.0476145 0
0.0947309 0.0685052 0
0.0201759 -0.0430302 0
0.744592 0.0649025 0
0.24581 -0.0959574 0
0.413989 -0.190049 0
-0.0159026 -0.0279281 0
1.01358 -0.00772451 0
0.0307791 0.0341413 0
0.886901 -0.0942358 0
0.216288 -0.0783912 0
0.220911 -0.0812326 0
0.0824428 0.0685188 0
0.585517 0.0900759 0
0.870768 -0.0939207 0
0.633551 0.0727749 0
1.00238 0.0451081 0
0.231459 -0.0883417 0
0.234216 0.128554 0
0.900458 0.0342146 0
0.143515 0.0824217 0
1.00978 -0.00357122 0
0.578341 -0.164826 0
0.866883 0.0794068 0
0.100895 0.0538075 0
0.75559 0.0631051 0
0.951106 0.0411846 0
0.966275 0.0320173 0
0.384689 -0.170056 0
0.66211 0.0536437 0
0.398317 -0.182415 0
0.105097 0.0620871 0
0.616391 0.0841702 0
0.308893 -0.113766 0
0.193406 -0.165584 0
-0.000871536 -0.0152778 0
0.447653 -0.194287 0
0.677471 -0.175357 0
0.666005 0.119003 0
0.662068 0.0640643 0
0.199157 -0.0845521 0
0.0935267 -0.0830798 0
0.625583 0.0900053 0
0.676433 0.106055 0
0.942764 0.0219026 0
0.223212 -0.0886401 0
0.0434342 -0.0636757 0
0.298688 -0.121469 0
0.00124973 -0.0194866 0
0.701688 0.0550574 0
0.951521 0.020828 0
0.167342 0.0761841 0
0.330163 -0.136138 0
0.577059 0.104686 0
0.969685 0.0242319 0
0.242658 -0.105247 0
0.904933 0.0377892 0
0.991453 0.0123712 0
0.172418 -0.0662798 0
0.0353735 -0.0368434 0
0.629722 0.129416 0
0.0261078 0.0433105 0
0.205719 -0.0797252 0
0.906814 0.052716 0
0.967396 0.011124 0
0.112385 0.072497 0
0.284904 -0.113189 0
0.636613 0.0804777 0
0.135542 -0.13199 0
0.978577 0.021977 0
0.0125377 -0.0268696 0
0.152937 0.0835789 0
0.113531 0.0519126 0
0.928185 0.0242176 0
0.176825 0.0954215 0
0.908595 0.0268047 0
0.719378 0.124835 0
0.754061 0.0775782 0
0.00183097 -0.0314703 0
0.362405 -0.1704 0
0.665714 0.0569723 0
0.71382 0.0572394 0
0.931136 -0.0434294 0
0.143355 0.0611712 0
0.147292 0.0657379 0
0.019512 -0.0329626 0
0.184346 0.0858874 0
0.937775 0.0224383 0
0.945014 -0.0500113 0
0.654761 0.0682965 0
0.898402 0.0487778 0
0.562748 0.119512 0
0.986377 0.018428 0
0.930786 -0.033941 0
0.94226 -0.0411998 0
0.580707 -0.187613 0
0.863355 0.0950956 0
0.17622 -0.0710761 0
0.762286 0.0875396 0
0.608752 0.0884325 0
0.20932 -0.0741374 0
0.632752 -0.178841 0
0.961176 0.0120626 0
0.954626 0.0172854 0
0.560663 -0.175734 0
0.230224 -0.0964461 0
0.751701 0.0686231 0
0.712983 0.0523639 0
0.237757 -0.0974616 0
-0.00701638 -0.0176511 0
0.640581 0.0751474 0
0.726317 0.0635758 0
0.879635 0.0597889 0
0.162832 0.0714997 0
0.278424 -0.106134 0
0.654186 0.111604 0
0.668626 0.0528245 0
0.000897388 0.034019 0
0.0181732 0.0346568 0
0.22024 -0.167865 0
0.771788 0.0883197 0
0.557813 0.159658 0
0.0307902 0.0381942 0
0.106497 0.0671382 0
0.10071 0.0691306 0
0.891608 0.0526187 0
0.94114 0.0357762 0
0.890925 -0.0790838 0
0.110621 0.0518421 0
0.17641 0.0795663 0
0.738605 0.0689885 0
0.940311 0.0182376 0
0.529471 -0.214395 0
0.259773 -0.103744 0
0.0196547 0.0498703 0
0.654295 -0.180124 0
1.00133 0.0102145 0
0.568374 0.110702 0
0.0283749 -0.0344161 0
0.91047 -0.0550499 0
0.185709 -0.0836641 0
0.194702 0.0978675 0
0.213577 -0.0754594 0
0.940428 -0.0331606 0
0.343282 -0.153685 0
0.0193989 0.0393003 0
0.150786 0.0758048 0
0.103802 0.0579476 0
0.00692188 0.0330098 0
0.190843 0.0897564 0
0.0330602 -0.0526858 0
0.315015 -0.126353 0
0.734041 -0.196455 0
0.0350539 0.0383436 0
0.920118 -0.0416157 0
0.596429 -0.171911 0
0.193345 -0.146205 0
0.0214446 0.0334418 0
0.593601 0.0938671 0
0.108727 -0.103305 0
0.378859 -0.188417 0
0.746896 0.10245 0
0.0480551 -0.0925038 0
0.588746 0.129038 0
0.9554 0.0311591 0
0.924694 0.0406404 0
0.585637 0.099534 0
0.0237615 0.0321585 0
0.170523 -0.0710098 0
0.103753 -0.0499989 0
0.157011 -0.118349 0
0.660221 0.0715173 0
0.141801 0.0678853 0
0.232769 -0.107239 0
0.923439 0.0248428 0
0.28575 -0.125597 0
0.220422 -0.0982511 0
0.604439 0.0974182 0
0.214769 -0.146799 0
0.3235 -0.154237 0
0.670761 0.0569771 0
0.162433 -0.0603791 0
0.644565 0.0828248 0
0.93677 0.0283583 0
0.0804557 -0.0800455 0
0.109753 0.0596221 0
0.700044 0.105066 0
0.694375 0.0492367 0
0.980958 0.016676 0
0.207515 -0.0879281 0
0.955818 0.0226377 0
0.968008 0.0138368 0
0.916519 0.0399599 0
0.58736 0.112489 0
0.178154 -0.0846126 0
0.142443 0.0751642 0
0.167965 -0.0653687 0
0.160405 0.0784385 0
0.301668 -0.134525 0
0.957386 0.0135136 0
0.215996 -0.085713 0
0.910941 0.0336167 0
0.985702 0.0124519 0
0.636003 0.0878094 0
0.113809 0.0653555 0
0.751177 0.0887276 0
0.708026 0.0587959 0
0.987789 0.00880761 0
0.698895 0.049973 0
0.0160313 -0.0308424 0
0.315423 -0.141004 0
-0.00356766 -0.0252552 0
0.647942 0.0736315 0
0.00873376 -0.0197995 0
0.00402448 -0.0234708 0
0.0419217 -0.0359818 0
0.0271819 -0.0403112 0
0.175018 -0.0768901 0
0.720262 0.0659823 0
0.909628 0.0221775 0
0.113011 0.0553429 0
0.176572 0.0875463 0
0.00523783 -0.0187328 0
0.0386741 -0.0355466 0
0.609817 -0.189812 0
0.931535 0.0283447 0
0.616427 0.0933819 0
0.0113389 -0.0231105 0
0.191393 -0.0885824 0
0.15529 0.09072 0
0.575693 0.12223 0
0.126246 -0.108895 0
0.947088 0.0240545 0
0.274379 -0.115376 0
0.744614 0.0764784 0
0.0219909 -0.038073 0
-0.0175674 -0.014017 0
0.927599 0.0334097 0
0.0236101 0.0366923 0
0.964204 0.0152949 0
0.0314392 -0.037256 0
0.971892 0.0149374 0
0.732758 0.0696752 0
0.35995 -0.191586 0
0.241898 -0.160056 0
0.970091 0.0110396 0
0.934188 0.033226 0
0.594483 0.103679 0
0.211648 -0.0804715 0
0.947143 0.033188 0
0.727761 0.103974 0
0.640179 0.113574 0
0.142123 0.0570605 0
0.898052 0.056122 0
0.990684 0.00782916 0
0.251018 -0.111212 0
0.667612 0.0630644 0
0.00933365 0.0515028 0
0.0402365 -0.0570071 0
0.146806 0.0708798 0
0.90366 0.0443178 0
0.910331 0.0431259 0
0.105247 -0.0880924 0
0.0596781 -0.071047 0
0.701813 0.0609288 0
0.168445 -0.0772304 0
0.15153 -0.0560227 0
0.668442 0.0701324 0
0.104958 -0.0790411 0
0.221763 -0.107435 0
0.733481 0.0784505 0
0.0512753 -0.0547074 0
0.273079 -0.128328 0
0.614933 0.104418 0
0.914411 0.0261195 0
0.234485 -0.134549 0
0.13736 0.0721949 0
0.106267 -0.0513956 0
0.979356 0.00906452 0
0.645143 0.0939932 0
0.287528 -0.140221 0
0.117444 0.0558314 0
0.139224 0.0588642 0
0.201637 -0.130329 0
0.169402 0.0833216 0
0.695065 0.0532699 0
0.0436801 -0.0487657 0
0.0926156 -0.0731624 0
0.918802 0.0245516 0
0.958796 0.0184257 0
0.304933 -0.153661 0
0.918699 0.0333402 0
0.6729 0.0632104 0
0.141074 -0.114965 0
0.675861 0.0573916 0
0.262506 -0.116476 0
0.068696 -0.0825983 0
0.165107 -0.0613735 0
0.653341 0.0813416 0
0.160504 -0.0570683 0
0.157508 -0.0567992 0
0.164795 -0.071025 0
0.100391 -0.049987 0
0.0160934 -0.0371225 0
0.634817 0.100573 0
0.0258337 -0.0476972 0
0.0339653 -0.0415574 0
0.626658 0.110745 0
0.601131 0.113597 0
0.714124 0.0628517 0
0.198512 -0.0938063 0
0.712581 0.107343 0
0.316622 -0.172505 0
0.0448793 -0.0378259 0
0.980581 0.012211 0
0.115342 0.0599749 0
0.117606 -0.0909598 0
0.94284 0.0278298 0
0.119536 0.0697832 0
0.976506 0.0102432 0
0.612523 -0.217991 0
0.726553 0.0710258 0
0.737843 0.0899178 0
0.162193 0.0872725 0
0.214109 -0.0935636 0
0.258699 -0.180287 0
0.655097 0.0750659 0
0.182958 -0.0913117 0
0.951405 0.025554 0
0.960982 0.015757 0
0.168232 -0.0609994 0
0.972814 0.0190902 0
0.00807295 -0.0265121 0
0.927126 0.0283709 0
0.656263 0.0993923 0
0.0516042 -0.0649209 0
0.239378 -0.117046 0
0.0388055 -0.0394806 0
0.968325 0.0178132 0
0.151393 0.0983142 0
0.0196454 0.0441785 0
0.161691 -0.0773722 0
0.114405 -0.078884 0
0.675337 0.0707467 0
0.102951 -0.0530291 0
0.0827723 -0.0708062 0
0.0600633 -0.0596591 0
0.69579 0.0596093 0
0.130378 -0.0957468 0
0.716528 0.0947348 0
0.125946 0.0658281 0
0.17501 -0.0913613 0
0.103965 -0.0657711 0
0.689944 0.0556302 0
0.0470724 -0.0408266 0
0.0942878 -0.0494691 0
0.136392 0.0663467 0
0.217193 -0.129842 0
0.119752 0.0635452 0
0.961554 0.02466 0
0.26261 -0.131691 0
0.211844 -0.1036 0
0.723798 0.0783027 0
0.272181 -0.14372 0
0.145497 -0.100626 0
0.0720879 -0.0719509 0
0.162134 -0.0649083 0
0.137478 0.0556985 0
0.148235 -0.0561831 0
0.0429433 -0.0413536 0
0.919934 0.0206488 0
0.265998 -0.160168 0
0.677295 0.0518847 0
0.678653 0.0638055 0
0.181966 -0.127027 0
0.708195 0.0656575 0
0.206536 -0.0967689 0
0.15417 -0.0570083 0
0.170252 -0.0852321 0
0.614662 0.117702 0
0.661957 0.0781053 0
0.0514964 -0.0471194 0
0.975714 0.0150311 0
0.720095 0.073543 0
0.109417 -0.0513315 0
0.297764 -0.173901 0
0.225703 -0.11948 0
0.963498 0.0194559 0
0.668475 0.0963985 0
0.982137 0.00918586 0
0.135871 0.0791897 0
0.624309 0.100094 0
0.92331 0.0296449 0
0.688945 0.109607 0
0.0373078 -0.0452238 0
0.919704 0.0280564 0
0.653739 0.09039 0
0.190341 -0.0979592 0
0.0970659 -0.0495748 0
0.0647524 -0.0950203 0
0.645833 0.103792 0
0.159176 -0.0609069 0
0.948325 0.0285667 0
0.119625 0.0592557 0
0.11987 0.052575 0
0.725764 0.0876903 0
0.250714 -0.125913 0
0.916999 0.0219742 0
0.0133653 -0.0421196 0
0.169645 0.090046 0
0.285921 -0.157484 0
0.0160213 -0.0501435 0
0.0909292 -0.0510842 0
0.0765927 -0.0649614 0
0.704688 0.0924942 0
0.112359 -0.0551461 0
0.151227 -0.0592834 0
0.682147 0.0699859 0
0.0914428 -0.0643009 0
0.168064 -0.0958603 0
0.689479 0.0617307 0
0.142167 -0.0561262 0
0.123792 0.0600101 0
0.156146 -0.0652467 0
0.173564 -0.109297 0
0.106707 -0.0550183 0
0.682757 0.0571901 0
0.200503 -0.104826 0
0.715173 0.0807624 0
0.135067 0.0596345 0
0.690745 0.0970793 0
0.15486 -0.0607707 0
0.662421 0.0873162 0
0.158447 -0.0707352 0
0.16135 -0.0845551 0
0.0683187 -0.0617781 0
0.702625 0.0678243 0
0.254648 -0.142683 0
0.210832 -0.116134 0
0.685454 0.0493106 0
0.131745 0.0709483 0
0.159763 -0.103821 0
0.059451 -0.0515896 0
0.714688 0.0716418 0
0.133901 0.055584 0
0.178648 -0.148638 0
0.115291 -0.0689997 0
0.613917 0.134614 0
0.0989622 -0.0536829 0
0.0314477 -0.0460678 0
0.144941 -0.055978 0
0.0484161 -0.0438981 0
0.681608 0.123028 0
0.663667 0.106329 0
0.125672 -0.08189 0
0.00936502 -0.0564208 0
0.670077 0.078627 0
0.179857 -0.0989818 0
0.121451 0.0561296 0
0.139081 -0.0580532 0
0.0711912 -0.05328 0
0.694501 0.0841678 0
0.121696 -0.0523709 0
0.679196 0.0788771 0
0.085274 -0.0480431 0
0.110589 -0.0592597 0
0.127779 0.0543922 0
0.101755 -0.0580294 0
0.0833852 -0.0611247 0
0.129358 0.0588363 0
0.681432 0.0899829 0
0.704656 0.0810599 0
0.187236 -0.109253 0
0.0946256 -0.0530339 0
0.118569 -0.0524529 0
0.13736 -0.0851767 0
0.154788 -0.0768134 0
0.707592 0.0736493 0
0.152339 -0.0705698 0
0.115476 -0.0525181 0
0.696333 0.066537 0
0.147483 -0.0600887 0
0.124877 0.0562682 0
0.0885448 -0.0478943 0
0.68605 0.0526286 0
0.197182 -0.117425 0
0.684205 0.0639261 0
0.155596 -0.093134 0
0.67232 0.0862404 0
0.139168 0.0627804 0
0.0554547 -0.0486772 0
0.122692 -0.0712823 0
0.131702 0.0643188 0
0.054345 -0.0422725 0
0.0767122 -0.0453564 0
0.0819169 -0.0500027 0
0.124636 -0.0647509 0
0.121114 -0.0554007 0
0.0761558 -0.0577576 0
0.116899 -0.0561278 0
0.0897517 -0.0566044 0
0.0862413 -0.0519843 0
0.147064 -0.0789644 0
0.143448 -0.0597845 0
0.150863 -0.0642927 0
0.0607334 -0.0455084 0
0.153233 -0.084601 0
0.136443 -0.0547253 0
0.688948 0.0683924 0
0.124275 -0.0535313 0
0.692421 0.0748144 0
0.106584 -0.0606487 0
0.133016 -0.0739388 0
0.0571653 -0.0445804 0
0.699945 0.07481 0
0.0959601 -0.0584707 0
0.14775 -0.0885005 0
0.125643 0.0531135 0
0.686873 0.0805682 0
0.134935 -0.0585221 0
0.138453 -0.062217 0
0.0712732 -0.0442585 0
0.146534 -0.0695126 0
0.129909 -0.067226 0
0.115146 -0.061068 0
0.0770312 -0.050849 0
0.0812977 -0.0545142 0
0.130796 -0.0542448 0
0.0652465 -0.0426187 0
0.140336 -0.075795 0
0.146532 -0.0639243 0
0.0653214 -0.0475687 0
0.062098 -0.0420978 0
0.0798475 -0.0470978 0
0.110201 -0.0646041 0
0.0737359 -0.0448997 0
0.133377 -0.0554195 0
0.0977171 -0.0655192 0
0.0850028 -0.056191 0
0.125224 -0.057343 0
0.686356 0.0747584 0
0.130049 -0.0584087 0
0.0691375 -0.0482889 0
0.139805 -0.0702008 0
0.141902 -0.0654599 0
0.0651708 -0.053109 0
0.0731802 -0.0478221 0
0.133122 -0.0627545 0
0.12127 -0.0603474 0
0.108231 -0.0717801 0
0.100169 -0.073059 0
0.136034 -0.0669662 0
0.125984 -0.0607765 0
0.119866 -0.0658465 0
0.128743 -0.0630326 0
CELLS 11350 45400
3 5178 5070 5768
3 2034 2120 2327
3 2411 2518 2636
3 1339 1366 1378
3 2094 2202 2203
3 4352 4487 4632
3 2328 2424 2425
3 1493 1523 1572
3 4544 4895 5136
3 3214 3362 3523
3 5867 5940 6000
3 4838 4475 4982
3 1591 1571 1601
3 1559 1599 1745
3 4692 4858 5008
3 434 433 4904
3 2596 3468 3707
3 4496 4425 4678
3 3973 4165 4337
3 1771 4067 4243
3 3815 3840 4005
3 1341 1307 1375
3 1489 1559 1606
3 1467 1426 1503
3 4160 4080 4257
3 4350 4508 4649
3 5789 5825 5830
3 1106 1169 1249
3 2343 2272 2397
3 6035 5957 6064
3 1339 1378 1389
3 3240 3075 3449
3 5366 5200 5454
3 1858 1906 1952
3 4925 5045 5201
3 1874 1876 2116
3 4665 4705 5013
3 2020 2111 2300
3 4088 3823 4222
3 5284 5043 5896
3 4527 4478 5607
3 2162 2177 2272
3 5861 5869 5933
3 5271 5292 5529
3 5030 4703 5098
3 1935 2025 2168
3 2447 2491 3049
3 4794 4867 4891
3 3823 3974 4222
3 5445 3597 5502
3 1152 1162 1374
3 4509 4658 4896
3 1983 1998 2051
3 5926 5895 5936
3 2118 2033 2167
3 4812 4620 4840
3 2258 2401 2477
3 4612 4480 4943
3 1653 1630 1658
3 5310 5026 5448
3 2563 2609 2635
3 3977 3589 4172
3 1361 1353 1408
3 2516 2075 2716
3 2596 3181 3468
3 5544 5558 5662
3 1672 1640 1681
3 3101 3422 3526
3 4934 4882 5100
3 1005 954 1099
3 2207 2233 2322
3 5641 5514 5745
3 3978 4146 4333
3 2398 2507 2543
3 3187 3158 3278
3 5935 5885 5983
3 1205 1207 1242
3 5699 5580 5893
3 1278 1310 1373
3 2734 2476 2963
3 4332 4647 4966
3 1806 1773 1817
3 4407 4222 4539
3 3266 2902 3282
3 5440 5604 5654
3 967 921 1052
3 4832 4460 4915
3 4475 4659 4982
3 1382 1390 1443
3 1283 1307 1311
3 2186 2204 2390
3 3054 2743 3202
3 5460 5629 5656
3 1981 1980 2104
3 5957 6035 6045
3 432 431 5447
3 5468 5278 5640
3 4563 4127 4709
3 1318 1252 1336
3 5979 5929 6011
3 5340 5139 5479
3 4977 5135 5272
3 4733 4509 4896
3 3856 3671 3976
3 4266 4180 4437
3 3478 3455 3841
3 3229 3887 3888
3 5786 5847 5897
3 4457 5865 5962
3 2913 2749 3197
3 1225 1211 1261
3 1574 1597 1621
3 120 2372 5282
3 1459 1529 1533
3 4367 4044 4634
3 1503 1426 1520
3 6005 6036 6044
3 4052 3770 4196
3 5228 4900 5394
3 1205 1170 1207
3 1524 1515 1548
3 5689 5630 5755
3 2023 4946 5664
3 1615 1630 1653
3 5681 5885 5935
3 5565 5538 5870
3 5847 5786 5917
3 3819 3936 4228
3 2925 2790 2948
3 3679 3476 3992
3 3281 3621 3729
3 3511 3579 3620
3 5514 5617 5745
3 4679 4595 4785
3 2887 3030 3170
3 5797 5892 5962
3 4100 4714 4746
3 1374 1388 1452
3 5461 5259 5496
3 4000 4128 4456
3 5082 4800 5390
3 1409 1447 1466
3 4699 4881 5024
3 3561 3215 3716
3 1304 1353 1361
3 2002 1893 2060
3 2431 2511 2590
3 4840 4642 4984
3 1024 953 1103
3 2646 2782 2785
3 4766 4526 4908
3 2678 2861 2886
3 2283 2610 2639
3 2893 2783 3012
3 1315 1412 1414
3 1379 1389 1622
3 3264 3123 3456
3 5648 5564 5741
3 5119 4867 5313
3 4347 4112 4470
3 1640 1611 1651
3 3123 3380 3456
3 2497 2749 2783
3 4677 5179 5183
3 5506 5593 5665
3 5787 5901 5951
3 5839 5675 5913
3 5862 5930 5968
3 5426 5519 5633
3 1188 1126 1410
3 1549 1562 1576
3 3530 2363 4979
3 1388 1374 1433
3 4193 4019 4194
3 3779 3393 4253
3 5675 5537 5760
3 3378 3241 3454
3 3770 3959 4196
3 1515 1491 1548
3 5070 5178 5460
3 5689 5786 5868
3 4151 4439 4532
3 4611 4282 4786
3 2842 2624 2892
3 5581 5438 5720
3 3545 3598 3622
3 4660 4623 4710
3 3731 3790 3897
3 2101 2112 2170
3 1821 1787 1871
3 2260 2344 2398
3 1559 1536 1582
3 2260 2398 2543
3 2633 2818 3473
3 2263 2513 2773
3 3592 3538 3888
3 3840 3648 4005
3 3939 4300 4518
3 4488 4887 5285
3 5200 5378 5454
3 4120 4290 4481
3 5434 5298 5643
3 4488 4307 4833
3 2360 2343 2397
3 4537 4741 4837
3 4288 4115 4681
3 1928 2056 2235
3 3820 3561 4058
3 2507 2447 3049
3 5456 5037 5579
3 5940 5867 6003
3 1271 1216 1312
3 3480 3592 3717
3 5043 4658 5205
3 3902 3801 4174
3 2543 2643 2883
3 3379 3547 3833
3 4094 4130 4338
3 3074 3156 3362
3 3093 3091 3408
3 4333 4468 4708
3 4913 4938 5140
3 2684 2743 2946
3 1126 1321 1351
3 4308 4242 4339
3 1986 2003 2052
3 5983 5885 5996
3 2260 2143 2344
3 3803 3701 3983
3 3745 3716 4073
3 5742 5579 5804
3 4899 4683 5342
3 2906 2597 3102
3 5782 5857 5953
3 1057 1027 1078
3 1224 1174 1294
3 5674 5704 5819
3 865 927 968
3 1434 1468 1521
3 2961 2907 3117
3 4623 4531 4710
3 3104 137 3126
3 5554 5549 5964
3 6008 5985 6010
3 1429 1436 1454
3 2735 2657 2753
3 2484 2786 2788
3 843 857 899
3 3631 3424 3911
3 1768 1760 1801
3 3149 3219 3305
3 2385 2341 2755
3 1883 1951 2107
3 5661 5797 5905
3 4076 4187 4262
3 3970 3750 4359
3 1168 1205 1242
3 5286 5247 5958
3 3748 3876 3926
3 1531 1575 1620
3 3389 3562 3910
3 6017 6013 6027
3 3954 3819 4228
3 5585 5435 5920
3 4300 4341 4472
3 1329 1346 1437
3 5761 5587 5822
3 2599 2883 2957
3 4403 4605 4647
3 5139 5026 5310
3 3989 3743 4336
3 3452 3358 3453
3 2690 2713 2787
3 1329 1270 1333
3 5228 5409 5579
3 5334 5457 5458
3 4165 4348 4522
3 5564 5704 5741
3 433 2473 4904
3 5418 5565 5580
3 3609 3422 3812
3 2472 2682 2964
3 4101 4279 4452
3 1776 2171 2172
3 4914 4653 5297
3 4721 4474 5632
3 1533 1576 1611
3 1459 1505 1551
3 1379 1331 1389
3 1021 1015 1069
3 1606 1625 1636
3 4016 3797 4160
3 5005 4826 5006
3 1806 1857 2009
3 5880 5797 5962
3 2955 3026 3132
3 5670 5456 5742
3 2497 2386 2708
3 5796 5560 5858
3 3418 3623 3680
3 1949 1988 2181
3 5262 5655 5690
3 4120 4091 4185
3 5100 4882 5647
3 117 5613 5710
3 5050 5241 5538
3 1783 1735 1847
3 4882 5258 5476
3 3387 3379 3833
3 2641 2521 2785
3 3100 3196 3611
3 3212 5955 5980
3 5057 5356 5372
3 5827 5742 5859
3 1537 1572 1573
3 1651 1659 1681
3 1859 1927 2135
3 2253 2496 2568
3 3339 3170 3460
3 3743 3585 3820
3 1482 1467 1503
3 4857 4729 5049
3 4982 5139 5340
3 1412 1370 1414
3 5353 5037 5456
3 2924 2748 3185
3 2732 2574 2857
3 3339 3460 3823
3 2826 2827 3139
3 948 845 953
3 1935 1956 2025
3 2930 2794 2947
3 1189 1216 1271
3 1407 1329 1437
3 118 117 5710
3 2084 2047 2222
3 5 4283 4913
3 5252 3587 5495
3 1355 1296 1386
3 4308 4490 4533
3 1495 1434 1521
3 1628 1669 1701
3 1339 1261 1366
3 4001 3843 4002
3 1191 1211 1225
3 5859 5875 5986
3 2414 2497 2632
3 947 843 966
3 4813 4633 5023
3 3828 3053 4153
3 2957 2883 3043
3 1601 1660 1670
3 5278 4843 5279
3 5010 5117 5210
3 4633 4837 5023
3 5087 5168 5367
3 1608 1539 1637
3 4106 5 4913
3 2939 2961 3149
3 4289 4523 4613
3 1133 1174 1224
3 1939 2135 2145
3 1023 1084 1486
3 1572 1605 1682
3 2368 2477 2739
3 4708 4892 5393
3 2675 2881 2950
3 3926 4102 4429
3 1400 1352 1435
3 1283 1294 1307
3 5426 5633 5749
3 926 1015 1021
3 2009 2029 2576
3 5289 5267 5333
3 4942 5264 5294
3 785 921 967
3 4892 4468 5673
3 2739 2887 3050
3 4468 4146 4742
3 5672 5761 5833
3 5704 5674 5741
3 1315 1285 1412
3 4091 3767 4185
3 5582 5708 5834
3 3265 4736 4905
3 3094 3329 3343
3 3910 4012 4324
3 1803 1781 1859
3 4539 4720 5026
3 5965 5859 5986
3 4468 4742 4848
3 5554 5904 5963
3 4270 4454 4826
3 1152 1374 1452
3 2929 2805 2951
3 4526 4898 4908
3 4331 4285 4961
3 4287 4257 5122
3 4443 4270 4826
3 4804 4734 4935
3 5310 5448 5672
3 5565 5870 5898
3 4630 4525 4745
3 1524 1563 1961
3 3804 3052 5698
3 6023 5986 6040
3 4891 5119 5319
3 4476 4544 5136
3 3751 4116 4257
3 1674 1699 1717
3 3625 3918 5584
3 3523 3799 4056
3 2361 2164 2431
3 1022 950 1088
3 4511 4918 5527
3 2910 3271 4090
3 1702 1721 1797
3 4890 5069 5314
3 2911 3098 3224
3 1128 1069 1166
3 3106 2902 3266
3 2175 2053 2276
3 3170 3351 3570
3 4518 4761 4973
3 1099 1023 1486
3 3772 3855 5883
3 4843 5167 5279
3 1307 1316 1375
3 847 954 969
3 4770 4880 5101
3 5742 5804 5875
3 954 1023 1099
3 5661 5905 5960
3 1152 1084 1155
3 1576 1595 1651
3 5864 5931 5937
3 6013 5986 6027
3 3823 3460 3974
3 5421 5574 5772
3 3266 3492 3807
3 4754 466 6004
3 138 137 3104
3 2468 2406 2659
3 3544 3339 3653
3 4140 4291 4944
3 1621 1629 1852
3 4100 3987 4552
3 4112 3930 4284
3 4866 5075 5161
3 2133 2143 2247
3 1723 1769 1851
3 2114 2101 2394
3 4716 4996 5104
3 5105 4693 5363
3 3905 4092 4094
3 1956 1690 2240
3 1466 1493 1537
3 1208 1410 1413
3 3455 3593 3841
3 2590 2598 2657
3 1610 1601 1670
3 440 439 4700
3 1298 1315 1344
3 4481 4800 5082
3 1400 1435 1470
3 2263 2246 2513
3 4761 4518 4810
3 4596 4303 4736
3 1530 1539 1608
3 4569 4894 4931
3 5568 5258 5603
3 4811 4731 5220
3 3393 3219 3916
3 5620 5517 5722
3 1207 1276 1331
3 1283 1224 1294
3 4734 4860 4935
3 5253 5395 5506
3 5112 4853 5831
3 2915 2668 3099
3 4984 4866 5161
3 4403 4180 4605
3 4871 4907 5192
3 2473 432 5447
3 3292 3224 3442
3 1353 1304 1362
3 4693 5105 5534
3 5579 5681 5804
3 2646 2475 2782
3 1639 1628 1657
3 2814 2793 2907
3 1103 1057 1108
3 2283 2384 2610
3 466 4457 6004
3 4732 5248 5280
3 3615 3233 3624
3 4059 3779 4154
3 1278 1240 1310
3 5203 4890 5314
3 2145 2135 2352
3 5438 5581 5843
3 1316 1312 1375
3 5409 5394 5956
3 2389 2186 3363
3 5769 5782 5797
3 1923 2388 2512
3 6053 5971 6057
3 2955 2598 3026
3 5892 5782 6001
3 4405 4120 4481
3 2162 2064 2177
3 2611 2533 2791
3 4119 6050 6052
3 1478 1494 1506
3 5758 5688 5819
3 4297 5009 5027
3 4897 4326 4993
3 3054 3215 3450
3 1190 1176 1212
3 5272 5437 5630
3 921 923 964
3 3538 3229 3888
3 1434 1344 1468
3 4670 4605 4770
3 5037 5228 5579
3 1257 1273 1297
3 1499 1516 1540
3 5864 5937 5995
3 4705 5090 5372
3 2253 2156 2884
3 4180 4288 4637
3 1130 1120 1205
3 1248 1212 1273
3 5256 5405 5544
3 4896 5043 5284
3 5300 4891 5319
3 5298 5090 5643
3 5026 5188 5448
3 5924 5979 6009
3 5688 5784 5819
3 5567 5712 5772
3 5933 5969 5993
3 3323 3247 3451
3 2792 3013 3116
3 4894 5396 5850
3 4485 4446 4644
3 1859 1821 1927
3 3973 3757 4165
3 2362 2258 2368
3 1669 1638 1717
3 1769 1789 1808
3 3378 3454 3543
3 3214 3074 3362
3 2747 3100 3289
3 4880 4288 5360
3 3746 4075 4164
3 1410 1351 1413
3 1120 1170 1205
3 5100 5303 5321
3 966 970 1019
3 1851 1769 1883
3 1307 1294 1316
3 4228 4292 5190
3 4485 4682 5215
3 5379 5406 5552
3 5103 5272 5545
3 3445 3416 3845
3 4344 4105 4784
3 1770 1782 1805
3 2588 2514 2720
3 4286 4475 4838
3 5681 5409 5885
3 4280 4163 4405
3 2229 1927 2238
3 4100 4552 4714
3 3562 3747 4085
3 3078 3096 3635
3 4281 4465 4665
3 5621 5236 5723
3 5681 5935 5952
3 5275 5303 5647
3 121 120 5282
3 1175 1189 1271
3 5417 5571 5762
3 5412 5557 5769
3 4154 4423 4511
3 3634 3091 3814
3 1681 1690 2115
3 4180 4403 4437
3 4346 4110 4645
3 3234 3192 3285
3 3846 4053 4130
3 4532 4439 4831
3 3748 3926 3978
3 1276 1330 1365
3 1499 1540 1586
3 5883 4317 5937
3 4824 4638 4946
3 3224 3098 3377
3 5562 5640 5795
3 5986 5875 6027
3 4088 4222 4407
3 3215 3385 3716
3 3285 3193 3286
3 4701 4158 4827
3 5269 5471 5548
3 4682 4644 4817
3 5008 4858 5108
3 1021 1069 1128
3 159 158 3283
3 3732 3523 4056
3 5201 5045 5251
3 5706 5683 5770
3 2363 2895 4979
3 3653 3823 4088
3 3980 3902 4174
3 3492 3751 4080
3 5977 3212 5980
3 5955 5940 5980
3 5297 5403 5587
3 5233 5421 5676
3 2352 2229 2362
3 3276 3084 3678
3 2169 2150 2378
3 1664 1671 1704
3 1173 1201 1232
3 3597 5445 5594
3 4290 4488 5485
3 5262 5590 5655
3 4879 5312 5499
3 3740 3919 3924
3 3871 3756 4070
3 1670 1660 1692
3 4867 4830 5065
3 3858 3973 4190
3 5830 5825 5893
3 3783 3715 3940
3 3705 3879 4008
3 5675 5760 5913
3 903 925 960
3 4632 4487 4686
3 4092 3846 4130
3 2085 2045 2244
3 1257 1248 1273
3 1560 1615 1653
3 3567 3975 5950
3 2183 2291 2736
3 1129 1066 1244
3 4485 4644 4682
3 3273 3538 3592
3 1475 1491 1515
3 1581 1541 1607
3 4812 4840 4930
3 3936 3759 4059
3 3926 3876 4102
3 3810 3684 4048
3 3185 3539 3638
3 1959 1870 2053
3 4222 4384 5029
3 3650 3421 3984
3 4304 4536 4602
3 2029 2109 2149
3 1005 1105 1367
3 4271 4088 4407
3 5779 5853 6060
3 1637 1631 1674
3 3767 3695 3954
3 1648 1636 1720
3 4614 4323 4738
3 2488 2506 2810
3 5349 5237 5646
3 1168 1130 1205
3 4160 4287 4376
3 4257 4297 5117
3 4016 4376 4530
3 4535 4354 4717
3 1057 1126 1188
3 1523 1518 1542
3 1672 1718 1921
3 2186 2390 3363
3 1304 1320 1362
3 1629 1668 1696
3 3460 3570 3974
3 5989 5934 6015
3 5656 5572 5851
3 1227 1163 1317
3 3570 3821 4084
3 5202 4894 5850
3 3460 3170 3570
3 2549 2499 2712
3 1850 1730 1880
3 1352 1416 1435
3 1003 4034 4162
3 1271 1312 1316
3 3282 3432 3492
3 4542 4113 4708
3 903 868 925
3 2782 2475 3707
3 4660 4710 4912
3 4115 4363 4544
3 3715 3443 3809
3 2425 2424 2541
3 5712 5586 5785
3 3279 3278 3598
3 2395 2269 2475
3 5025 5074 5400
3 3394 104 5442
3 1611 1576 1651
3 1025 957 1061
3 2203 2202 2280
3 1394 1471 1508
3 2887 2622 3030
3 3424 3736 3911
3 2116 1954 2236
3 5418 5050 5538
3 2250 2020 2300
3 2275 2034 2327
3 6036 6005 6057
3 5797 5880 5905
3 3581 3740 3987
3 4599 4812 4885
3 3050 3170 3339
3 2792 2799 3013
3 2746 2792 2903
3 3951 4161 4434
3 1081 1012 1132
3 2339 2463 2470
3 169 168 2795
3 3098 3295 3377
3 4645 4829 4942
3 3954 4228 5020
3 4855 4834 4911
3 5474 5465 5602
3 1191 1166 1211
3 1054 1186 1246
3 5666 5606 5735
3 3638 3305 3779
3 1175 1134 1189
3 4105 4037 4178
3 4290 4185 4488
3 5000 4919 5316
3 1531 1494 1575
3 2521 2646 2785
3 3275 3517 3639
3 3561 3745 4256
3 1429 1342 1436
3 1221 1252 1318
3 3074 3048 3156
3 2167 2033 2294
3 4073 4103 4421
3 3216 3379 3387
3 1771 4313 4525
3 1190 1212 1248
3 5093 5393 5412
3 1187 1165 1223
3 3446 3481 4031
3 3555 3331 4022
3 5456 5579 5742
3 2558 2684 2789
3 5937 4317 5995
3 5024 4881 5143
3 1469 1513 1538
3 1563 1548 1574
3 4649 4508 4707
3 5231 5416 5951
3 5180 5074 5283
3 4724 4534 4725
3 3206 3252 3461
3 4115 4476 4681
3 3386 3619 3919
3 850 957 1025
3 1028 1066 1129
3 5158 5328 5423
3 5265 5292 5504
3 5455 5299 5534
3 3303 3448 3829
3 5043 5262 5823
3 3381 3206 3461
3 4917 5178 5768
3 5549 5554 5963
3 2493 2367 2630
3 3421 3775 3984
3 4257 5117 5122
3 4887 4488 5518
3 3695 3819 3954
3 5901 5231 5951
3 1336 1252 1383
3 1242 1207 1251
3 1727 1784 1818
3 1027 971 1078
3 5748 5676 5802
3 3240 3449 3630
3 3081 3241 3378
3 3826 3600 4036
3 3928 4804 4935
3 4645 4469 4829
3 5782 5846 5857
3 4042 3989 4181
3 5930 5935 5968
3 3553 3301 3646
3 1760 1719 1761
3 5331 5443 5720
3 1935 1848 1956
3 4005 4180 4266
3 3937 4147 4607
3 5670 5742 5827
3 2101 2282 2394
3 4878 5267 5289
3 5517 5266 5722
3 4448 4181 4628
3 5055 5304 5471
3 2785 2900 3156
3 3745 4108 4549
3 1477 1393 1516
3 1858 1952 2031
3 2120 2117 2327
3 2648 2589 2874
3 2635 2609 2765
3 5712 5703 5772
3 5448 5587 5761
3 1819 1806 1870
3 1173 1139 1201
3 5657 5491 5708
3 4460 4846 4915
3 2790 2652 2948
3 5051 5335 5434
3 3499 3354 3629
3 5474 5602 5741
3 2476 2745 2963
3 2051 1998 2154
3 4373 4171 4553
3 5063 5438 5589
3 3191 3383 3537
3 3203 3013 3204
3 3525 3317 3822
3 5153 5088 5312
3 5353 5456 5670
3 1874 1783 1876
3 899 959 1001
3 4488 4833 5518
3 5296 5252 5495
3 1690 2295 2360
3 4879 4817 5153
3 2469 2361 2569
3 858 810 898
3 3455 3534 3593
3 5437 5135 5836
3 1132 1163 1227
3 859 806 922
3 3743 3923 4651
3 3204 2910 4090
3 4969 4840 4984
3 4016 4241 4427
3 1805 1851 1856
3 3936 4059 4250
3 1079 1061 1116
3 2947 3112 3444
3 2439 3942 4166
3 2253 2568 3189
3 5946 5971 6056
3 2089 2064 2162
3 5297 5036 5403
3 4310 4679 4763
3 3374 3191 3537
3 1298 1259 1315
3 5662 5558 5709
3 3219 3117 3389
3 3897 3790 3920
3 1354 1297 1377
3 3827 3902 3980
3 5762 5571 5818
3 1857 1817 1918
3 4938 4913 5183
3 5625 5486 5744
3 1609 1572 1682
3 1203 1240 1278
3 5047 5673 5910
3 1816 1625 2130
3 4838 4982 5074
3 5683 5706 5787
3 1317 1260 1392
3 4659 5026 5139
3 1817 1820 1918
3 1430 1478 1506
3 863 817 948
3 2156 2304 2884
3 5454 5610 5688
3 4667 4891 5076
3 4273 4500 4998
3 4113 4333 4708
3 3551 3560 3730
3 849 950 1022
3 2475 2269 3914
3 4879 5153 5312
3 5827 5859 5965
3 5068 5299 5455
3 4921 5037 5353
3 4533 4490 4780
3 2322 2233 2392
3 1070 1165 1187
3 4057 4169 4171
3 204 203 3291
3 4544 4701 4895
3 860 812 999
3 3622 3778 3985
3 3012 2783 3199
3 1605 1523 1623
3 3613 3438 3764
3 5965 5986 6023
3 5339 5398 5497
3 4830 4515 5184
3 1690 1956 2115
3 953 1024 1100
3 1138 1176 1190
3 4893 4938 5747
3 3220 3132 3480
3 5661 5769 5797
3 862 814 947
3 4151 4532 4644
3 4117 4446 4485
3 5798 5552 6061
3 4647 4670 5397
3 3284 2930 3862
3 1620 1638 1669
3 2631 2389 3161
3 2057 2145 2721
3 4435 4228 5190
3 3888 3887 4000
3 3013 3203 3379
3 2657 2598 2750
3 1922 1880 2015
3 5876 5856 5924
3 2030 2164 2361
3 2836 2864 3045
3 3771 3806 4171
3 4128 4425 4496
3 1257 1297 1354
3 4746 4901 4923
3 4680 4697 5361
3 4837 4741 4844
3 1540 1554 1568
3 1718 1681 2115
3 5781 5833 5916
3 5552 5779 6061
3 6036 6006 6044
3 3660 3510 3868
3 2699 2757 2796
3 2455 2591 2723
3 5194 5247 5286
3 4509 4733 5004
3 1690 1659 2295
3 4185 3767 4307
3 5234 5412 5661
3 1771 4243 4313
3 4713 4900 5228
3 1086 1009 1130
3 4282 4486 4786
3 4664 4973 5304
3 3640 3759 3819
3 3883 3580 3996
3 5135 5284 5836
3 4736 4874 4905
3 225 224 4737
3 1009 1120 1130
3 4110 4280 4645
3 861 785 967
3 864 790 907
3 1275 1208 1306
3 4701 4917 5768
3 4469 4405 4834
3 4917 4485 5215
3 2623 2411 2636
3 2516 2716 2798
3 5234 5661 5816
3 3014 2807 3350
3 4205 4514 5007
3 3638 3779 4082
3 2176 2264 2455
3 1128 1166 1191
3 2639 2610 2763
3 1439 1409 1466
3 3147 3016 3297
3 4511 4641 4918
3 2177 2063 2284
3 4127 3768 4167
3 1025 1061 1079
3 5303 5315 5321
3 4855 5064 5599
3 3640 3398 3759
3 1262 1221 1318
3 4737 5014 5024
3 2886 2861 2932
3 844 918 952
3 3264 3456 3633
3 2303 2371 2740
3 4934 4585 5214
3 2251 5830 5893
3 4286 4271 4475
3 2784 2908 3112
3 4468 4848 5673
3 5412 5393 5482
3 5693 5621 5723
3 3620 3579 3769
3 2955 3132 3220
3 4180 3955 4288
3 2925 2948 3322
3 3930 4109 4284
3 3716 3742 4073
3 4168 4139 4231
3 1288 1296 1355
3 4337 4165 4522
3 921 823 923
3 1210 1228 1259
3 2748 2677 2939
3 5817 5727 5960
3 5438 5063 5919
3 1730 1669 2019
3 908 924 1010
3 2186 1996 2204
3 1209 1229 1255
3 5291 5218 5488
3 5874 5882 5921
3 3987 4100 4624
3 2504 2281 2645
3 4461 4649 4707
3 3797 4016 4427
3 2177 2284 2464
3 2946 3054 3304
3 5589 5438 5843
3 4972 4990 5319
3 3974 4084 4152
3 1928 2148 2316
3 5977 5980 5993
3 5090 4665 5643
3 4640 4662 4852
3 5241 5537 5675
3 5557 5482 5846
3 5046 4760 5138
3 4911 4481 5082
3 3968 4120 4163
3 1595 1562 2089
3 4112 4640 5166
3 6007 6034 6065
3 3913 3612 4096
3 1702 1630 1721
3 1499 1477 1516
3 3729 3621 3997
3 4716 5104 5302
3 5549 5417 5626
3 1927 1871 2127
3 2632 2783 2893
3 5046 5231 5901
3 843 813 857
3 4474 4530 4698
3 4578 4621 4814
3 866 823 921
3 5978 5863 6022
3 4103 4175 4281
3 1698 1735 1783
3 1401 1406 1451
3 814 843 947
3 2246 2057 2721
3 3610 3614 4004
3 1656 1625 1816
3 2857 2574 2933
3 3225 3399 3637
3 3219 3389 3706
3 2800 2920 3065
3 3254 3369 3486
3 3241 3395 3454
3 5121 5289 5364
3 2391 2514 2588
3 1270 1329 1372
3 1105 1099 1452
3 3217 3190 3321
3 2517 2376 2642
3 4449 4504 4839
3 5978 6026 6048
3 1435 1394 1508
3 1536 1457 1582
3 5697 5403 5904
3 3543 3454 3632
3 5227 5407 5553
3 2101 2170 2282
3 904 1012 1081
3 5049 5435 5585
3 3271 3180 3553
3 2168 2269 2395
3 3354 3583 3629
3 5311 5501 5505
3 4308 4339 4490
3 5271 5208 5504
3 5669 5454 5688
3 2135 2229 2352
3 4681 4878 5121
3 4901 4714 5194
3 3911 3928 4940
3 1121 1132 1227
3 4111 4003 4202
3 1054 952 1119
3 3923 3820 5004
3 4407 4539 4659
3 2178 2253 3189
3 1393 1429 1516
3 3748 3603 3876
3 5092 5293 5374
3 2569 2657 2735
3 5543 5227 5553
3 2900 3287 3907
3 4072 3909 4097
3 3856 3976 4188
3 3623 3418 3786
3 4108 4073 4421
3 2773 2924 3098
3 1019 970 1097
3 2910 2750 3180
3 3278 3158 3404
3 4338 4130 4497
3 5005 5006 5057
3 5471 5376 5548
3 3535 3275 3879
3 1296 1360 1411
3 2624 2842 3113
3 427 426 5373
3 2643 2619 3043
3 4452 4279 4480
3 3928 3911 4804
3 1299 1384 1387
3 1913 6039 6042
3 2172 2171 2302
3 2900 2782 3463
3 3044 3068 3290
3 1336 1383 1418
3 2914 2831 3254
3 4277 4518 4973
3 3575 3462 3810
3 1319 1262 1416
3 3205 3339 3544
3 817 845 948
3 1150 1054 1246
3 2258 2180 2401
3 4666 4978 5241
3 4800 4290 5485
3 4829 4855 5213
3 3450 3561 3820
3 2930 3444 3862
3 2807 3002 3110
3 3774 3993 4083
3 5861 5829 5869
3 5457 5334 5546
3 4193 4194 4382
3 3295 3185 3398
3 3618 3883 3996
3 1883 1808 1951
3 2982 3088 3365
3 2741 2472 2964
3 1421 4787 5028
3 1346 1391 1422
3 3955 4115 4288
3 1219 1266 1321
3 1538 1526 1565
3 4463 4713 5037
3 1658 1702 1726
3 5778 5767 5803
3 3634 3814 3967
3 5871 5917 5948
3 1797 1781 1803
3 6011 5929 6026
3 1574 1525 1597
3 5097 4951 5320
3 5786 5755 5948
3 4717 5063 5266
3 1379 1423 1478
3 2395 2475 2646
3 5301 5039 5417
3 5178 4917 5215
3 3885 3587 3938
3 4118 4478 4527
3 954 905 1023
3 4817 5016 5179
3 3937 3865 4001
3 5103 4783 5272
3 5937 5931 5997
3 2262 2386 2497
3 1726 1702 1780
3 1926 2107 2143
3 5403 5697 5822
3 4820 4599 4885
3 2371 2260 2543
3 2920 2882 3081
3 4262 4187 4315
3 2787 2713 2954
3 2788 2786 2918
3 3636 3585 3743
3 4923 4901 5039
3 3317 3405 3822
3 3351 3152 3527
3 5282 2372 5452
3 1586 1540 1676
3 2947 2784 3112
3 3215 3202 3385
3 4470 4112 5166
3 1163 1260 1317
3 3968 3568 4091
3 1513 1526 1538
3 6039 6016 6042
3 2391 2266 2514
3 3705 4008 4245
3 3423 3287 3886
3 2052 2003 2173
3 2882 2969 3081
3 5395 4855 5599
3 3272 3530 3728
3 5865 5880 5962
3 4563 4709 5012
3 2222 2047 2424
3 4577 4704 4719
3 2699 2566 2757
3 4039 1003 4162
3 5926 5936 5976
3 3592 3888 4086
3 4332 3932 4437
3 1123 1136 1160
3 2375 2362 2733
3 5461 5496 5638
3 5231 5138 5336
3 5340 5479 5490
3 4549 4683 4899
3 3953 3807 4080
3 1566 1631 1637
3 2367 2259 2478
3 4300 4135 4341
3 2800 3065 3738
3 4102 4042 4448
3 5073 4972 5319
3 1388 1433 1446
3 5591 5691 5767
3 5095 4940 5142
3 1873 1866 1907
3 1507 1456 1535
3 5262 5690 5823
3 5634 5542 5696
3 2415 2271 2678
3 3141 3028 3142
3 2403 2256 2517
3 5694 5637 5757
3 1121 1081 1132
3 848 926 1021
3 1727 1699 1784
3 5072 5121 5364
3 3331 3414 4022
3 1493 1447 1518
3 3398 3638 4082
3 1012 1026 1067
3 3205 3050 3339
3 5486 5644 5806
3 5933 5914 5969
3 3749 3891 4055
3 3203 3218 3547
3 5667 5545 5689
3 4185 4307 4488
3 5239 5411 5465
3 1563 1621 1916
3 3622 3598 3778
3 1423 1379 1622
3 3909 4094 4097
3 5064 4911 5375
3 5279 5127 5450
3 3104 3126 3298
3 3715 3809 3940
3 2269 2588 3914
3 5267 5136 5338
3 5857 5946 6056
3 237 236 3296
3 1539 1612 1637
3 5375 5324 5505
3 3220 3480 3717
3 1625 1745 2130
3 1374 1398 1433
3 5294 5264 5520
3 1210 1193 1228
3 4464 4453 4729
3 1028 1030 1066
3 848 787 926
3 5234 5093 5412
3 1293 1005 1367
3 5603 5699 5713
3 1084 1019 1155
3 1918 1930 2109
3 2783 2913 3199
3 2055 2030 2144
3 2513 2246 2721
3 4409 4462 4925
3 2015 1818 2056
3 139 138 2555
3 2133 1926 2143
3 1401 1350 1406
3 1701 1730 1850
3 1464 1469 1492
3 2949 2633 3473
3 2753 2657 2910
3 3365 3487 3604
3 5030 5098 5311
3 2996 2995 3011
3 4738 4323 4950
3 4451 4494 4531
3 5051 5434 5615
3 2383 2178 3189
3 4852 5219 5421
3 3808 3667 3829
3 4323 4516 4950
3 1772 1802 2235
3 1939 2057 2095
3 4491 4882 4934
3 2247 2260 2303
3 2598 2511 3026
3 4532 4831 5016
3 4442 4314 4745
3 3510 3628 3868
3 5774 5876 5946
3 2901 3055 3318
3 5682 5778 5891
3 1870 2009 2576
3 1221 1160 1252
3 1338 1427 1456
3 5427 5676 5748
3 3464 3304 3636
3 1650 1634 1700
3 3913 4096 4237
3 3343 3329 3515
3 3632 3564 3754
3 3707 2475 3914
3 4276 4474 4721
3 4831 4938 5183
3 4347 4470 4641
3 4693 4478 5362
3 3275 3639 3879
3 2402 2364 2474
3 1979 2035 2124
3 3636 3743 3989
3 4885 4812 4930
3 5971 6036 6057
3 1194 1221 1262
3 3467 3637 3641
3 1228 1285 1315
3 1427 1399 1446
3 3568 3695 3767
3 3892 3705 4245
3 5314 5265 5504
3 3648 3553 3906
3 5069 5265 5314
3 1430 1356 1478
3 4495 3772 5883
3 2753 2910 3204
3 3945 3575 3960
3 5869 5914 5933
3 442 441 4550
3 4637 4288 4880
3 1436 1415 1461
3 3065 3378 3724
3 5109 5330 5383
3 4354 4542 4856
3 966 843 970
3 3095 2800 3738
3 5972 5981 6029
3 1294 1217 1316
3 1612 1566 1637
3 5416 5336 5829
3 1085 1150 1171
3 4895 4701 5768
3 5241 4978 5537
3 3301 3396 3646
3 3161 2389 3363
3 5329 5158 5423
3 1431 1463 1502
3 5260 5291 5497
3 4658 4899 5205
3 5260 5218 5291
3 4522 4348 4728
3 2950 2881 3814
3 3936 4250 4292
3 5538 5675 5870
3 3754 3978 4333
3 4638 4711 4946
3 3673 4133 4345
3 1719 1664 1761
3 5598 5439 5642
3 1230 1249 1269
3 3124 3009 3883
3 3388 3641 3749
3 6001 5953 6016
3 4107 3932 4332
3 908 867 924
3 2901 2965 3267
3 2929 2951 3275
3 1389 1431 1622
3 952 1035 1119
3 5919 5063 5922
3 1457 1499 1582
3 2204 2305 2390
3 5337 5051 5615
3 5111 4941 5346
3 4869 4660 4912
3 3283 158 3727
3 3354 3549 3583
3 4147 4191 4420
3 1492 1469 1538
3 4297 4116 5389
3 1133 1071 1174
3 1577 1611 1640
3 5517 5620 5747
3 3452 3453 4434
3 1019 1097 1117
3 1087 1036 1243
3 1470 1435 1508
3 1352 1319 1416
3 3955 3906 4115
3 3480 3273 3592
3 5740 5582 5834
3 3386 3055 3619
3 5338 4895 5645
3 4911 5082 5375
3 2720 2514 2794
3 3706 3910 4109
3 5856 5798 5929
3 5153 4817 5179
3 5604 5593 5654
3 2957 3095 3273
3 1561 1531 1604
3 1508 1471 1585
3 4619 4653 4914
3 5211 5253 5264
3 2074 2516 2519
3 3185 2748 3539
3 2272 2177 2464
3 2179 2039 2299
3 1464 1433 1469
3 1805 1782 1851
3 1659 1595 2225
3 4570 4797 4903
3 1959 2053 2175
3 5058 5361 5440
3 3603 3465 3702
3 3876 4042 4102
3 122 121 4214
3 5206 5021 5295
3 3055 3267 3619
3 970 899 1097
3 2496 2253 2884
3 4159 3972 4248
3 4525 4313 4745
3 5634 5696 5715
3 5552 5773 5779
3 3117 3376 3389
3 2259 2469 2478
3 5971 6053 6056
3 5014 4699 5024
3 1104 1085 1171
3 4212 4349 4432
3 4719 4909 4927
3 953 1057 1103
3 3648 3955 4005
3 2641 2785 3048
3 5763 5594 5793
3 1561 1628 1639
3 5219 5031 5359
3 4671 4857 5508
3 5544 5405 5558
3 4467 4718 5031
3 1801 1770 2018
3 5667 5689 5794
3 5179 5016 5183
3 2241 2242 2644
3 3828 4153 4268
3 4662 5031 5219
3 5139 5310 5430
3 1560 1534 1615
3 3062 3012 3467
3 4933 5110 5381
3 4469 4834 4855
3 104 5275 5442
3 1331 1276 1365
3 2911 3224 3292
3 5009 4297 5132
3 3424 3631 3655
3 5761 5822 5860
3 1183 1209 1240
3 1134 1079 1189
3 1394 1396 1432
3 1664 1596 1671
3 1780 1803 2095
3 2477 2622 2887
3 5266 5063 5589
3 5218 4671 5508
3 2201 2283 2639
3 1013 952 1054
3 6023 6040 6054
3 4111 4451 4531
3 3671 3896 3976
3 1770 1761 1782
3 4514 4731 5007
3 3648 3906 3955
3 160 159 2983
3 5695 5552 5798
3 2305 2161 2367
3 811 791 918
3 4679 4785 4888
3 170 169 2205
3 1028 978 1030
3 4653 5036 5297
3 2723 2591 2891
3 5406 5670 5773
3 1785 1696 1796
3 1880 1730 2019
3 4731 4937 5220
3 1961 2064 2089
3 158 3274 3727
3 2299 2159 2403
3 5040 5419 5649
3 2677 2375 2888
3 2743 2594 2899
3 1083 1052 1131
3 4078 4112 4347
3 1518 1474 1542
3 5194 4902 5247
3 3808 3829 3988
3 5451 5274 5635
3 1437 1346 1485
3 4737 224 5014
3 2611 2791 2952
3 1063 1085 1104
3 2397 2272 2589
3 1534 1573 1615
3 1658 1630 1702
3 3454 3395 3564
3 1314 1340 1390
3 3399 3568 3968
3 4569 4332 4760
3 1209 1183 1229
3 1472 1395 1510
3 3301 3220 3396
3 3999 4225 4381
3 5234 5816 5922
3 4880 5325 5347
3 1850 1880 1922
3 1541 1583 1607
3 3747 4088 4271
3 5531 5046 5901
3 4182 4354 4535
3 2647 2509 2726
3 2271 2466 2522
3 4146 3926 4429
3 1529 1549 1576
3 4523 4289 4687
3 1803 1859 1939
3 5725 5724 5733
3 5802 5785 5906
3 972 929 1026
3 6008 6010 6059
3 3376 3205 3544
3 3736 3424 4247
3 3214 3523 3732
3 3609 3812 4010
3 1106 1083 1417
3 3476 3777 3992
3 1126 1078 1291
3 4794 4515 4867
3 2455 2264 2591
3 5086 5158 5329
3 3687 3735 3824
3 1174 1217 1294
3 2814 2907 2961
3 3291 203 3556
3 5943 5891 5967
3 4941 5111 5388
3 5283 5074 5340
3 4742 4921 5222
3 119 118 2372
3 812 811 844
3 5710 5613 5840
3 5986 6013 6040
3 2906 3102 3251
3 2161 2259 2367
3 814 813 843
3 2230 2266 2391
3 4515 4346 5184
3 5712 5785 5802
3 4534 4587 4725
3 813 789 857
3 3543 3632 3758
3 4894 4760 5046
3 2736 2490 2809
3 929 847 969
3 5773 5827 5853
3 1452 1099 1486
3 3821 3581 3987
3 2293 2383 2401
3 5744 5486 5806
3 1341 1382 1484
3 5278 5279 5414
3 4478 4693 5607
3 3287 3423 3907
3 5846 5774 5857
3 5396 5046 5531
3 2251 5752 5756
3 4173 4361 4976
3 2256 2376 2517
3 4720 4539 5029
3 4183 4055 4346
3 865 821 927
3 2594 2742 2899
3 4181 3989 4336
3 3676 398 5915
3 5861 5980 6003
3 2915 3099 3263
3 4904 2473 5059
3 1373 1409 1439
3 4445 4139 4551
3 5538 5241 5675
3 1781 1821 1859
3 2246 2263 3371
3 4856 5093 5966
3 3768 3634 3967
3 4729 5202 5351
3 5262 5205 5754
3 2238 2258 2362
3 1540 1568 1676
3 4425 4000 4535
3 4306 4104 4464
3 1342 1413 1436
3 2465 2502 2649
3 3874 3452 4434
3 2656 2516 2798
3 1252 1309 1383
3 1653 1658 1675
3 3797 3953 4160
3 2805 2851 2951
3 3117 2907 3376
3 3615 3624 4220
3 5352 5050 5418
3 1598 1560 1653
3 4626 4529 4798
3 4876 5386 5512
3 1034 1071 1133
3 1629 1597 1668
3 817 807 845
3 3724 3543 3887
3 4110 3931 4280
3 2876 2621 3335
3 4183 4515 4543
3 2269 2391 2588
3 5971 6009 6036
3 2769 2902 3106
3 2512 2388 2651
3 1525 1564 1597
3 1636 1656 1720
3 3901 4308 4533
3 5441 5376 5471
3 4070 3756 4364
3 2178 2156 2253
3 2492 2375 2677
3 2795 168 3200
3 4900 5103 5394
3 5853 5965 6002
3 3180 3301 3553
3 4112 4284 4640
3 2065 2055 2161
3 4908 4898 5113
3 3156 2900 3907
3 5696 5731 5826
3 2276 2053 2414
3 1567 1636 1648
3 4671 4464 4857
3 205 204 2198
3 3297 3016 3427
3 3646 3755 4063
3 4117 4485 4827
3 3803 3983 4246
3 2604 2310 2805
3 4542 4708 5093
3 2408 2276 2480
3 5899 5943 5999
3 5533 5337 5615
3 1082 1056 1111
3 4105 4178 4277
3 4517 4328 4614
3 3717 3798 4050
3 2492 2677 2748
3 5917 5786 5948
3 6053 6042 6056
3 4628 4336 4783
3 5792 5915 5969
3 5065 5294 5520
3 5063 4856 5966
3 1259 1228 1315
3 3395 3603 3748
3 2539 2474 2594
3 5657 5531 5706
3 5633 5572 5749
3 5854 5928 5974
3 4040 4269 4759
3 3928 4935 5142
3 1135 1070 1187
3 1717 1727 2019
3 2847 2761 2962
3 4281 4175 4465
3 4171 4169 4553
3 3267 3529 3643
3 4520 4805 4926
3 1657 1628 1701
3 4507 4853 5112
3 4918 5380 5527
3 1288 1355 1409
3 2961 3117 3149
3 3100 3611 3737
3 5812 5877 5944
3 5693 5723 5809
3 4504 4689 4883
3 2478 2469 2735
3 4109 4408 4467
3 1724 1773 1806
3 3604 3487 3682
3 6002 6023 6034
3 5293 5092 5399
3 2508 2683 2963
3 4042 4181 4448
3 4425 4535 4678
3 1415 1369 1450
3 5979 6011 6049
3 3930 3706 4109
3 5074 4982 5340
3 5503 5580 5603
3 4376 4489 5018
3 5031 5068 5359
3 2630 2367 2730
3 2939 2677 2961
3 1930 1918 1968
3 5778 5854 5967
3 2244 2045 2467
3 1603 1584 1618
3 5707 5808 5877
3 1029 1079 1134
3 5062 5076 5358
3 5572 5645 5851
3 1162 1155 1239
3 3388 3062 3641
3 5222 5353 5406
3 4918 4666 5050
3 5606 5250 5735
3 2920 3081 3378
3 1387 1384 1444
3 2587 2438 2650
3 2750 2955 3180
3 4916 4667 5076
3 2696 2484 2788
3 2397 2589 2648
3 1879 1959 2063
3 974 897 1247
3 5787 5706 5901
3 1579 1614 1643
3 3637 3399 3816
3 228 227 3972
3 1575 1608 1638
3 3378 3543 3724
3 1358 1299 1387
3 3790 3446 4031
3 4000 4182 4535
3 3747 3653 4088
3 4848 5222 5910
3 3891 3637 3931
3 229 228 3972
3 1260 1338 1392
3 3075 3334 3449
3 426 2023 5373
3 4905 4874 5159
3 2583 2793 2814
3 4781 4920 4974
3 3019 2773 3098
3 2862 2675 2950
3 4997 5003 5326
3 5361 5089 5466
3 2063 1959 2175
3 1012 972 1026
3 2371 2599 2740
3 2358 2201 2515
3 5782 5557 5846
3 3740 3386 3919
3 1573 1609 1615
3 2807 3110 3350
3 4839 4504 4883
3 4650 4553 4792
3 2180 2293 2401
3 4491 4674 4882
3 4271 4407 4475
3 6037 5979 6049
3 1119 1185 1290
3 5980 5933 5993
3 4829 4469 4855
3 2491 2618 2969
3 5309 5233 5427
3 845 971 1027
3 4303 4672 4736
3 1759 1772 1784
3 1638 1608 1683
3 1780 1797 1803
3 2498 2389 2631
3 5738 5724 5843
3 3544 3653 3747
3 2908 3062 3308
3 3575 3810 3960
3 1347 1317 1392
3 4544 4158 4701
3 3568 3503 3695
3 5093 5234 5966
3 5134 4852 5233
3 3950 4161 4816
3 5945 5987 6017
3 3956 4105 4344
3 5482 5774 5846
3 3034 2876 3335
3 3815 4005 4266
3 4648 4520 4926
3 1504 1534 1560
3 2566 2700 2757
3 2372 118 5710
3 2712 2499 2780
3 4942 4829 5211
3 2497 2708 2749
3 3336 3157 3426
3 5782 5953 6001
3 5299 4527 5607
3 1380 1401 1451
3 1955 1900 1957
3 5809 5891 5943
3 4920 4781 5009
3 1694 1658 1726
3 4919 4634 5608
3 2799 2753 3013
3 2175 2276 2408
3 4729 4931 5202
3 2474 2641 2742
3 1769 1808 1883
3 3990 3754 4113
3 3822 3405 4566
3 1436 1461 1517
3 1847 1801 1860
3 4789 4420 5381
3 3773 3989 4042
3 4810 4472 4916
3 4717 4856 5063
3 168 2820 3200
3 5430 5672 5716
3 5056 5239 5465
3 5025 4838 5074
3 5394 5545 5956
3 1344 1414 1468
3 3181 2930 3284
3 5145 5354 5446
3 5220 4937 5337
3 4817 4532 5016
3 5105 4869 5223
3 3798 4151 4446
3 3234 3285 3558
3 4907 4871 5254
3 4760 4966 5138
3 1819 1870 1959
3 4947 5155 5315
3 4118 4085 4271
3 3289 3100 3403
3 3564 3748 3978
3 4764 4580 4873
3 5882 5415 5921
3 2053 1870 2576
3 4989 4796 5115
3 2144 2361 2469
3 5434 5470 5615
3 5856 5929 5979
3 2819 2747 3289
3 2407 2402 2539
3 4165 3964 4348
3 3096 3434 3800
3 4912 5044 5223
3 3285 3286 3420
3 3164 3373 3663
3 2748 2939 3539
3 5280 5248 5468
3 2470 2463 2510
3 4439 4151 4456
3 3925 3563 4107
3 1084 1152 1486
3 3938 3587 5252
3 5424 5639 5731
3 4478 4838 5025
3 4117 4050 4446
3 3013 2753 3204
3 3982 4306 4540
3 1425 1456 1507
3 1214 1299 1358
3 2513 2653 2773
3 3303 3114 3322
3 5398 5260 5497
3 3527 3581 3821
3 1456 1427 1547
3 4429 4463 4742
3 4783 4977 5272
3 4720 4619 4914
3 4306 4671 4734
3 1461 1450 1490
3 4252 4011 4615
3 2242 2319 2644
3 1083 1131 1417
3 4152 4424 4459
3 4836 4849 4910
3 2682 2629 2964
3 4475 4407 4659
3 1527 1521 1545
3 5778 5803 5854
3 1938 2118 2167
3 3974 3570 4084
3 4472 4341 4543
3 3442 3640 3695
3 1669 1717 2019
3 1879 1819 1959
3 2295 2343 2360
3 973 908 1102
3 5488 5218 5508
3 4464 4729 4857
3 5290 5049 5432
3 4118 4286 4478
3 3445 3845 3872
3 4190 3973 4337
3 5981 5899 5999
3 5899 5554 5964
3 4292 4250 4404
3 4536 4304 5453
3 1723 1729 1769
3 2868 2904 4189
3 2939 3149 3305
3 2909 3086 3465
3 4940 3928 5142
3 4765 4570 5114
3 5676 5421 5703
3 1633 1676 1758
3 5336 5459 5576
3 5957 6002 6064
3 3274 3683 3727
3 5274 4876 5512
3 4641 4470 4666
3 5127 5306 5450
3 4111 4202 4451
3 417 416 4525
3 816 786 846
3 5745 5716 5833
3 2911 2482 3098
3 2738 2581 2801
3 5676 5703 5802
3 5470 5606 5615
3 4321 382 5216
3 1769 1729 1789
3 1054 1119 1186
3 238 237 2315
3 5292 5079 5529
3 1930 2057 2246
3 2412 2492 2513
3 4570 4903 5114
3 1773 1696 1785
3 1345 1380 1438
3 2169 2378 2409
3 5387 5145 5446
3 3641 3637 3891
3 3153 3056 3682
3 5730 3293 5785
3 3982 3833 4104
3 1628 1620 1669
3 2289 2447 2507
3 3563 3932 4107
3 3424 3216 4247
3 1540 1454 1554
3 897 861 967
3 4921 4463 5037
3 4380 4140 4944
3 2643 2507 3049
3 2908 2893 3012
3 2579 2580 2652
3 5407 5357 5526
3 1981 2104 2400
3 3444 3308 3617
3 1766 1791 1823
3 5374 5293 5530
3 961 1070 1135
3 2271 2522 2678
3 1254 1407 1437
3 2289 2157 2316
3 3451 3247 3601
3 19 810 858
3 3365 3088 3487
3 2293 2058 2383
3 21 806 859
3 3388 3749 3831
3 5264 5253 5461
3 2882 2491 2969
3 4512 4668 4723
3 3468 3284 3578
3 4253 4078 4347
3 3984 3775 4177
3 4059 4154 4250
3 23 785 861
3 1276 1225 1330
3 15 812 860
3 70 814 862
3 1380 1357 1401
3 6006 6036 6037
3 1614 1626 1673
3 2163 1746 2333
3 4350 4150 4426
3 5465 5411 5602
3 3055 2901 3267
3 2793 3050 3205
3 2270 2389 2498
3 3960 4048 4198
3 4828 4519 4996
3 815 788 905
3 2227 2183 2503
3 1107 1194 1262
3 1723 1714 1729
3 2720 2794 2930
3 3313 3818 4365
3 4491 4404 4674
3 4882 4674 5099
3 5417 5039 5571
3 4978 5309 5537
3 5421 5219 5574
3 1802 1772 1825
3 2491 2381 2526
3 5079 4860 5260
3 5815 5818 5902
3 1425 1338 1456
3 74 817 863
3 5929 5798 6048
3 2760 2488 2810
3 5582 5531 5657
3 3749 3641 3891
3 1857 1918 2109
3 5953 5857 6056
3 5767 5691 5803
3 4667 4543 4794
3 3315 3265 4905
3 2653 2492 2748
3 5188 5297 5587
3 2262 2149 2386
3 2044 1874 2116
3 5432 5585 5597
3 2610 2830 2934
3 5878 5940 5955
3 1169 1106 1417
3 6054 6033 6055
3 4297 5027 5210
3 3006 2824 3100
3 1876 1954 2116
3 4719 4704 4909
3 1677 1650 1700
3 3463 2782 3707
3 5550 5249 5591
3 2955 3220 3301
3 1802 1825 1865
3 3869 3991 4067
3 5308 5445 5502
3 6023 6054 6062
3 5753 5641 5781
3 3728 3530 4979
3 4461 4707 5006
3 3929 3749 4055
3 5121 4878 5289
3 2789 2946 3144
3 2907 3205 3376
3 3296 236 3554
3 5308 5080 5445
3 899 857 959
3 2164 2303 2431
3 5447 431 5489
3 1170 1225 1276
3 2622 2875 3030
3 5037 4713 5228
3 1562 1524 1961
3 2595 2727 2858
3 4309 4350 4426
3 5571 5286 5958
3 390 389 3597
3 4001 4002 4191
3 1124 1183 1240
3 5124 4909 5163
3 1527 1566 1612
3 5545 5630 5689
3 5415 5284 5896
3 3619 3643 4427
3 2016 1805 2017
3 1107 1262 1319
3 2967 2813 3109
3 4478 4286 4838
3 5269 5055 5471
3 2924 3185 3295
3 4011 4245 4433
3 4659 4539 5026
3 1561 1604 1628
3 3504 3704 5495
3 3932 4266 4437
3 4129 4040 4499
3 5804 5681 5875
3 2029 2009 2109
3 4474 4372 4530
3 1562 1961 2089
3 1297 1273 1349
3 3975 4123 5950
3 2583 2368 2739
3 390 3597 5763
3 4951 5171 5320
3 867 816 924
3 1193 1104 1228
3 5863 5978 6048
3 3945 3960 4198
3 1108 1208 1275
3 3649 3578 3795
3 6058 6034 6062
3 1040 1056 1082
3 2521 2395 2646
3 4012 3562 4085
3 2367 2478 2730
3 2281 2450 2645
3 4860 5218 5260
3 3916 3706 3930
3 4324 4118 4527
3 1724 1806 1819
3 1659 2225 2295
3 3625 3440 3693
3 3389 3376 3562
3 2518 2411 2554
3 1706 1689 1722
3 927 996 1009
3 1665 1648 1720
3 4164 4075 4351
3 3016 3188 3427
3 5590 5507 5655
3 5211 4829 5213
3 4878 5136 5267
3 2149 2109 3371
3 3755 4050 4995
3 77 790 864
3 1643 1673 1707
3 3642 3409 3710
3 4930 4685 5010
3 4336 4651 4783
3 2946 3304 3464
3 6001 6016 6024
3 2030 2017 2132
3 4488 5285 5485
3 5897 5780 5949
3 2746 2730 2792
3 2792 2478 2799
3 1427 1446 1464
3 3625 5584 5685
3 5066 4922 5125
3 4876 4770 5101
3 4139 3961 4231
3 1557 1531 1561
3 4653 4923 5301
3 1356 1379 1478
3 2058 2178 2383
3 5184 4942 5294
3 3201 2931 3264
3 4734 4671 4860
3 3736 4540 4804
3 2677 2888 2961
3 1411 1420 1474
3 3030 3152 3351
3 3974 4152 4384
3 2583 2739 2793
3 3695 3640 3819
3 1387 1444 1451
3 1676 1641 1758
3 5244 5572 5633
3 5336 5138 5459
3 1525 1544 1564
3 5425 5593 5604
3 5049 5351 5435
3 1517 1541 1554
3 4267 3980 4343
3 4104 4453 4464
3 4733 4896 5135
3 4230 3937 4607
3 3399 3375 3503
3 4590 4331 4961
3 1629 1696 1724
3 4558 4225 4719
3 3570 3351 3821
3 1421 5028 5080
3 5752 5702 5756
3 5661 5412 5769
3 4073 3742 4103
3 5860 5925 5939
3 4162 4034 4352
3 4404 4154 4511
3 3562 3544 3747
3 4432 4349 4557
3 3032 2837 3076
3 1226 1248 1257
3 2016 2030 2055
3 3816 3399 3968
3 5233 4852 5421
3 959 930 1024
3 5082 5324 5375
3 897 967 1011
3 3253 3342 5730
3 3977 4172 4379
3 2793 2739 3050
3 4827 4158 4995
3 849 928 950
3 4453 3925 4802
3 5794 5868 5949
3 1920 1805 2016
3 1126 1291 1321
3 5410 5247 5674
3 2796 2757 2922
3 3643 3807 3953
3 2184 2289 2344
3 4087 3832 5189
3 2903 3116 3216
3 5491 5624 5708
3 5463 5251 5472
3 1820 1780 2095
3 4844 4741 4955
3 5971 5946 6009
3 1962 1874 2044
3 5725 5589 5843
3 2511 2740 2781
3 4197 4298 4986
3 4860 4671 5218
3 2236 2270 2304
3 5062 4916 5076
3 1856 1926 2133
3 4696 4793 4924
3 2139 2059 2308
3 4183 4346 4515
3 1346 1333 1391
3 3005 3072 3255
3 844 811 918
3 4833 4585 5518
3 2154 2440 2811
3 3801 4025 4174
3 5470 5434 5643
3 5130 5074 5180
3 910 978 1028
3 4465 4344 4784
3 5444 5586 5712
3 5582 5657 5708
3 977 1031 1085
3 2061 1941 2179
3 5891 5778 5967
3 1641 1596 1664
3 2109 2246 3371
3 1649 1661 1678
3 3924 4241 4372
3 4540 4734 4804
3 4876 5101 5523
3 4941 5095 5346
3 3509 3944 4179
3 4484 4442 4745
3 1126 1351 1410
3 4293 4597 4694
3 1878 1822 1924
3 1450 1473 1490
3 2642 2376 2789
3 3304 3585 3636
3 1704 1723 1782
3 271 270 2520
3 4853 5055 5269
3 2888 2814 2961
3 2099 2105 2413
3 4103 4056 4175
3 918 791 997
3 3168 3044 3290
3 2599 2543 2883
3 1431 1378 1463
3 3114 2925 3322
3 4175 4344 4465
3 4490 4755 4922
3 1722 1762 1766
3 2560 2458 2561
3 5359 5462 5764
3 2623 2636 2790
3 1269 1249 1551
3 4857 5049 5290
3 2480 2276 2632
3 4553 4690 4792
3 5673 4848 5910
3 4214 121 5282
3 2414 2262 2497
3 5939 5925 5982
3 4894 5046 5396
3 5586 3253 5730
3 4918 5050 5352
3 4159 4248 4296
3 1580 1594 1614
3 1440 1472 1504
3 5461 5253 5650
3 5369 5251 5463
3 2399 2374 2584
3 1660 1643 1707
3 2336 2154 2811
3 5683 5867 6000
3 996 1040 1082
3 6052 6050 6063
3 4717 4354 4856
3 2305 2367 2493
3 1482 1341 1484
3 2767 2595 2901
3 4569 4760 4894
3 3631 3911 5189
3 4063 4158 4363
3 1333 1257 1354
3 2348 2290 2405
3 968 1009 1086
3 5035 5229 5528
3 3396 3717 4050
3 3252 3439 3461
3 4037 3795 4178
3 2926 2817 2936
3 1525 1455 1544
3 3839 4071 4176
3 2352 2375 2412
3 1382 1375 1403
3 899 1001 1097
3 3581 3386 3740
3 1608 1637 1683
3 3181 3284 3468
3 2196 2088 2312
3 5755 5882 5948
3 4682 4879 5628
3 849 808 928
3 4827 4485 4917
3 2270 2186 2389
3 5222 4921 5353
3 3216 3116 3379
3 2784 2480 2893
3 4709 4970 5012
3 2927 2746 3655
3 2907 2793 3205
3 3132 3079 3480
3 2965 3106 3529
3 4489 4685 5161
3 4698 5018 5330
3 3751 3681 3948
3 1783 1847 1876
3 2653 2748 2924
3 4507 4664 5055
3 3643 3797 4427
3 4109 3910 4408
3 4681 4476 4878
3 2057 1968 2095
3 1865 1882 1941
3 3758 3632 3990
3 3436 396 6028
3 1920 2055 2065
3 5356 5077 5372
3 5688 5610 5737
3 5805 5883 5937
3 1579 1580 1614
3 2513 2492 2653
3 5558 5686 5709
3 5982 5972 6025
3 5137 4964 5312
3 4272 3253 5586
3 2387 2270 2498
3 5213 4855 5395
3 2401 2383 2523
3 1549 1524 1562
3 6010 5926 6035
3 1384 1347 1479
3 1913 6042 6053
3 1920 2016 2055
3 4904 5059 5288
3 2515 2201 2639
3 3026 2781 3132
3 1297 1349 1592
3 3047 3123 3176
3 5885 5794 5996
3 1779 1819 1879
3 4473 4705 5077
3 4515 4830 4867
3 4618 440 4700
3 4174 4357 4537
3 2386 2149 3208
3 1137 1058 1219
3 1728 1787 1821
3 5626 5762 5911
3 5082 5116 5324
3 1120 1082 1170
3 3646 3396 3755
3 439 2898 4700
3 4363 4158 4544
3 1744 1790 1824
3 5396 5531 5582
3 1063 977 1085
3 4935 5079 5292
3 1965 2063 2177
3 2489 2241 2644
3 1332 1300 1345
3 1168 1242 1266
3 4848 4742 5222
3 967 1052 1083
3 3415 390 5763
3 5229 5522 5556
3 3669 3390 3750
3 4154 3779 4423
3 3563 3815 3932
3 2630 2746 2813
3 5980 5940 6003
3 4330 4576 5192
3 2059 2168 2308
3 4724 4725 4843
3 5811 5888 5942
3 2269 2025 2391
3 2173 2003 2584
3 5728 5776 5889
3 3385 3214 3732
3 4473 4421 4546
3 5576 5451 5634
3 4665 4872 5643
3 2769 2631 2902
3 3374 3537 3557
3 5247 5410 5958
3 5244 5511 5572
3 2491 2526 2618
3 4381 4225 4558
3 3258 3466 3631
3 5709 5791 5801
3 2626 2483 4556
3 4139 4295 4551
3 1395 1302 1439
3 4058 3561 4256
3 4509 4274 4658
3 3855 4317 5883
3 1673 1626 1706
3 924 949 1010
3 3105 2761 3107
3 3045 2864 3158
3 1694 1795 1796
3 2276 2414 2632
3 5055 4664 5304
3 5028 5041 5080
3 4653 4459 4746
3 5574 5359 5764
3 5967 5854 5974
3 5796 5858 5864
3 2831 2973 3369
3 3831 3749 3929
3 5708 5795 5834
3 1296 1255 1360
3 1523 1542 1567
3 2638 2520 2738
3 2132 1856 2133
3 1666 1627 1703
3 2451 2336 2811
3 4863 5109 5382
3 5516 5171 5541
3 3596 1002 3789
3 2394 2282 2565
3 5972 5941 5981
3 2984 2901 3318
3 1626 1642 1663
3 5270 5365 5525
3 5336 5576 5829
3 5036 5301 5963
3 4095 4375 4732
3 5414 5279 5450
3 4439 4496 4831
3 2361 2431 2590
3 1363 1395 1472
3 2715 2503 2736
3 1225 1261 1330
3 4580 4786 4873
3 5427 5233 5676
3 3832 3631 5189
3 5779 5773 5853
3 2727 2498 2858
3 2555 138 3104
3 5050 4666 5241
3 1822 1778 1877
3 2493 2630 2813
3 3425 3636 3989
3 5684 5780 5897
3 5875 5681 5952
3 4147 4420 4513
3 3768 3967 4167
3 4683 4473 4865
3 1415 1450 1461
3 3820 4058 5004
3 3578 3805 4201
3 5266 5589 5722
3 4666 4470 4978
3 1357 1303 1401
3 5506 5395 5593
3 5253 5213 5395
3 3190 3020 3321
3 5555 5598 5642
3 1532 1509 1579
3 4429 4102 4463
3 5039 5286 5571
3 1526 1504 1560
3 4942 5211 5264
3 4043 4061 4173
3 3776 4018 4613
3 4384 4619 4720
3 6016 5953 6042
3 2642 2789 3020
3 4927 4909 5124
3 3798 4086 4151
3 4664 4277 4973
3 5258 5099 5503
3 6005 6046 6057
3 5422 5374 5530
3 4501 4695 4727
3 3716 3385 3742
3 2715 2736 2809
3 2931 3123 3264
3 4107 4332 4569
3 4050 3798 4446
3 1928 1865 2061
3 3055 3386 3581
3 5943 5967 5999
3 25 823 866
3 3172 2909 3359
3 5016 4831 5183
3 3109 2927 3466
3 3020 3144 3321
3 3594 3825 3927
3 3758 3990 4182
3 5445 5232 5595
3 2621 3078 3335
3 4104 3925 4453
3 258 257 2936
3 1742 310 1872
3 4869 4912 5223
3 2362 2368 2583
3 5503 5418 5580
3 4050 4117 4995
3 1954 1860 2027
3 4517 4614 4738
3 3894 3663 3941
3 5277 5369 5463
3 1321 1369 1415
3 1568 1581 1596
3 3632 3754 3990
3 2797 2508 2963
3 2496 2595 2767
3 5535 5281 5658
3 2717 2559 2871
3 5247 5091 5475
3 272 271 2073
3 3798 3592 4086
3 1433 1398 1469
3 3563 3218 3815
3 5470 5250 5606
3 79 821 865
3 818 815 847
3 5176 5102 5535
3 2813 2927 3109
3 1053 907 1086
3 2398 2289 2507
3 5379 5222 5406
3 4715 4318 4744
3 3795 3939 4178
3 4075 4258 4351
3 1454 1436 1517
3 2983 159 3283
3 3799 3956 4175
3 3430 225 4737
3 5773 5670 5827
3 2713 2852 3115
3 5121 5072 5325
3 1185 1087 1243
3 3596 3789 4003
3 1171 1150 1246
3 5309 5427 5637
3 4166 3942 4224
3 4872 5250 5470
3 4685 4969 5161
3 4994 4655 5235
3 3501 3232 3567
3 2376 2558 2789
3 5857 5774 5946
3 5702 5575 5756
3 3290 3068 3455
3 3742 4056 4103
3 2427 2171 2428
3 4405 4481 4834
3 5076 5300 5493
3 1138 1059 1176
3 4902 4721 5091
3 1287 1264 1313
3 1123 1000 1136
3 1667 1633 1758
3 1239 1278 1302
3 2170 2338 2382
3 4915 4846 5042
3 2730 2478 2792
3 2735 2753 2799
3 4064 3889 4065
3 1880 1818 2015
3 2480 2632 2893
3 1187 1223 1232
3 1787 1767 1800
3 5320 5171 5516
3 5265 5142 5292
3 1349 1405 1424
3 3580 3947 3996
3 3925 4107 4802
3 4348 4579 4728
3 5410 5674 5819
3 5433 5269 5646
3 4492 4276 4721
3 4742 4463 4921
3 4083 3993 4101
3 4920 4694 4974
3 2121 1932 2314
3 5875 5952 5998
3 5825 5699 5893
3 4640 4284 4662
3 3866 3595 3970
3 1446 1433 1464
3 5076 4891 5300
3 3262 229 3972
3 5695 5798 5856
3 3972 227 4248
3 966 1019 1084
3 2145 2352 2412
3 1491 1525 1548
3 4105 4507 4784
3 5301 5417 5549
3 3647 3426 3806
3 5545 5667 5956
3 1429 1454 1516
3 5932 5970 6014
3 6002 5965 6023
3 2581 2654 2801
3 2963 2745 3171
3 4448 4628 4900
3 2895 3104 5399
3 3888 4000 4456
3 3931 4163 4280
3 2582 2617 2855
3 5084 4904 5288
3 1217 1271 1316
3 4121 3970 4359
3 5352 5418 5503
3 4277 4178 4518
3 4641 4666 4918
3 2247 2143 2260
3 1773 1795 1817
3 2528 2703 2802
3 2359 2193 2707
3 1123 1160 1221
3 1326 1251 1356
3 2033 2219 2410
3 4346 4645 5184
3 2589 2571 2874
3 2427 2428 2528
3 3523 3362 3721
3 1768 1801 1847
3 5134 5233 5309
3 3465 3217 3702
3 794 908 973
3 5104 5270 5302
3 2910 3180 3271
3 4662 4467 5031
3 1568 1596 1641
3 3405 3728 4566
3 1614 1594 1626
3 1721 1736 1797
3 2159 2256 2403
3 1490 1557 1583
3 5975 6006 6012
3 3821 3987 4624
3 1817 1726 1820
3 3287 3649 3886
3 2233 2347 2570
3 1694 1726 1795
3 1442 1377 1455
3 1310 1288 1409
3 2039 2159 2299
3 3702 3773 3876
3 3618 3124 3883
3 5981 5974 6029
3 1798 1794 2172
3 3627 3868 3952
3 6040 6033 6054
3 3916 3930 4078
3 1766 1762 1791
3 4311 4626 4798
3 3663 3458 3941
3 4291 4669 4944
3 5740 5435 5850
3 2045 2226 2460
3 3681 3832 4808
3 1230 1269 1483
3 1302 1373 1439
3 5427 5748 5757
3 2217 2213 2519
3 1696 1733 1796
3 3038 2777 3434
3 5558 5405 5577
3 2568 3031 3189
3 1795 1726 1817
3 2504 2645 2818
3 4059 3759 4082
3 1055 1022 1088
3 2971 2879 3190
3 2781 3079 3132
3 216 215 4602
3 2341 2215 3174
3 2205 169 2795
3 3448 3656 3829
3 5345 5465 5474
3 1031 1013 1085
3 1805 1856 2017
3 3827 3583 3902
3 1603 1618 1644
3 1348 1382 1403
3 4754 6004 6024
3 4877 4716 5302
3 1673 1706 1744
3 5925 5972 5982
3 413 412 3890
3 5127 4997 5326
3 1626 1594 1642
3 4694 4941 5388
3 5448 5188 5587
3 4136 3924 4276
3 3617 3388 3831
3 1024 1103 1156
3 4433 4008 5007
3 1724 1696 1773
3 4853 4507 5055
3 1784 1772 2235
3 3635 3096 3800
3 5853 5827 5965
3 1613 1640 1672
3 2366 2285 2892
3 1258 1239 1302
3 1534 1510 1573
3 2404 2040 2413
3 2154 2307 2440
3 5138 4966 5154
3 1882 1824 1993
3 1851 1883 1926
3 1345 1300 1380
3 4969 4984 5161
3 3779 4059 4082
3 3751 3948 4116
3 2569 2361 2590
3 1582 1499 1586
3 3090 3361 3421
3 2452 1923 2512
3 3619 3267 3643
3 1231 1290 1322
3 4355 4563 4656
3 4867 5065 5313
3 5205 5342 5754
3 1232 1264 1287
3 871 929 972
3 2073 271 2520
3 2275 2327 2726
3 3292 3442 3503
3 226 225 3430
3 1631 1670 1759
3 1998 2090 2307
3 5284 5415 5836
3 5899 5845 5943
3 1442 1455 1491
3 2198 204 3291
3 4116 3948 5389
3 3897 3920 4601
3 1729 1701 1789
3 4139 4168 4295
3 5572 5478 5645
3 6007 6002 6034
3 5097 5320 5547
3 1291 1219 1321
3 2749 2911 3197
3 3425 3321 3464
3 3395 3465 3603
3 2076 274 2452
3 4158 3755 4995
3 2412 2375 2492
3 4182 3990 4354
3 2315 237 3296
3 1761 1704 1782
3 5301 5549 5963
3 5306 5127 5326
3 4207 4319 4642
3 1745 1698 1814
3 4863 4698 5109
3 5345 4863 5382
3 1440 1363 1472
3 1119 1035 1185
3 1719 1760 1768
3 1996 1801 2136
3 3126 3253 3298
3 3740 4136 4552
3 5440 5361 5466
3 1735 1719 1768
3 3755 3396 4050
3 3108 2936 3160
3 4253 4347 4423
3 3157 3257 3426
3 4178 3939 4518
3 3932 3815 4266
3 1255 1334 1360
3 5824 5726 5880
3 1338 1308 1399
3 3960 3810 4048
3 4507 4277 4664
3 1770 1805 1920
3 5432 5049 5585
3 3258 3109 3466
3 2065 2161 2204
3 5939 5982 5988
3 3454 3564 3632
3 5594 5445 5595
3 1351 1321 1415
3 1526 1560 1598
3 1349 1324 1405
3 5255 5223 5305
3 2289 2316 2447
3 1585 1528 1617
3 2477 2523 2622
3 2262 2414 2576
3 4491 4934 5190
3 5703 5421 5772
3 5849 5565 5898
3 1474 1420 1489
3 2029 2149 2262
3 2035 2200 2201
3 1852 1879 1965
3 3918 1376 4038
3 1383 1309 1448
3 2628 2766 2802
3 1988 2153 2181
3 1856 1851 1926
3 4878 4476 5136
3 5695 5856 5876
3 4293 4694 4920
3 4300 4472 4810
3 2312 2364 2402
3 1215 1303 1357
3 1568 1554 1581
3 5036 4653 5301
3 4063 3755 4158
3 1356 1251 1379
3 1737 585 2342
3 3579 3824 3949
3 3382 3090 3421
3 3258 3631 3832
3 5105 5255 5534
3 4384 4720 5029
3 2657 2750 2910
3 1900 1826 1957
3 3141 3142 3256
3 1716 1655 2197
3 3939 4201 4300
3 787 869 926
3 4716 4828 4996
3 3985 3778 4170
3 5247 5475 5674
3 1252 1160 1309
3 3816 3968 4163
3 4934 5100 5321
3 4048 4141 4198
3 1865 1941 2061
3 4853 5269 5433
3 3086 2971 3190
3 844 952 1013
3 857 930 959
3 1226 1257 1333
3 3271 3648 3840
3 1277 1215 1357
3 1239 1203 1278
3 2869 2611 3195
3 3293 3063 3341
3 2742 3048 3074
3 5639 5583 5731
3 1055 1088 1110
3 4058 4256 4274
3 2503 2183 2736
3 1996 2136 2204
3 4289 4603 4687
3 5290 5432 5652
3 1641 1664 1719
3 4118 4271 4286
3 4161 3951 4431
3 5049 4729 5351
3 4629 4836 4910
3 1664 1704 1761
3 5061 4865 5516
3 905 998 1023
3 4055 4110 4346
3 2901 2595 2965
3 2693 2537 2786
3 4714 4492 5194
3 5957 5853 6002
3 4301 4724 4928
3 4634 4044 5569
3 4284 4467 4662
3 1426 1397 1458
3 1355 1386 1447
3 2220 2350 2722
3 3694 2137 3828
3 4011 4433 4615
3 5471 5304 5663
3 1736 1703 1781
3 5113 4898 5187
3 1860 1996 2027
3 818 847 929
3 416 1771 4525
3 5328 5510 5563
3 1173 1232 1287
3 5406 5353 5670
3 845 920 971
3 4796 5022 5115
3 4313 4691 4745
3 3568 3767 4091
3 1204 1106 1249
3 3432 3258 3681
3 4923 5039 5301
3 1638 1674 1717
3 3629 3583 3827
3 2871 2728 2971
3 1347 1392 1479
3 1160 1241 1309
3 1418 1476 1487
3 2588 2720 3720
3 1261 1311 1366
3 5603 5580 5699
3 922 974 1000
3 1548 1525 1574
3 3180 2955 3301
3 4136 4492 4714
3 898 965 1036
3 5829 5715 5869
3 997 1036 1087
3 4897 4993 5078
3 4685 4930 4969
3 5815 5762 5818
3 3523 3721 3799
3 1082 1111 1170
3 1994 2088 2196
3 5149 5025 5400
3 3585 3450 3820
3 4870 5128 5322
3 4882 5099 5258
3 4136 4276 4492
3 5109 4698 5330
3 3079 2957 3273
3 1318 1336 1396
3 1692 1732 1772
3 1866 1873 2054
3 1602 1570 1678
3 1320 1267 1362
3 4404 4511 5527
3 4885 4930 5010
3 2308 2395 2521
3 1514 1524 1549
3 2763 2610 2934
3 3217 3425 3702
3 2064 1965 2177
3 2381 2309 2526
3 4902 5091 5247
3 2092 2002 2359
3 1522 1569 1594
3 1671 1654 1680
3 2030 2132 2164
3 3197 2911 3292
3 1589 1584 1603
3 1994 1878 2088
3 1706 1722 1790
3 2102 1978 2223
3 173 172 3347
3 1231 1119 1290
3 4246 3983 4528
3 4605 4180 4637
3 1916 1965 2064
3 1386 1411 1474
3 843 899 970
3 4925 4462 5045
3 4147 4513 4607
3 3376 3544 3562
3 5821 5908 5938
3 2196 2312 2402
3 3697 2022 3804
3 5475 5474 5741
3 4713 4448 4900
3 5916 5860 5939
3 2408 2480 2711
3 1802 1865 1928
3 3109 3258 3432
3 1635 1678 1708
3 4084 3821 4624
3 3229 3538 3738
3 5430 5609 5631
3 2124 2035 2201
3 5907 5809 5943
3 1393 1306 1429
3 2148 2309 2381
3 2364 2139 2521
3 1874 1962 2007
3 4683 4865 5061
3 4720 4914 5188
3 3698 3495 4365
3 1240 1288 1310
3 4540 4306 4734
3 6060 5863 6061
3 3123 2931 3176
3 1098 1000 1123
3 947 966 1023
3 4854 4609 5165
3 2609 2877 2940
3 847 905 954
3 1707 1744 1786
3 4492 4721 4902
3 1217 1175 1271
3 1424 1438 1480
3 1568 1641 1676
3 1273 1324 1349
3 3285 3420 3558
3 1009 996 1082
3 2619 2800 3043
3 1394 1318 1396
3 4283 442 4550
3 1539 1530 1588
3 3929 4055 4183
3 3202 3214 3385
3 2595 2496 2727
3 5776 5852 5945
3 3564 3395 3748
3 4085 3747 4271
3 5257 5056 5465
3 3039 2880 3093
3 1626 1663 1689
3 5198 5386 5523
3 310 309 1872
3 4814 4621 4992
3 2402 2474 2539
3 1704 1671 1714
3 4500 4997 4998
3 4478 5025 5362
3 4865 5077 5547
3 1875 1962 2178
3 1328 1322 1359
3 1001 1065 1183
3 5446 5354 5524
3 2903 3216 3424
3 1439 1466 1510
3 953 845 1027
3 1506 1531 1557
3 1558 1613 1672
3 2477 2401 2523
3 5155 5224 5285
3 1036 1076 1194
3 2488 2252 2722
3 4313 4243 4340
3 2511 2303 2740
3 1201 1187 1232
3 1487 1558 1619
3 806 861 897
3 1626 1689 1706
3 2376 2337 2407
3 5265 5069 5346
3 3304 3054 3450
3 806 897 974
3 3012 3199 3467
3 2511 2781 3026
3 791 858 997
3 4550 4618 4700
3 2353 2244 2585
3 2743 2899 3202
3 2767 2901 2984
3 1624 1558 1672
3 1715 1734 1762
3 2995 2996 3479
3 1541 1490 1583
3 1420 1411 1445
3 2837 2989 3076
3 1284 1298 1368
3 5070 5645 5768
3 4658 4274 4899
3 5379 5552 5695
3 1875 1767 1881
3 4780 4490 4922
3 1756 1767 1787
3 3742 3732 4056
3 3832 4087 4808
3 1558 1624 1649
3 5657 5706 5770
3 953 1027 1057
3 3539 3305 3638
3 810 859 1153
3 4058 4274 4509
3 5407 5526 5578
3 2636 2564 2790
3 4594 4310 4763
3 5259 5461 5494
3 4113 3754 4333
3 4703 4763 5033
3 3105 3239 3337
3 862 947 998
3 1731 1778 1822
3 789 863 1100
3 1194 1123 1221
3 6004 5892 6024
3 2708 2386 3207
3 5924 5856 5979
3 2259 2144 2469
3 1699 1631 1759
3 1487 1543 1558
3 3795 3578 3939
3 3797 3643 3953
3 2017 1856 2132
3 1542 1489 1606
3 1928 2061 2148
3 2749 2482 2911
3 1570 1501 1619
3 3980 4174 4537
3 4937 5051 5337
3 4115 3906 4363
3 1281 1267 1320
3 2538 2493 2813
3 3308 3062 3388
3 3377 3398 3640
3 5706 5531 5901
3 4181 4336 4628
3 1471 1528 1585
3 3759 3398 4082
3 5552 5406 5773
3 5704 5758 5819
3 295 294 1977
3 4285 4676 4961
3 5785 3293 5918
3 1058 1086 1130
3 1108 1188 1208
3 807 864 1101
3 5441 5471 5663
3 1473 1506 1557
3 4715 4845 5035
3 1598 1653 1675
3 6050 6059 6063
3 4151 4086 4456
3 1399 1388 1446
3 5774 5047 5807
3 4264 4206 4319
3 2362 2583 2733
3 4274 4256 4549
3 5222 5379 5910
3 3931 3816 4163
3 294 293 2042
3 1774 1731 1822
3 1599 1667 1698
3 3027 3005 3103
3 1211 1283 1311
3 5386 4876 5523
3 1731 1705 1778
3 1770 1920 2018
3 3468 3578 3649
3 2855 3029 3133
3 3321 3144 3464
3 114 113 5756
3 6002 6007 6064
3 1229 1275 1334
3 1814 1783 1874
3 1629 1724 1779
3 1420 1457 1536
3 1522 1511 1546
3 5165 5306 5326
3 2176 2042 2224
3 1674 1631 1699
3 975 904 1081
3 5761 5860 5916
3 4679 4888 5033
3 4712 4922 5066
3 1870 1806 2009
3 5847 5684 5897
3 5700 5711 5759
3 1501 1552 1619
3 2110 1946 2349
3 2967 2902 3161
3 4499 4040 4759
3 1708 1661 1731
3 2230 1956 2240
3 1607 1639 1680
3 1230 1204 1249
3 1471 1432 1501
3 4307 3954 5020
3 4499 4933 5381
3 6013 6033 6040
3 3385 3732 3742
3 4531 4494 4710
3 1023 966 1084
3 1055 1110 1172
3 2212 2075 2516
3 2390 2493 3363
3 2583 2814 2888
3 2594 2474 2742
3 5206 5295 5481
3 3210 4229 4380
3 1088 1138 1190
3 4760 4332 4966
3 4343 3980 4537
3 4492 4902 5194
3 1596 1581 1654
3 3467 3225 3637
3 3352 3183 3353
3 1736 1781 1797
3 2965 2858 3106
3 1823 1878 1994
3 4003 3789 4032
3 4549 4108 4683
3 1017 1029 1134
3 5501 5375 5505
3 6034 6023 6062
3 3463 3468 3649
3 5358 5076 5493
3 3626 3475 3810
3 1368 1298 1404
3 4379 4172 4599
3 4763 4679 5033
3 1344 1315 1414
3 1567 1606 1636
3 1343 1318 1394
3 4292 4491 5190
3 5105 5223 5255
3 4306 4464 4671
3 1015 1034 1133
3 3908 3627 3952
3 6036 6009 6037
3 4963 4870 5044
3 1192 1179 1277
3 788 862 998
3 2491 2882 3049
3 3103 3005 3255
3 1284 1259 1298
3 4229 4192 4380
3 3808 3988 4264
3 4694 4597 4941
3 1924 2059 2139
3 5641 5745 5781
3 1305 1358 1406
3 5794 5689 5868
3 4858 5067 5108
3 3088 3347 3487
3 2329 2302 2462
3 5550 5591 5767
3 4019 4030 4194
3 1580 1522 1594
3 4360 3822 4566
3 1698 1783 1814
3 3859 4064 4236
3 1904 1836 2113
3 1495 1527 1578
3 3271 3553 3648
3 1266 1326 1369
3 1782 1723 1851
3 5124 5163 5245
3 2078 2196 2337
3 3547 3563 3833
3 1643 1614 1673
3 4175 3956 4344
3 1631 1610 1670
3 1421 5080 5308
3 2256 2223 2337
3 299 298 1890
3 5053 5274 5451
3 786 860 906
3 5613 5750 5840
3 4941 4597 5001
3 2720 2930 3720
3 4100 4424 4624
3 2867 2615 3177
3 931 910 1028
3 1331 1365 1389
3 1964 1872 2014
3 4023 3859 4236
3 4317 5950 5995
3 2655 2612 2724
3 5070 5656 5851
3 1447 1474 1518
3 921 964 1052
3 1501 1432 1552
3 4465 4784 5112
3 5116 5082 5390
3 919 844 1013
3 1124 1001 1183
3 4519 4792 4996
3 1627 1623 1648
3 1642 1617 1679
3 4506 4730 4787
3 3106 3266 3529
3 1624 1672 1921
3 4683 5061 5342
3 1808 1789 1922
3 2874 2711 2947
3 5640 5732 5795
3 3702 3425 3773
3 1599 1582 1633
3 4628 4783 5103
3 1363 1258 1395
3 2043 2232 2415
3 1699 1759 1784
3 1990 1966 2111
3 971 1058 1137
3 5394 5103 5545
3 2706 2532 3022
3 5095 5265 5346
3 3241 3172 3359
3 1136 1184 1230
3 2595 2858 2965
3 2619 2643 3049
3 5644 5766 5806
3 1962 2044 2156
3 5530 5444 5567
3 2238 2180 2258
3 3862 3617 4066
3 1601 1579 1643
3 4034 4121 4352
3 4670 4876 5053
3 1941 2039 2179
3 1139 1072 1201
3 4074 3858 4190
3 4900 4628 5103
3 1179 1215 1277
3 4354 4113 4542
3 3805 3862 4066
3 17 791 811
3 16 811 812
3 3590 3951 4434
3 1575 1530 1608
3 72 789 813
3 71 813 814
3 5323 5206 5481
3 4102 4448 4713
3 6038 4119 6052
3 2765 2940 3259
3 3717 3592 3798
3 1740 1849 1963
3 3964 4254 4348
3 2800 2619 2920
3 3373 3458 3663
3 3784 3917 3973
3 2474 2364 2641
3 1722 1689 1762
3 5697 5904 5941
3 1881 1816 2007
3 1778 1848 1935
3 1489 1536 1559
3 1203 1124 1240
3 3691 3428 3803
3 1528 1501 1602
3 1566 1610 1631
3 871 818 929
3 5616 5687 5780
3 1666 1703 1736
3 3939 3578 4201
3 3362 3156 3907
3 4655 4859 5235
3 5223 5044 5305
3 1104 1171 1228
3 5853 5957 6060
3 2284 2175 2408
3 1449 1425 1507
3 3578 3284 3805
3 3590 3453 3688
3 2519 2516 2656
3 4463 4102 4713
3 4288 4681 5360
3 5860 5822 5925
3 1041 1059 1138
3 4907 4627 5192
3 919 1013 1031
3 263 262 2862
3 4991 4814 4992
3 4055 3891 4110
3 3351 3527 3821
3 1243 1107 1319
3 1140 1063 1193
3 4228 4435 5020
3 3387 3833 3982
3 2010 1958 2062
3 1781 1728 1821
3 5482 5047 5774
3 791 18 858
3 810 20 859
3 75 807 817
3 806 22 861
3 2304 2387 2884
3 788 69 862
3 786 14 860
3 1501 1570 1602
3 1058 1053 1086
3 1474 1489 1542
3 3740 3924 4136
3 1779 1724 1819
3 5260 5398 5529
3 4865 4473 5077
3 4946 4711 5060
3 1800 1875 2058
3 789 73 863
3 1550 1497 1616
3 3778 4024 4170
3 4472 4667 4916
3 1354 1377 1442
3 6032 1913 6053
3 1519 1532 1555
3 1679 1635 1715
3 5088 2898 5195
3 2767 2984 3152
3 869 820 926
3 1993 1884 2102
3 2520 270 2738
3 1106 1204 1247
3 3543 3758 3887
3 1117 1203 1239
3 5818 5571 5890
3 1107 1036 1194
3 5837 5682 5891
3 2127 1960 2180
3 1715 1635 1734
3 1312 1216 1371
3 4301 4589 4724
3 4941 5001 5095
3 1207 1170 1276
3 847 815 905
3 4474 4863 5632
3 1418 1487 1552
3 2741 2964 3182
3 1254 1437 1459
3 1324 1332 1405
3 5219 5359 5574
3 3937 4001 4147
3 5793 5594 6000
3 4237 4096 4278
3 6046 6032 6057
3 790 865 968
3 4038 3981 5242
3 410 409 3612
3 4105 4277 4507
3 2984 3318 3527
3 3359 2909 3465
3 1489 1420 1536
3 1378 1366 1428
3 4458 4656 4849
3 5494 5461 5650
3 2136 2065 2204
3 3903 3594 3927
3 1440 1504 1513
3 4555 4697 4779
3 4555 4592 4697
3 3253 3073 3342
3 1359 1400 1441
3 1359 1441 1462
3 5065 4830 5294
3 1164 1193 1210
3 1270 1226 1333
3 4292 4404 4491
3 1017 984 1029
3 1818 1784 2235
3 5068 5455 5462
3 1634 1598 1675
3 2649 2502 2796
3 4665 4465 4872
3 1396 1336 1590
3 4521 4596 4736
3 1360 1393 1477
3 4041 3762 4445
3 2668 2850 3099
3 3282 3109 3432
3 2037 1977 2042
3 2539 2594 2684
3 1698 1667 1735
3 4890 4764 5069
3 807 76 864
3 5258 5503 5603
3 2162 2272 2343
3 2282 2170 2382
3 5586 5730 5785
3 5574 5771 5772
3 4543 4515 4794
3 1202 1108 1229
3 1184 1077 1204
3 2002 2060 2193
3 1790 1842 1884
3 2587 2650 2825
3 3462 1109 3661
3 2108 1938 2167
3 821 787 848
3 1822 1877 2059
3 1323 1353 1362
3 4276 3924 4372
3 1728 1665 1756
3 1847 1860 1876
3 5091 4721 5632
3 3990 4113 4354
3 3216 3387 4247
3 2936 257 3160
3 1036 965 1076
3 5313 5065 5365
3 4302 4528 4706
3 4056 3799 4175
3 1492 1538 1584
3 1011 1083 1106
3 2390 2305 2493
3 1632 1677 1700
3 5101 5120 5377
3 4423 4347 4641
3 2618 2771 2969
3 3784 3616 3917
3 2193 2508 2707
3 907 968 1086
3 4331 4065 4601
3 3814 3853 3967
3 4480 4864 4943
3 1350 1305 1406
3 1301 1363 1398
3 5250 5112 5831
3 868 782 925
3 241 240 3694
3 3744 4079 4193
3 5121 5325 5360
3 2161 2055 2259
3 3754 3564 3978
3 5430 5310 5672
3 3736 4247 4540
3 1932 2166 2314
3 1475 1442 1491
3 5091 5474 5475
3 906 999 1031
3 2954 2713 3115
3 2746 2903 3655
3 1786 1824 1882
3 4210 4007 4600
3 4706 4528 4823
3 6048 5798 6061
3 3651 3673 4345
3 3536 3509 4179
3 2523 2383 3031
3 1306 1342 1429
3 4835 4629 4910
3 2939 3305 3539
3 1229 1108 1275
3 5972 6021 6025
3 5609 5430 5716
3 3399 3503 3568
3 1343 1394 1435
3 4643 4099 4747
3 1445 1360 1477
3 259 258 2936
3 2498 2631 2769
3 1078 1137 1291
3 1566 1545 1610
3 1258 1302 1395
3 2296 2045 2460
3 5139 5430 5479
3 3425 3464 3636
3 1272 1295 1412
3 785 24 866
3 5705 5728 5889
3 4458 4355 4656
3 4863 5345 5474
3 1514 1422 1515
3 2768 2656 2798
3 1036 1107 1243
3 1424 1405 1438
3 68 788 815
3 1272 1292 1295
3 2364 2521 2641
3 870 910 931
3 5752 2251 5893
3 1538 1565 1618
3 1449 1480 1481
3 1161 1995 2032
3 13 786 816
3 5117 5010 5122
3 1924 1822 2059
3 2638 2738 2801
3 3800 3901 4533
3 2926 2936 3108
3 3041 3092 3107
3 3059 3034 3335
3 1402 1430 1473
3 1290 1319 1352
3 3630 3449 3834
3 2879 3020 3190
3 1535 1589 1603
3 1472 1510 1534
3 3799 3721 3956
3 5066 5125 5256
3 2294 2033 2410
3 5303 5100 5647
3 1455 1500 1544
3 1962 2156 2178
3 1735 1768 1847
3 1955 1957 2245
3 5683 5595 5770
3 5154 4966 5397
3 4029 2666 4189
3 3394 5568 5765
3 3597 5594 5763
3 1136 1000 1184
3 4248 3430 4296
3 1324 1286 1332
3 1660 1707 1732
3 2127 2180 2238
3 1249 1254 1551
3 3267 2965 3529
3 4319 4206 4512
3 2509 2647 2803
3 2116 2236 2304
3 1641 1719 1758
3 5567 5444 5712
3 4778 4788 4990
3 3007 2819 3289
3 1441 1470 1511
3 2441 2559 2717
3 1941 1882 1993
3 309 308 2014
3 1517 1461 1541
3 2392 2233 2570
3 2891 2925 2944
3 1912 1994 2078
3 3304 3450 3585
3 1151 1055 1172
3 1308 1293 1367
3 790 78 865
3 3887 3758 4000
3 1878 1924 2088
3 1529 1512 1549
3 1661 1705 1731
3 1644 1618 1650
3 2027 1996 2186
3 3605 3692 3772
3 1000 1077 1184
3 2208 2155 2449
3 2514 2648 2794
3 1951 2134 2184
3 3273 3095 3538
3 1635 1602 1678
3 1000 1098 1153
3 1030 1032 1139
3 2698 2487 2968
3 3750 3390 4074
3 5926 5976 6035
3 4472 4543 4667
3 4729 4453 4931
3 1265 1317 1347
3 1226 1110 1248
3 4293 3948 4597
3 4910 4849 5071
3 2773 2653 2924
3 1570 1649 1678
3 2219 2274 2530
3 2855 2617 3029
3 5912 5811 5942
3 923 849 1022
3 5067 5535 5658
3 1108 1057 1188
3 4888 4785 4985
3 191 190 4039
3 2761 2968 3107
3 5253 5506 5650
3 2223 2078 2337
3 1350 1401 1408
3 5136 4895 5338
3 1842 1912 1978
3 2750 2598 2955
3 1424 1480 1497
3 1386 1296 1411
3 1033 961 1135
3 311 310 1742
3 2088 2139 2312
3 1604 1531 1620
3 4474 4698 4863
3 2337 2196 2407
3 5864 5858 5931
3 1772 1732 1825
3 3085 3155 3246
3 5025 5149 5362
3 1360 1306 1393
3 1242 1251 1326
3 1496 1533 1611
3 5950 4123 5995
3 4715 4744 4845
3 4723 4668 4866
3 3197 3292 3375
3 3158 3159 3647
3 4066 3831 4135
3 3423 3721 3907
3 5974 5981 5999
3 3077 3289 3494
3 1142 1179 1192
3 5537 5637 5760
3 1890 1997 2120
3 435 434 4904
3 2344 2289 2398
3 1431 1539 1588
3 4748 4706 4875
3 3502 3315 4905
3 1558 1543 1613
3 3225 2913 3375
3 2228 2048 2301
3 1578 1527 1612
3 3727 3683 3838
3 3441 3525 3582
3 1404 1397 1426
3 1013 1054 1150
3 4689 4590 4961
3 1458 1434 1495
3 5252 5296 5618
3 1692 1660 1732
3 1732 1707 1786
3 2154 1998 2307
3 3444 3617 3862
3 4657 4904 5084
3 5053 4876 5274
3 2902 2967 3282
3 3067 3272 3405
3 1381 1426 1467
3 3824 3735 3995
3 2048 2125 2301
3 4682 4817 4879
3 1260 1220 1293
3 2559 2728 2871
3 5047 5482 5673
3 5320 4865 5547
3 4504 4413 4590
3 5528 5229 5556
3 1000 974 1077
3 3833 3925 4104
3 1519 1509 1532
3 4228 3936 4292
3 1509 1462 1511
3 4792 4690 4889
3 5951 5861 6003
3 1032 1072 1139
3 2611 2952 3195
3 1511 1522 1580
3 4922 4755 5125
3 5590 5262 5754
3 3091 2950 3814
3 6010 6035 6059
3 1367 1388 1399
3 3208 2149 3371
3 2027 2186 2236
3 2196 2402 2407
3 5696 5424 5731
3 4334 216 4602
3 2729 2481 2804
3 2139 2308 2521
3 5031 4718 5068
3 5592 5413 5618
3 5994 5975 6012
3 1462 1441 1511
3 1543 1577 1640
3 5520 5264 5638
3 4086 3888 4456
3 1209 1255 1288
3 2962 2761 3105
3 1579 1509 1580
3 1609 1682 1721
3 2604 2805 2929
3 4749 4556 4752
3 5304 5062 5663
3 4836 4458 4849
3 3948 4293 5389
3 3706 3389 3910
3 1279 1214 1358
3 1774 1822 1878
3 2903 2792 3116
3 1920 2065 2136
3 4120 4185 4290
3 782 822 850
3 4327 4562 4939
3 918 997 1087
3 2039 1993 2102
3 3948 3681 4808
3 4844 4955 5083
3 12 816 867
3 1569 1617 1642
3 5422 5567 5771
3 4119 6020 6050
3 4964 5084 5312
3 4341 4183 4543
3 4276 4372 4474
3 1401 1303 1408
3 904 783 972
3 2432 2311 2567
3 4131 4413 4504
3 6016 6039 6043
3 3434 2777 3690
3 4000 3758 4182
3 2148 2061 2309
3 4489 4376 4685
3 1555 1571 1591
3 5941 5554 5981
3 1422 1475 1515
3 4319 4512 4723
3 3121 3154 3248
3 971 1053 1058
3 1261 1211 1311
3 1523 1567 1623
3 1165 1125 1245
3 2842 3001 3244
3 5709 5686 5791
3 4642 4319 4723
3 2179 2299 2441
3 3297 3427 3658
3 1668 1632 1733
3 2412 2513 2721
3 4834 4481 4911
3 4731 4514 4937
3 5403 5036 5963
3 1295 1328 1359
3 1544 1587 1600
3 1450 1402 1473
3 5667 5794 5885
3 2292 2241 2489
3 4159 4296 4791
3 5044 4870 5322
3 3342 3125 5730
3 2822 2660 2966
3 3081 3172 3241
3 1164 1140 1193
3 4852 4662 5219
3 1427 1464 1547
3 3116 3013 3379
3 1183 1202 1229
3 1581 1607 1654
3 823 808 849
3 2271 2163 2333
3 1570 1619 1649
3 1665 1720 1756
3 1978 2078 2223
3 5539 5590 5671
3 2002 2193 2359
3 1260 1293 1308
3 1922 2015 2134
3 2250 2300 2682
3 1630 1609 1721
3 2180 1960 2293
3 5801 5791 5921
3 4744 4726 4845
3 1877 1935 2168
3 3396 3220 3717
3 1786 1744 1824
3 6013 5989 6033
3 1510 1466 1537
3 2552 2418 2869
3 2568 2496 2767
3 959 1024 1156
3 1623 1567 1648
3 1058 1168 1219
3 5080 5041 5232
3 4670 4770 4876
3 3839 3850 4071
3 1413 1351 1415
3 1103 1108 1202
3 1597 1632 1668
3 3769 3579 3949
3 1326 1356 1402
3 5845 5626 5911
3 4196 3959 4400
3 4225 4577 4719
3 2560 2561 3047
3 2957 3043 3095
3 4754 6016 6043
3 846 906 977
3 5463 5472 5600
3 2644 2319 2807
3 82 820 869
3 4988 5176 5535
3 3133 3349 3485
3 4066 4135 4201
3 1826 1845 1919
3 794 867 908
3 4574 4299 4991
3 971 920 1053
3 4887 5155 5285
3 864 907 1101
3 1298 1344 1397
3 1111 1191 1225
3 1172 1226 1270
3 1874 2007 2130
3 3144 2946 3464
3 1369 1402 1450
3 5134 4978 5166
3 950 1041 1138
3 1826 1919 1957
3 2673 2862 2880
3 2266 2397 2648
3 2986 2764 3358
3 1601 1643 1660
3 2621 2821 3078
3 3296 3554 4261
3 4325 4399 4482
3 3720 2596 3914
3 3547 3218 3563
3 275 274 2076
3 2025 2230 2391
3 1734 1708 1774
3 2407 2539 2558
3 1487 1476 1543
3 1884 1842 1978
3 2244 2467 2585
3 1069 1015 1133
3 2443 2366 2456
3 412 3608 3890
3 2089 2162 2225
3 1467 1482 1484
3 4609 4927 5165
3 1391 1442 1475
3 4761 5062 5304
3 4005 3955 4180
3 3649 3795 3886
3 1034 1038 1071
3 2107 2184 2344
3 2058 1875 2178
3 1514 1515 1524
3 3131 2974 3540
3 5093 4708 5393
3 1011 1106 1247
3 1459 1512 1529
3 5459 5451 5576
3 3108 3160 3226
3 998 947 1023
3 1236 1304 1361
3 1497 1550 1556
3 1634 1675 1757
3 1382 1443 1484
3 3318 3055 3581
3 4865 5320 5516
3 1251 1331 1379
3 5019 5035 5348
3 5142 4935 5292
3 858 898 997
3 1940 1964 2014
3 1722 1766 1842
3 1939 1859 2135
3 2295 2225 2343
3 926 976 1015
3 4155 4445 4450
3 4872 5112 5250
3 1594 1569 1642
3 2326 2146 2377
3 1157 2332 2373
3 5690 5801 5823
3 1596 1654 1671
3 3492 3681 3751
3 2482 3019 3098
3 5422 5530 5567
3 889 904 975
3 1749 1710 2108
3 1708 1731 1774
3 785 866 921
3 4103 4281 5013
3 1460 1519 1555
3 2371 2543 2599
3 2765 2609 2940
3 1792 1740 1963
3 2835 2663 3187
3 1557 1561 1583
3 4536 4334 4602
3 1967 1987 2131
3 2087 1967 2191
3 5688 5737 5784
3 2786 2537 3039
3 1177 1227 1265
3 2875 2622 3031
3 5724 5725 5843
3 870 797 910
3 3503 3442 3695
3 2537 2673 3039
3 1069 1133 1224
3 4101 3993 4196
3 1901 1804 2121
3 2312 2139 2364
3 5012 4970 5048
3 4459 4424 4746
3 904 972 1012
3 5391 5212 5392
3 4859 5238 5467
3 1689 1663 1715
3 3614 3950 4004
3 3949 3824 3995
3 4064 4065 4144
3 5423 5328 5563
3 1871 1800 1960
3 3062 3467 3641
3 2083 1974 2353
3 4351 4258 4561
3 2733 2583 2888
3 1494 1530 1575
3 4558 4719 4776
3 1619 1558 1649
3 5245 5163 5291
3 2104 2341 2400
3 1918 1820 1968
3 3643 3529 3807
3 6021 5972 6029
3 4284 4109 4467
3 1571 1579 1601
3 1309 1241 1483
3 3773 3425 3989
3 897 1011 1247
3 4461 4454 4649
3 1273 1212 1324
3 2660 2680 2885
3 2068 2079 2242
3 95 782 868
3 1704 1714 1723
3 1308 1367 1399
3 863 948 1100
3 1539 1502 1578
3 4067 3991 4243
3 2435 2310 2604
3 2469 2569 2735
3 808 872 928
3 2679 2614 3038
3 5755 5836 5882
3 5212 4987 5392
3 217 216 4334
3 2987 2972 3319
3 5079 5260 5529
3 1965 1879 2063
3 964 1022 1055
3 3030 2875 3152
3 1808 1922 1951
3 1732 1786 1825
3 1565 1634 1650
3 2781 2599 2957
3 1946 2194 2349
3 5095 5142 5265
3 2387 2498 2727
3 3028 2776 3142
3 1750 1693 2118
3 3244 3526 3609
3 3833 3563 3925
3 1460 1453 1519
3 3924 3919 4241
3 5922 5063 5966
3 1754 1688 2010
3 1067 1127 1220
3 1800 1767 1875
3 2487 2697 2762
3 1114 1214 1279
3 4379 4599 4820
3 3423 3886 4037
3 5138 5154 5459
3 1740 1793 1849
3 976 902 1015
3 5895 5788 5936
3 1206 1164 1233
3 208 207 3697
3 4978 5134 5309
3 1476 1496 1577
3 2514 2266 2648
3 2715 2809 3102
3 2201 2200 2283
3 2972 2988 3198
3 1030 911 1032
3 4802 4569 4931
3 2109 1930 2246
3 5128 4994 5235
3 3952 3868 3994
3 67 815 818
3 2318 2446 2525
3 3309 3320 3552
3 5720 5438 5814
3 3825 4015 4131
3 1383 1448 1496
3 1476 1383 1496
3 846 786 906
3 3036 2765 3481
3 3088 173 3347
3 1680 1657 1714
3 2405 2290 2732
3 3442 3377 3640
3 5549 5626 5964
3 2236 2186 2270
3 1951 1922 2134
3 2759 2923 3188
3 1454 1517 1554
3 4174 4025 4357
3 1471 1501 1528
3 1035 1087 1185
3 5874 5871 5948
3 819 868 903
3 2751 2982 3066
3 1734 1774 1791
3 5302 5270 5436
3 1564 1600 1632
3 5135 4896 5284
3 3753 3971 4125
3 3175 3171 3477
3 1349 1465 1592
3 2007 1816 2130
3 1787 1800 1871
3 3395 3359 3465
3 5550 5767 5778
3 948 953 1100
3 1268 1245 1289
3 5683 5787 5867
3 3898 3622 3985
3 2311 2321 2465
3 5925 5941 5972
3 3831 3929 4341
3 4421 4103 4546
3 873 794 973
3 2015 2056 2157
3 1960 1800 2058
3 2284 2408 2571
3 407 406 4529
3 4989 5115 5349
3 1073 1164 1206
3 5558 5577 5686
3 2909 2871 2971
3 3031 2383 3189
3 1395 1439 1510
3 3988 4206 4264
3 1233 1210 1284
3 80 787 821
3 1231 1322 1328
3 4711 4850 5060
3 3149 3117 3219
3 5479 5430 5631
3 5869 5826 5914
3 3202 2899 3214
3 1390 1340 1443
3 2899 3074 3214
3 3818 4327 4365
3 1473 1430 1506
3 1456 1547 1589
3 5868 5897 5949
3 2615 2958 3177
3 1977 294 2042
3 4912 4710 4963
3 4710 4494 4722
3 1425 1449 1479
3 978 911 1030
3 2652 2580 2806
3 4523 4218 4613
3 2134 2157 2184
3 2930 3181 3720
3 2771 2909 3172
3 3538 3095 3738
3 5201 5251 5369
3 2159 2102 2223
3 149 148 4231
3 1444 1384 1481
3 2042 293 2224
3 1480 1438 1481
3 2902 2631 3161
3 5792 3676 5915
3 872 784 928
3 1375 1312 1403
3 5713 5699 5825
3 2119 2043 2274
3 4700 4886 5179
3 1620 1575 1638
3 2742 2641 3048
3 2302 2461 2462
3 5653 5611 5759
3 3086 3217 3465
3 3919 3619 4427
3 4298 4663 4986
3 3072 3290 3478
3 1461 1490 1541
3 1872 309 2014
3 5715 5696 5826
3 3461 3439 3574
3 4528 3983 4823
3 783 871 972
3 1714 1657 1729
3 1884 1978 2102
3 4467 4408 4718
3 1860 1801 1996
3 1131 1052 1151
3 4999 4929 5160
3 1966 2067 2111
3 5726 5734 5848
3 1210 1259 1284
3 2025 1956 2230
3 1602 1635 1679
3 4247 3982 4540
3 1038 1016 1071
3 1298 1397 1404
3 2438 2578 2650
3 1299 1265 1347
3 4537 4357 4741
3 1700 1634 1757
3 5863 6048 6061
3 1077 974 1247
3 1545 1498 1591
3 1213 1300 1332
3 1112 1213 1286
3 4552 4136 4714
3 5861 5933 5980
3 4524 4278 4971
3 2037 2176 2325
3 5032 4769 5141
3 3739 3419 3896
3 2928 2822 2966
3 1599 1633 1667
3 4739 4801 4957
3 2532 2778 3022
3 1639 1657 1680
3 5243 5067 5658
3 3600 3642 3714
3 5576 5634 5715
3 4541 4726 4744
3 5001 4940 5095
3 4194 4330 4382
3 2908 3012 3062
3 2184 2157 2289
3 1790 1722 1842
3 5774 5807 5876
3 1034 986 1038
3 4350 4309 4508
3 2059 1877 2168
3 2830 3024 3151
3 5120 5101 5347
3 854 961 1033
3 5061 5516 5541
3 1635 1708 1734
3 1707 1673 1744
3 2517 2642 2879
3 1154 1125 1165
3 1852 1779 1879
3 3557 3537 3584
3 5626 5845 5964
3 2055 2144 2259
3 2439 2695 3942
3 3495 3313 4365
3 1520 1458 1553
3 1385 1359 1462
3 3982 4104 4306
3 2858 2769 3106
3 3419 3783 3896
3 2174 2399 2584
3 1448 1505 1533
3 925 850 1025
3 5560 5775 5858
3 4281 4665 5013
3 5061 5541 5671
3 5785 5799 5906
3 1836 2004 2113
3 2794 2874 2947
3 1163 1067 1220
3 5985 5990 6010
3 142 141 3530
3 1661 1624 1705
3 2144 2030 2361
3 5321 5315 5532
3 4015 3837 4023
3 4177 4355 4458
3 5290 5488 5508
3 2310 2301 2805
3 5822 5697 5925
3 2299 2403 2559
3 3633 3456 3836
3 4128 4439 4456
3 1110 1190 1248
3 3065 2920 3378
3 2502 2699 2796
3 1498 1460 1555
3 5017 4712 5066
3 1073 949 1140
3 4539 4222 5029
3 3133 3029 3349
3 2143 2107 2344
3 1462 1509 1519
3 1871 1960 2127
3 1814 1874 2130
3 1599 1698 1745
3 1370 1295 1453
3 2414 2053 2576
3 1512 1485 1514
3 5889 5776 5945
3 1746 1709 2333
3 3976 4137 4188
3 1235 1267 1281
3 1026 969 1127
3 4046 3986 4184
3 946 848 1040
3 1299 1347 1384
3 1565 1526 1598
3 984 903 1029
3 2274 2043 2415
3 5035 4845 5229
3 2849 2607 3194
3 980 915 1037
3 1527 1545 1566
3 5359 5068 5462
3 1329 1169 1372
3 3375 3292 3503
3 1048 1063 1140
3 2781 2957 3079
3 2263 3208 3371
3 17 18 791
3 1719 1735 1758
3 19 20 810
3 16 17 811
3 3600 3776 4036
3 21 22 806
3 15 16 812
3 1465 1424 1497
3 72 73 789
3 1059 1112 1176
3 71 72 813
3 70 71 814
3 68 69 788
3 13 14 786
3 23 24 785
3 26 808 823
3 4152 4084 4424
3 3009 3141 3883
3 1728 1756 1787
3 1674 1638 1683
3 1689 1715 1762
3 3969 4187 4260
3 2431 2303 2511
3 4081 3753 4125
3 5637 5427 5757
3 1890 298 1997
3 3125 3293 5730
3 1453 1385 1519
3 961 909 1020
3 960 925 1025
3 2157 2056 2316
3 1280 1236 1361
3 1306 1208 1342
3 3934 4200 4305
3 3482 3616 3784
3 5925 5697 5941
3 3056 3392 3682
3 98 797 870
3 1058 1130 1168
3 4201 4135 4300
3 1332 1345 1405
3 74 75 817
3 2146 2324 2579
3 1565 1598 1634
3 1137 1219 1291
3 845 807 920
3 2176 2224 2264
3 1535 1603 1616
3 3112 2908 3308
3 4621 4622 4815
3 1166 1069 1224
3 1222 1172 1270
3 1766 1823 1912
3 1171 1246 1272
3 898 810 965
3 2992 3027 3103
3 1554 1541 1581
3 5382 5109 5383
3 5576 5715 5829
3 75 76 807
3 4687 4603 4751
3 5453 4304 5627
3 1459 1437 1512
3 922 806 974
3 5716 5672 5833
3 1164 1210 1233
3 5818 5784 5902
3 3945 4198 4614
3 5318 5078 5624
3 2493 2538 3363
3 5501 5477 5654
3 5594 5595 5683
3 4274 4549 4899
3 4060 3963 4419
3 1397 1344 1434
3 2813 2967 3161
3 2478 2735 2799
3 1214 1177 1265
3 5102 5173 5535
3 4856 4542 5093
3 2728 2879 2971
3 5306 5165 5464
3 4179 3944 4371
3 4952 4953 5207
3 4566 3728 4743
3 3704 5296 5495
3 77 78 790
3 4242 3966 4339
3 18 19 858
3 4644 4532 4817
3 20 21 859
3 14 15 860
3 22 23 861
3 69 70 862
3 3750 4190 4359
3 6035 5976 6045
3 782 97 822
3 905 788 998
3 1116 1061 1167
3 3409 3642 3826
3 874 902 976
3 1744 1706 1790
3 1262 1318 1343
3 5799 5785 5918
3 787 81 869
3 2316 2381 2447
3 4336 3743 4651
3 2964 3136 3182
3 73 74 863
3 1491 1455 1525
3 1001 959 1065
3 3967 4062 4167
3 1510 1537 1573
3 4907 5254 5317
3 5845 5899 5964
3 2490 2689 2809
3 5195 5137 5312
3 2684 2594 2743
3 1060 1089 1113
3 5591 5453 5627
3 4897 4321 5216
3 5110 4933 5494
3 2558 2539 2684
3 1171 1272 1285
3 1745 1814 2130
3 1941 1993 2039
3 1726 1780 1820
3 129 128 3693
3 909 873 973
3 5188 4914 5297
3 1553 1495 1578
3 3876 3773 4042
3 174 173 3088
3 2088 1924 2139
3 1670 1692 1759
3 4990 4862 5319
3 1431 1502 1539
3 3933 3791 4039
3 1416 1343 1435
3 1539 1578 1612
3 2263 2773 3019
3 1663 1679 1715
3 76 77 864
3 5113 5187 5357
3 1302 1278 1373
3 5490 5479 5631
3 2952 3021 3082
3 4161 3874 4434
3 5626 5417 5762
3 428 427 5373
3 3293 3341 5918
3 2765 3259 3481
3 5727 5816 5960
3 1391 1354 1442
3 1954 2027 2236
3 3613 3764 3806
3 5867 5951 6003
3 1378 1428 1463
3 1600 1587 1646
3 932 975 1014
3 2711 2480 2784
3 2164 2132 2247
3 5914 5792 5969
3 1767 1656 1816
3 1616 1603 1646
3 3043 2800 3095
3 1627 1665 1703
3 909 973 1020
3 3971 4148 4302
3 2846 2669 3193
3 4875 4706 4936
3 2164 2247 2303
3 2464 2571 2589
3 1509 1511 1580
3 3281 3093 3408
3 1587 1616 1646
3 1076 1098 1123
3 3508 3236 3760
3 4493 4706 4823
3 4372 4016 4530
3 1010 949 1073
3 1428 1482 1503
3 1070 1020 1154
3 859 922 1153
3 4727 4695 4841
3 1321 1266 1369
3 1088 950 1138
3 3347 3153 3487
3 1189 1116 1216
3 924 846 949
3 4296 4505 4791
3 1060 1039 1089
3 5599 5501 5605
3 3429 3501 3855
3 3548 3609 3870
3 3760 3998 4234
3 1654 1607 1680
3 2673 263 2862
3 5110 4789 5381
3 2039 2102 2159
3 2106 2041 2351
3 2727 2496 2884
3 2952 3082 3195
3 1607 1583 1639
3 3020 2789 3144
3 1756 1656 1767
3 2266 2240 2360
3 927 821 946
3 1204 1077 1247
3 2863 2772 3168
3 480 479 5909
3 5581 5738 5843
3 1323 1263 1353
3 1288 1255 1296
3 1824 1790 1884
3 4012 4118 4324
3 2447 2381 2491
3 5317 5254 5644
3 5432 5597 5660
3 110 109 5900
3 1039 982 1089
3 381 380 4326
3 4161 4575 4816
3 985 1016 1038
3 4656 5011 5056
3 2309 2179 2441
3 1567 1542 1606
3 2067 2108 2167
3 3843 3851 4002
3 1359 1322 1400
3 2411 1250 2554
3 4517 4738 5197
3 5401 4919 5608
3 2909 2971 3086
3 5693 5809 5907
3 1727 1818 1880
3 876 911 978
3 4640 4852 5134
3 4361 4790 4976
3 769 768 4060
3 5053 5451 5459
3 1208 1188 1410
3 1255 1229 1334
3 1397 1434 1458
3 3734 3397 4260
3 3775 3729 3997
3 4653 4746 4923
3 1292 1231 1328
3 28 784 872
3 1186 1231 1292
3 1443 1467 1484
3 1511 1470 1546
3 1185 1243 1290
3 5658 5424 5696
3 1114 1068 1177
3 4137 3940 4393
3 4946 5244 5664
3 3918 4038 5242
3 4106 5140 5458
3 997 898 1036
3 874 799 902
3 857 789 930
3 1040 951 1056
3 3112 3308 3444
3 2159 2223 2256
3 5492 5592 5618
3 1073 1140 1164
3 1180 1234 1282
3 4207 4264 4319
3 875 819 903
3 5190 4934 5214
3 5255 5305 5455
3 1961 1916 2064
3 1504 1472 1534
3 4685 4287 5010
3 1097 1124 1203
3 4487 4782 4949
3 1125 1206 1245
3 922 1000 1153
3 1195 1114 1279
3 3891 3931 4110
3 5209 5106 5307
3 2309 2441 2526
3 1061 1129 1167
3 4912 4963 5044
3 1265 1227 1317
3 2818 3008 3473
3 1068 1014 1121
3 4761 4916 5062
3 1056 1128 1191
3 5748 5736 5757
3 5645 4895 5768
3 24 25 866
3 78 79 865
3 5019 4715 5035
3 5812 5707 5877
3 1212 1286 1324
3 1241 1230 1483
3 4698 4530 5018
3 4108 4473 4683
3 1240 1209 1288
3 848 951 1040
3 1325 1314 1390
3 964 923 1022
3 5852 5812 5944
3 4883 5086 5329
3 3466 2927 3655
3 1447 1386 1474
3 4924 4793 5087
3 5684 5616 5780
3 1916 1852 1965
3 66 818 871
3 67 68 815
3 4973 4761 5304
3 5998 5945 6017
3 1733 1700 1757
3 854 909 961
3 2155 2286 2449
3 1295 1359 1385
3 12 13 816
3 4764 4873 5069
3 1304 1282 1320
3 4735 4327 4939
3 3107 3092 3239
3 3791 191 4039
3 1358 1387 1406
3 4397 4322 4583
3 496 495 5961
3 4717 5266 5517
3 1223 1165 1268
3 842 982 1039
3 4143 4213 4572
3 4316 4501 4727
3 2817 259 2936
3 4872 5470 5643
3 1824 1884 1993
3 812 844 919
3 3481 3259 4031
3 1960 2058 2293
3 1272 1246 1292
3 5976 6022 6045
3 4684 4748 4875
3 4152 4459 4619
3 1802 1928 2235
3 2457 2318 2525
3 1494 1423 1530
3 1041 1037 1059
3 5726 5848 5880
3 1135 1187 1201
3 1014 975 1081
3 4007 4414 4600
3 2666 2868 4189
3 3956 4037 4105
3 3228 3502 3704
3 2784 2893 2908
3 1876 1860 1954
3 1220 1127 1293
3 1264 1223 1325
3 886 915 980
3 794 11 867
3 5993 3436 6028
3 2969 2771 3172
3 1479 1449 1481
3 2844 2670 3192
3 1569 1585 1617
3 4935 4860 5079
3 4576 4871 5192
3 846 977 1048
3 952 918 1035
3 5568 5718 5765
3 6063 6007 6065
3 2204 2161 2305
3 4146 4429 4742
3 1322 1290 1352
3 4783 4651 4977
3 2813 2746 2927
3 4656 4563 5012
3 2374 2399 2605
3 1181 1235 1281
3 1078 971 1137
3 5989 6015 6033
3 374 373 4587
3 2567 2465 2649
3 1180 1146 1234
3 5876 5924 5946
3 3018 2774 4500
3 2441 2299 2559
3 3621 3768 3997
3 3308 3388 3617
3 1544 1500 1587
3 936 935 979
3 1773 1785 1795
3 5554 5899 5981
3 5246 5507 5590
3 371 370 2774
3 4234 4318 4608
3 2933 2758 3270
3 5242 5439 5598
3 1330 1339 1365
3 3345 3281 3729
3 986 912 1038
3 1198 1236 1280
3 384 383 4506
3 1552 1432 1590
3 1301 1258 1363
3 79 80 821
3 3712 3760 4017
3 1085 1013 1150
3 985 979 1016
3 1463 1503 1520
3 4736 4672 4874
3 1097 1001 1124
3 913 933 981
3 822 97 870
3 2376 2407 2558
3 819 94 868
3 1170 1111 1225
3 1342 1208 1413
3 4770 4637 4880
3 4730 4897 5318
3 1178 1263 1323
3 4621 4815 4992
3 5205 4899 5342
3 1165 1245 1268
3 1737 2342 2428
3 949 1048 1140
3 1490 1473 1557
3 4311 3384 4626
3 3435 241 3694
3 4130 4392 4547
3 3121 3248 3333
3 964 1055 1151
3 2061 2179 2309
3 5133 5329 5507
3 889 783 904
3 1290 1243 1319
3 2904 3999 4189
3 2304 2270 2387
3 2105 2346 2413
3 5890 5571 5958
3 2156 2116 2304
3 4473 4546 4705
3 5108 5067 5243
3 1333 1354 1391
3 1066 1173 1244
3 2440 2600 2811
3 932 835 975
3 3829 3656 3988
3 816 846 924
3 4032 3782 4202
3 5836 5415 5882
3 308 1869 2014
3 1759 1692 1772
3 5713 3576 5718
3 1125 1073 1206
3 3201 3264 3373
3 5416 5861 5951
3 1161 2032 2158
3 3113 2842 3244
3 1535 1456 1589
3 5414 5450 5597
3 4988 3577 5176
3 2410 2219 2530
3 368 367 2626
3 3052 3792 5719
3 266 265 2693
3 1703 1665 1728
3 5351 5202 5435
3 1067 1026 1127
3 5248 5118 5278
3 1644 1600 1646
3 977 906 1031
3 4018 4289 4613
3 3011 2341 3174
3 1162 1258 1301
3 1353 1350 1408
3 4728 4579 4915
3 3337 3239 3419
3 3624 3957 4220
3 281 280 2213
3 5077 4705 5372
3 1632 1600 1677
3 2234 2026 2313
3 3631 3466 3655
3 539 538 3687
3 268 267 2696
3 279 278 2212
3 249 248 3664
3 4784 4507 5112
3 5977 5993 6028
3 1432 1396 1590
3 1703 1728 1781
3 563 562 2563
3 3639 3811 3879
3 409 3384 3612
3 264 263 2673
3 808 27 872
3 25 26 823
3 277 276 2211
3 542 541 3511
3 1480 1507 1652
3 5575 114 5756
3 5106 4790 5230
3 4147 4001 4191
3 239 238 2315
3 987 981 1032
3 530 529 3508
3 3880 3723 3881
3 5348 5528 5619
3 232 231 3495
3 2658 2681 2791
3 2613 2528 2802
3 1600 1644 1677
3 1930 1968 2057
3 934 932 983
3 3998 3236 4186
3 4318 3998 4583
3 1398 1363 1440
3 3920 4285 4601
3 1223 1268 1325
3 4003 4032 4202
3 251 250 3491
3 2036 1798 2172
3 3485 3703 3847
3 1411 1360 1445
3 2453 2281 2504
3 1978 1912 2078
3 556 555 2706
3 242 241 3435
3 1346 1422 1485
3 3238 2949 3473
3 1875 1881 1962
3 1334 1306 1360
3 669 668 1914
3 234 233 3496
3 1757 1694 1796
3 579 578 2863
3 5783 5744 5806
3 6033 6015 6041
3 1110 1088 1190
3 822 870 931
3 5114 4903 5273
3 4652 4316 4727
3 1116 1167 1216
3 4072 4097 4251
3 639 638 2100
3 273 272 2073
3 981 1033 1072
3 798 873 909
3 2625 2866 4749
3 1995 1953 2032
3 3218 3203 4090
3 3864 3713 4251
3 260 259 2817
3 2350 2506 2722
3 5593 5605 5654
3 3140 2945 3505
3 983 932 1014
3 5039 4901 5286
3 1441 1400 1470
3 5753 5781 5832
3 302 301 1839
3 5703 5712 5802
3 4155 4041 4445
3 2637 2385 2755
3 420 419 4442
3 4278 4767 4971
3 454 453 5331
3 5619 5616 5684
3 4424 4100 4746
3 2498 2769 2858
3 300 299 1890
3 1809 1742 1872
3 1437 1485 1512
3 296 295 1977
3 5511 5478 5572
3 4787 4730 5028
3 661 660 2106
3 1157 2524 2681
3 1117 1097 1203
3 3721 3423 3956
3 2306 2317 2457
3 1381 1404 1426
3 96 97 782
3 95 96 782
3 80 81 787
3 5435 5202 5850
3 286 285 2324
3 2385 2273 2400
3 84 799 874
3 3349 3546 3703
3 2213 2074 2519
3 2801 2654 2981
3 928 980 1041
3 4444 4177 4458
3 588 587 1794
3 5545 5272 5630
3 3841 3593 4023
3 3241 3359 3395
3 247 246 3602
3 965 810 1153
3 3637 3816 3931
3 1314 1289 1327
3 4078 3930 4112
3 3367 3175 3477
3 448 447 3213
3 4752 4854 5003
3 4976 5106 5209
3 1161 2158 2317
3 403 402 5173
3 2533 2658 2791
3 3681 3258 3832
3 1006 983 1068
3 206 205 2198
3 3329 3303 3667
3 784 886 980
3 1842 1766 1912
3 2802 2766 3005
3 3217 3321 3425
3 5845 5790 5907
3 209 208 3437
3 1263 1350 1353
3 5805 4495 5883
3 2240 1690 2360
3 199 198 3502
3 2483 4389 4556
3 1865 1825 1882
3 5735 5250 5831
3 1678 1661 1708
3 3462 3661 3810
3 1166 1224 1283
3 4302 4706 4748
3 361 360 2868
3 2374 2173 2584
3 201 200 3504
3 66 67 818
3 1657 1701 1729
3 3703 3903 4051
3 422 421 4643
3 5098 5344 5477
3 115 114 5575
3 4606 4301 4928
3 2404 2413 2527
3 393 392 5955
3 2771 2717 2871
3 2944 2925 3114
3 1268 1314 1325
3 3188 3382 3650
3 2050 1981 2400
3 906 860 999
3 5987 5944 5989
3 2018 1920 2136
3 907 1053 1101
3 4731 4433 5007
3 3143 2994 3533
3 854 798 909
3 1059 1090 1112
3 1458 1495 1553
3 3604 3682 3871
3 876 800 911
3 2272 2464 2589
3 1263 1218 1305
3 10 794 873
3 3110 3299 3350
3 1286 1213 1332
3 2479 4168 4231
3 1186 1119 1231
3 1142 1060 1179
3 408 407 4626
3 770 769 3842
3 1285 1272 1412
3 218 217 4200
3 981 933 1033
3 5938 5908 5983
3 2707 2508 2797
3 11 12 867
3 5608 5679 5728
3 5080 5232 5445
3 2445 2217 2519
3 2316 2148 2381
3 3658 3882 4014
3 4015 4023 4236
3 2624 2366 2892
3 5884 5805 5937
3 2463 2313 2729
3 146 145 3525
3 1059 1037 1090
3 1336 1418 1590
3 1349 1424 1465
3 1655 2024 2197
3 1463 1428 1503
3 5909 5866 5984
3 1169 1329 1407
3 913 877 933
3 3105 3107 3239
3 1617 1602 1679
3 5809 5837 5891
3 304 303 1838
3 3533 3356 3894
3 3103 3255 3372
3 980 1037 1041
3 5302 5436 5496
3 1418 1383 1476
3 1762 1734 1791
3 5392 5431 5480
3 1015 902 1034
3 4651 4733 4977
3 477 476 5994
3 3998 4186 4397
3 1198 1182 1236
3 5424 1686 5639
3 411 410 3913
3 2313 2026 2729
3 1172 1110 1226
3 1767 1816 1881
3 2308 2168 2395
3 5191 4726 5217
3 376 375 4589
3 379 378 4375
3 913 981 987
3 178 177 3155
3 1496 1448 1533
3 1181 1197 1235
3 3210 4498 4801
3 3458 3895 3941
3 186 185 3669
3 1627 1648 1665
3 369 368 2866
3 2021 3153 3347
3 2418 2611 2869
3 5832 5873 5894
3 2145 2412 2721
3 3719 3708 3854
3 1009 1082 1120
3 4743 3728 4979
3 1006 1114 1195
3 372 371 3018
3 3029 3061 3349
3 4176 4071 4510
3 4051 4244 4410
3 2037 2042 2176
3 366 365 2426
3 3077 3007 3289
3 360 359 2775
3 2142 3401 3696
3 1675 1658 1694
3 1032 981 1072
3 5596 5720 5814
3 4972 4778 4990
3 2967 3109 3282
3 3449 3677 3834
3 481 480 5813
3 1122 1093 1195
3 4546 4103 5013
3 364 363 2695
3 3099 2962 3105
3 1035 918 1087
3 1072 1033 1135
3 3154 2905 3248
3 804 935 936
3 211 210 3501
3 4632 4686 4756
3 4192 4140 4380
3 5961 5932 6014
3 220 219 4213
3 4196 4400 4598
3 754 753 3965
3 1649 1624 1661
3 1238 1178 1323
3 214 213 3605
3 4505 3430 4737
3 1016 979 1080
3 3232 3437 3975
3 3849 4220 4426
3 2078 1994 2196
3 1020 973 1102
3 362 361 2666
3 188 187 3866
3 1216 1274 1371
3 213 212 3692
3 1266 1242 1326
3 1522 1546 1569
3 3401 3757 3917
3 6030 6018 6047
3 930 789 1100
3 4250 4154 4404
3 1066 1139 1173
3 2487 2762 2968
3 5588 5716 5745
3 2623 2790 2925
3 504 503 3860
3 1405 1345 1438
3 835 889 975
3 5614 2372 5710
3 1178 1122 1218
3 244 243 3493
3 4206 4416 4512
3 340 339 2850
3 880 912 986
3 2141 4304 4602
3 2287 2076 2452
3 1710 1938 2108
3 1222 1270 1372
3 3160 1109 3226
3 2960 2795 3200
3 5715 5826 5869
3 1545 1591 1610
3 902 986 1034
3 3431 4303 4596
3 1167 1244 1287
3 246 245 3691
3 343 342 2849
3 1789 1850 1922
3 222 221 4399
3 1160 1136 1241
3 2711 2784 2947
3 2426 2439 4166
3 354 353 3121
3 1470 1508 1546
3 580 579 2661
3 1162 1239 1258
3 5235 4859 5467
3 820 83 874
3 94 819 875
3 26 27 808
3 2904 3451 3752
3 405 404 5176
3 3457 3283 3727
3 345 344 2846
3 804 875 984
3 140 139 2555
3 175 174 2982
3 5446 5524 5677
3 979 935 1017
3 875 903 984
3 920 807 1101
3 1197 1181 1200
3 564 563 2422
3 3287 3463 3649
3 308 307 1911
3 531 530 3311
3 915 937 955
3 1420 1445 1457
3 2875 2767 3152
3 540 539 3472
3 94 95 868
3 81 82 869
3 557 556 2531
3 347 346 2844
3 2189 2072 2356
3 797 876 978
3 1236 1237 1304
3 1335 3323 3451
3 670 669 1830
3 325 324 1903
3 1438 1380 1444
3 2509 2275 2726
3 4940 5001 5189
3 3089 3184 3510
3 166 165 3007
3 497 496 5879
3 1218 1195 1279
3 4296 3430 4505
3 936 979 985
3 552 551 2854
3 1213 1277 1300
3 543 542 3312
3 1413 1415 1436
3 349 348 2841
3 1300 1357 1380
3 2197 2288 2333
3 329 328 1984
3 182 181 3616
3 3300 3370 3438
3 640 639 1945
3 5431 5240 5631
3 5779 6060 6061
3 820 874 976
3 933 854 1033
3 5630 5437 5755
3 3219 3706 3916
3 1312 1371 1403
3 5106 5230 5307
3 2388 2073 2520
3 2569 2590 2657
3 1394 1432 1471
3 306 305 1810
3 1804 1932 2121
3 331 330 2099
3 2968 2762 3041
3 5480 5588 5617
3 662 661 1969
3 415 414 4067
3 1478 1423 1494
3 3818 3262 3972
3 3661 3626 3810
3 5365 5065 5525
3 3231 3435 3572
3 378 377 4606
3 1595 2089 2225
3 589 588 1741
3 2274 2415 2530
3 1340 1327 1368
3 5563 5510 5662
3 1289 1233 1327
3 5962 5892 6004
3 1370 1364 1414
3 4805 5030 5151
3 4978 4470 5166
3 1004 4699 5014
3 1132 1067 1163
3 292 291 2554
3 5065 5520 5525
3 3976 3783 4137
3 1052 964 1151
3 3070 1337 3338
3 1688 1917 2010
3 1374 1301 1398
3 2311 2465 2567
3 5172 4992 5611
3 3053 2315 3296
3 2638 2801 2923
3 598 597 1846
3 256 255 3661
3 1174 1118 1217
3 934 983 988
3 3599 3502 4905
3 1693 2011 2118
3 4370 4362 4622
3 1671 1680 1714
3 3410 3255 3478
3 1090 1142 1192
3 388 387 5502
3 2518 2423 2636
3 5671 5590 5754
3 288 287 2326
3 1076 965 1098
3 1149 1182 1198
3 1112 1192 1213
3 1543 1476 1577
3 935 984 1017
3 2934 3151 3252
3 3338 3288 3470
3 3599 4905 5085
3 492 491 6038
3 911 987 1032
3 196 195 4521
3 624 623 1995
3 2574 2758 2933
3 1457 1477 1499
3 5128 5235 5429
3 3614 3877 3950
3 3837 3410 3841
3 2525 2655 2724
3 152 151 4041
3 5444 4272 5586
3 928 784 980
3 2617 2859 3029
3 799 880 986
3 1061 957 1129
3 2202 2358 2430
3 3393 4078 4253
3 2614 2777 3038
3 983 1014 1068
3 150 149 3961
3 1957 1919 2348
3 706 705 2332
3 5974 5928 6051
3 2811 2970 3002
3 907 790 968
3 2267 1158 2432
3 988 983 1006
3 960 1025 1079
3 2663 3045 3187
3 4121 4359 4782
3 1093 1006 1195
3 583 582 2703
3 903 960 1029
3 2527 2606 2701
3 192 191 3791
3 821 848 946
3 3159 3336 3647
3 5687 5835 5872
3 835 932 934
3 3427 3650 3882
3 5267 5478 5511
3 5038 4214 5282
3 850 931 957
3 4592 4441 4697
3 2011 1931 2219
3 163 162 3006
3 100 800 876
3 5257 5345 5382
3 184 183 3675
3 171 170 2205
3 1219 1168 1266
3 181 180 3696
3 877 824 933
3 1468 1498 1521
3 927 946 996
3 6047 6038 6052
3 3052 2198 3291
3 1974 2244 2353
3 1215 1280 1303
3 2325 2455 2551
3 4845 5191 5229
3 1076 1123 1194
3 957 1028 1129
3 3196 2983 3283
3 823 849 923
3 453 452 5443
3 1778 1705 1848
3 2090 2181 2307
3 2660 2885 2966
3 5159 4874 5384
3 4970 5197 5287
3 193 192 3654
3 5413 5592 5717
3 5232 5420 5595
3 3687 3471 3735
3 1048 977 1063
3 195 194 4596
3 3260 3496 3794
3 3825 3652 3837
3 223 222 4325
3 5991 5947 6025
3 4187 3787 4260
3 4918 5352 5380
3 3498 3254 3864
3 1969 2106 2200
3 2531 2706 2821
3 1216 1167 1274
3 1146 1199 1234
3 1402 1356 1430
3 1348 1325 1390
3 3420 3671 3856
3 5896 5801 5921
3 1465 1497 1556
3 4872 4465 5112
3 2895 2555 3104
3 915 834 937
3 1823 1791 1878
3 3927 3825 4131
3 395 394 5977
3 401 400 5639
3 1498 1555 1591
3 1065 1156 1202
3 1972 2082 2169
3 2071 2208 2320
3 3520 3280 3898
3 5101 5377 5523
3 4424 4084 4624
3 3319 3198 3688
3 1037 915 1045
3 3756 4098 4364
3 2568 2875 3031
3 5068 4718 5299
3 955 1060 1142
3 1260 1308 1338
3 1457 1445 1477
3 4422 4342 4545
3 5242 3981 5439
3 4608 4715 5019
3 392 391 5878
3 4029 4189 4381
3 2241 2068 2242
3 2661 2863 2980
3 1516 1454 1540
3 1016 1080 1118
3 912 985 1038
3 3623 3473 3680
3 5092 2895 5399
3 6032 6053 6057
3 1885 1979 2124
3 4712 4371 4780
3 82 83 820
3 1167 1129 1244
3 1267 1238 1323
3 3546 3594 3903
3 1199 1115 1234
3 1029 960 1079
3 4134 4816 5015
3 2422 2563 2635
3 1113 1198 1280
3 527 526 4322
3 1122 1195 1218
3 800 913 987
3 1045 955 1142
3 3119 3325 3445
3 1952 2097 2188
3 385 384 4787
3 97 98 870
3 1968 1820 2095
3 4575 4877 5015
3 3882 3984 4232
3 446 445 5457
3 358 357 3323
3 1064 1091 1141
3 2190 2189 2443
3 3472 3687 3824
3 912 855 985
3 3312 3511 3620
3 4187 4366 4568
3 1010 1073 1125
3 1065 959 1156
3 783 66 871
3 4849 5056 5071
3 961 1020 1070
3 2992 2613 3027
3 988 1006 1093
3 855 936 985
3 3527 3318 3581
3 5416 5829 5861
3 1228 1171 1285
3 1236 1182 1237
3 1604 1620 1628
3 549 548 3338
3 2592 2205 2795
3 812 919 999
3 4299 4814 4991
3 852 934 988
3 979 1017 1080
3 2075 2211 2716
3 3485 3349 3703
3 825 877 913
3 5287 5197 5387
3 312 311 1684
3 2580 2624 2806
3 1070 1154 1165
3 3479 3532 3615
3 4345 4133 4520
3 3061 3230 3546
3 1469 1440 1513
3 2288 2396 2466
3 10 11 794
3 2388 2638 2759
3 1967 2131 2191
3 5858 5775 5991
3 824 798 933
3 3300 3438 3506
3 3079 3273 3480
3 3529 3266 3807
3 108 107 5718
3 1846 1775 2237
3 798 9 873
3 1060 1113 1179
3 1080 1017 1134
3 2764 3069 3358
3 935 804 984
3 4906 4750 4945
3 1183 1065 1202
3 4497 4130 4547
3 1007 1115 1199
3 5229 5191 5367
3 798 854 933
3 996 946 1040
3 3775 3997 4355
3 5148 5133 5246
3 1448 1483 1505
3 3658 3427 3882
3 4738 4950 5197
3 5707 4044 5841
3 797 99 876
3 4313 4340 4477
3 878 825 913
3 1064 958 1091
3 1062 1178 1238
3 2320 2449 2544
3 2970 3083 3110
3 143 142 3272
3 1163 1220 1260
3 1143 1144 1196
3 902 799 986
3 1008 900 1093
3 3372 3410 3652
3 3457 3838 3873
3 4732 4928 5248
3 3434 3690 3901
3 5060 4850 5186
3 1062 1008 1122
3 27 28 872
3 2501 2267 2567
3 4410 4631 4945
3 1547 1492 1584
3 1042 958 1064
3 3627 3660 3868
3 4263 3698 4365
3 5556 5522 5711
3 5872 5835 5887
3 524 523 4773
3 4853 5433 5831
3 886 834 915
3 107 106 5765
3 1196 1238 1267
3 1721 1666 1736
3 2968 3041 3107
3 5156 5160 5365
3 3417 3615 3849
3 3433 3070 3470
3 3438 3249 3686
3 2525 2446 2655
3 5522 5521 5711
3 3938 5560 5719
3 1303 1361 1408
3 4123 3804 5698
3 1037 1045 1090
3 1535 1616 1652
3 1213 1192 1277
3 4244 4449 4631
3 937 842 1039
3 179 178 3085
3 1926 1883 2107
3 2966 2885 3097
3 3969 4210 4366
3 2606 2547 2994
3 4655 4566 4743
3 472 471 6032
3 4200 217 4334
3 1118 1175 1217
3 3542 3447 3645
3 1011 967 1083
3 5923 5994 6012
3 2191 2131 2291
3 1071 1118 1174
3 5245 5488 5652
3 3890 3608 4428
3 1181 1145 1200
3 3387 3982 4247
3 3781 3596 4003
3 3246 3155 3555
3 1092 1074 1146
3 3903 3927 4244
3 1632 1700 1733
3 2153 2354 2434
3 161 160 2983
3 5064 5501 5599
3 4168 3582 4554
3 5690 5563 5721
3 3227 3495 3698
3 1062 1122 1178
3 2880 2862 2950
3 1143 1094 1144
3 782 850 925
3 1327 1284 1368
3 1274 1167 1287
3 911 800 987
3 3417 2912 3524
3 5123 5246 5539
3 4099 4484 4747
3 2762 2634 2870
3 9 10 873
3 1388 1105 1452
3 3291 3556 3885
3 1043 1008 1062
3 1196 1144 1238
3 5391 5480 5536
3 4845 4726 5191
3 1849 1943 1963
3 4562 4159 4791
3 5702 5752 5849
3 4313 4477 4691
3 4977 4733 5135
3 4415 4371 4479
3 1232 1223 1264
3 1008 1093 1122
3 1071 1016 1118
3 3061 2859 3137
3 1006 1068 1114
3 1237 1282 1304
3 2536 2634 2697
3 1235 1196 1267
3 1295 1292 1328
3 2786 3039 3093
3 3741 3962 4203
3 3777 4035 4432
3 1179 1113 1215
3 1044 1074 1092
3 1147 1146 1180
3 1148 1197 1200
3 5373 2023 5449
3 1392 1425 1479
3 955 1039 1060
3 3072 2980 3168
3 83 84 874
3 93 94 875
3 804 93 875
3 900 852 988
3 4884 4505 5024
3 3494 3718 3774
3 5123 4945 5148
3 5263 2473 5447
3 2993 2760 3184
3 957 931 1028
3 135 134 3342
3 98 99 797
3 2239 2357 2438
3 3080 2897 3488
3 2673 2880 3039
3 1615 1609 1630
3 3298 5293 5399
3 5423 5563 5655
3 900 988 1093
3 6030 6052 6058
3 1912 1823 1994
3 2634 2404 2701
3 5601 5422 5771
3 910 797 978
3 1234 1281 1320
3 1513 1504 1526
3 9 798 824
3 1075 1094 1143
3 4209 4329 4573
3 484 483 5895
3 1214 1265 1299
3 1584 1538 1618
3 3946 3296 4261
3 1709 2197 2333
3 2794 2648 2874
3 4562 4932 4939
3 1300 1277 1357
3 881 958 1042
3 4233 4432 4557
3 1131 1222 1417
3 3962 4268 4411
3 1364 1453 1460
3 3971 3830 4077
3 5945 5852 5987
3 3900 3830 3971
3 3404 3158 3647
3 955 937 1039
3 2530 2678 2886
3 888 835 934
3 852 888 934
3 1157 2373 2524
3 1215 1113 1280
3 5443 5581 5720
3 2232 2271 2415
3 5064 5375 5501
3 5059 5263 5288
3 102 825 878
3 1115 1181 1281
3 5879 5961 5992
3 1018 1148 1200
3 7 824 877
3 1056 951 1128
3 1144 1062 1238
3 3860 3785 5841
3 2377 2146 2579
3 1197 1196 1235
3 157 156 3497
3 2430 2515 2688
3 1521 1498 1545
3 949 846 1048
3 356 355 2945
3 1141 1180 1237
3 834 842 937
3 2870 2937 3041
3 5810 5811 5912
3 1237 1180 1282
3 1455 1377 1500
3 1019 1117 1155
3 3494 3289 3718
3 4107 4569 4802
3 3548 3244 3609
3 2571 2408 2711
3 900 1008 1043
3 1075 963 1094
3 3878 3828 3962
3 1095 1145 1181
3 1092 1146 1147
3 2338 2187 2453
3 5887 5821 5938
3 5888 5927 5942
3 1141 1147 1180
3 1303 1280 1361
3 1112 1090 1192
3 880 829 912
3 829 855 912
3 1841 1873 1907
3 1090 1045 1142
3 99 100 876
3 3286 3521 3671
3 982 940 1042
3 5807 5695 5876
3 4170 4024 4373
3 5048 4970 5287
3 893 804 936
3 855 893 936
3 4388 4197 4986
3 4792 4889 4996
3 1064 1141 1182
3 2559 2403 2728
3 1182 1141 1237
3 1443 1381 1467
3 5344 5440 5654
3 2579 2456 2580
3 800 878 913
3 5243 5634 5635
3 2501 2649 2830
3 1096 1018 1200
3 1267 1323 1362
3 3853 3665 4062
3 4293 4920 5132
3 915 955 1045
3 1143 1196 1197
3 2701 2752 2870
3 1178 1218 1263
3 2029 2262 2576
3 2612 2655 2837
3 1118 1080 1175
3 4320 1691 4548
3 5151 5311 5505
3 2160 2292 2332
3 800 101 878
3 2612 2544 2724
3 3870 4010 4206
3 1089 1149 1198
3 2219 2119 2274
3 3183 2932 3353
3 2974 3276 3540
3 2879 2642 3020
3 1234 1115 1281
3 779 778 4801
3 3946 4261 4387
3 1095 989 1145
3 5015 5126 5185
3 2944 3114 3329
3 3113 3244 3548
3 1422 1391 1475
3 994 1043 1094
3 2861 2685 2993
3 3433 3722 4242
3 3225 3375 3399
3 1149 1064 1182
3 1094 1043 1144
3 842 940 982
3 1867 1953 1995
3 154 153 4032
3 1136 1230 1241
3 5062 5358 5663
3 2332 2292 2373
3 1044 956 1074
3 1141 1091 1147
3 5450 5306 5464
3 956 989 1007
3 4279 4598 4673
3 5273 5441 5663
3 3255 3072 3478
3 4135 3831 4341
3 4508 4661 4951
3 5791 5874 5921
3 1146 1074 1199
3 3437 208 3697
3 5894 5939 5954
3 4479 4712 5017
3 2467 2296 2586
3 7 8 824
3 8 9 824
3 825 6 877
3 1091 1047 1147
3 4209 3790 4259
3 1049 1047 1091
3 1735 1667 1758
3 982 1042 1064
3 2456 2366 2580
3 6059 6007 6063
3 1010 1125 1154
3 1148 1143 1197
3 2872 3042 3163
3 100 101 800
3 5592 5428 5820
3 1007 1095 1115
3 982 1064 1149
3 2340 2853 3174
3 2935 2647 3169
3 1075 1143 1148
3 3590 3688 3899
3 994 900 1043
3 4482 4399 4821
3 916 956 1044
3 1145 1046 1200
3 2077 2290 2348
3 1115 1095 1181
3 5593 5395 5599
3 6 7 877
3 1047 1092 1147
3 1409 1355 1447
3 989 1046 1145
3 993 1018 1096
3 1074 1007 1199
3 3682 3392 3871
3 940 881 1042
3 1369 1326 1402
3 101 102 878
3 4888 5058 5344
3 1050 1075 1148
3 5307 5425 5466
3 956 942 989
3 1275 1306 1334
3 963 994 1094
3 990 1044 1092
3 958 1049 1091
3 5022 4813 5023
3 1944 1809 1964
3 991 1047 1049
3 5711 5700 5835
3 1079 1116 1189
3 2409 2378 2486
3 1007 989 1095
3 956 1007 1074
3 2515 2639 2872
3 4749 4752 5003
3 1046 1096 1200
3 951 1021 1128
3 989 942 1046
3 3392 3756 3871
3 3524 3479 3615
3 990 943 1044
3 991 962 1047
3 102 103 825
3 103 0 825
3 0 6 825
3 851 942 956
3 916 851 956
3 908 1010 1102
3 1018 1050 1148
3 4573 4795 4956
3 4906 5123 5368
3 1051 963 1075
3 1050 1051 1075
3 1114 1177 1214
3 1047 990 1092
3 962 990 1047
3 1282 1234 1320
3 130 129 3440
3 943 916 1044
3 189 188 3788
3 3405 3272 3728
3 2216 2355 2683
3 2688 2872 2991
3 5823 5801 5896
3 3163 3381 3528
3 1426 1458 1520
3 2566 2392 2700
3 942 941 1046
3 939 991 1049
3 962 853 990
3 853 943 990
3 850 822 931
3 958 914 1049
3 3617 3831 4066
3 941 993 1096
3 2992 3103 3137
3 3352 3353 3518
3 881 914 958
3 5155 4887 5315
3 5819 5784 5890
3 5559 5722 5725
3 1113 1089 1198
3 5407 5578 5714
3 1569 1546 1585
3 1043 1062 1144
3 914 939 1049
3 5682 5550 5778
3 3582 3525 3822
3 853 962 991
3 3528 3723 3880
3 4167 4062 4199
3 939 856 991
3 856 945 991
3 945 853 991
3 55 54 2
3 88 3 89
3 40 39 1
3 1018 992 1050
3 938 896 995
3 856 879 945
3 809 896 938
3 879 856 887
3 809 828 896
3 828 809 839
3 40 41 827
3 856 802 887
3 992 938 1050
3 809 54 839
3 826 89 841
3 827 41 840
3 914 884 939
3 801 938 992
3 882 809 938
3 88 89 826
3 39 40 827
3 829 826 855
3 54 55 839
3 883 801 992
3 802 37 887
3 47 48 830
3 884 831 939
3 86 829 880
3 832 881 940
3 37 38 887
3 87 826 829
3 52 809 882
3 55 56 839
3 944 917 1051
3 50 801 883
3 831 802 856
3 917 963 1051
3 792 47 830
3 39 827 887
3 901 992 1018
3 885 941 942
3 885 796 941
3 49 796 885
3 801 882 938
3 35 831 884
3 56 828 839
3 828 803 896
3 87 88 826
3 799 85 880
3 801 51 882
3 832 795 881
3 830 885 942
3 892 837 944
3 803 895 896
3 993 901 1018
3 796 49 883
3 796 883 901
3 827 879 887
3 36 802 831
3 833 832 940
3 901 883 992
3 792 830 851
3 86 87 829
3 834 833 842
3 837 917 944
3 795 884 914
3 48 49 885
3 938 995 1050
3 896 895 995
3 30 834 886
3 91 92 893
3 855 841 893
3 85 86 880
3 881 795 914
3 795 34 884
3 52 53 809
3 53 54 809
3 51 52 882
3 1050 995 1051
3 50 51 801
3 36 37 802
3 33 795 832
3 796 901 993
3 895 944 995
3 49 50 883
3 38 39 887
3 32 832 833
3 917 890 963
3 842 833 940
3 31 833 834
3 35 36 831
3 831 856 939
3 84 85 799
3 963 890 994
3 34 35 884
3 784 29 886
3 838 891 943
3 45 46 891
3 33 34 795
3 32 33 832
3 890 852 994
3 31 32 833
3 879 840 894
3 830 48 885
3 92 804 893
3 826 841 855
3 852 900 994
3 30 31 834
3 29 30 886
3 28 29 784
3 941 796 993
3 805 838 943
3 42 805 894
3 803 892 895
3 46 792 891
3 62 63 888
3 58 837 892
3 836 793 890
3 995 944 1051
3 852 793 888
3 793 62 888
3 835 64 889
3 895 892 944
3 792 851 891
3 838 45 891
3 793 852 890
3 63 835 888
3 61 62 793
3 60 61 793
3 46 47 792
3 851 830 942
3 64 783 889
3 803 58 892
3 63 64 835
3 827 840 879
3 64 65 783
3 65 66 783
3 837 836 890
3 59 60 836
3 837 890 917
3 894 853 945
3 841 91 893
3 891 851 916
3 853 805 943
3 840 42 894
3 58 59 837
3 60 793 836
3 891 916 943
3 44 45 838
3 43 44 838
3 56 57 803
3 57 58 803
3 92 93 804
3 59 836 837
3 42 43 805
3 879 894 945
3 805 853 894
3 41 42 840
3 90 91 841
3 89 90 841
3 805 43 838
3 56 803 828
3 1046 941 1096
3 315 314 1813
3 3083 2914 3498
3 1066 1030 1139
3 926 820 976
3 1211 1166 1283
3 5413 5252 5618
3 1089 982 1149
3 2903 3424 3655
3 3311 3508 3712
3 2839 3004 3138
3 3213 5559 5733
3 2277 2036 2329
3 2596 3707 3914
3 3397 3657 4260
3 5322 5429 5623
3 1176 1112 1286
3 4597 4087 5001
3 5379 5695 5807
3 2697 2634 2762
3 1705 1624 1921
3 2013 2129 2216
3 1102 1010 1154
3 3322 3134 3448
3 3234 3600 3714
3 1063 1104 1193
3 147 146 3441
3 2622 2523 3031
3 1613 1543 1640
3 1295 1370 1412
3 4006 4140 4192
3 2538 2813 3161
3 2972 3198 3319
3 4837 4844 5131
3 3415 5793 5878
3 4547 4758 4958
3 2528 1725 2703
3 5077 5356 5547
3 1384 1479 1481
3 2934 2830 3151
3 5776 5679 5812
3 1583 1561 1639
3 2062 1958 2340
3 1637 1674 1683
3 3886 3795 4037
3 353 352 2816
3 1577 1496 1611
3 2425 2541 2578
3 1212 1176 1286
3 2229 2238 2362
3 5196 5240 5392
3 2203 2280 2355
3 4703 5033 5098
3 5593 5599 5605
3 2758 2906 3542
3 2300 2429 2682
3 4232 4444 4629
3 125 124 4227
3 406 3577 4529
3 3316 3261 3587
3 5473 5573 5611
3 2991 3163 3328
3 929 969 1026
3 4449 4131 4504
3 5873 5781 5916
3 5574 5601 5771
3 4568 4796 4989
3 6014 5970 6031
3 3082 3249 3370
3 4053 4262 4392
3 950 928 1041
3 2568 2767 2875
3 1111 1056 1191
3 3594 3230 3652
3 1263 1305 1350
3 4033 4138 4215
3 4017 4234 4385
3 1546 1508 1585
3 3438 3674 3764
3 400 399 5583
3 5330 5075 5383
3 4667 4794 4891
3 3413 3222 3491
3 5686 5783 5791
3 3287 2900 3463
3 417 4525 4630
3 387 386 5308
3 3298 3253 4272
3 5721 5709 5801
3 2591 2623 2891
3 2619 2882 2920
3 2266 2360 2397
3 2481 3028 3141
3 4956 5177 5328
3 4499 4759 5185
3 4773 4696 4924
3 2403 2517 2728
3 5348 5035 5528
3 1877 1778 1935
3 1251 1207 1331
3 4428 4237 4524
3 3894 3941 4033
3 2607 2915 3194
3 5755 5437 5836
3 4096 4311 4588
3 2264 2411 2591
3 4831 4496 4938
3 5161 5075 5330
3 3361 3345 3729
3 3188 2923 3382
3 4512 4416 4635
3 1371 1348 1403
3 3997 4127 4355
3 1944 2114 2210
3 5017 5066 5371
3 5460 5178 5659
3 2047 2298 2424
3 4125 3971 4302
3 3961 149 4231
3 5464 5652 5660
3 4376 4287 4685
3 4849 4656 5056
3 1233 1284 1327
3 1254 1459 1551
3 5270 5156 5365
3 4173 4061 4361
3 3956 3423 4037
3 112 111 5830
3 2063 2175 2284
3 4755 4980 5125
3 4123 5864 5995
3 2618 2717 2771
3 4693 5534 5607
3 5454 5378 5610
3 6022 5863 6045
3 5546 5334 5620
3 5245 5291 5488
3 4329 4479 4795
3 2588 3720 3914
3 1012 1067 1132
3 4795 5017 5177
3 5230 4847 5343
3 2712 2780 2843
3 4384 4152 4619
3 4439 4128 4496
3 1392 1338 1425
3 1206 1233 1289
3 1780 1702 1797
3 1512 1514 1549
3 2283 2200 2351
3 3872 3845 4075
3 5329 5423 5507
3 5611 5573 5759
3 2255 3602 3830
3 3558 3420 3644
3 3992 3777 4233
3 4417 4387 4501
3 4689 4961 5086
3 5285 5385 5485
3 318 317 1807
3 2768 3033 3526
3 1365 1339 1389
3 2674 2817 2881
3 3001 2768 3526
3 3598 3659 3778
3 1406 1387 1451
3 5177 5371 5510
3 5078 5469 5624
3 5352 5099 5380
3 3230 3137 3372
3 1931 2119 2219
3 4616 4374 4788
3 2434 2575 2719
3 4958 5181 5376
3 2585 2467 2586
3 5405 5323 5481
3 4411 4652 4757
3 4188 4137 4603
3 5410 5819 5890
3 5813 5909 5959
3 2256 2337 2376
3 1497 1480 1652
3 3328 3528 3657
3 4172 4391 4599
3 4657 435 4904
3 4751 4503 5203
3 1268 1289 1314
3 5066 5256 5544
3 123 122 4214
3 5371 5544 5662
3 5021 4702 5221
3 4554 4360 4809
3 1314 1327 1340
3 3593 3859 4023
3 4681 5121 5360
3 3252 3151 3306
3 4933 5185 5259
3 5124 5245 5464
3 5711 5521 5759
3 1564 1544 1600
3 2538 3161 3363
3 5096 4884 5143
3 4920 5009 5132
3 1151 1172 1222
3 3070 3338 3470
3 2379 2210 2394
3 2571 2711 2874
3 3730 3763 4002
3 5968 5935 5983
3 2676 2857 2978
3 5005 5057 5152
3 6016 4754 6024
3 1962 1881 2007
3 3556 3316 3587
3 5783 5871 5874
3 5455 5305 5623
3 2772 3044 3168
3 2551 2723 3169
3 5119 5073 5319
3 4450 4445 4551
3 4400 4466 4598
3 2319 2451 2807
3 4035 3826 4036
3 4692 4311 4798
3 2056 1818 2235
3 2325 2176 2455
3 3366 3260 4089
3 5131 5341 5483
3 4884 5024 5143
3 2098 2122 2187
3 1080 1134 1175
3 351 350 2672
3 3951 4223 4828
3 1322 1352 1400
3 2868 2775 2904
3 1597 1564 1632
3 3066 2982 3365
3 4477 4340 4861
3 3752 3935 3999
3 4859 4743 5204
3 4854 5165 5326
3 5483 5666 5735
3 2237 2050 2273
3 3459 3664 3725
3 3616 3696 3917
3 3984 4177 4444
3 1550 1500 1556
3 320 319 1815
3 3603 3702 3876
3 5429 5235 5467
3 5998 6017 6027
3 2655 2446 2692
3 5596 5331 5720
3 3896 3783 3976
3 2618 2526 2717
3 2041 2248 2351
3 2603 2919 2951
3 1152 1452 1486
3 5052 428 5373
3 2669 2941 3193
3 4928 4724 5118
3 3251 3102 3307
3 1177 1121 1227
3 3440 129 3693
3 1618 1565 1650
3 5573 5700 5759
3 1068 1121 1177
3 2437 2603 2851
3 1605 1627 1666
3 5877 5934 5944
3 4204 4410 4750
3 5892 6001 6024
3 3847 4051 4204
3 5345 5257 5465
3 5591 5627 5691
3 1020 1102 1154
3 5934 5912 5942
3 3588 3733 3734
3 3272 142 3530
3 6026 5929 6048
3 2994 2828 3356
3 2837 2692 2989
3 3806 4057 4171
3 3953 4080 4160
3 3302 3559 3670
3 5679 5569 5707
3 2919 3243 3517
3 4757 4983 5144
3 5698 3052 5719
3 3929 4183 4341
3 3065 3724 3738
3 2852 2953 3115
3 3488 3326 3889
3 2683 2734 2963
3 1733 1757 1796
3 4826 4461 5006
3 1428 1366 1482
3 5904 5554 5941
3 5472 5550 5600
3 1398 1440 1469
3 5165 5124 5464
3 1072 1135 1201
3 4799 5019 5147
3 4373 4553 4650
3 2379 2505 3028
3 1789 1701 1850
3 1468 1460 1498
3 2324 2456 2579
3 4366 4600 4796
3 3723 3461 3881
3 1218 1279 1305
3 3981 4227 5439
3 6012 6006 6037
3 4622 4586 4815
3 1629 1779 1852
3 3869 413 3890
3 951 848 1021
3 3457 3727 3838
3 3959 4157 4400
3 4447 4377 4623
3 4251 4342 4422
3 3670 3904 4028
3 1262 1343 1416
3 4929 5157 5160
3 2410 2530 2725
3 1295 1385 1453
3 3290 3455 3478
3 1444 1380 1451
3 3551 3309 3552
3 2982 174 3088
3 3501 3567 3855
3 2960 3268 3327
3 4619 4459 4653
3 3763 4129 4191
3 3019 3207 3208
3 4357 4584 4741
3 2263 3019 3208
3 5173 5281 5535
3 3492 3432 3681
3 3042 3206 3381
3 2708 2482 2749
3 4010 4226 4416
3 4866 4668 4981
3 2923 3090 3382
3 1053 920 1101
3 4259 4208 4329
3 5083 4955 5220
3 4087 4597 4808
3 4351 4561 4806
3 3021 2865 3082
3 5162 5350 5384
3 1014 1081 1121
3 1131 1151 1222
3 4358 4393 4503
3 4305 4200 4604
3 4241 3919 4427
3 5521 5653 5759
3 3243 3571 3639
3 1571 1532 1579
3 5542 5243 5658
3 2878 2605 3201
3 2771 2871 2909
3 1418 1552 1590
3 1244 1173 1287
3 1528 1602 1617
3 1340 1381 1443
3 4028 4255 4391
3 4975 5107 5162
3 5578 5693 5714
3 4328 3945 4614
3 5010 4287 5122
3 2225 2162 2343
3 3302 2935 3343
3 4930 4840 4969
3 323 322 1799
3 4169 4471 4553
3 2853 2996 3011
3 3268 3200 3310
3 1505 1269 1551
3 5396 5582 5740
3 4444 4458 4836
3 1385 1462 1519
3 3760 3236 3998
3 1480 1449 1507
3 5806 5766 5917
3 4950 5145 5387
3 2048 1963 2125
3 2505 2394 2565
3 5254 5402 5644
3 2107 1951 2184
3 3210 4380 4498
3 1696 1668 1733
3 2399 2560 3176
3 2719 2889 2973
3 5011 5048 5239
3 780 779 4483
3 4888 4985 5058
3 3206 2934 3252
3 529 3236 3508
3 3764 3958 4057
3 4870 4809 4994
3 5566 5619 5684
3 2670 2942 3192
3 3927 4131 4449
3 4329 4208 4415
3 5126 4877 5496
3 1264 1325 1348
3 132 131 3341
3 1892 1891 2117
3 578 2772 2863
3 555 2532 2706
3 4317 3567 5950
3 1616 1497 1652
3 5577 5481 5625
3 4358 4137 4393
3 2674 260 2817
3 4322 4541 4583
3 2387 2727 2884
3 4833 4307 5020
3 1184 1204 1230
3 5686 5577 5744
3 3138 3357 3531
3 668 1811 1914
3 2224 1250 2264
3 4114 3744 4193
3 1500 1377 1556
3 3184 2912 3223
3 2449 2525 2724
3 1891 296 1977
3 768 3963 4060
3 4926 4805 5151
3 5808 5692 5877
3 5705 5401 5728
3 5358 5273 5663
3 3712 3508 3760
3 2537 264 2673
3 2380 2647 2726
3 2286 2306 2457
3 381 4326 5216
3 1718 1848 1921
3 3199 3225 3467
3 660 2041 2106
3 3459 249 3664
3 638 1934 2100
3 4371 3944 4533
3 562 2417 2563
3 2802 3005 3027
3 2484 266 2693
3 5559 5546 5620
3 1923 273 2073
3 2172 2302 2329
3 3122 356 3140
3 2424 2298 2540
3 2661 579 2863
3 3870 3609 4010
3 4516 4684 4950
3 538 3471 3687
3 2820 2756 3310
3 4315 4568 4758
3 5410 5890 5958
3 2075 277 2211
3 2494 268 2696
3 1969 661 2106
3 359 1335 2775
3 3222 251 3491
3 1840 300 1890
3 587 1776 1794
3 4215 4294 4393
3 2357 2425 2578
3 1448 1309 1483
3 3227 232 3495
3 383 4321 4506
3 1741 588 1794
3 541 3242 3511
3 5928 5884 5997
3 4213 4409 4572
3 2853 3011 3174
3 2074 279 2212
3 2255 247 3602
3 2137 239 2315
3 1848 1705 1921
3 4352 4121 4487
3 2640 2707 2797
3 5875 5998 6027
3 4640 5134 5166
3 5904 5403 5963
3 3377 3295 3398
3 1381 1368 1404
3 3231 242 3435
3 3814 2926 3853
3 2146 286 2324
3 2725 2886 3017
3 2028 281 2213
3 380 4095 4326
3 2649 2796 3024
3 2899 2742 3074
3 5790 5693 5907
3 3952 3994 4132
3 2639 2763 3042
3 1964 2101 2114
3 3260 234 3496
3 1162 1301 1374
3 4857 5290 5508
3 4970 4517 5197
3 1556 1377 1592
3 999 919 1031
3 1024 930 1100
3 4106 4913 5140
3 2526 2441 2717
3 438 437 5195
3 2531 556 2706
3 2923 2801 2981
3 327 326 1861
3 3311 530 3508
3 5685 5799 5881
3 1830 669 1914
3 3713 4072 4251
3 4081 4125 4368
3 3667 3303 3829
3 3502 3599 3704
3 293 1250 2224
3 1246 1186 1292
3 1364 1370 1453
3 1945 639 2100
3 2994 3356 3533
3 2129 2203 2355
3 3411 3268 3541
3 2197 2024 2288
3 5067 4988 5535
3 2036 2172 2329
3 4946 5060 5244
3 2317 2158 2457
3 1109 256 3661
3 1250 292 2554
3 3934 218 4200
3 3224 3377 3442
3 2918 3093 3345
3 2755 2341 3011
3 2422 563 2563
3 4077 3803 4246
3 3356 3663 3894
3 2821 2706 3022
3 3996 3947 4145
3 3169 3094 3343
3 301 1840 1905
3 1684 311 1742
3 2613 2802 3027
3 5492 5428 5592
3 5168 4991 5172
3 2009 1857 2109
3 367 2261 2626
3 3184 3223 3510
3 4985 4680 5361
3 370 2625 2774
3 5249 4462 5540
3 2958 3080 3177
3 298 1892 1997
3 2654 2494 2696
3 1827 621 1843
3 221 4143 4399
3 1956 1718 2115
3 3427 3188 3650
3 3327 3411 3662
3 3167 3367 3512
3 5152 5298 5335
3 604 1709 1746
3 1932 2012 2166
3 3472 539 3687
3 623 1827 1867
3 402 1686 5173
3 187 3595 3866
3 2681 2524 2791
3 602 1593 1716
3 5627 4495 5691
3 4661 4565 4750
3 1161 624 1995
3 3312 542 3511
3 606 1697 1747
3 1788 619 1792
3 1963 1943 2125
3 2277 2329 2462
3 303 1839 1909
3 3574 3439 3629
3 1593 600 1645
3 1697 604 1746
3 621 1788 1843
3 5722 5589 5725
3 608 1695 1748
3 2600 2914 2970
3 373 2138 4587
3 1738 595 1751
3 1695 606 1747
3 2068 703 2079
3 1839 301 1905
3 2980 2863 3168
3 597 1738 1775
3 554 2614 2679
3 6055 6031 6062
3 1004 223 4325
3 2945 3333 3505
3 619 1740 1792
3 527 4322 4397
3 3382 3421 3650
3 1709 602 1716
3 5578 5526 5621
3 1647 598 1846
3 1711 608 1748
3 1256 331 2040
3 611 1693 1750
3 4268 4316 4652
3 1739 615 1752
3 613 1710 1749
3 4234 3998 4318
3 595 1713 1751
3 1710 611 1750
3 1687 613 1749
3 615 1687 1752
3 1431 1588 1622
3 1645 600 1647
3 3411 3606 3893
3 705 2068 2160
3 5482 4892 5673
3 664 1862 1979
3 1740 617 1793
3 305 1838 1910
3 3232 209 3437
3 551 1337 2770
3 1098 965 1153
3 4108 4421 4473
3 2022 206 2198
3 2141 214 3605
3 2614 552 2854
3 5362 5149 5363
3 483 5788 5895
3 578 1253 2772
3 660 1158 2041
3 2529 572 2545
3 2770 1337 3046
3 1157 706 2332
3 4220 3957 4426
3 1838 303 1909
3 3470 3607 3722
3 617 1739 1793
3 4009 3838 4045
3 1713 593 1753
3 1970 701 1982
3 587 1737 1776
3 2185 654 2206
3 4791 4505 4884
3 591 1688 1754
3 3015 2812 3364
3 3228 199 3502
3 593 1712 1753
3 1688 589 1741
3 1862 662 1969
3 1712 591 1754
3 5880 5848 5905
3 3673 3842 4133
3 2541 2424 2714
3 356 2945 3140
3 5277 5143 5369
3 4705 4546 5013
3 1663 1642 1679
3 3509 3078 3635
3 3137 3103 3372
3 703 1970 2079
3 330 1942 2099
3 2424 2540 2714
3 219 3934 4213
3 3309 740 3320
3 2302 2171 2427
3 4117 4827 4995
3 1810 305 1910
3 314 1841 1907
3 2958 3037 3080
3 5305 5044 5322
3 1274 1313 1371
3 5871 5806 5917
3 1813 314 1907
3 3847 3703 4051
3 3879 3811 4008
3 2485 580 2661
3 2200 2106 2351
3 1890 2120 2471
3 2031 1952 2188
3 506 3591 3848
3 667 1828 1894
3 1885 664 1979
3 3261 201 3504
3 3072 3168 3290
3 276 2076 2211
3 3118 738 3128
3 3920 3790 4209
3 654 2070 2206
3 5178 5215 5628
3 701 1887 1982
3 2532 554 2679
3 551 2770 2854
3 1861 326 1986
3 2069 650 2080
3 1253 576 2822
3 4769 5054 5141
3 1807 317 1908
3 2666 361 2868
3 623 1867 1995
3 2427 2528 2613
3 317 1837 1908
3 1886 697 1895
3 5236 5096 5277
3 2280 2202 2430
3 503 3785 3860
3 278 2075 2212
3 4435 4833 5020
3 3842 769 4060
3 2530 2415 2678
3 185 3390 3669
3 4320 4548 4594
3 3270 2758 3542
3 328 1861 1984
3 265 2537 2693
3 2816 351 2840
3 3957 4309 4426
3 1815 319 1906
3 503 1488 3785
3 2519 2656 2704
3 5246 5133 5507
3 572 2421 2545
3 2100 2151 2357
3 626 1161 2317
3 3256 3580 3883
3 1914 1937 2129
3 3515 3329 3667
3 5808 5707 5841
3 5534 5299 5607
3 1725 583 2703
3 3591 504 3860
3 5054 4962 5208
3 597 1775 1846
3 5539 5246 5590
3 740 3118 3320
3 1799 322 1904
3 3223 2912 3417
3 1159 742 3483
3 4479 4371 4712
3 2070 652 2207
3 1811 667 1894
3 4356 422 4643
3 280 2074 2213
3 582 2485 2628
3 650 1976 2080
3 319 1807 1906
3 4806 5021 5206
3 2033 2011 2219
3 3787 3734 4260
3 2974 734 2985
3 4101 4196 4279
3 574 2529 2680
3 4484 4745 4953
3 705 2160 2332
3 1887 699 1983
3 738 2975 3128
3 4058 4509 5004
3 1655 1645 2008
3 2413 2346 2527
3 697 1835 1895
3 629 2155 2208
3 559 2370 2548
3 4661 4906 5171
3 4204 4051 4410
3 5133 4883 5329
3 5023 4837 5131
3 322 1836 1904
3 2071 629 2208
3 635 1929 2084
3 632 2038 2082
3 2370 557 2531
3 4707 4508 4951
3 652 2069 2207
3 1976 648 2081
3 326 1888 1986
3 3017 3183 3352
3 1972 632 2082
3 3721 3362 3907
3 1765 670 1830
3 533 3064 3324
3 637 1971 2086
3 1971 635 2084
3 212 3429 3692
3 1775 1981 2050
3 1973 642 1985
3 1975 646 2083
3 734 2744 2985
3 245 3428 3691
3 5378 5543 5610
3 5011 4656 5012
3 4186 527 4397
3 2660 574 2680
3 1853 640 1945
3 4673 4598 4818
3 1934 637 2086
3 699 1886 1983
3 4132 3994 4150
3 642 1853 1985
3 2956 3113 3355
3 3064 531 3311
3 5462 5429 5636
3 526 1419 4322
3 1974 644 2085
3 2445 2519 2704
3 1563 1916 1961
3 648 1975 2081
3 1835 695 1896
3 1868 1846 2237
3 3996 4145 4249
3 5408 5242 5598
3 742 3309 3483
3 561 2416 2550
3 2320 2208 2449
3 5605 5501 5654
3 1158 658 2432
3 2123 2245 2334
3 674 1829 1898
3 5333 5267 5511
3 3238 3473 3623
3 646 1974 2083
3 3854 3986 4046
3 672 1765 1844
3 644 1973 2085
3 248 2255 3664
3 2573 2732 2857
3 2495 362 2666
3 351 2672 2840
3 2419 566 2436
3 4187 3969 4366
3 2952 2791 3021
3 2975 736 3131
3 2416 559 2548
3 4960 4486 4974
3 1743 682 1755
3 177 2977 3155
3 2421 570 2546
3 1809 1872 1964
3 324 1799 1903
3 1831 674 1898
3 1685 682 1743
3 267 2484 2696
3 656 2185 2321
3 4733 3923 5004
3 676 1831 1899
3 1335 358 3323
3 1834 693 1897
3 1967 678 1987
3 1889 676 1899
3 1645 1868 2008
3 678 1889 1987
3 1829 672 1844
3 1337 549 3338
3 285 2190 2324
3 1848 1718 1956
3 1755 680 2087
3 243 3231 3493
3 3933 4039 4162
3 5045 5249 5472
3 686 1826 1900
3 582 2628 2703
3 680 1967 2087
3 548 3288 3338
3 684 1685 1845
3 2744 732 2986
3 695 1834 1896
3 688 1812 1902
3 3372 3255 3410
3 4262 4315 4392
3 1812 686 1900
3 708 1157 2681
3 4597 3948 4808
3 1833 691 1901
3 194 3431 4596
3 3130 533 3324
3 1832 688 1902
3 210 3232 3501
3 3431 193 3654
3 2417 561 2550
3 4645 4942 5184
3 2815 726 2833
3 3246 3555 3586
3 1826 684 1845
3 3053 3296 3946
3 2388 2520 2638
3 693 1833 1897
3 2551 2455 2723
3 3484 506 3848
3 1898 2002 2092
3 1919 2077 2348
3 1791 1774 1878
3 2420 568 2549
3 3120 536 3129
3 566 2249 2436
3 1727 1880 2019
3 4608 4318 4715
3 548 3071 3288
3 1421 385 4787
3 736 2974 3131
3 3353 3510 3660
3 2288 2252 2396
3 691 1804 1901
3 5959 5984 6026
3 2651 2388 2759
3 4588 4692 5008
3 2369 712 2552
3 4377 4531 4623
3 5261 5428 5492
3 4114 4193 4382
3 2141 3772 4304
3 3336 3426 3647
3 2287 2452 2512
3 712 2418 2552
3 2803 2647 2935
3 732 2764 2986
3 2958 2843 3037
3 4584 4811 4955
3 2544 2449 2724
3 3087 3270 3516
3 2872 2639 3042
3 2290 2574 2732
3 4365 4327 4617
3 726 2665 2833
3 2249 564 2422
3 3496 3698 4068
3 570 2420 2546
3 716 2534 2690
3 5367 5521 5522
3 2418 710 2533
3 4017 3760 4234
3 3199 2913 3225
3 5048 5287 5411
3 307 1810 1911
3 4322 1419 4541
3 3572 3435 3878
3 2894 536 3120
3 4881 5201 5369
3 4263 4365 4617
3 2150 2071 2320
3 353 2816 3154
3 1743 2066 2093
3 2267 2432 2567
3 5617 5588 5745
3 5276 5144 5366
3 4099 420 4442
3 1747 2163 2232
3 4051 3903 4244
3 1931 1748 2119
3 4014 3882 4232
3 4863 5474 5632
3 332 331 1256
3 2043 1747 2232
3 2318 2032 2323
3 287 2146 2326
3 2301 2125 2331
3 3654 192 3791
3 3794 3496 4068
3 2548 2621 2876
3 2086 2222 2328
3 3119 545 3325
3 2013 1914 2129
3 1897 1948 2091
3 4340 4771 4861
3 4206 4010 4416
3 4979 5092 5204
3 4385 4234 4608
3 714 2369 2553
3 2764 730 2987
3 545 3058 3325
3 4873 4786 4960
3 180 2142 3696
3 3652 3410 3837
3 568 2419 2549
3 2533 710 2658
3 1245 1206 1289
3 2040 331 2099
3 2665 724 2834
3 2843 2780 3037
3 2535 716 2690
3 2550 2620 2877
3 3474 508 3484
3 1753 1863 1989
3 3837 3841 4023
3 3242 540 3472
3 3058 543 3312
3 2047 1972 2169
3 2239 2100 2357
3 4710 4722 4963
3 1801 2018 2136
3 523 4696 4773
3 1771 415 4067
3 3265 196 4521
3 3983 4203 4823
3 2032 2192 2323
3 3825 3837 4015
3 1988 1897 2091
3 1980 1753 1989
3 728 2815 2988
3 2766 2661 2980
3 2012 1902 2123
3 3163 3042 3381
3 1902 1955 2123
3 2664 722 2835
3 3882 3650 3984
3 1946 1898 2092
3 2439 364 2695
3 3703 3546 3903
3 1464 1492 1547
3 2125 2199 2331
3 724 2664 2834
3 4410 4244 4631
3 3818 3972 4159
3 2663 720 2836
3 3046 1337 3070
3 3471 3209 3735
3 718 2535 2691
3 2138 4273 4587
3 5877 5692 5912
3 2621 2531 2821
3 1763 1743 2093
3 722 2663 2835
3 5594 5683 6000
3 2534 714 2553
3 2620 2548 2876
3 2570 2731 2856
3 3349 3061 3546
3 576 2660 2822
3 2827 3075 3139
3 2609 2550 2877
3 5938 5983 5996
3 720 2662 2836
3 5387 5446 5509
3 2501 2567 2649
3 1748 2043 2119
3 2248 1158 2267
3 2718 2779 3004
3 4279 4196 4598
3 250 3459 3491
3 2926 3665 3853
3 4858 4798 4988
3 5075 4981 5199
3 5211 5213 5253
3 2500 2422 2635
3 1837 1813 2006
3 2008 2128 2220
3 1944 1964 2114
3 1419 524 4773
3 4203 3962 4411
3 3413 3491 3726
3 4711 4822 4850
3 5238 5204 5374
3 3221 508 3474
3 5809 5723 5837
3 2662 718 2691
3 4583 4541 4744
3 2151 2086 2328
3 2167 2294 2429
3 2630 2730 2746
3 3556 3587 3885
3 4130 4053 4392
3 1777 1752 1990
3 2510 2463 2729
3 510 3221 3850
3 2654 2696 2788
3 3029 2859 3061
3 2330 2448 2557
3 2378 2320 2544
3 5512 5243 5635
3 2278 2153 2434
3 3491 3725 3726
3 513 3793 4020
3 5197 4950 5387
3 3408 3091 3634
3 2972 728 2988
3 2652 2806 2948
3 3482 182 3616
3 3092 3443 3715
3 145 3317 3525
3 3782 4155 4202
3 3594 3652 3825
3 3052 3291 3792
3 1894 1999 2094
3 5187 5174 5526
3 2298 2169 2409
3 3433 3470 3722
3 3997 3768 4127
3 3437 3804 3975
3 3664 3830 3900
3 3337 3419 3739
3 2306 626 2317
3 1915 1843 1992
3 4949 4782 5182
3 472 6032 6046
3 2081 2147 2330
3 2860 2613 2992
3 5006 5097 5356
3 2460 2587 2710
3 3008 3166 3680
3 360 2775 2868
3 1843 1864 1992
3 3051 513 4020
3 5084 5288 5499
3 4503 4890 5203
3 3839 510 3850
3 2261 366 2426
3 2751 175 2982
3 5842 5752 5893
3 2760 2912 3184
3 1937 1894 2094
3 3410 3478 3841
3 4560 521 4571
3 2409 2486 2687
3 523 4560 4696
3 1849 1855 1943
3 4232 3984 4444
3 4123 5796 5864
3 2300 2167 2429
3 2615 2546 2843
3 3662 3893 4026
3 2546 2712 2843
3 1547 1584 1589
3 3725 3664 3900
3 4906 4945 5123
3 2438 2357 2578
3 5783 5806 5871
3 127 126 4038
3 4901 5194 5286
3 2166 2123 2334
3 521 4369 4571
3 4673 4965 5149
3 5563 5662 5721
3 1004 4482 4699
3 4801 4498 4957
3 2091 2165 2354
3 4482 4821 4881
3 5071 5056 5257
3 3005 2980 3072
3 231 3313 3495
3 3390 184 3675
3 1675 1694 1757
3 3263 3099 3337
3 2188 2339 2470
3 3830 3602 4077
3 730 2972 2987
3 4399 4572 4821
3 2805 2331 2851
3 5840 5750 5898
3 2686 2373 2694
3 2131 2195 2291
3 2834 2921 3146
3 2998 3127 3334
3 3275 2951 3517
3 2527 2547 2606
3 3381 3461 3723
3 5287 5387 5509
3 3250 3119 3445
3 3971 4077 4148
3 2209 2081 2330
3 4027 4282 4611
3 3962 3828 4268
3 2373 2489 2694
3 4238 4438 4584
3 4505 4737 5024
3 2311 656 2321
3 2839 2718 3004
3 2830 2649 3024
3 5528 5616 5619
3 3355 3113 3548
3 4315 4187 4568
3 5597 5585 5732
3 3289 3403 3718
3 2687 2838 2998
3 3628 3417 3849
3 5433 5735 5831
3 3579 3472 3824
3 2187 2281 2453
3 1998 1895 2090
3 3528 3381 3723
3 1999 1885 2124
3 3435 3828 3878
3 2384 2267 2501
3 1775 2050 2237
3 2672 349 2841
3 4096 3384 4311
3 4821 4925 5201
3 3416 3312 3620
3 1803 1939 2095
3 4025 4238 4357
3 2165 2121 2314
3 5655 5563 5690
3 3518 3353 3660
3 2153 2091 2354
3 2335 2458 2560
3 5411 5287 5509
3 4411 4268 4652
3 6052 6063 6065
3 2273 2050 2400
3 3625 5685 5881
3 2540 2409 2687
3 1933 1899 2110
3 3783 3940 4137
3 4756 4842 4975
3 2210 2114 2394
3 334 2536 2697
3 2885 2959 3097
3 2881 2817 2926
3 2331 2437 2851
3 2704 2768 3001
3 4261 4142 4387
3 2945 354 3121
3 2142 3246 3401
3 1752 1966 1990
3 2960 3200 3268
3 5930 5889 5945
3 2487 334 2697
3 3998 4397 4583
3 5229 5367 5522
3 2575 2659 2889
3 4603 4358 4751
3 2216 2129 2355
3 2113 2243 2335
3 2476 2430 2688
3 2807 2451 3002
3 5401 5608 5728
3 2097 2231 2339
3 4285 4209 4573
3 2393 2330 2557
3 1899 1946 2110
3 4339 4581 4755
3 2021 2592 3153
3 2671 347 2844
3 3194 3263 3521
3 1910 1950 2126
3 2423 2564 2636
3 2021 171 2205
3 3597 388 5502
3 2035 1969 2200
3 1908 2006 2097
3 4703 4320 4763
3 2756 166 3007
3 2103 1982 2214
3 2990 2834 3146
3 5086 4961 5158
3 257 1109 3160
3 2072 2217 2356
3 4150 3849 4426
3 2791 2686 3021
3 2499 2436 2718
3 2848 2929 3145
3 4661 4750 4906
3 2024 2008 2220
3 338 2667 2847
3 2045 1985 2226
3 3938 5413 5560
3 4874 5162 5384
3 3237 3070 3433
3 2625 369 2866
3 2759 2638 2923
3 2442 2566 2699
3 1603 1644 1646
3 5852 5944 5987
3 336 2487 2698
3 2670 345 2846
3 5820 5729 5954
3 2297 2239 2438
3 2762 2870 3041
3 5322 5128 5429
3 5560 5717 5775
3 1982 2051 2214
3 2556 2604 2848
3 3431 4216 4303
3 1947 1910 2126
3 1686 401 5639
3 4369 519 4574
3 1952 1908 2097
3 2608 338 2847
3 2117 2152 2327
3 658 2311 2432
3 4652 4727 4983
3 1895 1949 2090
3 4654 4958 5169
3 233 3227 3496
3 3690 3569 3901
3 3097 3269 3534
3 2859 2617 2860
3 2669 343 2849
3 2502 2442 2699
3 452 451 2896
3 1764 1742 1809
3 4556 4389 4752
3 3608 411 3913
3 4654 4547 4958
3 2593 2545 2867
3 2668 340 2850
3 2077 2140 2290
3 5687 5556 5835
3 2811 2600 2970
3 2842 2704 3001
3 3607 3445 3872
3 5790 5845 5911
3 5011 5012 5048
3 2897 2839 3138
3 5368 5123 5539
3 2436 2500 2718
3 4798 3577 4988
3 4312 4388 4986
3 5237 5131 5483
3 2445 2842 2892
3 2610 2501 2830
3 2486 2544 2612
3 5832 5781 5873
3 768 1691 3963
3 1985 2046 2226
3 2692 2556 2848
3 4200 4536 4604
3 4500 2625 4749
3 3401 3586 3757
3 3994 3849 4150
3 4991 4992 5172
3 2446 2323 2556
3 2126 2187 2338
3 2291 2433 2490
3 2804 2481 3009
3 4303 4582 4672
3 1950 1909 2098
3 2700 2570 2856
3 5509 5564 5648
3 5954 5939 5988
3 2508 2216 2683
3 4629 4444 4836
3 2667 336 2698
3 4557 4349 5032
3 5879 496 5961
3 5537 5309 5637
3 479 5866 5909
3 1989 2062 2215
3 2104 1989 2215
3 3606 3494 3774
3 2291 2490 2736
3 4068 4263 4401
3 3602 3803 4077
3 4745 4691 4953
3 2747 163 3006
3 3226 1109 3462
3 2233 2080 2347
3 2685 2760 2993
3 3644 3420 3856
3 1964 1940 2101
3 3684 3802 4048
3 3099 3105 3337
3 4676 4573 4956
3 2602 2512 2845
3 2827 2687 2998
3 2138 372 3018
3 5789 110 5900
3 2883 2643 3043
3 3569 3433 4242
3 5123 5148 5246
3 5240 5490 5631
3 3708 3299 3709
3 384 4506 4787
3 2429 2562 2629
3 2864 2691 2999
3 4299 517 4578
3 4089 4142 4261
3 3384 408 4626
3 1909 2005 2098
3 3209 3120 4079
3 486 1662 5990
3 4233 3777 4432
3 5813 480 5909
3 4177 3775 4355
3 4355 4127 4563
3 2506 2385 2637
3 2268 2206 2442
3 4148 4077 4246
3 3254 3713 3864
3 3604 3871 4070
3 2713 2553 2852
3 5474 5091 5632
3 3048 2785 3156
3 4371 4533 4780
3 2142 179 3085
3 2586 2460 2710
3 3602 246 3691
3 2323 2435 2556
3 3196 3283 3457
3 4189 3999 4381
3 2585 2627 2737
3 2591 2411 2623
3 2592 2795 2960
3 4757 4652 4983
3 517 4370 4578
3 2904 1335 3451
3 2658 708 2681
3 1966 1749 2108
3 4732 4606 4928
3 3230 3372 3652
3 2585 2586 2627
3 1864 1792 1963
3 483 5680 5788
3 4997 4749 5003
3 2290 2365 2574
3 2932 3089 3353
3 4730 4321 4897
3 2981 2788 3135
3 3155 3331 3555
3 3531 3731 3897
3 5800 5710 5840
3 2798 2938 3033
3 4987 5196 5392
3 2740 2599 2781
3 5612 5483 5735
3 3041 2937 3092
3 2999 3157 3336
3 2512 2651 2845
3 5784 5818 5890
3 4504 4590 4689
3 2254 2481 2729
3 4153 3946 4417
3 3060 2991 3328
3 4983 5200 5366
3 2479 3582 4168
3 4534 374 4587
3 5598 5555 5828
3 2080 2209 2347
3 2989 2848 3145
3 5003 4854 5326
3 4142 4068 4401
3 2182 2036 2277
3 3075 2998 3334
3 2891 2623 2925
3 2725 2530 2886
3 2553 2616 2852
3 4881 4821 5201
3 4636 4302 4748
3 6039 468 6043
3 4097 4094 4338
3 3845 3620 4013
3 2723 2944 3094
3 3893 4083 4240
3 1377 1297 1592
3 3757 3964 4165
3 2691 2787 2999
3 1662 484 5895
3 2545 2615 2867
3 4490 4339 4755
3 3665 3875 4062
3 5662 5709 5721
3 3577 405 5176
3 2745 2688 2991
3 2211 2287 2716
3 3121 353 3154
3 4493 4411 4757
3 3096 3038 3434
3 3002 2970 3110
3 5170 5207 5364
3 5191 5087 5367
3 368 2626 2866
3 3009 2481 3141
3 1003 189 3788
3 4480 4279 4673
3 5041 4730 5318
3 2629 2829 2964
3 2938 2845 3147
3 2206 2322 2442
3 3212 393 5955
3 2379 2394 2505
3 5001 4087 5189
3 5391 5392 5480
3 2428 1725 2528
3 1940 1911 2112
3 3735 3744 3995
3 4301 376 4589
3 3918 5408 5584
3 5540 5453 5591
3 4033 3941 4138
3 2264 1250 2411
3 5158 4956 5328
3 3940 4215 4393
3 2003 1903 2096
3 4503 4764 4890
3 3969 3880 4210
3 2810 2637 2997
3 3701 3741 3983
3 4945 4839 5148
3 2904 3752 3999
3 4446 4151 4644
3 371 2774 3018
3 190 1003 4039
3 3298 4272 5293
3 3412 3462 3575
3 5057 5006 5356
3 3673 770 3842
3 2766 2980 3005
3 2444 2577 2705
3 2601 2582 2855
3 2676 2573 2857
3 4327 4159 4562
3 3651 772 3673
3 1841 1764 1873
3 6042 5953 6056
3 4157 4009 4447
3 4149 3949 4388
3 3456 3618 3836
3 4750 4410 4945
3 4401 4526 4766
3 3792 3291 3885
3 519 4299 4574
3 3659 3771 4024
3 4095 379 4375
3 5491 5318 5624
3 2340 2454 2853
3 2170 2126 2338
3 3999 3935 4225
3 3110 3083 3299
3 4771 4524 4971
3 3944 3800 4533
3 3259 3391 4031
3 4487 4121 4782
3 5947 5988 6025
3 1854 1809 1944
3 495 5932 5961
3 2845 3016 3147
3 2768 2798 3033
3 2483 2426 4166
3 3086 3190 3217
3 4976 4790 5106
3 3782 152 4041
3 489 5973 6020
3 4466 4157 4623
3 3789 154 4032
3 2917 2833 3165
3 4567 4401 4766
3 5507 5423 5655
3 2152 2037 2325
3 1367 1105 1388
3 5691 4495 5805
3 3582 4360 4554
3 4818 4869 4965
3 291 2518 2554
3 4026 4240 4390
3 5791 5783 5874
3 2603 2741 2919
3 2382 2504 2709
3 3762 150 3961
3 3537 3630 3857
3 3245 3076 3490
3 1863 1754 2010
3 2728 2517 2879
3 4131 4015 4413
3 4799 4608 5019
3 1845 1763 1919
3 3988 3870 4206
3 5083 5220 5337
3 4741 4584 4955
3 744 1159 3851
3 2440 2542 2600
3 5854 5803 5884
3 2809 2976 3102
3 5392 5240 5431
3 2919 3057 3243
3 1911 1947 2112
3 2174 2113 2335
3 3092 3332 3443
3 4936 4757 5144
3 2231 2054 2463
3 4418 4232 4629
3 2464 2284 2571
3 1438 1444 1481
3 3704 5085 5296
3 5731 3676 5792
3 5600 5550 5682
3 3270 3542 3645
3 4830 5184 5294
3 3120 3979 4079
3 2951 2919 3517
3 1793 1777 1849
3 4329 4415 4479
3 2916 2855 3133
3 4141 4081 4368
3 1938 1750 2118
3 5316 4919 5401
3 2380 2325 2551
3 4362 4217 4622
3 2188 2097 2339
3 3587 3261 5495
3 2429 2629 2682
3 3418 3302 3670
3 5478 5338 5645
3 5467 5601 5636
3 3324 3514 4030
3 5281 1686 5424
3 1364 1460 1468
3 4992 5473 5611
3 4419 4646 4805
3 2404 2527 2701
3 3668 3826 4035
3 2307 2278 2440
3 5164 5339 5497
3 2833 2990 3165
3 503 502 1488
3 4304 4495 5627
3 3420 3286 3671
3 4385 4608 4799
3 3340 3136 3352
3 2060 2013 2216
3 2865 2694 3000
3 5152 5057 5298
3 2218 2345 2444
3 2788 2918 3135
3 4816 4575 5015
3 4119 489 6020
3 4357 4238 4584
3 3963 4265 4419
3 460 459 2257
3 5015 4877 5126
3 4501 4387 4567
3 3781 4003 4111
3 2363 140 2555
3 3286 3194 3521
3 4932 4884 5096
3 5411 5509 5648
3 4617 4327 4735
3 2592 3056 3153
3 3473 3008 3680
3 1936 1904 2113
3 2824 161 2983
3 2536 2404 2634
3 156 155 1002
3 1903 1936 2096
3 471 1913 6032
3 4908 5113 5150
3 3686 3854 4046
3 2772 1253 3044
3 526 525 1419
3 2026 1944 2210
3 4866 4981 5075
3 4851 4751 5203
3 4289 4188 4603
3 2832 2676 2978
3 3621 3634 3768
3 585 584 2342
3 4514 4772 4959
3 190 189 1003
3 3356 3164 3663
3 4164 4351 4581
3 4048 3802 4141
3 4199 3945 4328
3 2470 2510 2702
3 2647 2551 3169
3 551 550 1337
3 224 223 1004
3 2437 2472 2603
3 3134 3355 3448
3 2565 2382 2709
3 4621 4370 4622
3 2254 2210 2379
3 3233 3133 3485
3 2694 2808 3000
3 2547 2444 2705
3 2634 2701 2870
3 486 485 1662
3 1984 2052 2218
3 1991 1977 2037
3 2897 3326 3488
3 262 2675 2862
3 5595 5420 5770
3 4782 5002 5182
3 5866 5923 5984
3 5305 5322 5623
3 578 577 1253
3 3574 3629 3863
3 3741 3878 3962
3 3761 3712 4017
3 3584 3537 3857
3 2702 2804 3003
3 2105 1984 2218
3 3620 3769 4013
3 2399 2335 2560
3 2054 1873 2234
3 5811 499 5888
3 3906 4063 4363
3 2561 2470 2702
3 5251 5045 5472
3 1873 1854 2234
3 626 625 1161
3 2761 2698 2968
3 6005 472 6046
3 3786 3670 4028
3 5018 4489 5161
3 3966 4164 4339
3 4825 4809 4870
3 3873 3838 4009
3 3397 3328 3657
3 5174 5236 5526
3 4937 4514 4959
3 6014 6031 6055
3 3624 3485 3847
3 3076 3330 3490
3 2574 2597 2758
3 4587 4273 4725
3 5714 5693 5790
3 3159 2999 3336
3 2701 2606 2752
3 4278 4588 4767
3 602 601 1593
3 3243 3489 3571
3 3280 3622 3898
3 4224 4029 4381
3 4172 4028 4391
3 2134 2015 2157
3 4553 4471 4690
3 5865 5824 5880
3 2918 2786 3093
3 4098 4460 4832
3 257 256 1109
3 5602 5411 5648
3 4864 5149 5400
3 1867 1915 1953
3 4205 4412 4514
3 2850 2962 3099
3 3327 3268 3411
3 625 624 1161
3 5171 4906 5368
3 3586 3555 4022
3 577 576 1253
3 5021 5221 5295
3 3402 772 3651
3 2346 2218 2444
3 3550 3689 3902
3 5144 4983 5366
3 128 127 1376
3 5480 5431 5588
3 3274 157 3497
3 4398 4510 4774
3 3785 1488 5808
3 2327 2152 2380
3 660 659 1158
3 2189 2285 2443
3 3306 3150 3499
3 1958 1798 2036
3 2870 2752 2937
3 2928 2966 3068
3 3307 3167 3512
3 744 743 1159
3 3877 3874 3950
3 4020 4176 4398
3 550 549 1337
3 2916 3233 3532
3 3565 3474 4395
3 293 292 1250
3 5238 5422 5467
3 708 707 1157
3 623 622 1827
3 5616 5556 5687
3 5038 5555 5642
3 4089 3794 4142
3 2547 2828 2994
3 2354 2468 2575
3 604 603 1709
3 5803 5691 5805
3 600 599 1647
3 5464 5245 5652
3 3778 3659 4024
3 2181 2153 2278
3 3422 3297 3658
3 4761 4810 4916
3 3957 3847 4204
3 2616 2552 2869
3 707 706 1157
3 2577 2374 2878
3 601 600 1593
3 659 658 1158
3 333 332 1256
3 743 742 1159
3 1836 1815 2004
3 3677 3892 4011
3 525 524 1419
3 3443 3672 3809
3 3234 3558 3600
3 621 620 1788
3 2466 2396 2522
3 2601 2916 2996
3 606 605 1697
3 5908 5968 5983
3 198 3315 3502
3 410 3612 3913
3 3247 3140 3505
3 270 2581 2738
3 3835 3679 3992
3 391 3415 5878
3 471 470 1913
3 4295 4168 4554
3 6058 6052 6065
3 2481 2379 3028
3 4668 4635 4835
3 3476 3248 3668
3 3550 3368 3689
3 622 621 1827
3 619 618 1740
3 608 607 1695
3 3598 3278 3659
3 3774 3718 3915
3 2041 1158 2248
3 1948 1901 2121
3 3656 3548 3870
3 3278 3404 3659
3 3364 3178 3550
3 359 358 1335
3 597 596 1738
3 5081 4907 5317
3 617 616 1739
3 603 602 1709
3 499 5777 5888
3 2841 2943 3507
3 2991 2872 3163
3 502 501 1488
3 3880 4007 4210
3 5143 4881 5369
3 2970 2914 3083
3 599 598 1647
3 1987 1933 2131
3 4709 4517 4970
3 3627 3518 3660
3 611 610 1693
3 2066 2087 2191
3 2680 2593 2885
3 4075 4013 4258
3 4743 4979 5204
3 3812 3658 4014
3 614 613 1687
3 3328 3163 3528
3 595 594 1713
3 4466 4660 4818
3 2754 2702 3003
3 4795 4479 5017
3 605 604 1697
3 2278 2434 2542
3 613 612 1710
3 591 590 1688
3 620 619 1788
3 4132 4150 4350
3 4217 4020 4398
3 3368 3557 3689
3 742 741 3309
3 593 592 1712
3 255 3626 3661
3 587 586 1737
3 607 606 1695
3 4655 4743 4859
3 5515 5348 5619
3 3461 3574 3881
3 5679 5707 5812
3 4609 4776 4927
3 3288 3250 3470
3 5170 4952 5207
3 5588 5431 5609
3 2451 2811 3002
3 3017 2886 3183
3 618 617 1740
3 3248 3409 3668
3 554 553 2614
3 2905 2840 3710
3 4841 4908 5150
3 609 608 1711
3 3753 3900 3971
3 705 704 2068
3 1552 1487 1619
3 610 609 1693
3 5282 5452 5498
3 5777 497 5879
3 3000 3111 3344
3 3777 3668 4035
3 741 740 3309
3 4255 4455 4620
3 2024 2252 2288
3 616 615 1739
3 4793 4571 4968
3 4512 4635 4668
3 612 611 1710
3 596 595 1738
3 3540 3678 3877
3 5096 5143 5277
3 5569 4044 5707
3 2430 2358 2515
3 615 614 1687
3 4959 5152 5335
3 2644 2807 3014
3 2271 2333 2466
3 2688 2515 2872
3 4600 4813 5022
3 2659 2406 2676
3 224 1004 5014
3 4809 4360 4994
3 6018 492 6047
3 584 583 1725
3 215 2141 4602
3 5264 5461 5638
3 2079 2103 2242
3 4943 4864 5130
3 4124 4017 4385
3 2873 3040 3167
3 656 655 2185
3 3419 3715 3783
3 5867 5787 5951
3 5970 6018 6030
3 491 4119 6038
3 704 703 2068
3 2122 2001 2221
3 3911 4940 5189
3 594 593 1713
3 227 226 3430
3 3056 2960 3327
3 5034 4936 5144
3 586 585 1737
3 3157 2954 3257
3 2279 2326 2564
3 5256 5125 5323
3 2723 3094 3169
3 5686 5744 5783
3 3115 3300 3506
3 590 589 1688
3 664 663 1862
3 592 591 1712
3 386 385 1421
3 3451 3601 3752
3 5207 4948 5364
3 5311 5098 5477
3 5051 4959 5335
3 5884 5937 5997
3 3946 4387 4417
3 1942 329 1984
3 740 739 3118
3 4670 5053 5397
3 2829 3017 3136
3 4225 4402 4577
3 495 3921 5932
3 655 654 2185
3 2321 2268 2465
3 3836 3618 3996
3 3606 3774 4083
3 5588 5609 5716
3 4956 4795 5177
3 3895 4027 4611
3 574 573 2529
3 3458 3633 3895
3 4166 4224 4396
3 4790 4847 5230
3 703 702 1970
3 663 662 1862
3 2147 2083 2353
3 5177 5017 5371
3 3861 3977 4219
3 5300 5114 5493
3 200 3228 3504
3 5496 5436 5638
3 4062 3875 4199
3 3792 3938 5719
3 1507 1535 1652
3 2778 2679 3038
3 468 4754 6043
3 4844 5083 5341
3 4049 3863 4267
3 4386 4233 4557
3 3406 3307 3512
3 4586 4398 4774
3 751 3780 4043
3 654 653 2070
3 3469 2841 3507
3 3566 747 3865
3 553 552 2614
3 3447 3666 3846
3 739 738 3118
3 3087 2933 3270
3 3182 3136 3340
3 4871 4799 5147
3 5404 115 5575
3 2637 2995 2997
3 5169 4958 5376
3 3588 3512 3733
3 4875 4936 5034
3 3657 3528 3880
3 702 701 1970
3 3546 3230 3594
3 5371 5066 5544
3 1593 1655 1716
3 386 1421 5308
3 3850 3565 4071
3 330 329 1942
3 747 3796 3865
3 221 220 4143
3 1593 1645 1655
3 4573 4329 4795
3 5193 5316 5500
3 3949 4197 4388
3 339 2608 2850
3 666 665 1885
3 485 484 1662
3 4019 3324 4030
3 3251 3406 3666
3 3067 143 3272
3 653 652 2070
3 5355 5182 5536
3 3200 2820 3310
3 3357 3446 3731
3 3834 3677 4011
3 194 193 3431
3 2160 2241 2292
3 738 737 2975
3 1645 1647 1868
3 2542 2719 2831
3 5597 5450 5660
3 4024 4171 4373
3 4686 4487 4949
3 3549 3550 3583
3 3150 3354 3499
3 313 312 1684
3 701 700 1887
3 576 575 2660
3 652 651 2069
3 3417 3524 3615
3 573 572 2529
3 2193 2060 2508
3 4460 4762 4846
3 5328 5177 5510
3 4396 4558 4776
3 665 664 1885
3 3081 2969 3172
3 2067 2167 2300
3 3299 3498 3709
3 506 505 3591
3 297 296 1891
3 4359 4564 4782
3 2562 2725 2829
3 2689 2873 2976
3 582 581 2485
3 5147 5019 5348
3 1156 1103 1202
3 261 260 2674
3 737 736 2975
3 700 699 1887
3 2542 2434 2719
3 4325 222 4399
3 1647 1846 1868
3 572 571 2421
3 651 650 2069
3 5500 5651 5739
3 3688 3898 3899
3 667 666 1828
3 3269 3177 3360
3 3813 4195 4254
3 3611 3457 3873
3 650 649 1976
3 3806 3764 4057
3 479 3922 5866
3 492 6038 6047
3 476 4126 5975
3 5878 5793 5940
3 4704 4967 5164
3 2886 2932 3183
3 4870 4994 5128
3 2124 2201 2358
3 4390 4612 4762
3 1958 2182 2340
3 5992 5961 6014
3 2028 2213 2217
3 699 698 1886
3 3922 477 5994
3 736 735 2974
3 5872 5887 5938
3 3583 3550 3902
3 4241 4016 4372
3 298 297 1892
3 187 186 3595
3 555 554 2532
3 5058 4985 5361
3 5780 5687 5872
3 5463 5600 5723
3 629 628 2155
3 4144 4331 4590
3 2714 2540 2827
3 3177 3080 3360
3 4237 4278 4524
3 529 528 3236
3 3580 3513 3861
3 3600 3644 3776
3 575 574 2660
3 2111 2067 2300
3 4864 4673 5149
3 4375 378 4606
3 648 647 1975
3 3947 3861 4219
3 4839 5133 5148
3 328 327 1861
3 6041 6014 6055
3 2117 1991 2152
3 2333 2288 2466
3 3447 3251 3666
3 649 648 1976
3 3605 213 3692
3 3514 3311 3712
3 581 580 2485
3 632 631 2038
3 2776 2949 3142
3 3513 3589 3861
3 698 697 1886
3 5680 481 5813
3 749 3566 3867
3 2450 2509 2645
3 262 261 2675
3 5278 5414 5640
3 559 558 2370
3 4690 4999 5160
3 2840 3469 3710
3 3166 2935 3302
3 4758 4989 5181
3 533 532 3064
3 635 634 1929
3 735 734 2974
3 2700 2856 2979
3 5085 4905 5159
3 3252 3306 3439
3 646 645 1974
3 4571 4675 4968
3 668 667 1811
3 5510 5371 5662
3 1775 1738 1981
3 4013 4149 4258
3 5928 5997 6019
3 2001 2034 2221
3 2261 2483 2626
3 2527 2346 2547
3 4486 4781 4974
3 5269 5548 5646
3 1751 1713 1980
3 628 627 2155
3 697 696 1835
3 2645 2803 3008
3 627 626 2306
3 4316 4417 4501
3 644 643 1973
3 571 570 2421
3 3813 3604 4070
3 637 636 1971
3 5291 5164 5497
3 647 646 1975
3 3881 3574 4049
3 5788 5855 5936
3 641 640 1853
3 630 629 2071
3 4462 4604 5540
3 733 732 2744
3 1373 1310 1409
3 570 569 2420
3 5870 5800 5898
3 631 630 2038
3 2995 2755 3011
3 1738 1751 1981
3 5882 5874 5948
3 1713 1753 1980
3 4886 2898 5088
3 4609 4396 4776
3 5462 5455 5623
3 3889 3700 4065
3 633 632 1972
3 230 229 3262
3 634 633 1929
3 4126 474 6044
3 4820 4885 5210
3 215 214 2141
3 3392 3327 3662
3 180 179 2142
3 696 695 1835
3 248 247 2255
3 645 644 1974
3 672 671 1765
3 394 3212 5977
3 2818 2645 3008
3 4195 4070 4364
3 2226 2297 2460
3 3489 3711 3852
3 5572 5656 5749
3 2101 1940 2112
3 636 635 1971
3 5600 5682 5837
3 695 694 1834
3 4862 4765 5114
3 734 733 2744
3 2921 2835 3187
3 643 642 1973
3 638 637 1934
3 4786 4486 4960
3 3394 5476 5568
3 4162 4352 4632
3 3915 3737 4052
3 561 560 2416
3 2922 2757 3150
3 642 641 1853
3 4258 4312 4561
3 326 325 1888
3 301 300 1840
3 674 673 1829
3 2809 2689 2976
3 2754 3003 3380
3 5775 5947 5991
3 558 557 2370
3 2382 2338 2453
3 3957 4204 4309
3 219 218 3934
3 5803 5805 5884
3 671 670 1765
3 4555 756 4592
3 3844 751 4043
3 676 675 1831
3 4098 4390 4460
3 682 681 1755
3 4389 4166 4396
3 5678 5426 5749
3 2486 2378 2544
3 274 273 1923
3 694 693 1834
3 684 683 1685
3 732 731 2764
3 678 677 1889
3 3414 3365 3604
3 680 679 1967
3 693 692 1833
3 3061 3137 3230
3 568 567 2419
3 287 286 2146
3 768 767 1691
3 4581 4351 4806
3 2202 2124 2358
3 2505 2633 2776
3 3901 3569 4308
3 505 504 3591
3 536 535 3129
3 231 230 3313
3 4342 4570 4765
3 3233 3485 3624
3 3073 135 3342
3 3355 3548 3656
3 673 672 1829
3 569 568 2420
3 548 547 3071
3 4387 4142 4567
3 4605 4637 4770
3 731 730 2764
3 4027 4249 4282
3 5640 5597 5732
3 5835 5700 5887
3 2347 2393 2570
3 5927 5879 5992
3 3422 3658 3812
3 686 685 1826
3 681 680 1755
3 683 682 1685
3 532 531 3064
3 675 674 1831
3 658 657 2311
3 4251 4097 4342
3 5038 5282 5498
3 5524 5669 5677
3 3400 3360 3685
3 5182 5391 5536
3 2020 1855 2111
3 2006 1866 2231
3 3474 4367 4395
3 1711 1748 1931
3 5307 5230 5425
3 508 507 3484
3 679 678 1967
3 2776 2633 2949
3 677 676 1889
3 5226 5551 5573
3 197 196 3265
3 5737 5553 5902
3 2601 2855 2916
3 3805 3284 3862
3 5033 4888 5098
3 688 687 1812
3 3237 3569 3690
3 3148 3000 3344
3 545 544 3058
3 692 691 1833
3 3151 2922 3306
3 3624 3847 3957
3 3949 3995 4197
3 2940 3059 3259
3 538 537 2894
3 690 689 1832
3 2506 2637 2810
3 324 323 1799
3 5099 4674 5380
3 4859 5204 5238
3 685 684 1826
3 303 302 1839
3 560 559 2416
3 1493 1518 1523
3 5556 5711 5835
3 767 766 1691
3 566 565 2249
3 2093 2183 2227
3 5776 5812 5852
3 3509 3635 3944
3 2866 4556 4749
3 395 5977 6028
3 5085 5159 5492
3 687 686 1812
3 657 656 2311
3 158 157 3274
3 4758 4568 4989
3 3574 3863 4049
3 4098 4026 4390
3 1825 1786 1882
3 1741 1794 1798
3 265 264 2537
3 3580 3861 3947
3 713 712 2369
3 689 688 1832
3 5226 5193 5500
3 4547 4315 4758
3 3082 3148 3249
3 1943 1855 2020
3 691 690 1804
3 3756 4026 4098
3 3726 3753 4081
3 3257 3115 3506
3 2757 2700 2979
3 357 356 3122
3 4673 4818 4965
3 3439 3306 3499
3 2916 3133 3233
3 3256 3513 3580
3 2806 2624 2956
3 711 710 2418
3 2032 1953 2192
3 276 275 2076
3 245 244 3428
3 5405 5481 5577
3 5862 5705 5889
3 1687 1749 1966
3 322 321 1836
3 314 313 1841
3 728 727 2815
3 1752 1687 1966
3 2485 2661 2766
3 567 566 2419
3 4453 4802 4931
3 2922 3150 3306
3 3662 3411 3893
3 1843 1788 1864
3 2856 3015 3162
3 2919 2741 3057
3 714 713 2369
3 534 533 3130
3 510 509 3221
3 321 320 1815
3 3571 3489 3852
3 562 561 2417
3 3584 3857 4025
3 2964 2829 3136
3 3737 3770 4052
3 5553 5407 5714
3 712 711 2418
3 316 315 1813
3 5130 4864 5400
3 2914 3254 3498
3 250 249 3459
3 2851 2603 2951
3 3249 3500 3686
3 198 197 3315
3 5481 5295 5625
3 3645 3447 3846
3 317 316 1837
3 5669 5688 5758
3 5069 5111 5346
3 305 304 1838
3 4413 4144 4590
3 3251 3307 3406
3 727 726 2815
3 319 318 1807
3 5276 5366 5454
3 252 251 3222
3 1788 1792 1864
3 547 546 3071
3 710 709 2658
3 4842 4686 5146
3 4769 4962 5054
3 3243 3057 3489
3 3057 3348 3489
3 5692 5810 5912
3 5506 5343 5650
3 3802 3726 4081
3 285 284 2190
3 4538 4773 4924
3 716 715 2534
3 535 534 3129
3 2629 2562 2829
3 5677 5669 5758
3 726 725 2665
3 5114 5273 5493
3 2454 2601 2853
3 1776 1737 2171
3 1765 1830 1893
3 3904 4093 4255
3 1695 1747 2043
3 4012 4085 4118
3 212 211 3429
3 5429 5467 5636
3 3004 3173 3357
3 546 545 3119
3 185 184 3390
3 4142 4401 4567
3 2128 2237 2273
3 5533 5606 5666
3 2104 2215 2341
3 3780 749 3867
3 4144 4065 4331
3 3756 3662 4026
3 709 708 2658
3 758 4555 4779
3 253 252 3314
3 4349 4523 4769
3 1748 1695 2043
3 1896 1834 1988
3 1697 1746 2163
3 544 543 3058
3 565 564 2249
3 460 2257 5734
3 2719 2575 2889
3 233 232 3227
3 3114 3303 3329
3 725 724 2665
3 4604 5453 5540
3 162 161 2824
3 1849 1777 1855
3 3128 3277 3519
3 3335 3078 3509
3 3142 2949 3238
3 537 536 2894
3 278 277 2075
3 2628 2485 2766
3 289 288 2279
3 724 723 2664
3 363 362 2495
3 1747 1697 2163
3 243 242 3231
3 4843 4725 5167
3 5295 5486 5625
3 715 714 2534
3 2479 147 3441
3 3588 3734 3787
3 307 306 1810
3 2499 2718 2839
3 5156 4690 5160
3 2012 2123 2166
3 718 717 2535
3 6031 6030 6058
3 1844 1765 1893
3 4031 3391 4208
3 4148 4246 4528
3 267 266 2484
3 4493 4757 4936
3 254 253 3475
3 4366 4210 4600
3 3817 3686 4046
3 470 469 1913
3 284 283 2189
3 4762 4943 5180
3 3057 2741 3182
3 4943 5130 5180
3 4846 4762 5180
3 235 234 3260
3 513 512 3793
3 4392 4315 4547
3 1989 1863 2062
3 730 729 2972
3 3370 3249 3438
3 1855 1777 1990
3 1992 2048 2228
3 722 721 2663
3 541 540 3242
3 1834 1897 1988
3 723 722 2664
3 1863 2010 2062
3 236 235 3366
3 269 268 2494
3 2380 2551 2647
3 240 239 2137
3 4353 4162 4632
3 2940 2877 3034
3 270 269 2581
3 760 4502 4593
3 4227 3943 5642
3 4883 4689 5086
3 4701 4827 4917
3 5606 5533 5615
3 3521 3739 3896
3 4725 4998 5167
3 1895 1835 1949
3 255 254 3626
3 717 716 2535
3 3875 3945 4199
3 2603 2472 2741
3 1925 2093 2227
3 3965 3844 4440
3 3899 3985 4223
3 729 728 2972
3 3198 3520 3688
3 4460 4390 4762
3 2254 2379 2481
3 4706 4493 4936
3 720 719 2662
3 3097 2959 3269
3 2434 2354 2575
3 2894 3209 3471
3 2959 3177 3269
3 3259 3059 3391
3 2458 2265 2561
3 1832 1902 2012
3 4962 4851 5208
3 2620 2876 3034
3 4198 4141 4323
3 5154 5053 5459
3 3453 3319 3688
3 1831 1898 1946
3 1915 1992 2049
3 4675 4574 4991
3 507 506 3484
3 721 720 2663
3 2195 2349 2433
3 5160 5157 5365
3 1988 2091 2153
3 2973 3186 3369
3 3802 4081 4141
3 4145 3947 4383
3 4339 4164 4581
3 2580 2366 2624
3 1919 1763 1925
3 1899 1831 1946
3 280 279 2074
3 5056 5011 5239
3 1812 1900 1955
3 756 3211 4592
3 2433 2572 2689
3 283 282 2072
3 753 3844 3965
3 172 2021 3347
3 1902 1812 1955
3 4374 4545 4788
3 2291 2195 2433
3 2798 2602 2938
3 5551 5500 5739
3 2988 2917 3198
3 2760 2810 2912
3 290 289 2423
3 5602 5648 5741
3 5997 5931 6019
3 3053 3946 4153
3 476 5975 5994
3 719 718 2662
3 4593 4680 4985
3 4502 758 4779
3 4240 4452 4612
3 3211 754 4239
3 3084 2986 3358
3 1835 1896 1949
3 5959 5909 5984
3 210 209 3232
3 172 171 2021
3 2627 2586 2823
3 4394 4517 4709
3 3991 3890 4428
3 1925 1763 2093
3 2440 2278 2542
3 3244 3001 3526
3 2586 2710 2823
3 2692 2848 2989
3 2323 2192 2435
3 1948 2121 2165
3 2091 1948 2165
3 2545 2421 2615
3 2808 2644 3014
3 2827 2998 3075
3 207 206 2022
3 200 199 3228
3 5985 486 5990
3 1685 1743 1763
3 2877 2620 3034
3 2331 2199 2437
3 2298 2409 2540
3 523 522 4560
3 521 520 4369
3 2446 2556 2692
3 4752 4609 4854
3 352 351 2816
3 4386 4557 4768
3 5435 5834 5920
3 2131 1933 2195
3 3813 4070 4195
3 335 334 2487
3 4959 4772 5152
3 1953 1915 2049
3 2562 2410 2725
3 1982 1887 2051
3 282 281 2028
3 2296 2460 2586
3 2436 2249 2500
3 509 508 3221
3 2051 2154 2336
3 1855 1990 2111
3 2158 2318 2457
3 1685 1763 1845
3 2832 2978 3186
3 1483 1269 1505
3 4928 5118 5248
3 3060 3397 3477
3 177 176 2977
3 2522 2396 2685
3 3360 3080 3488
3 2605 2399 3176
3 202 201 3261
3 5713 5825 5900
3 4521 195 4596
3 5701 5614 5800
3 3403 3100 3737
3 338 337 2667
3 4203 4411 4493
3 2370 2531 2621
3 528 527 4186
3 183 182 3482
3 4224 4381 4558
3 5450 5464 5660
3 3794 4068 4142
3 203 202 3316
3 2416 2548 2620
3 1811 1894 1937
3 5769 5557 5782
3 2654 2788 2981
3 2249 2422 2500
3 2125 1943 2199
3 1933 2110 2195
3 2417 2550 2609
3 1854 2026 2234
3 5885 5409 5956
3 3391 4179 4208
3 2049 1992 2228
3 3069 2987 3319
3 4278 4096 4588
3 2540 2687 2827
3 2026 2210 2254
3 2396 2252 2488
3 2490 2433 2689
3 1934 2086 2151
3 4275 760 4593
3 291 290 2518
3 155 154 3789
3 3941 3895 4335
3 2758 2597 2906
3 3786 4028 4172
3 1830 1914 2013
3 3895 3633 4027
3 2290 2140 2365
3 5728 5679 5776
3 3333 3476 3505
3 2347 2209 2393
3 4954 5226 5473
3 106 3394 5765
3 2881 2926 3814
3 148 147 2479
3 3360 3488 3685
3 4548 765 4594
3 1887 1983 2051
3 3350 3299 3522
3 3517 3243 3639
3 4841 4695 4908
3 1985 1853 2046
3 5196 5042 5240
3 3801 3584 4025
3 2427 2613 2860
3 511 510 3839
3 2645 2509 2803
3 2602 2845 2938
3 5174 5096 5236
3 2150 2320 2378
3 1853 1945 2046
3 474 6005 6044
3 5324 5151 5505
3 1222 1372 1417
3 2465 2268 2502
3 4939 4932 5174
3 3353 3089 3510
3 2100 1934 2151
3 5268 5172 5653
3 3644 3856 4018
3 2026 2254 2729
3 4871 5147 5254
3 2060 2216 2508
3 2550 2416 2620
3 3448 3355 3656
3 3614 3540 3877
3 3629 3827 3863
3 4575 4716 4877
3 2257 458 5487
3 2885 2593 2959
3 1313 1264 1348
3 512 511 3793
3 3656 3870 3988
3 2209 2330 2393
3 2421 2546 2615
3 2548 2370 2621
3 3294 130 3440
3 402 401 1686
3 1274 1287 1313
3 2047 2169 2298
3 2152 2325 2380
3 765 4310 4594
3 3639 3571 3811
3 2563 2417 2609
3 5473 5226 5573
3 2158 2032 2318
3 3056 3327 3392
3 4663 4627 4907
3 2384 2501 2610
3 514 513 3051
3 5894 5873 5939
3 1914 1811 1937
3 5098 4888 5344
3 5976 5936 6022
3 1340 1368 1381
3 2757 2979 3150
3 164 163 2747
3 365 364 2439
3 5078 4993 5280
3 3341 5881 5918
3 4018 3856 4188
3 4514 4412 4772
3 3966 3746 4164
3 3818 4159 4327
3 5987 5989 6013
3 3835 3992 4211
3 2857 2933 2978
3 2600 2542 2831
3 4437 4403 4647
3 1655 2008 2024
3 2268 2442 2502
3 5723 5600 5837
3 389 388 3597
3 4378 762 4595
3 2350 2385 2506
3 3392 3662 3756
3 2637 2755 2995
3 4642 4723 4984
3 4687 4851 4962
3 176 175 2751
3 350 349 2672
3 4203 4493 4823
3 2745 2991 3060
3 133 132 3063
3 2859 2992 3137
3 3060 3328 3397
3 1945 2100 2239
3 2365 2140 2503
3 762 4275 4595
3 3863 3980 4267
3 3880 3881 4007
3 4769 4523 4962
3 3752 3835 3935
3 3418 3670 3786
3 4402 4559 4577
3 2080 1976 2209
3 2445 2704 2842
3 5111 4960 5388
3 3722 3746 3966
3 2894 3120 3209
3 3346 3128 3519
3 522 521 4560
3 3951 3899 4223
3 1502 1463 1553
3 5069 4873 5111
3 3391 3059 3536
3 3237 3433 3569
3 4550 441 4618
3 3101 3297 3422
3 520 519 4369
3 203 3316 3556
3 6030 6047 6052
3 2535 2690 2787
3 2812 2627 3010
3 3867 3937 4230
3 3094 2944 3329
3 5034 5144 5276
3 165 164 2819
3 2280 2430 2476
3 2745 3060 3171
3 1764 1854 1873
3 342 2607 2849
3 4508 4565 4661
3 4796 4600 5022
3 1911 1810 1947
3 2593 2867 2959
3 2287 2512 2602
3 3616 181 3696
3 4722 4870 4963
3 383 382 4321
3 3414 3813 4022
3 1684 1764 1841
3 2821 3022 3078
3 2282 2382 2565
3 4480 4673 4864
3 1976 2081 2209
3 4847 5110 5343
3 3325 3058 3416
3 1684 1742 1764
3 3569 4242 4308
3 3123 2754 3380
3 3635 3800 3944
3 4676 4956 5158
3 3242 3472 3579
3 5414 5597 5640
3 3210 776 4229
3 2392 2570 2700
3 4391 4620 4812
3 2691 2535 2787
3 3326 3138 3531
3 1838 1909 1950
3 1810 1910 1947
3 4320 4594 4763
3 2592 2960 3056
3 4360 4655 4994
3 2574 2365 2597
3 3250 3445 3607
3 3511 3242 3579
3 2369 2552 2616
3 3058 3312 3416
3 2561 2702 2754
3 2797 2963 3175
3 5163 4704 5164
3 2976 2873 3167
3 3764 3817 3958
3 5045 4462 5249
3 2373 2292 2489
3 462 5726 5824
3 1502 1553 1578
3 348 347 2671
3 1888 325 1903
3 5243 5542 5634
3 4686 4949 5146
3 355 354 2945
3 2454 2582 2601
3 2617 2461 2860
3 2195 2110 2349
3 1463 1520 1553
3 3692 3429 3855
3 134 133 3125
3 5667 5885 5956
3 2214 2336 2451
3 5614 5710 5800
3 2112 1947 2170
3 2103 2214 2319
3 2206 2070 2322
3 5053 5154 5397
3 2541 2714 2826
3 2242 2103 2319
3 3390 3858 4074
3 3493 3231 3572
3 1253 2822 2928
3 4702 4312 4986
3 4688 462 5824
3 167 166 2756
3 1906 1807 1952
3 3416 3620 3845
3 5987 6013 6017
3 2287 2602 2716
3 1807 1908 1952
3 2215 2062 3174
3 1862 1969 2035
3 4753 4342 4765
3 3419 3239 3715
3 4631 4839 4945
3 4875 5034 5354
3 2635 2765 3036
3 3426 3613 3806
3 2553 2369 2616
3 519 518 4299
3 1372 1169 1417
3 3076 2989 3330
3 3166 3302 3418
3 367 366 2261
3 4323 4141 4368
3 1910 1838 1950
3 1958 2036 2182
3 4822 4747 4850
3 1854 1944 2026
3 2778 3038 3096
3 2248 2267 2384
3 4125 4302 4636
3 120 119 2372
3 2694 2489 2808
3 2600 2831 2914
3 4338 4497 4797
3 334 333 2536
3 3531 3357 3731
3 3628 3849 3994
3 168 167 2820
3 3414 3604 3813
3 4961 4676 5158
3 754 3965 4239
3 1465 1556 1592
3 5930 5945 5998
3 3718 3403 3915
3 4285 4573 4676
3 4213 3934 4305
3 4431 3951 4828
3 2070 2207 2322
3 3223 3417 3628
3 2833 2665 2990
3 3138 3004 3357
3 5339 5141 5398
3 2710 2825 3023
3 336 335 2487
3 1795 1785 1796
3 1947 2126 2170
3 3239 3092 3715
3 3576 108 5718
3 3409 2905 3710
3 2959 2867 3177
3 5073 5119 5313
3 4343 4537 4837
3 2406 2573 2676
3 3221 3474 3565
3 2979 2856 3162
3 5131 4844 5341
3 3470 3250 3607
3 2187 2122 2281
3 346 345 2670
3 4707 4951 5097
3 3761 4124 4194
3 2597 2365 2715
3 2695 2495 4029
3 183 3482 3675
3 1903 1799 1936
3 5690 5721 5801
3 240 2137 3694
3 3277 3131 3540
3 3108 3226 3412
3 1305 1279 1358
3 3129 3130 4019
3 515 514 4362
3 2825 2650 3035
3 3221 3565 3850
3 2941 2849 3194
3 1979 1862 2035
3 3333 3248 3476
3 3983 3741 4203
3 2853 2601 2996
3 2665 2834 2990
3 1587 1550 1616
3 1991 2037 2152
3 3229 3724 3887
3 4335 3895 4611
3 4980 5206 5323
3 5164 4967 5339
3 5854 5884 5928
3 5477 5344 5654
3 337 336 2667
3 4169 4406 4471
3 5181 4989 5349
3 5343 5494 5650
3 3761 4017 4124
3 2319 2214 2451
3 3811 3571 4021
3 3248 2905 3409
3 4687 4751 4851
3 344 343 2669
3 4785 4593 4985
3 3245 3490 3677
3 5087 5191 5217
3 2912 2997 3524
3 4061 3867 4230
3 3016 2759 3188
3 5877 5912 5934
3 2484 2693 2786
3 4013 3769 4149
3 2489 2644 2808
3 339 338 2608
3 4663 4907 5081
3 459 458 2257
3 5132 4297 5389
3 4358 4503 4751
3 145 144 3317
3 342 341 2607
3 3875 3575 3945
3 3920 4209 4285
3 341 340 2668
3 4399 4143 4572
3 165 2819 3007
3 3256 3142 3513
3 109 3576 5900
3 2294 2410 2562
3 3800 3434 3901
3 2322 2392 2566
3 3657 3880 3969
3 2476 2688 2745
3 1764 1809 1854
3 4903 5169 5273
3 3593 3400 3859
3 3730 3560 3763
3 2346 2444 2547
3 3666 3884 4053
3 1799 1904 1936
3 3403 3737 3915
3 5428 5729 5820
3 4064 4144 4236
3 3178 3368 3550
3 162 2824 3006
3 131 130 3294
3 151 150 3762
3 153 152 3782
3 2942 2846 3193
3 5775 5717 5886
3 4138 3941 4335
3 5472 5249 5550
3 4568 4366 4796
3 4756 4686 4842
3 3046 3070 3237
3 489 488 5973
3 518 517 4299
3 4951 4661 5171
3 2524 2373 2686
3 3421 3729 3775
3 4561 4312 4702
3 3554 4089 4261
3 3412 3226 3462
3 3196 3457 3611
3 3838 3683 4045
3 2723 2891 2944
3 3995 3744 4114
3 136 135 3073
3 5555 5498 5743
3 4697 4868 5089
3 4436 4145 4591
3 5256 5323 5405
3 4026 3893 4240
3 1330 1261 1339
3 776 4192 4229
3 4684 4875 5145
3 3674 3438 3686
3 5560 5413 5717
3 399 3676 5583
3 5435 5740 5834
3 4576 4799 4871
3 3809 3672 4033
3 3981 125 4227
3 3024 2922 3151
3 5185 5126 5259
3 5145 4875 5354
3 2524 2686 2791
3 2906 3447 3542
3 3142 3238 3513
3 3090 3135 3361
3 2831 2719 2973
3 3769 3949 4149
3 5949 5938 5996
3 370 369 2625
3 2137 2315 3053
3 6059 6035 6064
3 2935 3169 3343
3 3022 2778 3096
3 450 449 5724
3 517 516 4370
3 2989 3145 3330
3 4044 3860 5841
3 3260 3794 4089
3 144 143 3067
3 1984 1861 2052
3 2349 2459 2572
3 516 515 4362
3 3959 4009 4157
3 2462 2461 2617
3 5708 5562 5795
3 3367 3477 3733
3 3785 5808 5841
3 491 490 4119
3 2943 2844 3192
3 4157 4447 4623
3 3130 3324 4019
3 5944 5934 5989
3 137 136 3126
3 3975 3804 4123
3 3449 3245 3677
3 2948 2806 3134
3 4631 4449 4839
3 4349 4218 4523
3 391 390 3415
3 3537 3240 3630
3 4294 4138 4580
3 124 123 3943
3 2174 2335 2399
3 2627 2823 3010
3 5541 5539 5671
3 2277 2462 2582
3 3766 3709 4047
3 3281 3408 3621
3 4368 4125 4636
3 1891 1977 1991
3 3458 3264 3633
3 3776 3644 4018
3 156 1002 3497
3 5239 5048 5411
3 3559 3573 3904
3 4349 4769 5032
3 3152 2984 3527
3 5162 5107 5350
3 2265 2470 2561
3 2351 2248 2384
3 2181 2278 2307
3 4551 4295 4825
3 4022 3813 4254
3 3845 4013 4075
3 4739 779 4801
3 2572 2640 2873
3 4663 5081 5221
3 3400 3685 3859
3 399 398 3676
3 1923 2073 2388
3 2953 2869 3195
3 3435 3694 3828
3 5341 5533 5666
3 2752 2606 2994
3 2829 2725 3017
3 2141 3605 3772
3 2314 2166 2406
3 3964 4022 4254
3 2448 2353 2585
3 5147 5348 5515
3 373 372 2138
3 2074 2212 2516
3 1760 1761 1770
3 3947 4219 4383
3 2650 2826 3035
3 126 125 3981
3 4791 4884 4932
3 5828 5743 5913
3 4011 3892 4245
3 3443 3332 3672
3 2166 2334 2406
3 4927 5124 5165
3 2976 3167 3307
3 4704 4559 4967
3 382 381 5216
3 2864 2999 3159
3 4298 4114 4382
3 1936 2113 2174
3 2334 2405 2573
3 3763 4040 4129
3 4722 4825 4870
3 1861 1986 2052
3 4335 4611 4786
3 4980 4806 5206
3 4161 4431 4575
3 476 475 4126
3 2880 2950 3091
3 5237 5483 5612
3 4759 5015 5185
3 3326 3700 3889
3 4851 5203 5314
3 2716 2602 2798
3 2038 2071 2150
3 2906 3251 3447
3 3476 3668 3777
3 4391 4255 4620
3 3155 2977 3331
3 3733 3477 3734
3 5940 5793 6000
3 5555 5743 5828
3 2655 2692 2837
3 3092 2937 3332
3 5573 5551 5700
3 3935 3835 4211
3 4359 4190 4564
3 2926 3108 3665
3 344 2669 2846
3 416 415 1771
3 5990 5926 6010
3 2953 3195 3300
3 3235 3516 3699
3 4471 4406 4777
3 4968 4675 5168
3 4672 4582 4975
3 4330 4124 4576
3 4302 4148 4528
3 4998 4997 5127
3 5700 5821 5887
3 3439 3499 3629
3 4581 4806 4980
3 3135 3345 3361
3 4400 4157 4466
3 4793 4968 5087
3 4874 4672 5162
3 4361 4230 4607
3 4699 4482 4881
3 501 500 5810
3 1929 1972 2047
3 4225 3935 4402
3 4167 4199 4394
3 5089 5307 5466
3 2281 2221 2450
3 5023 5131 5237
3 2429 2294 2562
3 4839 4883 5133
3 4348 4195 4579
3 3510 3223 3628
3 3940 3809 4215
3 3696 3401 3917
3 4304 3772 4495
3 4932 5096 5174
3 487 486 5985
3 2937 2752 3143
3 4691 4477 4948
3 499 498 5777
3 4562 4791 4932
3 5226 5500 5551
3 2973 2832 3186
3 5610 5543 5737
3 2022 2198 3052
3 2945 3121 3333
3 375 374 4534
3 4545 4342 4753
3 4209 4259 4329
3 3235 3087 3516
3 3968 4091 4120
3 5027 4820 5210
3 5141 5054 5398
3 2840 2672 3469
3 452 2896 5443
3 3868 3628 3994
3 3735 3209 3744
3 5717 5592 5820
3 4565 4204 4750
3 488 487 5973
3 5295 5081 5486
3 4215 4138 4294
3 4598 4466 4818
3 5240 5042 5490
3 3573 3667 3808
3 2932 2861 2993
3 4217 4586 4622
3 4725 4273 4998
3 2828 3164 3356
3 3192 2942 3285
3 3115 2953 3300
3 3843 744 3851
3 3193 2941 3286
3 5452 2372 5614
3 2941 3194 3286
3 141 140 2363
3 4572 4409 4925
3 377 376 4301
3 5931 5858 5991
3 5553 5714 5815
3 4018 4188 4289
3 5038 5498 5555
3 4396 4224 4558
3 2897 3138 3326
3 2823 2710 3023
3 4028 3904 4255
3 500 499 5811
3 3805 4066 4201
3 397 396 3436
3 2672 2841 3469
3 5649 5419 5727
3 3406 3512 3588
3 2105 2218 2346
3 1004 4325 4482
3 2996 2916 3532
3 2132 2133 2247
3 5872 5938 5949
3 490 489 4119
3 2942 3193 3285
3 5447 5489 5678
3 4697 5089 5361
3 406 405 3577
3 5526 5236 5621
3 5296 5085 5492
3 3507 3234 3714
3 4722 4551 4825
3 5928 6019 6051
3 5315 4887 5532
3 2433 2349 2572
3 3514 3712 3761
3 2280 2476 2734
3 380 379 4095
3 4950 4684 5145
3 4035 4036 4212
3 3102 2976 3307
3 4675 4991 5168
3 2943 3192 3234
3 5088 5195 5312
3 4200 4334 4536
3 3943 123 4214
3 5237 5612 5646
3 5608 5569 5679
3 3757 3586 3964
3 2221 2275 2450
3 2997 3479 3524
3 2261 2426 2483
3 772 771 3673
3 2578 2541 2650
3 2605 2931 3201
3 2082 2038 2150
3 4497 4547 4654
3 3549 3364 3550
3 3127 3076 3245
3 5428 5350 5622
3 4559 4386 4768
3 4992 4815 5473
3 5081 5317 5486
3 458 457 5327
3 771 770 3673
3 5357 5187 5526
3 2192 2049 2310
3 1693 1711 2011
3 4868 5209 5307
3 3145 3275 3535
3 4014 4232 4418
3 3671 3521 3896
3 3139 3075 3240
3 4466 4623 4660
3 5467 5422 5601
3 4223 4430 4519
3 4030 3761 4194
3 4669 4648 4926
3 4571 4369 4675
3 3986 3766 4221
3 3401 3246 3586
3 3456 3124 3618
3 4503 4294 4764
3 5970 6030 6031
3 4342 4097 4570
3 5350 5107 5484
3 4862 5114 5300
3 3257 3506 3613
3 3541 3494 3606
3 2779 2635 3036
3 1929 2047 2084
3 2140 2227 2503
3 4483 779 4739
3 3642 3507 3714
3 2912 2810 2997
3 5499 5288 5659
3 2356 2217 2892
3 4835 4910 4981
3 4337 4522 4775
3 4197 4114 4298
3 2049 2228 2310
3 5780 5872 5949
3 4486 4436 4781
3 3085 178 3155
3 4954 5193 5226
3 4377 4111 4531
3 414 413 3869
3 3437 3697 3804
3 3709 3864 4047
3 3071 3119 3250
3 3136 3017 3352
3 2194 2092 2359
3 4360 4566 4655
3 3846 3666 4053
3 3084 3452 3678
3 2943 3234 3507
3 4123 5698 5796
3 3788 188 3866
3 3165 3279 3545
3 468 467 4754
3 498 497 5777
3 6020 6008 6050
3 4580 4335 4786
3 4526 4735 4898
3 3557 3584 3689
3 151 3762 4041
3 5766 5847 5917
3 2775 1335 2904
3 4975 4842 5107
3 3670 3559 3904
3 4217 4398 4586
3 4010 3812 4226
3 3390 3675 3858
3 2561 2754 3047
3 5543 5553 5737
3 394 393 3212
3 2495 2666 4029
3 479 478 3922
3 5107 4842 5332
3 4303 4216 4582
3 5498 5561 5743
3 2228 2301 2310
3 3032 3076 3127
3 2705 2878 3025
3 5542 5658 5696
3 3421 3361 3729
3 3313 3262 3818
3 3265 4521 4736
3 2756 3007 3077
3 3090 2981 3135
3 1712 1754 1863
3 1753 1712 1863
3 4577 4559 4704
3 5800 5840 5898
3 2913 3197 3375
3 3171 3060 3477
3 3514 3761 4030
3 4949 5182 5355
3 1739 1777 1793
3 4097 4338 4570
3 4903 4654 5169
3 4369 4574 4675
3 4519 4430 4792
3 1688 1741 1917
3 4323 4368 4516
3 5125 4980 5323
3 4006 3765 4140
3 1739 1752 1777
3 3082 2865 3148
3 5168 5268 5367
3 483 482 5680
3 2650 2541 2826
3 4454 4461 4826
3 3195 3082 3370
3 2747 3006 3100
3 2251 112 5830
3 2003 2096 2584
3 2077 1925 2140
3 4520 4419 4805
3 3762 4139 4445
3 2859 2860 2992
3 113 112 2251
3 4815 4586 4954
3 5936 5978 6022
3 412 411 3608
3 3166 3418 3680
3 3314 3222 3413
3 3247 3505 3679
3 3299 3083 3498
3 2406 2334 2573
3 4971 5198 5377
3 5578 5621 5693
3 745 744 3843
3 4390 4240 4612
3 3051 4020 4217
3 474 473 6005
3 2923 2981 3090
3 1710 1750 1938
3 5140 5334 5458
3 3475 3314 3684
3 2581 2494 2654
3 2505 2776 3028
3 4015 4236 4413
3 5601 5574 5764
3 3722 3966 4242
3 4538 1419 4773
3 3938 5252 5413
3 409 408 3384
3 4494 4551 4722
3 404 403 5102
3 2483 4166 4389
3 5393 4892 5482
3 2286 2155 2306
3 2138 3018 4273
3 475 474 4126
3 3500 3719 3854
3 396 395 6028
3 407 4529 4626
3 3516 3645 3905
3 1867 1827 1915
3 5750 5849 5898
3 3071 3250 3288
3 5169 5376 5441
3 3815 3218 3840
3 346 2670 2844
3 773 772 3402
3 3851 3730 4002
3 3711 3908 4069
3 462 461 5726
3 5855 5813 5959
3 3854 3766 3986
3 3330 3145 3535
3 4898 4939 5187
3 2355 2280 2734
3 2122 2221 2281
3 3051 4217 4362
3 3744 3209 4079
3 4124 4385 4576
3 469 468 6039
3 2985 2744 3084
3 4778 4616 4788
3 1827 1843 1915
3 2689 2572 2873
3 6029 5974 6051
3 3431 3654 4216
3 4326 4095 4993
3 4772 5005 5152
3 4199 4328 4394
3 3320 3346 3552
3 4375 4606 4732
3 4002 3763 4191
3 2777 2614 2854
3 5700 5551 5821
3 464 463 4688
3 2472 2250 2682
3 2142 3085 3246
3 2140 1925 2227
3 3600 3558 3644
3 2243 2031 2458
3 5259 5126 5496
3 4035 4212 4432
3 3709 3498 3864
3 495 494 3921
3 2744 2986 3084
3 2675 2674 2881
3 3348 3407 3711
3 5888 5777 5927
3 3127 3245 3334
3 2365 2503 2715
3 4915 5042 5196
3 5429 5462 5623
3 4265 1691 4320
3 2824 2983 3196
3 3512 3367 3733
3 3857 4054 4238
3 5701 5800 5870
3 3621 3408 3634
3 4194 4124 4330
3 5280 5468 5469
3 4198 4323 4614
3 749 748 3566
3 4965 5105 5363
3 117 116 5613
3 1256 2040 2404
3 3057 3182 3348
3 5469 5468 5562
3 1828 1885 1999
3 748 747 3566
3 3426 3257 3613
3 747 746 3796
3 1804 1832 1932
3 4690 4471 4999
3 2423 2279 2564
3 5970 3921 6018
3 2866 2626 4556
3 2678 2522 2861
3 3686 3500 3854
3 5083 5337 5533
3 3812 4014 4226
3 5276 5454 5669
3 746 745 3796
3 4506 4321 4730
3 4184 3986 4616
3 4695 4766 4908
3 4774 5000 5193
3 3477 3397 3734
3 153 3782 4032
3 1983 1886 1998
3 2072 2028 2217
3 2199 2020 2250
3 5078 5280 5469
3 4244 3927 4449
3 4500 4749 4997
3 5727 5513 5816
3 4191 4129 4420
3 5060 5186 5333
3 2828 2705 3025
3 2703 2628 2802
3 1003 3788 4034
3 5199 5382 5383
3 3817 4046 4184
3 2265 2188 2470
3 3750 4074 4190
3 2021 2205 2592
3 1866 1813 1907
3 2612 2837 3032
3 4501 4567 4695
3 3782 4041 4155
3 2956 2624 3113
3 3063 132 3341
3 4516 4368 4636
3 2838 2612 3032
3 4771 4971 5120
3 3893 3606 4083
3 5167 5127 5279
3 2917 3165 3280
3 1886 1895 1998
3 4716 4431 4828
3 4004 3950 4816
3 3700 3531 3897
3 1858 1815 1906
3 3790 4031 4259
3 3489 3348 3711
3 2954 3115 3257
3 4897 5078 5318
3 493 492 6018
3 5651 5401 5705
3 4909 4704 5163
3 3950 3874 4161
3 3766 4047 4221
3 4767 5008 5198
3 2774 2625 4500
3 3404 3647 3771
3 2978 2933 3087
3 4145 4383 4591
3 3762 3961 4139
3 3918 5242 5408
3 4712 4780 4922
3 482 481 5680
3 3765 3651 4345
3 2079 1970 2103
3 2377 2579 2652
3 3182 3340 3348
3 778 3210 4801
3 1829 1844 2002
3 2659 2676 2832
3 3560 3552 3912
3 4588 4311 4692
3 3608 3913 4237
3 3274 3497 3683
3 3300 3195 3370
3 3249 3148 3500
3 478 477 3922
3 5040 454 5331
3 4219 4379 4610
3 2547 2705 2828
3 5967 5974 5999
3 1898 1829 2002
3 4933 4499 5185
3 2160 2068 2241
3 2865 3000 3148
3 4998 5127 5167
3 4788 4753 4990
3 4195 4364 4579
3 4948 4861 5072
3 2363 2555 2895
3 5743 5839 5913
3 3310 3077 3494
3 4508 4309 4565
3 3120 3129 3979
3 1897 1833 1948
3 5777 5879 5927
3 4356 4643 4822
3 4755 4581 4980
3 5293 4272 5444
3 2529 2593 2680
3 1970 1982 2103
3 494 493 3921
3 6045 5863 6060
3 3590 3899 3951
3 1971 2084 2222
3 3302 3343 3559
3 3046 3237 3690
3 3486 3235 3699
3 1833 1901 1948
3 4025 3857 4238
3 5281 5424 5658
3 1889 1899 1933
3 1889 1933 1987
3 5784 5737 5902
3 3479 2996 3532
3 2529 2545 2593
3 3406 3588 3884
3 3589 3238 3623
3 2086 1971 2222
3 5815 5790 5911
3 3852 3711 4069
3 5548 5349 5646
3 750 749 3780
3 5726 460 5734
3 2560 3047 3176
3 1662 5926 5990
3 1743 1755 2066
3 3148 3344 3500
3 2066 1755 2087
3 5172 5611 5653
3 2812 3178 3364
3 439 438 2898
3 3198 2917 3280
3 2486 2612 2838
3 5559 5725 5733
3 1313 1348 1371
3 5288 5263 5460
3 5528 5556 5616
3 4510 4071 4803
3 1894 1828 1999
3 4955 4811 5220
3 751 750 3780
3 348 2671 2841
3 4208 4179 4415
3 4099 4442 4484
3 3280 3165 3545
3 4393 4294 4503
3 109 108 3576
3 3958 3817 4184
3 2245 1957 2348
3 5075 5199 5383
3 5006 4707 5097
3 4169 3958 4406
3 4740 4380 4944
3 1662 5895 5926
3 1973 2045 2085
3 2419 2499 2549
3 2207 2069 2233
3 116 115 5404
3 1973 1985 2045
3 2067 1966 2108
3 4254 4195 4348
3 4586 4774 4954
3 2546 2420 2712
3 4697 4441 4868
3 5052 5373 5519
3 4954 4774 5193
3 3064 3311 3514
3 1974 2085 2244
3 473 472 6005
3 5343 5110 5494
3 4071 4122 4803
3 4383 4219 4610
3 2185 2206 2268
3 3633 3836 4027
3 3128 2975 3277
3 4960 4974 5388
3 3391 3536 4179
3 4412 4625 4772
3 4570 4338 4797
3 2081 1975 2147
3 4818 4660 4869
3 3552 3610 3912
3 2069 2080 2233
3 4477 4861 4948
3 1864 1963 2048
3 1376 127 4038
3 3654 3791 3933
3 1980 1989 2104
3 5624 5562 5708
3 3612 3384 4096
3 2318 2323 2446
3 4695 4567 4766
3 4643 4747 4822
3 1975 2083 2147
3 4223 4519 4828
3 4762 4612 4943
3 4889 4690 5156
3 2419 2436 2499
3 5992 6014 6041
3 2046 2239 2297
3 5041 5318 5491
3 4436 4591 4781
3 467 466 4754
3 5115 5023 5237
3 2437 2250 2472
3 3659 3404 3771
3 2687 2486 2838
3 2420 2549 2712
3 3003 2804 3009
3 4545 4753 4788
3 3689 3584 3801
3 3135 2918 3345
3 4428 4524 4639
3 2975 3131 3277
3 1927 2127 2238
3 4295 4554 4809
3 3689 3801 3902
3 4575 4431 4716
3 2977 2751 3066
3 1992 1864 2048
3 2756 3077 3310
3 777 776 3210
3 3037 2897 3080
3 4579 4832 4915
3 134 3125 3342
3 3324 3064 3514
3 4071 3565 4122
3 2479 3441 3582
3 5932 3921 5970
3 4933 5259 5494
3 3122 3247 3323
3 6050 6008 6059
3 4133 4060 4419
3 4768 4557 5032
3 466 465 4457
3 3991 4428 4639
3 1891 1991 2117
3 2838 3032 3127
3 5227 5113 5357
3 5244 5060 5511
3 2185 2268 2321
3 3139 3240 3383
3 3859 3685 4064
3 4240 4083 4452
3 5483 5341 5666
3 2183 2066 2191
3 2997 2995 3479
3 3566 3865 3937
3 753 752 3844
3 3582 3822 4360
3 2120 2000 2471
3 4790 4819 4847
3 2898 438 5195
3 3677 3490 3892
3 3964 3586 4022
3 3162 3364 3549
3 106 105 3394
3 3852 4069 4235
3 433 432 2473
3 4438 4615 4811
3 3344 3522 3719
3 5946 5924 6009
3 2044 2116 2156
3 3407 3518 3627
3 2418 2533 2611
3 2093 2066 2183
3 4723 4866 4984
3 5584 5408 5736
3 5232 5041 5420
3 1986 1888 2003
3 3059 3335 3536
3 4967 5141 5339
3 3069 3319 3453
3 752 751 3844
3 3047 2754 3123
3 2836 2662 2864
3 1999 2124 2202
3 5984 5923 6011
3 5862 5889 5930
3 2662 2691 2864
3 3490 3705 3892
3 5469 5562 5624
3 2510 2729 2804
3 5028 4730 5041
3 2685 2488 2760
3 1256 2404 2536
3 5022 5023 5115
3 2534 2553 2713
3 5577 5625 5744
3 1888 1903 2003
3 4576 4385 4799
3 3066 3365 3414
3 5807 5047 5910
3 458 5327 5487
3 456 455 5040
3 2889 2832 2973
3 4374 4221 4545
3 2226 2046 2297
3 5149 4965 5363
3 758 757 4555
3 2090 1949 2181
3 227 3430 4248
3 3294 3440 3625
3 4965 4869 5105
3 2663 2836 3045
3 3343 3515 3559
3 2690 2534 2713
3 2683 2355 2734
3 3867 3566 3937
3 5486 5317 5644
3 2932 2993 3089
3 4726 4924 5217
3 2834 2664 2921
3 4767 4588 5008
3 3844 4043 4173
3 4858 4988 5067
3 757 756 4555
3 4958 4758 5181
3 3630 3834 4054
3 4021 3852 4235
3 5936 5855 5978
3 3084 3358 3452
3 2664 2835 2921
3 3857 3630 4054
3 3685 3889 4064
3 2328 2222 2424
3 4873 4960 5111
3 2448 2585 2737
3 398 397 5915
3 4083 4101 4452
3 4212 4036 4218
3 4205 4021 4412
3 3173 3036 3481
3 1869 1911 1940
3 2556 2435 2604
3 3134 2956 3355
3 5118 4843 5278
3 4898 4735 4939
3 774 773 4006
3 3490 3330 3705
3 5150 5113 5227
3 2815 2833 2917
3 4394 4328 4517
3 2302 2427 2461
3 4759 4134 5015
3 5923 3922 5994
3 5042 4846 5283
3 448 3213 5733
3 5173 1686 5281
3 5171 5368 5541
3 5215 4682 5628
3 760 759 4502
3 2803 2935 3166
3 5221 5081 5295
3 2998 2838 3127
3 3393 3916 4078
3 3346 3519 3610
3 4939 5174 5187
3 3145 2929 3275
3 2345 2173 2577
3 5561 5614 5701
3 2094 1999 2202
3 5089 4868 5307
3 2815 2917 2988
3 3373 3264 3458
3 1869 1940 2014
3 3093 3281 3345
3 2099 1942 2105
3 5419 5331 5596
3 759 758 4502
3 6011 5923 6012
3 392 5878 5955
3 4877 5302 5496
3 5698 5719 5796
3 4944 4669 5225
3 5380 4674 5527
3 4529 3577 4798
3 4202 4155 4450
3 3358 3069 3453
3 1908 1837 2006
3 2214 2051 2336
3 2147 2353 2448
3 3967 3853 4062
3 4625 4826 5005
3 4691 4948 5207
3 2848 2604 2929
3 4031 4208 4259
3 2780 2839 2897
3 5425 5230 5665
3 2896 450 5738
3 1500 1550 1587
3 4668 4835 4981
3 5866 3922 5923
3 4564 4337 4775
3 451 450 2896
3 1605 1623 1627
3 4578 4370 4621
3 5146 4949 5355
3 4179 4371 4415
3 3330 3535 3705
3 1485 1422 1514
3 5788 5680 5855
3 778 777 3210
3 4361 4607 4790
3 5108 5243 5512
3 2948 3134 3322
3 4122 3565 4395
3 2330 2147 2448
3 2557 2448 2737
3 6006 4126 6044
3 5402 5254 5515
3 1839 1905 2005
3 766 765 4548
3 4561 4702 5021
3 1942 1984 2105
3 5570 5487 5751
3 111 110 5789
3 3277 3540 3614
3 5975 4126 6006
3 418 417 4630
3 764 763 4378
3 3211 4441 4592
3 3959 3873 4009
3 6012 6037 6049
3 3591 3860 4044
3 756 755 3211
3 765 764 4310
3 463 462 4688
3 762 761 4275
3 3211 4239 4441
3 763 762 4378
3 4639 4524 4771
3 761 760 4275
3 3666 3406 3884
3 1909 1839 2005
3 6011 6012 6049
3 2211 2076 2287
3 4221 4422 4545
3 2686 2694 2865
3 2979 3162 3354
3 3491 3459 3725
3 5685 5584 5844
3 755 754 3211
3 2686 2865 3021
3 4599 4391 4812
3 3496 3227 3698
3 4202 4450 4451
3 2442 2322 2566
3 4310 4378 4679
3 5385 4800 5485
3 3664 2255 3830
3 3763 3560 4040
3 5439 4227 5642
3 1905 1840 2000
3 1588 1423 1622
3 387 5308 5502
3 461 460 5726
3 2616 2869 2953
3 5739 5838 5908
3 3571 3852 4021
3 2779 3036 3173
3 1794 1776 2172
3 3552 3346 3610
3 5332 5146 5514
3 419 418 4314
3 2845 2651 3016
3 4340 4639 4771
3 5261 5350 5428
3 4004 4134 4269
3 5583 3676 5731
3 4937 4959 5051
3 3317 3067 3405
3 5746 5596 5814
3 4219 3977 4379
3 5978 5959 6026
3 3665 3412 3875
3 2852 2616 2953
3 4971 4767 5198
3 3645 3846 4092
3 4768 5032 5141
3 5668 5678 5749
3 5293 5444 5530
3 2324 2190 2443
3 5341 5083 5533
3 4027 3836 4249
3 4406 4616 4777
3 2557 2737 2890
3 3101 3147 3297
3 3125 3063 3293
3 5408 5598 5694
3 4579 4364 4832
3 2633 2565 2709
3 4430 4650 4792
3 2301 2331 2805
3 1159 3483 3730
3 2731 2557 2890
3 5915 3436 5969
3 5551 5739 5821
3 3004 2779 3173
3 4584 4438 4811
3 2607 2668 2915
3 3354 3162 3549
3 3899 3898 3985
3 775 774 4192
3 3441 146 3525
3 4806 4561 5021
3 2651 2759 3016
3 5344 5058 5440
3 776 775 4192
3 4207 3808 4264
3 3111 3014 3350
3 2999 2787 3157
3 1813 1866 2006
3 3150 2979 3354
3 5059 2473 5263
3 3484 3848 4367
3 4523 4687 4962
3 4402 4386 4559
3 3848 3591 4044
3 457 456 5327
3 2016 2017 2030
3 5729 5622 5832
3 4696 4560 4793
3 5714 5790 5815
3 4212 4218 4349
3 1002 155 3789
3 3861 3589 3977
3 2350 2273 2385
3 3126 3073 3253
3 3979 4019 4193
3 584 1725 2342
3 2252 2024 2722
3 4772 4625 5005
3 5855 5959 5978
3 1155 1117 1239
3 3500 3344 3719
3 3519 3277 3614
3 4560 4571 4793
3 2532 2679 2778
3 2764 2987 3069
3 3793 3839 4176
3 3326 3531 3700
3 4924 5087 5217
3 5440 5466 5604
3 5325 5072 5347
3 128 1376 3693
3 5821 5739 5908
3 5886 5820 5954
3 5312 5084 5499
3 3560 3912 4040
3 5734 5570 5848
3 3122 3140 3247
3 4309 4204 4565
3 421 420 4099
3 2659 2832 2889
3 5651 5705 5838
3 3428 3493 3701
3 2001 2000 2034
3 1644 1650 1677
3 5838 5705 5862
3 5649 5727 5751
3 6021 5991 6025
3 2097 2006 2231
3 4007 3881 4049
3 3504 3228 3704
3 1419 4538 4541
3 2199 2250 2437
3 236 3366 3554
3 465 464 4457
3 4847 4789 5110
3 2667 2698 2761
3 5254 5147 5515
3 4862 5300 5319
3 2375 2733 2888
3 2841 2671 2943
3 3474 3484 4367
3 1693 609 1711
3 3040 2797 3175
3 4293 5132 5389
3 5570 5817 5848
3 5942 5927 6015
3 5462 5636 5764
3 2850 2608 2962
3 4364 4098 4832
3 2608 2847 2962
3 3943 4214 5038
3 3675 3482 3784
3 4275 4593 4785
3 5460 5263 5629
3 426 425 2023
3 2667 2761 2847
3 2816 2840 2905
3 2459 2359 2707
3 2854 2770 3046
3 5957 6045 6060
3 4061 4230 4361
3 3335 3509 3536
3 2731 2890 3015
3 5927 5992 6015
3 2787 2954 3157
3 3332 3143 3533
3 423 422 4356
3 5680 5813 5855
3 5263 5447 5629
3 1605 1666 1682
3 425 424 4824
3 4868 4441 5209
3 4559 4768 4967
3 5973 5985 6008
3 3668 3409 3826
3 424 423 4638
3 4221 4047 4422
3 4595 4275 4785
3 1530 1423 1588
3 2669 2849 2941
3 2702 2510 2804
3 4724 4843 5118
3 3685 3488 3889
3 2671 2844 2943
3 207 2022 3697
3 2128 2273 2350
3 2670 2846 2942
3 1414 1364 1468
3 2780 2897 3037
3 3008 2803 3166
3 2245 2348 2405
3 5947 5886 5988
3 2816 2905 3154
3 3412 3575 3875
3 2505 2565 2633
3 4283 4677 4913
3 5931 5991 6019
3 2334 2245 2405
3 2220 2128 2350
3 5104 4889 5156
3 4526 4263 4617
3 5524 5276 5669
3 5102 403 5173
3 4226 4014 4418
3 5988 5982 6025
3 2705 2577 2878
3 4692 4798 4858
3 3497 1002 3596
3 113 2251 5756
3 4378 4595 4679
3 1633 1586 1676
3 1253 2928 3044
3 2192 2310 2435
3 2054 2313 2463
3 124 3943 4227
3 4318 4583 4744
3 5692 1488 5810
3 2856 2731 3015
3 2974 2985 3276
3 436 435 4657
3 4020 3793 4176
3 1919 1925 2077
3 2171 1737 2428
3 5404 5575 5702
3 5146 5355 5514
3 4065 3700 4601
3 3836 3996 4249
3 3855 3567 4317
3 3683 3781 4045
3 2704 2656 2768
3 3268 3310 3541
3 5771 5567 5772
3 4079 3979 4193
3 1953 2049 2192
3 4299 4578 4814
3 3863 3827 3980
3 5845 5907 5943
3 3003 3009 3124
3 5566 5515 5619
3 4967 4768 5141
3 1720 1656 1756
3 6019 6021 6051
3 1943 2020 2199
3 3340 3352 3518
3 4646 4320 4703
3 1828 666 1885
3 2780 2499 2839
3 4986 4663 5221
3 2034 2000 2120
3 4747 4484 4952
3 1741 1798 1917
3 5848 5817 5905
3 5795 5732 5920
3 3708 3766 3854
3 2374 2605 2878
3 5513 5746 5814
3 4669 4926 5116
3 274 1923 2452
3 2004 1858 2243
3 2823 3023 3179
3 3672 3533 3894
3 3331 3066 3414
3 4981 4910 5199
3 5484 5332 5641
3 5316 5401 5651
3 1711 1931 2011
3 4591 4383 4807
3 5008 5108 5386
3 297 1891 1892
3 4861 5120 5347
3 3010 2823 3179
3 4910 5071 5199
3 2396 2488 2685
3 4513 4420 4789
3 2454 2277 2582
3 3796 3843 4001
3 3513 3238 3589
3 3595 3669 3750
3 2921 3187 3278
3 4702 4986 5221
3 4047 4251 4422
3 261 2674 2675
3 4526 4617 4735
3 3023 3191 3374
3 3672 3894 4033
3 5760 5828 5913
3 3146 2921 3278
3 3905 3645 4092
3 1582 1586 1633
3 2709 2504 2818
3 3657 3969 4260
3 3402 3651 3765
3 2218 2052 2345
3 4440 4976 5209
3 2155 627 2306
3 5973 6008 6020
3 3341 3294 5881
3 5724 448 5733
3 2710 2587 2825
3 2038 630 2071
3 4143 220 4213
3 1159 3730 3851
3 3516 3270 3645
3 5335 5298 5434
3 1929 633 1972
3 3003 3124 3380
3 4851 5314 5504
3 4138 4335 4580
3 4842 5146 5332
3 437 436 4964
3 1815 1858 2004
3 2444 2345 2577
3 5181 5349 5548
3 5163 5164 5291
3 3933 4162 4353
3 313 1684 1841
3 4093 3808 4207
3 4688 5824 5865
3 4216 3933 4353
3 4850 4952 5186
3 4781 4591 5009
3 1932 1832 2012
3 3469 3642 3710
3 2052 2173 2345
3 1869 308 1911
3 3858 3784 3973
3 230 3262 3313
3 3684 3413 3802
3 2461 2427 2860
3 5570 5751 5817
3 4069 4270 4443
3 5622 5484 5753
3 2062 2340 3174
3 4401 4263 4526
3 3469 3507 3642
3 3912 4004 4269
3 5729 5894 5954
3 2257 5570 5734
3 4996 4889 5104
3 3576 5713 5900
3 3779 4253 4423
3 3411 3541 3606
3 4024 3771 4171
3 5379 5807 5910
3 2335 2243 2458
3 4522 4728 4987
3 3000 2808 3111
3 3595 186 3669
3 4497 4654 4797
3 3236 528 4186
3 3407 3340 3518
3 4007 4049 4156
3 4777 4929 4999
3 3320 3118 3346
3 5151 5030 5311
3 2221 2034 2275
3 2808 3014 3111
3 1804 690 1832
3 3678 3452 3874
3 5752 5842 5849
3 4243 3991 4340
3 538 2894 3471
3 4582 4353 4756
3 3129 534 3130
3 1893 1830 2013
3 5249 5540 5591
3 3402 3765 4006
3 3811 4205 5007
3 197 3265 3315
3 5227 5357 5407
3 6007 6059 6064
3 333 1256 2536
3 3963 1691 4265
3 4753 4765 4862
3 3118 3128 3346
3 4879 5499 5628
3 4389 4609 4752
3 3071 546 3119
3 148 2479 4231
3 2257 5487 5570
3 4926 5151 5324
3 357 3122 3323
3 321 1815 1836
3 4389 4396 4609
3 5553 5815 5902
3 5273 5169 5441
3 5296 5492 5618
3 316 1813 1837
3 1997 1892 2117
3 3699 3516 3905
3 397 3436 5915
3 3534 3400 3593
3 3213 446 5457
3 4435 5190 5214
3 4462 4305 4604
3 3986 4221 4374
3 252 3222 3314
3 5325 4880 5360
3 2340 2182 2454
3 2342 1725 2428
3 5449 2023 5664
3 2828 3025 3164
3 4510 4803 5000
3 3942 4029 4224
3 3179 3023 3374
3 3332 3533 3672
3 2046 1945 2239
3 781 4483 5175
3 3935 4211 4402
3 3865 3796 4001
3 284 2189 2190
3 5288 5460 5659
3 5487 5649 5751
3 4383 4610 4807
3 3705 3535 3879
3 253 3314 3475
3 1866 2054 2231
3 2326 2377 2564
3 4398 4176 4510
3 1488 501 5810
3 3995 4114 4197
3 4471 4777 4999
3 3483 3309 3551
3 235 3260 3366
3 5739 5651 5838
3 254 3475 3626
3 4156 4049 4267
3 5419 5596 5746
3 3141 3256 3883
3 2806 2956 3134
3 269 2494 2581
3 289 2279 2423
3 3601 3679 3835
3 283 2072 2189
3 3428 244 3493
3 5613 5404 5750
3 3111 3350 3522
3 5104 5156 5270
3 3770 3873 3959
3 3811 4021 4205
3 4513 4789 4819
3 5120 4971 5377
3 5717 5820 5886
3 3884 3588 4076
3 3602 3691 3803
3 2564 2377 2652
3 3522 3299 3708
3 3025 3201 3373
3 5781 5745 5833
3 2217 2445 2892
3 4395 4367 4634
3 4054 3834 4252
3 3788 3866 3970
3 5905 5817 5960
3 282 2028 2072
3 4040 3912 4269
3 3429 211 3501
3 3793 511 3839
3 4021 4235 4412
3 455 454 5040
3 2279 288 2326
3 4774 4510 5000
3 3348 3340 3407
3 6054 6055 6062
3 3040 3175 3367
3 3842 4060 4133
3 3884 4076 4262
3 2796 2922 3024
3 4291 4648 4669
3 1936 2174 2584
3 290 2423 2518
3 1893 2013 2060
3 400 5583 5639
3 4345 4520 4648
3 202 3261 3316
3 3588 3787 4076
3 3413 3726 3802
3 4235 4069 4443
3 4211 4233 4386
3 5157 5313 5365
3 4235 4443 4625
3 4034 3970 4121
3 3834 4011 4252
3 5718 107 5765
3 2005 2001 2122
3 5168 5172 5268
3 2339 2231 2463
3 4047 3864 4251
3 176 2751 2977
3 131 3294 3341
3 4585 5321 5532
3 4948 5072 5364
3 4861 4771 5120
3 3809 4033 4215
3 4952 4484 4953
3 2752 2994 3143
3 5559 5620 5722
3 5117 4297 5210
3 363 2495 2695
3 3958 4184 4406
3 3162 3015 3364
3 3701 3572 3741
3 4591 4807 5009
3 3521 3263 3739
3 1621 1852 1916
3 5420 5491 5657
3 2937 3143 3332
3 3683 3596 3781
3 4589 4534 4724
3 4600 4414 4813
3 5500 5316 5651
3 5267 5338 5478
3 3344 3111 3522
3 3108 3412 3665
3 164 2747 2819
3 514 3051 4362
3 3522 3708 3719
3 4412 4235 4625
3 3164 3025 3373
3 4979 2895 5092
3 447 446 3213
3 431 430 5489
3 5074 5130 5400
3 2522 2685 2861
3 5129 781 5175
3 5060 5333 5511
3 3263 3337 3739
3 5034 5276 5524
3 133 3063 3125
3 5040 5331 5419
3 3693 1376 3918
3 5354 5034 5524
3 2182 2277 2454
3 2098 2005 2122
3 4223 3985 4430
3 5519 5449 5633
3 1913 469 6039
3 4409 4305 4462
3 3158 2864 3159
3 4294 4580 4764
3 3493 3572 3701
3 126 3981 4038
3 444 443 4106
3 4740 4944 5094
3 443 5 4106
3 2286 2457 2525
3 1946 2092 2194
3 4406 4184 4616
3 3752 3601 3835
3 2978 3087 3186
3 4947 4739 4957
3 4213 4305 4409
3 4133 4419 4520
3 4782 4564 5002
3 5814 5438 5919
3 3674 3686 3817
3 167 2756 2820
3 4753 4862 4990
3 5356 5097 5547
3 5334 4893 5620
3 4983 4727 5200
3 2825 3035 3191
3 3708 3709 3766
3 3271 3840 4090
3 4634 5569 5608
3 2640 2797 3040
3 2500 2635 2779
3 4045 3781 4377
3 4218 4036 4613
3 5289 5170 5364
3 3979 3129 4019
3 3383 3240 3537
3 2718 2500 2779
3 4057 3958 4169
3 4137 4358 4603
3 5609 5431 5631
3 2426 365 2439
3 3023 2825 3191
3 1488 5692 5808
3 2615 2843 2958
3 141 2363 3530
3 4291 4345 4648
3 4295 4809 4825
3 5488 5290 5652
3 4353 4632 4756
3 4776 4719 4927
3 111 5789 5830
3 781 780 4483
3 5159 5261 5492
3 4672 4975 5162
3 3334 3245 3449
3 4607 4513 4819
3 4582 4756 4975
3 3741 3572 3878
3 4190 4337 4564
3 4418 4629 4835
3 3764 3674 3817
3 2449 2286 2525
3 5881 5799 5918
3 3407 3627 3908
3 5350 5484 5622
3 3446 3173 3481
3 3178 3010 3368
3 1840 1890 2471
3 5816 5513 5922
3 5054 5271 5398
3 4054 4252 4438
3 3993 4052 4196
3 450 5724 5738
3 5373 5449 5519
3 5402 5515 5566
3 4007 4156 4414
3 2582 2462 2617
3 3840 3218 4090
3 4615 4433 4731
3 2607 341 2668
3 3167 3040 3367
3 5355 5536 5617
3 516 4362 4370
3 3952 4132 4454
3 4610 4379 4820
3 4053 3884 4262
3 144 3067 3317
3 4211 4386 4402
3 1905 2001 2005
3 1905 2000 2001
3 4414 4156 4633
3 430 429 5370
3 5072 4861 5347
3 4678 5517 5747
3 1555 1532 1571
3 4156 4343 4633
3 2812 3010 3178
3 136 3073 3126
3 3780 3867 4061
3 4846 5180 5283
3 3844 4173 4440
3 5054 5208 5271
3 2450 2275 2509
3 3678 3874 3877
3 4238 4054 4438
3 4156 4267 4343
3 3688 3520 3898
3 4627 4382 5192
3 2977 3066 3331
3 3357 3173 3446
3 5566 5684 5847
3 5629 5447 5668
3 4777 4778 4929
3 4966 4647 5397
3 5498 5452 5561
3 5636 5601 5764
3 4455 4207 4642
3 4256 3745 4549
3 5396 5740 5850
3 5368 5539 5541
3 3314 3413 3684
3 4298 4382 4627
3 2349 2194 2459
3 2194 2359 2459
3 5042 5283 5490
3 5561 5452 5614
3 2324 2443 2456
3 3104 3298 5399
3 5973 487 5985
3 414 3869 4067
3 2000 1840 2471
3 3010 3179 3368
3 4043 3780 4061
3 5150 5227 5543
3 3704 3599 5085
3 5509 5446 5564
3 2128 1868 2237
3 5443 2896 5581
3 4211 3992 4233
3 5775 5886 5947
3 5743 5561 5839
3 4929 5073 5157
3 5810 500 5811
3 5378 5150 5543
3 2031 2265 2458
3 5428 5622 5729
3 5071 5257 5382
3 4282 4249 4436
3 3943 5038 5642
3 5107 5332 5484
3 2113 2004 2243
3 4216 4353 4582
3 5564 5446 5677
3 3044 2928 3068
3 3942 2695 4029
3 2640 2459 2707
3 3089 2993 3184
3 4625 4443 4826
3 5198 5008 5386
3 3711 3407 3908
3 4987 4728 5196
3 2573 2405 2732
3 4610 4820 5027
3 4815 4954 5473
3 4604 4536 5453
3 5838 5862 5968
3 429 428 5052
3 4727 4841 5200
3 3453 3590 4434
3 4790 4607 4819
3 5514 5355 5617
3 2572 2459 2640
3 3025 2878 3201
3 4314 4630 4745
3 3986 4374 4616
3 3280 3545 3622
3 1917 1798 1958
3 449 448 5724
3 3601 3247 3679
3 3675 3784 3858
3 4008 3811 5007
3 2570 2393 2731
3 4416 4226 4635
3 3781 4111 4377
3 4140 3765 4291
3 437 5137 5195
3 2024 2220 2722
3 3045 3158 3187
3 3310 3494 3541
3 5903 5802 5906
3 6015 5992 6041
3 2393 2557 2731
3 445 444 5458
3 4807 4610 5027
3 4249 4145 4436
3 1917 1958 2010
3 4728 4915 5196
3 4134 4004 4816
3 4226 4418 4635
3 5332 5514 5641
3 2165 2314 2468
3 2151 2328 2425
3 4680 4502 4779
3 3019 2482 3207
3 5186 5170 5289
3 4541 4538 4726
3 3269 3400 3534
3 2045 2296 2467
3 4009 4045 4447
3 2382 2453 2504
3 3654 3933 4216
3 4651 3923 4733
3 5581 2896 5738
3 4593 4502 4680
3 4069 3908 4270
3 1937 2094 2203
3 5238 5374 5422
3 4291 3765 4345
3 2873 2640 3040
3 5420 5657 5770
3 2230 2240 2266
3 5644 5402 5766
3 3908 3952 4270
3 375 4534 4589
3 377 4301 4606
3 5561 5701 5839
3 4414 4633 4813
3 5043 5823 5896
3 1691 766 4548
3 5199 5071 5382
3 2297 2438 2587
3 3213 5546 5559
3 5685 5903 5906
3 3792 3885 3938
3 3573 3515 3667
3 2963 3171 3175
3 2285 2189 2356
3 4646 4703 5030
3 3497 3596 3683
3 2008 1868 2128
3 4129 4499 5381
3 3191 3035 3383
3 4316 4153 4417
3 5873 5916 5939
3 4953 4691 5207
3 2990 3146 3279
3 5376 5181 5548
3 4 781 5129
3 4841 5150 5378
3 2575 2468 2659
3 404 5102 5176
3 3181 2596 3720
3 3101 2938 3147
3 4669 5116 5225
3 4775 4522 5212
3 5799 5685 5906
3 3165 2990 3279
3 5442 5275 5647
3 4803 4122 4919
3 2232 2163 2271
3 3035 3139 3383
3 3269 3360 3400
3 4684 4636 4748
3 3746 3607 3872
3 4726 4538 4924
3 4635 4418 4835
3 5386 5108 5512
3 3753 3725 3900
3 5018 5161 5330
3 5182 5002 5391
3 5200 4841 5378
3 5620 4893 5747
3 5564 5677 5704
3 4638 4356 4711
3 5094 4944 5225
3 4455 4642 4840
3 4312 4149 4388
3 2054 2234 2313
3 2173 2374 2577
3 2031 2188 2265
3 3796 745 3843
3 5193 5000 5316
3 3788 3970 4034
3 4236 4144 4413
3 5908 5838 5968
3 1682 1666 1721
3 5420 5041 5491
3 4929 4972 5073
3 5766 5566 5847
3 5886 5954 5988
3 4269 4134 4759
3 5622 5753 5832
3 5513 5814 5919
3 5704 5677 5758
3 3254 3486 3713
3 4585 4833 5214
3 3261 3504 5495
3 3713 3909 4072
3 5157 5073 5313
3 1709 1716 2197
3 5002 4775 5212
3 5377 5198 5523
3 5629 5668 5749
3 1950 2098 2187
3 5225 5116 5390
3 3921 493 6018
3 3985 4170 4430
3 3713 3486 3909
3 5487 5327 5649
3 4132 4350 4649
3 4438 4252 4615
3 4245 4008 4433
3 3035 2826 3139
3 5433 5612 5735
3 5466 5425 5604
3 4283 4550 4677
3 441 440 4618
3 5408 5694 5736
3 116 5404 5613
3 3726 3725 3753
3 5628 5499 5659
3 5536 5480 5617
3 3849 3615 4220
3 4711 4356 4822
3 4964 4657 5084
3 4674 4404 5527
3 4913 4677 5183
3 4093 4207 4455
3 5230 5343 5665
3 2023 425 4824
3 2123 1955 2245
3 4929 4778 4972
3 2940 3034 3059
3 5584 5736 5844
3 5094 5225 5385
3 4068 3698 4263
3 4620 4455 4840
3 4819 4789 4847
3 4700 2898 4886
3 5255 5455 5534
3 5367 5268 5521
3 3294 3625 5881
3 4498 4380 4740
3 773 3402 4006
3 3033 2938 3101
3 2763 2934 3206
3 5750 5702 5849
3 4483 4739 4947
3 5402 5566 5766
3 1858 2031 2243
3 5729 5832 5894
3 3699 3905 4094
3 4282 4436 4486
3 3608 4237 4428
3 4850 4747 4952
3 2011 2033 2118
3 419 4314 4442
3 5 442 4283
3 424 4638 4824
3 421 4099 4643
3 3540 3276 3678
3 3198 3280 3520
3 3993 3915 4052
3 4564 4775 5002
3 4255 4093 4455
3 4797 4654 4903
3 2482 2708 3207
3 2931 2605 3176
3 5731 5792 5826
3 4265 4320 4646
3 6034 6058 6065
3 4314 418 4630
3 3770 3611 3873
3 5484 5641 5753
3 5208 4851 5504
3 3186 3235 3369
3 423 4356 4638
3 4340 3991 4639
3 5685 5844 5903
3 4076 3787 4187
3 3186 3087 3235
3 2285 2366 2443
3 3368 3179 3557
3 4957 4740 5224
3 3179 3374 3557
3 4805 4646 5030
3 4740 5094 5224
3 4045 4377 4447
3 5204 5092 5374
3 2354 2165 2468
3 5274 5512 5635
3 3394 5442 5476
3 4633 4343 4837
3 5727 5419 5746
3 4239 3965 4440
3 4494 4450 4551
3 6033 6041 6055
3 2460 2297 2587
3 5521 5268 5653
3 5694 5598 5828
3 2737 2812 2890
3 5404 5702 5750
3 2737 2627 2812
3 5513 5919 5922
3 4483 4947 5175
3 3573 3808 4093
3 104 4 5275
3 2126 1950 2187
3 3909 3699 4094
3 5834 5795 5920
3 5513 5727 5746
3 5261 5159 5384
3 3486 3699 3909
3 5099 5352 5503
3 3545 3279 3598
3 4947 4957 5155
3 4310 764 4378
3 5633 5449 5664
3 3700 3897 4601
3 3722 3607 3746
3 5224 5094 5285
3 4522 4987 5212
3 5762 5815 5911
3 4258 4149 4312
3 774 4006 4192
3 4430 4170 4650
3 3904 3573 4093
3 4170 4373 4650
3 4298 4627 4663
3 4419 4265 4646
3 5436 5520 5638
3 3194 2915 3263
3 4777 4616 4778
3 4270 3952 4454
3 2129 1937 2203
3 5489 5370 5678
3 3369 3235 3486
3 2357 2151 2425
3 4454 4132 4649
3 5275 4 5303
3 5952 5930 5998
3 6031 6058 6062
3 3554 3366 4089
3 3869 3890 3991
3 5612 5433 5646
3 5436 5270 5525
3 5794 5949 5996
3 5155 4957 5224
3 3042 2763 3206
3 2882 2619 3049
3 5426 5052 5519
3 5370 5052 5426
3 4036 3776 4613
3 3724 3229 3738
3 3731 3446 3790
3 5668 5447 5678
3 5116 4926 5324
3 5186 5289 5333
3 5652 5432 5660
3 4952 5170 5186
3 6021 6029 6051
3 4516 4636 4684
3 5002 5212 5391
3 3415 5763 5793
3 2096 1936 2584
3 5826 5792 5914
3 5816 5661 5960
3 436 4657 4964
3 4821 4572 4925
3 3551 3552 3560
3 4451 4450 4494
3 5311 5477 5501
3 430 5370 5489
3 4 5129 5303
3 5398 5271 5529
3 4498 4740 4957
3 3380 3124 3456
3 429 5052 5370
3 5140 4893 5334
3 5969 3436 5993
3 3774 3915 3993
3 2327 2380 2726
3 5385 5225 5390
3 2285 2356 2892
3 4268 4153 4316
3 5285 5094 5385
3 5234 5922 5966
3 437 4964 5137
3 4420 4129 5381
3 3912 3610 4004
3 4382 4330 5192
3 5129 5175 5315
3 3559 3515 3573
3 444 4106 5458
3 5674 5475 5741
3 5283 5340 5490
3 5825 5789 5900
3 3737 3611 3770
3 6019 5991 6021
3 3487 3153 3682
3 5732 5585 5920
3 4833 4435 5214
3 5370 5426 5678
3 5656 5629 5749
3 5415 5896 5921
3 5476 5442 5647
3 4887 5518 5532
3 5342 5061 5671
3 3213 5457 5546
3 5342 5671 5754
3 4440 4173 4976
3 4886 5088 5153
3 2040 2099 2413
3 5178 5628 5659
3 4886 5153 5179
3 4974 4694 5388
3 4693 5362 5363
3 5244 5633 5664
3 5343 5506 5665
3 5736 5748 5844
3 2890 2812 3015
3 5844 5748 5903
3 5350 5261 5384
3 5634 5451 5635
3 5273 5358 5493
3 5736 5694 5757
3 5645 5070 5851
3 5520 5436 5525
3 3203 3204 4090
3 3207 2386 3208
3 5518 4585 5532
3 4800 5385 5390
3 5842 5565 5849
3 5457 445 5458
3 105 104 3394
3 5331 453 5443
3 456 5040 5327
3 4457 464 4688
3 968 927 1009
3 969 954 1005
3 969 1005 1127
3 1005 1099 1105
3 1127 1005 1293
3 1057 1078 1126
3 1152 1155 1162
3 1249 1169 1407
3 1254 1249 1407
3 1311 1307 1341
3 1311 1341 1366
3 1329 1333 1346
3 1338 1399 1427
3 1366 1341 1482
3 1341 1375 1382
3 1382 1348 1390
3 1389 1378 1431
3 1466 1447 1493
3 1505 1459 1533
3 1537 1493 1572
3 1506 1494 1531
3 1495 1521 1527
3 1572 1523 1605
3 1524 1548 1563
3 1533 1529 1576
3 1559 1582 1599
3 1606 1559 1625
3 1625 1559 1745
3 1576 1562 1595
3 1563 1574 1621
3 1573 1572 1609
3 1591 1601 1610
3 1651 1595 1659
3 1621 1597 1629
3 1636 1625 1656
3 1640 1651 1681
3 1681 1659 1690
3 1701 1669 1730
3 1672 1681 1718
3 1717 1699 1727
3 1751 1980 1981
3 1760 1770 1801
3 1806 1817 1857
3 1821 1871 1927
3 1844 1893 2002
3 1949 1896 1988
3 2135 1927 2229
3 2056 1928 2316
3 2057 1939 2145
3 1997 2117 2120
3 2022 3052 3804
3 2023 4824 4946
3 2168 2025 2269
3 2082 2150 2169
3 2137 3053 3828
3 2183 2191 2291
3 2368 2258 2477
3 2303 2260 2371
3 2283 2351 2384
3 2314 2406 2468
3 2341 2385 2400
3 2352 2362 2375
3 2739 2477 2887
3 2506 2488 2722
3 2632 2497 2783
3 2543 2507 2643
3 2590 2511 2598
3 2564 2652 2790
3 2597 2715 3102
3 2633 2709 2818
3 2789 2684 2946
3 2826 2714 2827
3 2946 2743 3054
3 2783 2749 2913
3 2777 2854 3046
3 2777 3046 3690
3 2785 2782 2900
3 3100 2824 3196
3 3254 2831 3369
3 2880 3091 3093
3 3050 2887 3170
3 3098 2924 3295
3 2930 2947 3444
3 3068 2966 3097
3 2985 3084 3276
3 4273 3018 4500
3 3078 3022 3096
3 3170 3030 3351
3 3033 3101 3526
3 3054 3202 3215
3 3068 3097 3455
3 3455 3097 3534
3 3146 3278 3279
3 3398 3185 3638
3 3379 3203 3547
3 3450 3215 3561
3 3305 3219 3393
3 3567 3232 3975
3 3532 3233 3615
3 3266 3282 3492
3 3303 3322 3448
3 3305 3393 3779
3 3325 3416 3445
3 3653 3339 3823
3 3526 3422 3609
3 3428 3701 3803
3 3506 3438 3613
3 3468 3463 3707
3 3475 3684 3810
3 3505 3476 3679
3 3483 3551 3730
3 3807 3492 4080
3 3610 3519 3614
3 3553 3646 4063
3 3906 3553 4063
3 3561 3716 3745
3 3910 3562 4012
3 3589 3623 3786
3 3589 3786 4172
3 3595 3750 3970
3 3642 3600 3826
3 3625 3693 3918
3 3771 3647 3806
3 3772 3692 3855
3 3911 3736 4804
3 3987 3740 4552
3 3743 3820 3923
3 3745 4073 4108
3 3746 3872 4075
3 4080 3751 4257
3 3917 3757 3973
3 3819 3759 3936
3 3767 3954 4307
3 3848 4044 4367
3 3910 4324 4408
3 3978 3926 4146
3 4222 3974 4384
3 4128 4000 4425
3 4016 4160 4376
3 4094 4092 4130
3 4095 4732 4993
3 4476 4115 4544
3 4257 4116 4297
3 4163 4120 4405
3 4122 4395 4634
3 4122 4634 4919
3 4127 4167 4394
3 4127 4394 4709
3 4333 4146 4468
3 4160 4257 4287
3 4239 4440 4441
3 4280 4405 4469
3 4280 4469 4645
3 4285 4331 4601
3 4481 4290 4800
3 4518 4300 4810
3 4408 4324 4718
3 4324 4527 5299
3 4718 4324 5299
3 4326 4897 5216
3 4332 4437 4647
3 4530 4376 5018
3 4511 4423 4641
3 4441 4440 5209
3 4452 4480 4612
3 4457 4688 5865
3 4457 5962 6004
3 4708 4468 4892
3 4496 4678 5747
3 4938 4496 5747
3 4678 4535 5517
3 4535 4717 5517
3 4677 4550 4700
3 4585 4934 5321
3 4647 4605 4670
3 4615 4731 4811
3 4896 4658 5043
3 4982 4659 5139
3 4705 4665 5090
3 4677 4700 5179
3 4697 4680 4779
3 4746 4714 4901
3 5026 4720 5188
3 4993 4732 5280
3 4803 4919 5000
3 5009 4807 5027
3 4855 4911 5064
3 4891 4867 5119
3 5101 4880 5347
3 4882 5476 5647
3 4885 5010 5210
3 4938 4893 5140
3 4931 4894 5202
3 5175 4947 5315
3 5087 4968 5168
3 5327 5040 5649
3 5043 5205 5262
3 5046 5138 5231
3 5057 5090 5298
3 5090 5057 5372
3 5070 5460 5656
3 5115 5237 5349
3 5303 5129 5315
3 5272 5135 5437
3 5228 5394 5409
3 5231 5336 5416
3 5236 5277 5463
3 5236 5463 5723
3 5248 5278 5468
3 5476 5258 5568
3 5292 5271 5504
3 5587 5403 5822
3 5579 5409 5681
3 5412 5482 5557
3 5418 5538 5565
3 5593 5425 5665
3 5672 5448 5761
3 5562 5468 5640
3 5719 5560 5796
3 5580 5565 5842
3 5568 5603 5713
3 5568 5713 5718
3 5580 5842 5893
3 5637 5694 5828
3 5760 5637 5828
3 5701 5675 5839
3 5675 5701 5870
3 5689 5755 5786
3 5751 5727 5817
3 5859 5742 5875
3 5748 5802 5903
3 5833 5761 5916
3 5797 5782 5892
3 5868 5786 5897
3 5935 5930 5952
3 5934 5942 6015
3 6009 5979 6037
3 5984 6011 6026
CELL_TYPES 11350
5
5
5
5
5
5
5
5
5
5
5
5
5
5
5
5
5
5
5
5
5
5
5
5
5
5
5
5
5
5
5
5
5
5
5
5
5
5
5
5
5
5
5
5
5
5
5
5
5
5
5
5
5
5
5
5
5
5
5
5
5
5
5
5
5
5
5
5
5
5
5
5
5
5
5
5
5
5
5
5
5
5
5
5
5
5
5
5
5
5
5
5
5
5
5
5
5
5
5
5
5
5
5
5
5
5
5
5
5
5
5
5
5
5
5
5
5
5
5
5
5
5
5
5
5
5
5
5
5
5
5
5
5
5
5
5
5
5
5
5
5
5
5
5
5
5
5
5
5
5
5
5
5
5
5
5
5
5
5
5
5
5
5
5
5
5
5
5
5
5
5
5
5
5
5
5
5
5
5
5
5
5
5
5
5
5
5
5
5
5
5
5
5
5
5
5
5
5
5
5
5
5
5
5
5
5
5
5
5
5
5
5
5
5
5
5
5
5
5
5
5
5
5
5
5
5
5
5
5
5
5
5
5
5
5
5
5
5
5
5
5
5
5
5
5
5
5
5
5
5
5
5
5
5
5
5
5
5
5
5
5
5
5
5
5
5
5
5
5
5
5
5
5
5
5
5
5
5
5
5
5
5
5
5
5
5
5
5
5
5
5
5
5
5
5
5
5
5
5
5
5
5
5
5
5
5
5
5
5
5
5
5
5
5
5
5
5
5
5
5
5
5
5
5
5
5
5
5
5
5
5
5
5
5
5
5
5
5
5
5
5
5
5
5
5
5
5
5
5
5
5
5
5
5
5
5
5
5
5
5
5
5
5
5
5
5
5
5
5
5
5
5
5
5
5
5
5
5
5
5
5
5
5
5
5
5
5
5
5
5
5
5
5
5
5
5
5
5
5
5
5
5
5
5
5
5
5
5
5
5
5
5
5
5
5
5
5
5
5
5
5
5
5
5
5
5
5
5
5
5
5
5
5
5
5
5
5
5
5
5
5
5
5
5
5
5
5
5
5
5
5
5
5
5
5
5
5
5
5
5
5
5
5
5
5
5
5
5
5
5
5
5
5
5
5
5
5
5
5
5
5
5
5
5
5
5
5
5
5
5
5
5
5
5
5
5
5
5
5
5
5
5
5
5
5
5
5
5
5
5
5
5
5
5
5
5
5
5
5
5
5
5
5
5
5
5
5
5
5
5
5
5
5
5
5
5
5
5
5
5
5
5
5
5
5
5
5
5
5
5
5
5
5
5
5
5
5
5
5
5
5
5
5
5
5
5
5
5
5
5
5
5
5
5
5
5
5
5
5
5
5
5
5
5
5
5
5
5
5
5
5
5
5
5
5
5
5
5
5
5
5
5
5
5
5
5
5
5
5
5
5
5
5
5
5
5
5
5
5
5
5
5
5
5
5
5
5
5
5
5
5
5
5
5
5
5
5
5
5
5
5
5
5
5
5
5
5
5
5
5
5
5
5
5
5
5
5
5
5
5
5
5
5
5
5
5
5
5
5
5
5
5
5
5
5
5
5
5
5
5
5
5
5
5
5
5
5
5
5
5
5
5
5
5
5
5
5
5
5
5
5
5
5
5
5
5
5
5
5
5
5
5
5
5
5
5
5
5
5
5
5
5
5
5
5
5
5
5
5
5
5
5
5
5
5
5
5
5
5
5
5
5
5
5
5
5
5
5
5
5
5
5
5
5
5
5
5
5
5
5
5
5
5
5
5
5
5
5
5
5
5
5
5
5
5
5
5
5
5
5
5
5
5
5
5
5
5
5
5
5
5
5
5
5
5
5
5
5
5
5
5
5
5
5
5
5
5
5
5
5
5
5
5
5
5
5
5
5
5
5
5
5
5
5
5
5
5
5
5
5
5
5
5
5
5
5
5
5
5
5
5
5
5
5
5
5
5
5
5
5
5
5
5
5
5
5
5
5
5
5
5
5
5
5
5
5
5
5
5
5
5
5
5
5
5
5
5
5
5
5
5
5
5
5
5
5
5
5
5
5
5
5
5
5
5
5
5
5
5
5
5
5
5
5
5
5
5
5
5
5
5
5
5
5
5
5
5
5
5
5
5
5
5
5
5
5
5
5
5
5
5
5
5
5
5
5
5
5
5
5
5
5
5
5
5
5
5
5
5
5
5
5
5
5
5
5
5
5
5
5
5
5
5
5
5
5
5
5
5
5
5
5
5
5
5
5
5
5
5
5
5
5
5
5
5
5
5
5
5
5
5
5
5
5
5
5
5
5
5
5
5
5
5
5
5
5
5
5
5
5
5
5
5
5
5
5
5
5
5
5
5
5
5
5
5
5
5
5
5
5
5
5
5
5
5
5
5
5
5
5
5
5
5
5
5
5
5
5
5
5
5
5
5
5
5
5
5
5
5
5
5
5
5
5
5
5
5
5
5
5
5
5
5
5
5
5
5
5
5
5
5
5
5
5
5
5
5
5
5
5
5
5
5
5
5
5
5
5
5
5
5
5
5
5
5
5
5
5
5
5
5
5
5
5
5
5
5
5
5
5
5
5
5
5
5
5
5
5
5
5
5
5
5
5
5
5
5
5
5
5
5
5
5
5
5
5
5
5
5
5
5
5
5
5
5
5
5
5
5
5
5
5
5
5
5
5
5
5
5
5
5
5
5
5
5
5
5
5
5
5
5
5
5
5
5
5
5
5
5
5
5
5
5
5
5
5
5
5
5
5
5
5
5
5
5
5
5
5
5
5
5
5
5
5
5
5
5
5
5
5
5
5
5
5
5
5
5
5
5
5
5
5
5
5
5
5
5
5
5
5
5
5
5
5
5
5
5
5
5
5
5
5
5
5
5
5
5
5
5
5
5
5
5
5
5
5
5
5
5
5
5
5
5
5
5
5
5
5
5
5
5
5
5
5
5
5
5
5
5
5
5
5
5
5
5
5
5
5
5
5
5
5
5
5
5
5
5
5
5
5
5
5
5
5
5
5
5
5
5
5
5
5
5
5
5
5
5
5
5
5
5
5
5
5
5
5
5
5
5
5
5
5
5
5
5
5
5
5
5
5
5
5
5
5
5
5
5
5
5
5
5
5
5
5
5
5
5
5
5
5
5
5
5
5
5
5
5
5
5
5
5
5
5
5
5
5
5
5
5
5
5
5
5
5
5
5
5
5
5
5
5
5
5
5
5
5
5
5
5
5
5
5
5
5
5
5
5
5
5
5
5
5
5
5
5
5
5
5
5
5
5
5
5
5
5
5
5
5
5
5
5
5
5
5
5
5
5
5
5
5
5
5
5
5
5
5
5
5
5
5
5
5
5
5
5
5
5
5
5
5
5
5
5
5
5
5
5
5
5
5
5
5
5
5
5
5
5
5
5
5
5
5
5
5
5
5
5
5
5
5
5
5
5
5
5
5
5
5
5
5
5
5
5
5
5
5
5
5
5
5
5
5
5
5
5
5
5
5
5
5
5
5
5
5
5
5
5
5
5
5
5
5
5
5
5
5
5
5
5
5
5
5
5
5
5
5
5
5
5
5
5
5
5
5
5
5
5
5
5
5
5
5
5
5
5
5
5
5
5
5
5
5
5
5
5
5
5
5
5
5
5
5
5
5
5
5
5
5
5
5
5
5
5
5
5
5
5
5
5
5
5
5
5
5
5
5
5
5
5
5
5
5
5
5
5
5
5
5
5
5
5
5
5
5
5
5
5
5
5
5
5
5
5
5
5
5
5
5
5
5
5
5
5
5
5
5
5
5
5
5
5
5
5
5
5
5
5
5
5
5
5
5
5
5
5
5
5
5
5
5
5
5
5
5
5
5
5
5
5
5
5
5
5
5
5
5
5
5
5
5
5
5
5
5
5
5
5
5
5
5
5
5
5
5
5
5
5
5
5
5
5
5
5
5
5
5
5
5
5
5
5
5
5
5
5
5
5
5
5
5
5
5
5
5
5
5
5
5
5
5
5
5
5
5
5
5
5
5
5
5
5
5
5
5
5
5
5
5
5
5
5
5
5
5
5
5
5
5
5
5
5
5
5
5
5
5
5
5
5
5
5
5
5
5
5
5
5
5
5
5
5
5
5
5
5
5
5
5
5
5
5
5
5
5
5
5
5
5
5
5
5
5
5
5
5
5
5
5
5
5
5
5
5
5
5
5
5
5
5
5
5
5
5
5
5
5
5
5
5
5
5
5
5
5
5
5
5
5
5
5
5
5
5
5
5
5
5
5
5
5
5
5
5
5
5
5
5
5
5
5
5
5
5
5
5
5
5
5
5
5
5
5
5
5
5
5
5
5
5
5
5
5
5
5
5
5
5
5
5
5
5
5
5
5
5
5
5
5
5
5
5
5
5
5
5
5
5
5
5
5
5
5
5
5
5
5
5
5
5
5
5
5
5
5
5
5
5
5
5
5
5
5
5
5
5
5
5
5
5
5
5
5
5
5
5
5
5
5
5
5
5
5
5
5
5
5
5
5
5
5
5
5
5
5
5
5
5
5
5
5
5
5
5
5
5
5
5
5
5
5
5
5
5
5
5
5
5
5
5
5
5
5
5
5
5
5
5
5
5
5
5
5
5
5
5
5
5
5
5
5
5
5
5
5
5
5
5
5
5
5
5
5
5
5
5
5
5
5
5
5
5
5
5
5
5
5
5
5
5
5
5
5
5
5
5
5
5
5
5
5
5
5
5
5
5
5
5
5
5
5
5
5
5
5
5
5
5
5
5
5
5
5
5
5
5
5
5
5
5
5
5
5
5
5
5
5
5
5
5
5
5
5
5
5
5
5
5
5
5
5
5
5
5
5
5
5
5
5
5
5
5
5
5
5
5
5
5
5
5
5
5
5
5
5
5
5
5
5
5
5
5
5
5
5
5
5
5
5
5
5
5
5
5
5
5
5
5
5
5
5
5
5
5
5
5
5
5
5
5
5
5
5
5
5
5
5
5
5
5
5
5
5
5
5
5
5
5
5
5
5
5
5
5
5
5
5
5
5
5
5
5
5
5
5
5
5
5
5
5
5
5
5
5
5
5
5
5
5
5
5
5
5
5
5
5
5
5
5
5
5
5
5
5
5
5
5
5
5
5
5
5
5
5
5
5
5
5
5
5
5
5
5
5
5
5
5
5
5
5
5
5
5
5
5
5
5
5
5
5
5
5
5
5
5
5
5
5
5
5
5
5
5
5
5
5
5
5
5
5
5
5
5
5
5
5
5
5
5
5
5
5
5
5
5
5
5
5
5
5
5
5
5
5
5
5
5
5
5
5
5
5
5
5
5
5
5
5
5
5
5
5
5
5
5
5
5
5
5
5
5
5
5
5
5
5
5
5
5
5
5
5
5
5
5
5
5
5
5
5
5
5
5
5
5
5
5
5
5
5
5
5
5
5
5
5
5
5
5
5
5
5
5
5
5
5
5
5
5
5
5
5
5
5
5
5
5
5
5
5
5
5
5
5
5
5
5
5
5
5
5
5
5
5
5
5
5
5
5
5
5
5
5
5
5
5
5
5
5
5
5
5
5
5
5
5
5
5
5
5
5
5
5
5
5
5
5
5
5
5
5
5
5
5
5
5
5
5
5
5
5
5
5
5
5
5
5
5
5
5
5
5
5
5
5
5
5
5
5
5
5
5
5
5
5
5
5
5
5
5
5
5
5
5
5
5
5
5
5
5
5
5
5
5
5
5
5
5
5
5
5
5
5
5
5
5
5
5
5
5
5
5
5
5
5
5
5
5
5
5
5
5
5
5
5
5
5
5
5
5
5
5
5
5
5
5
5
5
5
5
5
5
5
5
5
5
5
5
5
5
5
5
5
5
5
5
5
5
5
5
5
5
5
5
5
5
5
5
5
5
5
5
5
5
5
5
5
5
5
5
5
5
5
5
5
5
5
5
5
5
5
5
5
5
5
5
5
5
5
5
5
5
5
5
5
5
5
5
5
5
5
5
5
5
5
5
5
5
5
5
5
5
5
5
5
5
5
5
5
5
5
5
5
5
5
5
5
5
5
5
5
5
5
5
5
5
5
5
5
5
5
5
5
5
5
5
5
5
5
5
5
5
5
5
5
5
5
5
5
5
5
5
5
5
5
5
5
5
5
5
5
5
5
5
5
5
5
5
5
5
5
5
5
5
5
5
5
5
5
5
5
5
5
5
5
5
5
5
5
5
5
5
5
5
5
5
5
5
5
5
5
5
5
5
5
5
5
5
5
5
5
5
5
5
5
5
5
5
5
5
5
5
5
5
5
5
5
5
5
5
5
5
5
5
5
5
5
5
5
5
5
5
5
5
5
5
5
5
5
5
5
5
5
5
5
5
5
5
5
5
5
5
5
5
5
5
5
5
5
5
5
5
5
5
5
5
5
5
5
5
5
5
5
5
5
5
5
5
5
5
5
5
5
5
5
5
5
5
5
5
5
5
5
5
5
5
5
5
5
5
5
5
5
5
5
5
5
5
5
5
5
5
5
5
5
5
5
5
5
5
5
5
5
5
5
5
5
5
5
5
5
5
5
5
5
5
5
5
5
5
5
5
5
5
5
5
5
5
5
5
5
5
5
5
5
5
5
5
5
5
5
5
5
5
5
5
5
5
5
5
5
5
5
5
5
5
5
5
5
5
5
5
5
5
5
5
5
5
5
5
5
5
5
5
5
5
5
5
5
5
5
5
5
5
5
5
5
5
5
5
5
5
5
5
5
5
5
5
5
5
5
5
5
5
5
5
5
5
5
5
5
5
5
5
5
5
5
5
5
5
5
5
5
5
5
5
5
5
5
5
5
5
5
5
5
5
5
5
5
5
5
5
5
5
5
5
5
5
5
5
5
5
5
5
5
5
5
5
5
5
5
5
5
5
5
5
5
5
5
5
5
5
5
5
5
5
5
5
5
5
5
5
5
5
5
5
5
5
5
5
5
5
5
5
5
5
5
5
5
5
5
5
5
5
5
5
5
5
5
5
5
5
5
5
5
5
5
5
5
5
5
5
5
5
5
5
5
5
5
5
5
5
5
5
5
5
5
5
5
5
5
5
5
5
5
5
5
5
5
5
5
5
5
5
5
5
5
5
5
5
5
5
5
5
5
5
5
5
5
5
5
5
5
5
5
5
5
5
5
5
5
5
5
5
5
5
5
5
5
5
5
5
5
5
5
5
5
5
5
5
5
5
5
5
5
5
5
5
5
5
5
5
5
5
5
5
5
5
5
5
5
5
5
5
5
5
5
5
5
5
5
5
5
5
5
5
5
5
5
5
5
5
5
5
5
5
5
5
5
5
5
5
5
5
5
5
5
5
5
5
5
5
5
5
5
5
5
5
5
5
5
5
5
5
5
5
5
5
5
5
5
5
5
5
5
5
5
5
5
5
5
5
5
5
5
5
5
5
5
5
5
5
5
5
5
5
5
5
5
5
5
5
5
5
5
5
5
5
5
5
5
5
5
5
5
5
5
5
5
5
5
5
5
5
5
5
5
5
5
5
5
5
5
5
5
5
5
5
5
5
5
5
5
5
5
5
5
5
5
5
5
5
5
5
5
5
5
5
5
5
5
5
5
5
5
5
5
5
5
5
5
5
5
5
5
5
5
5
5
5
5
5
5
5
5
5
5
5
5
5
5
5
5
5
5
5
5
5
5
5
5
5
5
5
5
5
5
5
5
5
5
5
5
5
5
5
5
5
5
5
5
5
5
5
5
5
5
5
5
5
5
5
5
5
5
5
5
5
5
5
5
5
5
5
5
5
5
5
5
5
5
5
5
5
5
5
5
5
5
5
5
5
5
5
5
5
5
5
5
5
5
5
5
5
5
5
5
5
5
5
5
5
5
5
5
5
5
5
5
5
5
5
5
5
5
5
5
5
5
5
5
5
5
5
5
5
5
5
5
5
5
5
5
5
5
5
5
5
5
5
5
5
5
5
5
5
5
5
5
5
5
5
5
5
5
5
5
5
5
5
5
5
5
5
5
5
5
5
5
5
5
5
5
5
5
5
5
5
5
5
5
5
5
5
5
5
5
5
5
5
5
5
5
5
5
5
5
5
5
5
5
5
5
5
5
5
5
5
5
5
5
5
5
5
5
5
5
5
5
5
5
5
5
5
5
5
5
5
5
5
5
5
5
5
5
5
5
5
5
5
5
5
5
5
5
5
5
5
5
5
5
5
5
5
5
5
5
5
5
5
5
5
5
5
5
5
5
5
5
5
5
5
5
5
5
5
5
5
5
5
5
5
5
5
5
5
5
5
5
5
5
5
5
5
5
5
5
5
5
5
5
5
5
5
5
5
5
5
5
5
5
5
5
5
5
5
5
5
5
5
5
5
5
5
5
5
5
5
5
5
5
5
5
5
5
5
5
5
5
5
5
5
5
5
5
5
5
5
5
5
5
5
5
5
5
5
5
5
5
5
5
5
5
5
5
5
5
5
5
5
5
5
5
5
5
5
5
5
5
5
5
5
5
5
5
5
5
5
5
5
5
5
5
5
5
5
5
5
5
5
5
5
5
5
5
5
5
5
5
5
5
5
5
5
5
5
5
5
5
5
5
5
5
5
5
5
5
5
5
5
5
5
5
5
5
5
5
5
5
5
5
5
5
5
5
5
5
5
5
5
5
5
5
5
5
5
5
5
5
5
5
5
5
5
5
5
5
5
5
5
5
5
5
5
5
5
5
5
5
5
5
5
5
5
5
5
5
5
5
5
5
5
5
5
5
5
5
5
5
5
5
5
5
5
5
5
5
5
5
5
5
5
5
5
5
5
5
5
5
5
5
5
5
5
5
5
5
5
5
5
5
5
5
5
5
5
5
5
5
5
5
5
5
5
5
5
5
5
5
5
5
5
5
5
5
5
5
5
5
5
5
5
5
5
5
5
5
5
5
5
5
5
5
5
5
5
5
5
5
5
5
5
5
5
5
5
5
5
5
5
5
5
5
5
5
5
5
5
5
5
5
5
5
5
5
5
5
5
5
5
5
5
5
5
5
5
5
5
5
5
5
5
5
5
5
5
5
5
5
5
5
5
5
5
5
5
5
5
5
5
5
5
5
5
5
5
5
5
5
5
5
5
5
5
5
5
5
5
5
5
5
5
5
5
5
5
5
5
5
5
5
5
5
5
5
5
5
5
5
5
5
5
5
5
5
5
5
5
5
5
5
5
5
5
5
5
5
5
5
5
5
5
5
5
5
5
5
5
5
5
5
5
5
5
5
5
5
5
5
5
5
5
5
5
5
5
5
5
5
5
5
5
5
5
5
5
5
5
5
5
5
5
5
5
5
5
5
5
5
5
5
5
5
5
5
5
5
5
5
5
5
5
5
5
5
5
5
5
5
5
5
5
5
5
5
5
5
5
5
5
5
5
5
5
5
5
5
5
5
5
5
5
5
5
5
5
5
5
5
5
5
5
5
5
5
5
5
5
5
5
5
5
5
5
5
5
5
5
5
5
5
5
5
5
5
5
5
5
5
5
5
5
5
5
5
5
5
5
5
5
5
5
5
5
5
5
5
5
5
5
5
5
5
5
5
5
5
5
5
5
5
5
5
5
5
5
5
5
5
5
5
5
5
5
5
5
5
5
5
5
5
5
5
5
5
5
5
5
5
5
5
5
5
5
5
5
5
5
5
5
5
5
5
5
5
5
5
5
5
5
5
5
5
5
5
5
5
5
5
5
5
5
5
5
5
5
5
5
5
5
5
5
5
5
5
5
5
5
5
5
5
5
5
5
5
5
5
5
5
5
5
5
5
5
5
5
5
5
5
5
5
5
5
5
5
5
5
5
5
5
5
5
5
5
5
5
5
5
5
5
5
5
5
5
5
5
5
5
5
5
5
5
5
5
5
5
5
5
5
5
5
5
5
5
5
5
5
5
5
5
5
5
5
5
5
5
5
5
5
5
5
5
5
5
5
5
5
5
5
5
5
5
5
5
5
5
5
5
5
5
5
5
5
5
5
5
5
5
5
5
5
5
5
5
5
5
5
5
5
5
5
5
5
5
5
5
5
5
5
5
5
5
5
5
5
5
5
5
5
5
5
5
5
5
5
5
5
5
5
5
5
5
5
5
5
5
5
5
5
5
5
5
5
5
5
5
5
5
5
5
5
5
5
5
5
5
5
5
5
5
5
5
5
5
5
5
5
5
5
5
5
5
5
5
5
5
5
5
5
5
5
5
5
5
5
5
5
5
5
5
5
5
5
5
5
5
5
5
5
5
5
5
5
5
5
5
5
5
5
5
5
5
5
5
5
5
5
5
5
5
5
5
5
5
5
5
5
5
5
5
5
5
5
5
5
5
5
5
5
5
5
5
5
5
5
5
5
5
5
5
5
5
5
5
5
5
5
5
5
5
5
5
5
5
5
5
5
5
5
5
5
5
5
5
5
5
5
5
5
5
5
5
5
5
5
5
5
5
5
5
5
5
5
5
5
5
5
5
5
5
5
5
5
5
5
5
5
5
5
5
5
5
5
5
5
5
5
5
5
5
5
5
5
5
5
5
5
5
5
5
5
5
5
5
5
5
5
5
5
5
5
5
5
5
5
5
5
5
5
5
5
5
5
5
5
5
5
5
5
5
5
5
5
5
5
5
5
5
5
5
5
5
5
5
5
5
5
5
5
5
5
5
5
5
5
5
5
5
5
5
5
5
5
5
5
5
5
5
5
5
5
5
5
5
5
5
5
5
5
5
5
5
5
5
5
5
5
5
5
5
5
5
5
5
5
5
5
5
5
5
5
5
5
5
5
5
5
5
5
5
5
5
5
5
5
5
5
5
5
5
5
5
5
5
5
5
5
5
5
5
5
5
5
5
5
5
5
5
5
5
5
5
5
5
5
5
5
5
5
5
5
5
5
5
5
5
5
5
5
5
5
5
5
5
5
5
5
5
5
5
5
5
5
5
5
5
5
5
5
5
5
5
5
5
5
5
5
5
5
5
5
5
5
5
5
5
5
5
5
5
5
5
5
5
5
5
5
5
5
5
5
5
5
5
5
5
5
5
5
5
5
5
5
5
5
5
5
5
5
5
5
5
5
5
5
5
5
5
5
5
5
5
5
5
5
5
5
5
5
5
5
5
5
5
5
5
5
5
5
5
5
5
5
5
5
5
5
5
5
5
5
5
5
5
5
5
5
5
5
5
5
5
5
5
5
5
5
5
5
5
5
5
5
5
5
5
5
5
5
5
5
5
5
5
5
5
5
5
5
5
5
5
5
5
5
5
5
5
5
5
5
5
5
5
5
5
5
5
5
5
5
5
5
5
5
5
5
5
5
5
5
5
5
5
5
5
5
5
5
5
5
5
5
5
5
5
5
5
5
5
5
5
5
5
5
5
5
5
5
5
5
5
5
5
5
5
5
5
5
5
5
5
5
5
5
5
5
5
5
5
5
5
5
5
5
5
5
5
5
5
5
5
5
5
5
5
5
5
5
5
5
5
5
5
5
5
5
5
5
5
5
5
5
5
5
5
5
5
5
5
5
5
5
5
5
5
5
5
5
5
5
5
5
5
5
5
5
5
5
5
5
5
5
5
5
5
5
5
5
5
5
5
5
5
5
5
5
5
5
5
5
5
5
5
5
5
5
5
5
5
5
5
5
5
5
5
5
5
5
5
5
5
5
5
5
5
5
5
5
5
5
5
5
5
5
5
5
5
5
5
5
5
5
5
5
5
5
5
5
5
5
5
5
5
5
5
5
5
5
5
5
5
5
5
5
5
5
5
5
5
5
5
5
5
5
5
5
5
5
5
5
5
5
5
5
5
5
5
5
5
5
5
5
5
5
5
5
5
5
5
5
5
5
5
5
5
5
5
5
5
5
5
5
5
5
5
5
5
5
5
5
5
5
5
5
5
5
5
5
5
5
5
5
5
5
5
5
5
5
5
5
5
5
5
5
5
5
5
5
5
5
5
5
5
5
5
5
5
5
5
5
5
5
5
5
5
5
5
5
5
5
5
5
5
5
5
5
5
5
5
5
5
5
5
5
5
5
5
5
5
5
5
5
5
5
5
5
5
5
5
5
5
5
5
5
5
5
5
5
5
5
5
5
5
5
5
5
5
5
5
5
5
5
5
5
5
5
5
5
5
5
5
5
5
5
5
5
5
5
5
5
5
5
5
5
5
5
5
5
5
5
5
5
5
5
5
5
5
5
5
5
5
5
5
5
5
5
5
5
5
5
5
5
5
5
5
5
5
5
5
5
5
5
5
5
5
5
5
5
5
5
5
5
5
5
5
5
5
5
5
5
5
5
5
5
5
5
5
5
5
5
5
5
5
5
5
5
5
5
5
5
5
5
5
5
5
5
5
5
5
5
5
5
5
5
5
5
5
5
5
5
5
5
5
5
5
5
5
5
5
5
5
5
5
5
5
5
5
5
5
5
5
5
5
5
5
5
5
5
5
5
5
5
5
5
5
5
5
5
5
5
5
5
5
5
5
5
5
5
5
5
5
5
5
5
5
5
5
5
5
5
5
5
5
5
5
5
5
5
5
5
5
5
5
5
5
5
5
5
5
5
5
5
5
5
5
5
5
5
5
5
5
5
5
5
5
5
5
5
5
5
5
5
5
5
5
5
5
5
5
5
5
5
5
5
5
5
5
5
5
5
5
5
5
5
5
5
5
5
5
5
5
5
5
5
5
5
5
5
5
5
5
5
5
5
5
5
5
5
5
5
5
5
5
5
5
5
5
5
5
5
5
5
5
5
5
5
5
5
5
5
5
5
5
5
5
5
5
5
5
5
5
5
5
5
5
5
5
5
5
5
5
5
5
5
5
5
5
5
5
5
5
5
5
5
5
5
5
5
5
5
5
5
5
5
5
5
5
5
5
5
5
5
5
5
5
5
5
5
5
5
5
5
5
5
5
5
5
5
5
5
5
5
5
5
5
5
5
5
5
5
5
5
5
5
5
5
5
5
5
5
5
5
5
5
5
5
5
5
5
5
5
5
5
5
5
5
5
5
5
5
5
5
5
5
5
5
5
5
5
5
5
5
5
5
5
5
5
5
5
5
5
5
5
5
5
5
5
5
5
5
5
5
5
5
5
5
5
5
5
5
5
5
5
5
5
5
5
5
5
5
5
5
5
5
5
5
5
5
5
5
5
5
5
5
5
5
5
5
5
5
5
5
5
5
5
5
5
5
5
5
5
5
5
5
5
5
5
5
5
5
5
5
5
5
5
5
5
5
5
5
5
5
5
5
5
5
5
5
5
5
5
5
5
5
5
5
5
5
5
5
5
5
5
5
5
5
5
5
5
5
5
5
5
5
5
5
5
5
5
5
5
5
5
5
5
5
5
5
5
5
5
5
5
5
5
5
5
5
5
5
5
5
5
5
5
5
5
5
5
5
5
5
5
5
5
5
5
5
5
5
5
5
5
5
5
5
5
5
5
5
5
5
5
5
5
5
5
5
5
5
5
5
5
5
5
5
5
5
5
5
5
5
5
5
5
5
5
5
5
5
5
5
5
5
5
5
5
5
5
5
5
5
5
5
5
5
5
5
5
5
5
5
5
5
5
5
5
5
5
5
5
5
5
5
5
5
5
5
5
5
5
5
5
5
5
5
5
5
5
5
5
5
5
5
5
5
5
5
5
5
5
5
5
5
5
5
5
5
5
5
5
5
5
5
5
5
5
5
5
5
5
5
5
5
5
5
5
5
5
5
5
5
5
5
5
5
5
5
5
5
5
5
5
5
5
5
5
5
5
5
5
5
5
5
5
5
5
5
5
5
5
5
5
5
5
5
5
5
5
5
5
5
5
5
5
5
5
5
5
5
5
5
5
5
5
5
5
5
5
5
5
5
5
5
5
5
5
5
5
5
5
5
5
5
5
5
5
5
5
5
5
5
5
5
5
5
5
5
5
5
5
5
5
5
5
5
5
5
5
5
5
5
5
5
5
5
5
5
5
5
5
5
5
5
5
5
5
5
5
5
5
5
5
5
5
5
5
5
5
5
5
5
5
5
5
5
5
5
5
5
5
5
5
5
5
5
5
5
5
5
5
5
5
5
5
5
5
5
5
5
5
5
5
5
5
5
5
5
5
5
5
5
5
5
5
5
5
5
5
5
5
5
5
5
5
5
5
5
5
5
5
5
5
5
5
5
5
5
5
5
5
5
5
5
5
5
5
5
5
5
5
5
5
5
5
5
5
5
5
5
5
5
5
5
5
5
5
5
5
5
5
5
5
5
5
5
5
5
5
5
5
5
5
5
5
5
5
5
5
5
5
5
5
5
5
5
5
5
5
5
5
5
5
5
5
5
5
5
5
5
5
5
5
5
5
5
5
5
5
5
5
5
5
5
5
5
5
5
5
5
5
5
5
5
5
5
5
5
5
5
5
5
5
5
5
5
5
5
5
5
5
5
5
5
5
5
5
5
5
5
5
5
5
5
5
5
5
5
5
5
5
5
5
5
5
5
5
5
5
5
5
5
5
5
5
5
5
5
5
5
5
5
5
5
5
5
5
5
5
5
5
5
5
5
5
5
5
5
5
5
5
5
5
5
5
5
5
5
5
5
5
5
5
5
5
5
5
5
5
5
5
5
5
5
5
5
5
5
5
5
5
5
5
5
5
5
5
5
5
5
5
5
5
5
5
5
5
5
5
5
5
5
5
5
5
5
5
5
5
5
5
5
5
5
5
5
5
5
5
5
5
5
5
5
5
5
5
5
5
5
5
5
5
5
5
5
5
5
5
5
5
5
5
5
5
5
5
5
5
5
5
5
5
5
5
5
5
5
5
5
5
5
5
5
5
5
5
5
5
5
5
5
5
5
5
5
5
5
5
5
5
5
5
5
5
5
5
5
5
5
5
5
5
5
5
5
5
5
5
5
5
5
5
5
5
5
5
5
5
5
5
5
5
5
5
5
5
5
5
5
5
5
5
5
5
5
5
5
5
5
5
5
5
5
5
5
5
5
5
5
5
5
5
5
5
5
5
5
5
5
5
5
5
5
5
5
5
5
5
5
5
5
5
5
5
5
5
5
5
5
5
5
5
5
5
5
5
5
5
5
5
5
5
5
5
5
5
5
5
5
5
5
5
5
5
5
5
5
5
5
5
5
5
5
5
5
5
5
5
5
5
5
5
5
5
5
5
5
5
5
5
5
5
5
5
5
5
5
5
5
5
5
5
5
5
5
5
5
5
5
5
5
5
5
5
5
5
5
5
5
5
5
5
5
5
5
5
5
5
5
5
5
5
5
5
5
5
5
5
5
5
5
5
5
5
5
5
5
5
5
5
5
5
5
5
5
5
5
5
5
5
5
5
5
5
5
5
5
5
5
5
5
5
5
5
5
5
5
5
5
5
5
5
5
5
5
5
5
5
5
5
5
5
5
5
5
5
5
5
5
5
5
5
5
5
5
5
5
5
5
5
5
5
5
5
5
5
5
5
5
5
5
5
5
5
5
5
5
5
5
5
5
5
5
5
5
5
5
5
5
5
5
5
5
5
5
5
5
5
5
5
5
5
5
5
5
5
5
5
5
5
5
5
5
5
5
5
5
5
5
5
5
5
5
5
5
5
5
5
5
5
5
5
5
5
5
5
5
5
5
5
5
5
5
5
5
5
5
5
5
5
5
5
5
5
5
5
5
5
5
5
5
5
5
5
5
5
5
5
5
5
5
5
5
5
5
5
5
5
5
5
5
5
5
5
5
5
5
5
5
5
5
5
5
5
5
5
5
5
5
5
5
5
5
5
5
5
5
5
5
5
5
5
5
5
5
5
5
5
5
5
5
5
5
5
5
5
5
5
5
5
5
5
5
5
5
5
5
5
5
5
5
5
5
5
5
5
5
5
5
5
5
5
5
5
5
5
5
5
5
5
5
5
5
5
5
5
5
5
5
5
5
5
5
5
5
5
5
5
5
5
5
5
5
5
5
5
5
5
5
5
5
5
5
5
5
5
5
5
5
5
5
5
5
5
5
5
5
5
5
5
5
5
5
5
5
5
5
5
5
5
5
5
5
5
5
5
5
5
5
5
5
5
5
5
5
5
5
5
5
5
5
5
5
5
5
5
5
5
5
5
5
5
5
5
5
5
5
5
5
5
5
5
5
5
5
5
5
5
5
5
5
5
5
5
5
5
5
5
5
5
5
5
5
5
5
5
5
5
5
5
5
5
5
5
5
5
5
5
5
5
5
5
5
5
5
5
5
5
5
5
5
5
5
5
5
5
5
5
5
5
5
5
5
5
5
5
5
5
5
5
5
5
5
5
5
5
5
5
5
5
5
5
5
5
5
5
5
5
5
5
5
5
5
5
5
5
5
5
5
5
5
5
5
5
5
5
5
5
5
5
5
5
5
5
5
5
5
5
5
5
5
5
5
5
5
5
5
5
5
5
5
5
5
5
5
5
5
5
5
5
5
5
5
5
5
5
5
5
5
5
5
5
5
5
5
5
5
5
5
5
5
5
5
5
5
5
5
5
5
5
5
5
5
5
5
5
5
5
5
5
5
5
5
5
5
5
5
5
5
5
5
5
5
5
5
5
5
5
5
5
5
5
5
5
5
5
5
5
5
5
5
5
5
5
5
5
5
5
5
5
5
5
5
5
5
5
5
5
5
5
5
5
5
5
5
5
5
5
5
5
5
5
5
5
5
5
5
5
5
5
5
5
5
5
5
5
5
5
5
5
5
5
5
5
5
5
5
5
5
5
5
5
5
5
5
5
5
5
5
5
5
5
5
5
5
5
5
5
5
5
5
5
5
5
5
5
5
5
5
5
5
5
5
5
5
5
5
5
5
5
5
5
5
5
5
5
5
5
5
5
5
5
5
5
5
5
5
5
5
5
5
5
5
5
5
5
5
5
5
5
5
5
5
5
5
5
5
5
5
5
5
5
5
5
5
5
5
5
5
5
5
5
5
5
5
5
5
5
5
5
5
5
5
5
5
5
5
5
5
5
5
5
5
5
5
5
5
5
5
5
5
5
5
5
5
5
5
5
5
5
5
5
5
5
5
5
5
5
5
5
5
5
5
5
5
5
5
5
5
5
5
5
5
5
5
5
5
5
5
5
5
5
5
5
5
5
5
5
5
5
5
5
5
5
5
5
5
5
5
5
5
5
5
5
5
5
5
5
5
5
5
5
5
5
5
5
5
5
5
5
5
5
5
5
5
5
5
5
5
5
5
5
5
5
5
5
5
5
5
5
5
5
5
5
5
5
5
5
5
5
5
5
5
5
5
5
5
5
5
5
5
5
5
5
5
5
5
5
5
5
5
5
5
5
5
5
5
5
5
5
5
5
5
5
5
5
5
5
5
5
5
5
5
5
5
5
5
5
5
5
5
5
5
5
5
5
5
5
5
5
5
5
5
5
5
5
5
5
5
5
5
5
5
5
5
5
5
5
5
5
5
5
5
5
5
5
5
5
5
5
5
5
5
5
5
5
5
5
5
5
5
5
5
5
5
5
5
5
5
5
5
5
5
5
5
5
5
5
5
5
5
5
5
5
5
5
5
5
5
5
5
5
5
5
5
5
5
5
5
5
5
5
5
5
5
5
5
5
5
5
5
5
5
5
5
5
5
5
5
5
5
5
5
5
5
5
5
5
5
5
5
5
5
5
5
5
5
5
5
5
5
5
5
5
5
5
5
5
5
5
5
5
5
5
5
5
5
5
5
5
5
5
5
5
5
5
5
5
5
5
5
5
5
5
5
5
5
5
5
5
5
5
5
5
5
5
5
5
5
5
5
5
5
5
5
5
5
5
5
5
5
5
5
5
5
5
5
5
5
5
5
5
5
5
5
5
5
5
5
5
5
5
5
5
5
5
5
5
5
5
5
5
5
5
5
5
5
5
5
5
5
5
5
5
5
5
5
5
5
5
5
5
5
5
5
5
5
5
5
5
5
5
5
5
5
5
5
5
5
5
5
5
5
5
5
5
5
5
5
5
5
5
5
5
5
5
5
5
5
5
5
5
5
5
5
5
5
5
5
5
5
5
5
5
5
5
5
5
5
5
5
5
5
5
5
5
5
5
5
5
5
5
5
5
5
5
5
5
5
5
5
5
5
5
5
5
5
5
5
5
5
5
5
5
5
5
5
5
5
5
5
5
5
5
5
5
5
5
5
5
5
5
5
5
5
5
5
5
5
5
5
5
5
5
5
5
5
5
5
5
5
5
5
5
5
5
5
5
5
5
5
5
5
5
5
5
5
5
5
5
5
5
5
5
5
5
5
5
5
5
5
5
5
5
5
5
5
5
5
5
5
5
5
5
5
5
5
5
5
5
5
5
5
5
5
5
5
5
5
5
5
5
5
5
5
5
5
5
5
5
5
5
5
5
5
5
5
5
5
5
5
5
5
5
5
5
5
5
5
5
5
5
5
5
5
5
5
5
5
5
5
5
5
5
5
5
5
5
5
5
5
5
5
5
5
5
5
5
5
5
5
5
5
5
5
5
5
5
5
5
5
5
5
5
5
5
5
5
5
5
5
5
5
5
5
5
5
5
5
5
5
5
5
5
5
5
5
5
5
5
5
5
5
5
5
5
5
5
5
5
5
5
5
5
5
5
5
5
5
5
5
5
5
5
5
5
5
5
5
5
5
5
5
5
5
5
5
5
5
5
5
5
5
5
5
5
5
5
5
5
5
5
5
5
5
5
5
5
5
5
5
5
5
5
5
5
5
5
5
5
5
5
5
5
5
5
5
5
5
5
5
5
5
5
5
5
5
5
5
5
5
5
5
5
5
5
5
5
5
5
5
5
5
5
5
5
5
5
5
5
5
5
5
5
5
5
5
5
5
5
5
5
5
5
5
5
5
5
5
5
5
5
5
5
5
5
5
5
5
5
5
5
5
5
5
5
5
5
5
5
5
5
5
5
5
5
5
5
5
5
5
5
5
5
5
5
5
5
5
5
5
5
5
5
5
5
5
5
5
5
5
5
5
5
5
5
5
5
5
5
5
5
5
5
5
5
5
5
5
5
5
5
5
5
5
5
5
5
5
5
5
5
5
5
5
5
5
5
5
5
5
5
5
5
5
5
5
5
5
5
5
5
5
5
5
5
5
5
5
5
5
5
5
5
5
5
5
5
5
5
5
5
5
5
5
5
5
5
5
5
5
5
5
5
5
5
5
5
5
5
5
5
5
5
5
5
5
5
5
5
5
5
5
5
5
5
5
5
5
5
5
5
5
5
5
5
5
5
5
5
5
5
5
5
5
5
5
5
5
5
5
5
5
5
5
5
5
5
5
5
5
5
5
5
5
5
5
5
5
5
5
5
5
5
5
5
5
5
5
5
5
5
5
5
5
5
5
5
5
5
5
5
5
5
5
5
5
5
5
5
5
5
5
5
5
5
5
5
5
5
5
5
5
5
5
5
5
5
5
5
5
5
5
5
5
5
5
5
5
5
5
5
5
5
5
5
5
5
5
5
5
5
5
5
5
5
5
5
5
5
5
5
5
5
5
5
5
5
5
5
5
5
5
5
5
5
5
5
5
5
5
5
5
5
5
5
5
5
5
5
5
5
5
5
5
5
5
5
5
5
5
5
5
5
5
5
5
5
5
5
5
5
5
5
5
5
5
5
5
5
5
5
5
5
5
5
5
5
5
5
5
5
5
5
5
5
5
5
5
5
5
5
5
5
5
5
5
5
5
5
5
5
5
5
5
5
5
5
5
5
5
5
5
5
5
5
5
5
5
5
5
5
5
5
5
5
5
5
5
5
5
5
5
5
5
5
5
5
5
5
5
5
5
5
5
5
5
5
5
5
5
5
5
5
5
5
5
5
5
5
5
5
5
5
5
5
5
5
5
5
5
5
5
5
5
5
5
5
5
5
5
5
5
5
5
5
5
5
5
5
5
5
5
5
5
5
5
5
5
5
5
5
5
5
5
5
5
5
5
5
5
5
5
5
5
5
5
5
5
5
5
5
5
5
5
5
5
5
5
5
5
5
5
5
5
5
5
5
5
5
5
5
5
5
5
5
5
5
5
5
5
5
5
5
5
5
5
5
5
5
5
5
5
5
5
5
5
5
5
5
5
5
5
5
5
5
5
5
5
5
5
5
5
5
5
5
5
5
5
5
5
5
5
5
5
5
5
5
5
5
5
5
5
5
5
5
5
5
5
5
5
5
5
5
5
5
5
5
5
5
5
5
5
5
5
5
5
5
5
5
5
5
5
5
5
5
5
5
5
5
5
5
5
5
5
5
5
5
5
5
5
5
5
5
5
5
5
5
5
5
5
5
5
5
5
5
5
5
5
5
5
5
5
5
5
5
5
5
5
5
5
5
5
5
5
5
5
5
5
5
5
5
5
5
5
5
5
5
5
5
5
5
5
5
5
5
5
5
5
5
5
5
5
5
5
5
5
5
5
5
5
5
5
5
5
5
5
5
5
5
5
5
5
5
5
5
5
5
5
5
5
5
5
5
5
5
5
5
5
5
5
5
5
5
5
5
5
5
5
5
5
5
5
5
5
5
5
5
5
5
5
5
5
5
5
5
5
5
5
5
5
5
5
5
5
5
5
5
5
5
5
5
5
5
5
5
5
5
5
5
5
5
5
5
5
5
5
5
5
5
5
5
5
5
5
5
5
5
5
5
5
5
5
5
5
5
5
5
5
5
5
5
5
5
5
5
5
5
5
5
5
5
5
5
5
5
5
5
5
5
5
5
5
5
5
5
5
5
5
5
5
5
5
5
5
5
5
5
5
5
5
5
5
5
5
5
5
5
5
5
5
5
5
5
5
5
5
5
5
5
5
5
5
5
5
5
5
5
5
5
5
5
5
5
5
5
5
5
5
5
5
5
5
5
5
5
5
5
5
5
5
5
5
5
5
5
5
5
5
5
5
5
5
5
5
5
5
5
5
5
5
5
5
5
5
5
5
5
5
5
5
5
5
5
5
5
5
5
5
5
5
5
5
5
5
5
5
5
5
5
5
5
5
5
5
5
5
5
5
5
5
5
5
5
5
5
5
5
5
5
5
5
5
5
5
5
5
5
5
5
5
5
5
5
5
5
5
5
5
5
5
5
5
5
5
5
5
5
5
5
5
5
5
5
5
5
5
5
5
5
5
5
5
5
5
5
5
5
5
5
5
5
5
5
5
5
5
5
5
5
5
5
5
5
5
5
5
5
5
5
5
5
5
5
5
5
5
5
5
5
5
5
5
5
5
5
5
5
5
5
5
5
5
5
5
5
5
5
5
5
5
5
5
5
5
5
5
5
5
5
5
5
5
5
5
5
5
5
5
5
5
5
5
5
5
5
5
5
5
5
5
5
5
5
5
5
5
5
5
5
5
5
5
5
5
5
5
5
5
5
5
5
5
5
5
5
5
5
5
5
5
5
5
5
5
5
5
5
5
5
5
5
5
5
5
5
5
5
5
5
5
5
5
5
5
5
5
5
5
5
5
5
5
5
5
5
5
5
5
5
5
5
5
5
5
5
5
5
5
5
5
5
5
5
5
5
5
5
5
5
5
5
5
5
5
5
5
5
5
5
5
5
5
5
5
5
5
5
5
5
5
5
5
5
5
5
5
5
5
5
5
5
5
5
5
5
5
5
5
5
5
5
5
5
5
5
5
5
5
5
5
5
5
5
5
5
5
5
5
5
5
5
5
5
5
5
5
5
5
5
5
5
5
5
5
5
5
5
5
5
5
5
5
5
5
5
5
5
5
5
5
5
5
5
5
5
5
5
5
5
5
5
5
5
5
5
5
5
5
5
5
5
5
5
5
5
5
5
5
5
5
5
5
5
5
5
5
5
5
5
5
5
5
5
5
5
5
5
5
5
5
5
5
5
5
5
5
5
5
5
5
5
5
5
5
5
5
5
5
5
5
5
5
5
5
5
5
5
5
5
5
5
5
5
5
5
5
5
5
5
5
5
5
5
5
5
5
5
5
5
5
5
5
5
5
5
5
5
5
5
5
5
5
5
5
5
5
5
5
5
5
5
5
5
5
5
5
5
5
5
5
5
5
5
5
5
5
5
5
5
5
5
5
5
5
5
5
5
5
5
5
5
5
5
5
5
5
5
5
5
5
5
5
5
5
5
5
5
5
5
5
5
5
5
5
5
5
5
5
5
5
5
5
5
5
5
5
5
5
5
5
5
5
5
5
5
5
5
5
5
5
5
5
5
5
5
5
5
5
5
5
5
5
5
5
5
5
5
5
5
5
5
5
5
5
5
5
5
5
5
5
5
5
5
5
5
5
5
5
5
5
5
5
5
5
5
5
5
5
5
5
5
5
5
5
5
5
5
5
5
5
5
5
5
5
5
5
5
5
5
5
5
5
5
5
5
5
5
5
5
5
5
5
5
5
5
5
5
5
5
5
5
5
5
5
5
5
5
5
5
5
5
5
5
5
5
5
5
5
5
5
5
5
5
5
5
5
5
5
5
5
5
5
5
5
5
5
5
5
5
5
5
5
5
5
5
5
5
5
5
5
5
5
5
5
5
5
5
5
5
5
5
5
5
5
5
5
5
5
5
5
5
5
5
5
5
5
5
5
5
5
5
5
5
5
5
5
5
5
5
5
5
5
5
5
5
5
5
5
5
5
5
5
5
5
5
5
5
5
5
5
5
5
5
5
5
5
5
5
5
5
5
5
5
5
5
5
5
5
5
5
5
5
5
5
5
5
5
5
5
5
5
5
5
5
5
5
5
5
5
5
5
5
5
5
5
5
5
5
5
5
5
5
5
5
5
5
5
5
5
5
5
5
5
5
5
5
5
5
5
5
5
5
5
5
5
5
5
5
5
5
5
5
5
5
5
5
5
5
5
5
5
5
5
5
5
5
5
5
5
5
5
5
5
5
5
5
5
5
5
5
5
5
5
5
5
5
5
5
5
5
5
5
5
5
5
5
5
5
5
5
5
5
5
5
5
5
5
5
5
5
5
5
5
5
5
5
5
5
5
5
5
5
5
5
5
5
5
5
5
5
5
5
5
5
5
5
5
5
5
5
5
5
5
5
5
5
5
5
5
5
5
5
5
5
5
5
5
5
5
5
5
5
5
5
5
5
5
5
5
5
5
5
5
5
5
5
5
5
5
5
5
5
5
5
5
5
5
5
5
5
5
5
5
5
5
5
5
5
5
5
5
5
5
5
5
5
5
5
5
5
5
5
5
5
5
5
5
5
5
5
5
5
5
5
5
5
5
5
5
5
5
5
5
5
5
5
5
5
5
5
5
5
5
5
5
5
5
5
5
5
5
5
5
5
5
5
5
5
5
5
5
5
5
5
5
5
5
5
5
5
5
5
5
5
5
5
5
5
5
5
5
5
5
5
5
5
5
5
5
5
5
5
5
5
5
5
5
5
5
5
5
5
5
5
5
5
5
5
5
5
5
5
5
5
5
5
5
5
5
5
5
5
5
5
5
5
5
5
5
5
5
5
5
5
5
5
5
5
5
5
5
5
5
5
5
5
5
5
5
5
5
5
5
5
5
5
5
5
5
5
5
5
5
5
5
5
5
5
5
5
5
5
5
5
5
5
5
5
5
5
5
5
5
5
5
5
5
5
5
5
5
5
5
5
5
5
5
5
5
5
5
5
5
5
5
5
5
5
5
5
5
5
5
5
5
5
5
5
5
5
5
5
5
5
5
5
5
5
5
5
5
5
5
5
5
5
5
5
5
5
5
5
5
5
5
5
5
5
5
5
5
5
5
5
5
5
5
5
5
5
5
5
5
5
5
5
5
5
5
5
5
5
5
5
5
5
5
5
5
5
5
5
5
5
5
5
5
5
5
5
5
5
5
5
5
5
5
5
5
5
5
5
5
5
5
5
5
5
5
5
5
5
5
5
5
5
5
5
5
5
5
5
5
5
5
5
5
5
5
5
5
5
5
5
5
5
5
5
5
5
5
5
5
5
5
5
5
5
5
5
5
5
5
5
5
5
5
5
5
5
5
5
5
5
5
5
5
5
5
5
5
5
5
5
5
5
5
5
5
5
5
5
5
5
5
5
5
5
5
5
5
5
5
5
5
5
5
5
5
5
5
5
5
5
5
5
5
5
5
5
5
5
5
5
5
5
5
5
5
5
5
5
5
5
5
5
5
5
5
5
5
5
5
5
5
5
5
5
5
5
5
5
5
5
5
5
5
5
5
5
5
5
5
5
5
5
5
5
5
5
5
5
5
5
5
5
5
5
5
5
5
5
5
5
5
5
5
5
5
5
5
5
5
5
5
5
5
5
5
5
5
5
5
5
5
5
5
5
5
5
5
5
5
5
5
5
5
5
5
5
5
5
5
5
5
5
5
5
5
5
5
5
5
5
5
5
5
5
5
5
5
5
5
5
5
5
5
5
5
5
5
5
5
5
5
5
5
5
5
5
5
5
5
5
5
5
5
5
5
5
5
5
5
5
5
5
5
5
5
5
5
5
5
5
5
5
5
5
5
5
5
5
5
5
5
5
5
5
5
5
5
5
5
5
5
5
5
5
5
5
5
5
5
5
5
5
5
5
5
5
5
5
5
5
5
5
5
5
5
5
5
5
5
5
5
5
5
5
5
5
5
5
5
5
5
5
5
5
5
5
5
5
5
5
5
5
5
5
5
5
5
5
5
5
5
5
5
5
5
5
5
5
5
5
5
5
5
5
5
5
5
5
5
5
5
5
5
5
5
5
5
5
5
5
5
5
5
5
5
5
5
5
5
5
5
5
5
5
5
5
5
5
5
5
5
5
5
5
5
5
5
5
5
5
5
5
5
5
5
5
5
5
5
5
5
5
5
5
5
5
5
5
5
5
5
5
5
5
5
5
5
5
5
5
5
5
5
5
5
5
5
5
5
5
5
5
5
5
5
5
5
5
5
5
5
5
5
5
5
5
5
5
5
5
5
5
5
5
5
5
5
5
5
5
5
5
5
5
5
5
5
5
5
5
5
5
5
5
5
5
5
5
5
5
5
5
5
5
5
5
5
5
5
5
5
5
5
5
5
5
5
5
5
5
5
5
5
5
5
5
5
5
5
5
5
5
5
5
5
5
5
5
5
5
5
5
5
5
5
5
5
5
5
5
5
5
5
5
5
5
5
5
5
5
5
5
5
5
5
5
5
5
5
5
5
5
5
5
5
5
5
5
5
5
5
5
5
5
5
5
5
5
5
5
5
5
5
5
5
5
5
5
5
5
5
5
5
5
5
5
5
5
5
5
5
5
5
5
5
5
5
5
5
5
5
5
5
5
5
5
5
5
5
5
5
5
5
5
5
5
5
5
5
5
5
5
5
5
5
5
5
5
5
5
5
5
5
5
5
5
5
5
5
5
5
5
5
5
5
5
5
5
5
5
5
5
5
5
5
5
5
5
5
5
5
5
5
5
5
5
5
5
5
5
5
5
5
5
5
5
5
5
5
5
5
5
5
5
5
5
5
5
5
5
5
5
5
5
5
5
5
5
5
5
5
5
5
5
5
5
5
5
5
5
5
5
5
5
5
5
5
5
5
5
5
5
5
5
5
5
5
5
5
5
5
5
5
5
5
5
5
5
5
5
5
5
5
5
5
5
5
5
5
5
5
5
5
5
5
5
5
5
5
5
5
5
5
5
5
5
5
5
5
5
5
5
5
5
5
5
5
5
5
5
5
5
5
5
5
5
5
5
5
5
5
5
5
5
5
5
5
5
5
5
5
5
5
5
CELL_DATA 11350
SCALARS density double 1
LOOKUP_TABLE default
1.06163
0.891896
0.895896
1.00003
0.940821
0.961588
0.922052
0.998556
1.01848
0.953981
0.857977
0.982579
1.00852
0.991694
0.880314
1.01584
0.983273
1.15714
0.966271
0.89131
0.970594
1
0.993613
1.00001
0.927635
0.910353
1.03479
0.998747
0.999659
0.860265
1.00013
0.925496
0.936179
0.876522
0.943182
0.983127
0.934588
0.908437
0.982246
0.898093
0.991397
1.00075
0.865263
0.884891
1.01642
0.986132
1.0156
0.987922
0.978649
0.85046
0.99978
0.910094
0.960309
0.85479
0.905111
0.912766
0.993258
0.979536
1.00093
0.969921
0.868017
0.902815
0.999894
0.90573
0.986359
0.87927
0.994323
0.910343
1.06456
0.999836
0.930934
0.963753
1.01219
1.01693
0.975536
0.870705
1.00045
1.03452
0.998584
0.94345
0.916336
1.00085
0.979978
0.942929
1.00981
0.999438
0.972871
0.980227
1
1
0.976182
0.951998
1.03829
0.892599
0.863939
0.986167
0.858857
0.923552
0.997717
0.880061
0.975645
0.90736
0.914149
0.867961
0.942931
0.883039
1.07984
0.874018
0.914459
1.01451
1
1.00033
1.01757
0.998453
0.840452
1.00004
0.873158
0.980797
0.907804
1.00011
1.00014
0.888132
0.945762
1.00077
0.877798
1.02615
0.876564
1.03887
0.899921
0.858999
0.917183
0.853547
0.965
1.01175
0.983575
0.93037
0.955724
0.999976
0.99617
1.12525
1.03118
0.998282
0.940656
0.934905
0.999778
0.943595
1.0196
0.916075
1.00226
0.97398
0.936619
0.903701
0.938253
1.01139
1.00025
1.00084
0.885342
0.935447
0.987762
1.02253
0.996448
0.886026
1.0109
1.21506
1.00618
0.869616
1.01922
0.863434
0.976282
1.00423
0.999258
0.995516
1.00003
0.851227
1.02505
1.01973
1.04472
0.981608
1.0002
1.06163
0.882362
1.1382
0.892138
0.904013
1.04123
0.978976
0.986962
0.876401
0.886176
0.998021
1.01252
0.993322
1.01636
0.893793
1.01123
1.07404
0.98549
0.980568
1.05439
0.937041
1.03481
0.93311
1.04891
0.998232
0.938044
0.986428
1.0048
0.929693
1.01538
0.90967
0.860802
1
1.06646
0.904586
0.934161
1.0261
0.945096
0.961085
0.960355
0.916545
1.01108
1.22438
0.964019
1.00542
0.864491
0.872659
0.876141
1.01125
0.927959
0.931347
0.887936
0.914928
0.952878
0.92113
1.00283
1
0.940104
1
1.00096
1.00915
0.98616
0.998308
0.953846
0.850132
1.00046
1.00148
0.91281
0.999935
0.922745
0.992366
1.01837
0.895364
1.00465
0.9573
0.95164
0.962635
1.00053
0.945598
1.00219
1.00997
1.00451
0.861225
1.03707
0.8746
0.989755
0.999585
0.96356
1.03086
0.924578
0.973787
0.947839
0.983349
0.971377
0.999698
0.897163
1.21517
0.968189
0.937179
1.02291
1.03126
0.911527
0.91068
0.980044
0.886876
0.963358
0.938852
0.997873
0.998324
1.00063
1
0.993104
0.93472
0.920858
1.00128
0.92856
1.0367
0.897189
1.00837
0.95296
0.899723
0.958209
0.89431
1.03522
1.06802
1.02215
1.02572
0.988587
1.05442
0.937629
0.971848
0.979373
0.854415
0.92502
0.883236
0.999572
0.996415
1.00218
0.973804
0.986609
0.93818
1.00001
0.886861
0.97639
1.00065
0.912508
1.01876
0.954614
0.986252
0.923975
1.0014
0.988745
0.998368
1
0.99943
1.02082
0.920414
1.24964
0.953784
0.997048
0.866654
1.00095
1.00779
1.00001
0.993747
1
0.876976
1.00759
0.999558
0.944746
0.930835
1.03298
1.01066
0.857166
0.91564
0.942779
0.847046
1.00526
1.24903
1.01503
0.871485
1
1.00495
0.999546
0.999213
0.994767
1.00755
0.916245
0.979428
1.00569
1
0.984375
1
1.00263
0.97246
1.0023
0.999601
0.977631
0.991294
0.980326
0.965256
0.938058
1.00017
1.03808
0.869719
0.956442
0.901044
1.00169
1.00215
0.973796
0.873072
0.974523
0.956519
0.915914
0.999835
0.914935
0.937337
0.882804
0.924376
0.917761
0.900222
0.96888
1.02531
0.901137
1.00034
0.950749
0.863176
0.983655
1.01631
0.923117
1.01112
1.00781
0.949883
1.01132
0.999777
1.03783
0.997156
1.00156
0.886869
1.01515
1
0.94798
1.00481
0.978418
0.972841
0.9997
0.947061
0.855048
1
0.999812
0.927933
0.886527
0.999697
0.966636
0.999455
0.998193
0.95075
0.867943
0.979248
1.00396
0.935715
0.894707
0.997764
0.956515
0.993721
1.03155
1.00048
0.957469
1.01528
0.923511
1.01008
1.00083
0.886433
0.987668
0.989401
0.960176
0.993911
0.998834
1.00311
0.882621
1.01567
1.01008
1.20093
1.00007
1.03255
1.00589
1.00879
0.978112
0.957356
1.00496
0.899936
1.04317
0.930232
1.01991
1.15541
1.00018
1
0.8972
1.00614
0.951829
0.862365
0.920188
0.939872
0.858757
1.00099
1.01912
0.999728
0.990968
0.889728
0.977437
1.00505
1.00346
1.00258
0.937773
0.901542
0.852999
0.900003
1.03467
0.998312
0.885755
1.00608
1.06455
1
0.891232
0.966042
0.943762
0.908717
0.887247
1.02948
0.916446
1.03094
1.00085
0.967705
0.847839
1.00626
0.93942
0.909116
0.849555
0.943845
0.999992
0.900406
0.999582
1.07297
1.00044
0.919498
0.912629
1.00004
0.994128
0.949981
0.931219
0.974172
0.953993
1.00009
1.00001
0.87497
0.902021
0.97993
0.932113
0.969946
0.891058
0.941309
1.00263
0.858164
0.854149
0.962822
0.883844
1.11845
1.00139
0.966539
0.999698
1.01068
1.00256
1.05059
0.95692
0.97741
0.951369
0.860752
1.00468
1.00007
1.09047
0.999211
1.00173
1
1.04615
1.11409
0.910975
0.905807
0.856505
0.955192
0.998205
0.992833
0.985302
0.881658
1.02328
1.00107
0.955735
0.996523
0.865643
0.94126
0.943973
0.875183
1.08821
1.01678
1
0.948988
0.970007
1.03502
0.917856
0.994922
0.942061
1.01045
0.86086
0.957046
1.1574
1.00844
1.00006
0.994054
0.948597
0.934705
1.01744
0.863057
0.869267
0.981414
0.940695
0.861697
1.06693
0.95876
1.13888
0.882678
1
0.980486
0.948236
0.943495
0.863043
0.99626
0.986687
0.935389
0.929146
0.85351
0.855432
0.962817
1.00812
1.00471
0.984418
0.918842
0.996637
1
0.852652
1.04671
0.897855
1.11565
0.949683
0.972246
1.0106
0.994176
0.964751
1.03396
0.872826
0.921826
1.01879
1
0.961892
0.958787
0.925863
1.00002
1.0005
0.948962
0.949386
1
1.13197
1.0648
1.00009
1.0005
0.914017
1.03515
0.9786
0.922233
1.02325
1.00337
0.974661
0.916098
0.944829
1.00448
0.99998
0.986696
0.876815
1.00976
1.03431
0.995448
0.926246
0.899795
0.951837
1.00031
0.928549
0.916991
0.932232
1.117
1.00411
0.997066
0.992522
0.967428
0.99966
0.999313
0.978307
0.846638
1.00974
1.00011
0.970841
0.886592
0.97954
0.871531
1.00652
1.00508
0.960433
1
0.933653
1.04846
1
0.979062
0.987514
1.01975
0.873895
0.922588
1.00325
0.977484
0.981598
0.981746
1.0486
0.997825
1
0.941216
1.00108
0.983955
0.919079
0.977733
1.02892
0.909121
0.892653
0.879389
0.944879
0.957465
0.911105
0.987666
0.969687
0.955432
0.98534
0.999879
0.881812
0.973018
1.01877
1.00977
1.03965
1.01977
0.933587
1
1.00029
0.943159
1.02661
1
0.965775
1.0457
0.847907
1.00867
0.975862
0.917711
0.92946
1.001
0.998719
0.962447
0.905832
0.933326
0.941903
0.896127
0.999986
1.01371
1
0.87337
0.968832
0.900623
0.977964
0.949656
0.941055
1.00026
1.00044
0.911208
0.872748
0.977551
0.849451
0.939218
0.990586
0.951685
1
1
0.887448
0.888865
0.994978
0.905018
0.900202
0.940116
1.07076
0.954872
0.968053
0.917371
0.921066
1.06207
1.03333
0.874706
0.995844
1.00068
1.00773
1.00154
1.00758
0.9262
1.03621
0.86372
0.904268
1.01527
0.926886
0.952328
0.864914
1.03539
0.994978
1.01328
0.989233
0.960317
0.996695
0.892994
0.887389
0.973868
1.14207
0.935523
0.962864
0.969591
0.924675
0.994742
0.877512
0.8919
0.999931
0.868848
1.00388
0.965319
1.00136
1
0.864201
0.973765
0.89978
0.932496
0.935717
0.936263
0.944096
0.960668
0.979086
1.07891
0.927387
0.974757
0.991619
1.15209
0.910253
0.984967
0.999466
1.0547
0.954554
0.996698
1.15165
1.0017
1.00055
0.881579
0.897463
1.00006
1.00066
0.931442
0.996716
0.917195
0.939942
1.00176
1.0389
1
1.00143
0.851749
0.977356
0.899398
1.00028
0.961359
1.01421
0.928614
1.00003
0.880853
1.0114
0.877288
1.00003
0.935738
0.947598
1.00343
1.2283
0.870628
0.999804
0.998296
0.950311
0.989663
0.981427
0.866448
1.00014
0.975023
1.00344
1.00584
1.00068
0.974266
0.938552
0.981406
0.851486
1.04352
0.991497
0.999727
0.983389
1.14115
0.881143
0.998079
0.927541
0.867788
0.931443
1
0.977394
0.95141
1.04191
1
0.980063
1.01302
0.998339
0.972617
0.869922
0.877683
1.00126
0.993915
1.00215
0.999957
1.20505
1.04938
0.961561
0.999924
1.13167
1.11157
0.885716
0.911358
0.993057
1.01071
0.95504
1.00642
1.0472
1.09356
0.96045
1.01882
1.00513
0.903095
1.00826
0.974077
0.976159
1.14734
1.00006
0.955118
1.00695
0.938928
0.996065
0.993725
0.963474
0.88838
0.87485
0.908285
0.934114
0.897083
0.946609
0.916539
0.99673
1.04095
0.999256
0.898308
0.9232
1.00004
0.893067
0.966459
1.03154
0.894623
0.902431
0.956941
0.938923
1.00004
1.01518
0.999827
1.00001
0.998948
1.06891
1.02226
1.10464
0.896767
0.906442
0.995831
0.964822
0.924379
1.02908
0.895252
1
0.938684
0.998808
0.911749
1.03381
1.00239
0.92151
1
1.08453
1.01693
1.02957
1.00181
0.939772
0.90463
1.00009
0.886913
1.02235
1.05714
1.03266
0.986241
1.00654
0.973587
0.983194
0.944996
0.854675
1.04327
0.968427
0.900726
1.01229
0.936408
0.988656
0.99708
0.967081
0.999601
1.00001
1.01593
0.975001
1.05101
1.00844
1
0.978437
0.996887
0.878043
0.888487
0.96189
0.892539
0.915212
0.939194
1.00198
0.957781
1.08559
0.978942
0.970847
1.00543
0.855774
0.934446
1.01053
1.02118
0.949359
0.8901
1.02775
1.02941
0.999471
1.01685
0.857139
0.875411
1.00099
0.99443
0.918315
0.988956
0.952548
0.999064
1.00977
0.878099
1.00033
0.935199
0.841009
0.999696
0.86448
0.940775
0.989419
1.00011
0.999818
1.00698
0.988337
0.991971
0.955324
1.01981
1.01221
1.0419
0.962652
1.03541
0.951902
0.992506
0.999628
0.999894
0.993311
0.995994
0.893108
0.868048
1.00312
0.993496
0.958613
1.05916
0.942158
0.887034
0.999802
0.87565
1.01556
0.983329
0.935091
1.01833
0.865361
0.88306
0.937617
1.00457
0.970342
0.952323
0.907526
0.999986
0.985322
1.00024
0.925666
0.979116
0.978844
0.996108
1.0038
0.998454
1.00155
0.941093
0.967458
0.965137
0.869712
0.900489
0.928022
1.01448
0.998842
1.01743
0.975975
0.96182
0.922067
0.959507
0.919089
0.995754
0.904905
0.939347
1.02969
0.980782
0.907323
1.00015
0.882894
0.887425
0.973654
0.880294
0.995243
0.962698
0.969702
0.921479
1.00414
0.994475
1.00089
1.00011
0.993121
1.02303
1.04161
1.01353
0.935263
0.997494
0.963884
0.978422
0.868382
1.19694
0.852392
1.02407
0.892583
1.00359
0.970446
0.911419
0.848907
0.999976
0.987269
1.00324
1.00037
0.940658
1.00158
0.94866
0.918714
0.87733
1.00154
0.871355
1.00006
0.915498
0.881303
1.09613
1.00284
0.979054
0.953425
1.08976
0.953167
0.992744
0.999648
1.17769
0.995301
0.910475
0.950982
1.00602
1.0023
1.00705
0.960828
0.910936
1.02002
1.02998
0.952659
0.971792
0.913491
0.951942
0.953981
0.992296
0.973421
1.0179
0.993659
1.00462
0.944021
1.02128
1.00013
1.03103
1.00035
0.890168
0.99333
0.923662
0.965769
0.873479
1.0278
1.01297
0.994598
0.925048
0.924208
0.920853
0.864386
0.933327
0.960081
0.856673
1.09432
0.928071
0.999331
1.0063
0.996887
0.882748
0.974615
0.918273
0.933813
1.00891
0.982097
0.989781
1.04564
0.952503
0.981673
1.00011
0.947272
0.898572
0.88006
1.00016
0.896646
0.873851
0.901871
0.891965
1.00201
1.01294
0.999899
1
1.00981
0.940174
0.969227
0.998018
1.02794
0.999928
0.994302
0.869343
0.86039
1.01178
0.959305
0.890635
1.04819
0.931406
1.0007
0.979411
1.00188
0.963388
1.02115
0.85887
0.998632
0.874959
0.987171
0.997583
0.909405
0.930991
1.00485
1.02406
1.05856
0.990165
1.00007
0.999143
1
0.899231
1
1
1.0119
1.00004
1.03762
0.99927
1.00452
1.01444
1.00106
1.00887
0.943343
1.00507
0.996794
1.00727
1.00007
1.00628
1.00022
0.894322
1.00272
0.971042
1.01705
0.895988
0.92732
0.98649
0.935342
0.983046
1.00726
0.906447
0.927637
1.00571
1.00432
1.06003
1.01606
1.02561
1.17265
0.905756
0.907741
0.9194
0.961793
0.948298
1.00223
0.99894
1.0002
1.00914
0.961854
1.0001
0.879437
0.901932
1.05188
0.982321
0.940121
1.2014
1.02625
0.989735
0.918747
0.977534
0.938678
0.950488
0.913622
0.885361
1.00243
1.01619
1.00005
1.00016
1.03177
0.923413
0.885641
1.01323
0.890188
1.00439
0.947061
0.995412
0.922619
0.863435
1.2748
0.953421
1.00537
1.0507
0.928845
1.08395
0.999435
1.04676
0.954549
1
1.00597
0.874876
1.00002
1.0457
1.02159
1.04943
0.960205
0.89068
1.00049
0.877504
0.910067
0.881483
0.968813
0.916826
1.04208
1.02288
1.03634
0.938532
1.02531
0.994928
1.01304
0.997949
0.889869
1.01019
0.908578
0.930189
1
0.957177
0.915799
1.00073
1.00033
1.05223
0.993758
0.974528
0.9349
0.896852
0.988159
0.980994
0.934383
0.995303
1.00031
0.915838
1
0.996336
1.17349
0.983862
0.998767
1.00165
1.00534
1.00489
1.00062
1.06171
0.871422
0.95312
1.01484
1.02538
0.996188
1.00816
0.889861
1.17102
1.01025
1.04681
1.00941
1.00077
0.96414
1.00354
0.904607
1.01977
1.00123
1.00482
1.0002
1.00058
0.998475
0.966873
1.00367
1.00926
1.00698
0.973166
1.01546
0.867166
0.954451
0.999036
0.972244
0.937759
0.903326
0.87531
0.890845
1.00766
0.989049
0.895793
0.940317
1.00001
0.866747
0.86388
1.0028
0.982662
0.969294
0.85317
1.00638
1.00425
0.887261
0.876572
1.00405
0.99392
0.885864
1.19729
0.964163
0.931153
1.00558
0.972549
1.00041
1.01204
0.996425
1.02025
1.06658
1.00015
1.01566
0.910859
0.927338
0.962213
0.997357
1
0.997989
0.996233
1.0027
0.987454
1.09236
0.887261
0.938833
1.00007
0.861225
0.985918
0.867679
0.997313
0.926248
1.00054
0.979618
0.900543
0.980142
1.00006
1.01218
0.972243
1
0.962421
0.897918
0.902676
0.999963
1.00781
0.930921
1.00028
0.981511
1.00467
0.973375
1.00932
0.96057
0.999308
1.02241
0.996992
0.946926
0.908384
0.887794
0.999633
0.939322
0.968049
1
1.00002
1.00016
1.00131
1.04021
1
1.02808
0.911576
0.997037
0.99982
1.05085
0.857286
1.01304
0.9341
1.00512
1.00359
0.98941
0.877735
1.10679
0.895203
0.901005
0.983609
0.999134
0.872703
1.0028
1.10612
1.00519
0.999828
0.851947
1.0006
0.921965
0.952028
0.912343
0.998998
0.860175
1.00374
0.994011
0.895801
0.888976
0.85172
1
1.00769
0.951856
0.949811
0.900313
0.977277
0.949227
1.01936
1.00001
1.02252
0.865221
0.95329
0.983657
1.00031
0.993389
1.00217
1.00402
0.84819
1.00086
1.06848
0.893887
0.94994
0.999824
0.886033
0.999786
0.96348
0.986296
0.87292
1
0.858839
0.991042
0.965003
0.932838
0.88078
1.03035
1.00009
0.997239
0.973713
1.00657
1
0.963936
0.945853
0.855447
0.863031
0.863411
1.03424
0.998711
0.988203
1.02368
1.0006
1.00846
1.05614
0.91966
0.884964
0.902145
0.999542
0.994487
1.12079
0.90821
1.00236
0.934463
0.98494
0.906407
0.996474
1.0011
0.936428
0.914004
1.00665
0.90114
1.03199
1.00064
0.868689
0.894229
1
0.999467
1.00031
1.06579
1.01868
0.866257
0.997731
0.987348
0.888928
0.94988
0.909355
0.999799
0.994379
0.865382
0.963948
0.972586
0.979377
1.01134
0.973583
0.912827
0.873016
1.03074
1.01471
0.991016
0.938055
0.966599
0.867322
1.00542
0.995639
0.894596
0.950702
0.912464
1.0507
1.09368
0.927973
0.913908
1.04657
1.00556
0.951072
0.93794
1
0.964277
0.925285
1.08233
1.01302
0.878579
0.892189
0.925015
0.857762
0.995885
1.05814
1.00003
1.02124
0.97282
0.868167
0.989111
0.951332
0.991665
0.897581
1
1.00972
0.864212
0.944497
0.978569
0.948463
1.02392
1.00508
0.9528
1.03753
0.997761
1.01214
0.979489
0.847693
0.945952
0.890971
0.989777
1.00731
1.00079
0.971352
0.862459
0.998089
0.944441
0.95077
1.14308
1.00661
0.87816
1.01217
0.97861
1.03723
0.928499
1.00098
0.96558
1.01319
1.00439
0.949967
0.926258
1.00014
0.842949
1
0.9753
1.01014
0.999437
1.00945
0.925387
1.02914
0.944446
1.0383
1.00012
0.925055
1.02877
0.981549
0.912275
0.999385
1.00258
0.999576
0.870525
1.00871
1.0231
0.936907
1.0093
1.05396
1.00013
0.874155
1.11615
0.990133
0.941517
1.01883
0.936278
1.00015
0.924284
0.943337
0.957014
1.00274
0.902444
1.01385
0.915372
0.856054
1.00736
1.00333
0.999854
1.02515
0.939881
0.943267
0.951029
1.00026
0.964518
0.893204
0.981009
0.992478
1.05485
0.985333
0.878518
1.00127
0.858438
1.0159
1.0192
1.01273
1.00115
0.957854
1.00923
1.00924
1.00247
0.960154
1.07656
0.994222
1.00739
0.921925
1.00015
1.04619
1.0261
1.03066
1.01195
0.987596
0.857893
0.957183
0.946263
0.867431
0.966126
1.02621
1.00024
0.932771
1.01999
0.872037
1.00848
1.0103
0.973373
0.918651
0.994663
1.00012
0.952741
0.94841
0.905004
1.00184
0.845043
0.98088
1.00432
0.892158
0.970042
1.00266
1.06556
0.992668
1.00386
0.987875
0.996314
0.963428
0.982271
1.09166
0.974
0.968826
0.929298
0.98298
0.897549
1.00041
0.99228
0.932362
0.932295
1.16302
0.98966
1.10357
0.862458
0.860696
0.900814
1.00244
1.06167
0.991422
0.977789
1.02795
0.88723
0.890309
1.00336
0.950745
0.999951
0.936289
0.885431
0.977083
0.982412
0.968267
0.86423
0.990616
0.863418
0.88141
1.01843
0.855003
0.882805
1.1274
0.932903
0.999594
0.953469
0.862248
0.985962
1.0974
0.981601
0.912686
1.00015
1.00012
1.01194
0.90233
0.880923
0.965288
1.00023
0.961251
0.915401
0.96905
0.901157
1.00709
0.927639
0.963581
0.99931
0.965336
0.923645
0.909651
0.981191
1.00322
0.949153
0.90498
0.972018
0.991197
1.02417
1.00991
1.00252
0.997833
1
0.882612
0.890185
0.878247
0.990826
0.857386
0.965204
0.952646
0.952941
1.0439
0.945142
1.00054
0.853055
1.0186
1.01608
0.902433
0.970212
1.00711
0.992973
0.884122
0.864097
0.981954
0.897273
1.02645
0.861529
0.985632
0.888598
1
0.965623
1.0118
0.910333
1.00652
0.940139
0.846476
1.00218
1.00037
0.930291
0.887303
1.00626
1.01057
0.968822
1.00045
1.00008
0.91928
0.9314
1.01658
0.972293
1.00272
0.925672
1.00956
1.01225
0.934508
0.929996
0.996739
0.99971
0.936875
1.03407
1.01944
1.00964
0.900272
0.941807
0.893135
1.00163
0.993224
0.998846
1
0.901803
0.999084
1.00717
0.855725
1.00027
0.970648
0.987021
1.00043
1.00394
1.00255
1.02019
0.917757
0.985286
1.02551
0.918226
1.03819
0.999958
1.00002
1
0.999961
1.00012
0.877178
1.00477
0.899382
0.907144
0.932452
0.956166
0.996396
0.964729
0.923212
0.985218
0.999795
0.950431
1.00309
1.00005
0.997178
0.936131
1.04765
1.04974
0.950038
1.01807
1.00519
1.00564
1.01183
0.890275
0.945234
1.0002
1.00041
0.878759
0.900458
0.870571
1.0125
1.00464
0.906042
0.947889
0.98981
0.956181
1.01457
0.965451
1.00528
0.980609
0.871196
0.937592
0.851886
0.999031
0.854097
0.91362
0.978519
0.981268
0.866153
1.00005
0.977885
0.94631
1.04358
1.0042
0.885986
0.850042
0.859164
0.963001
0.995036
0.916215
1.0068
0.965637
0.975358
1.00192
0.931517
0.851627
0.999973
1.01727
0.985272
1.00002
0.979734
0.91824
1.00009
0.964095
0.906764
0.946814
0.847226
0.994231
0.997665
0.867293
1.00472
0.894008
0.896152
0.945691
1.00109
1.00389
0.947075
0.987174
0.960413
1.02016
0.926126
0.976228
1.00855
0.954288
0.941554
0.993152
0.881912
1.00297
0.936122
1.00002
1.00007
0.949629
0.999028
0.848379
0.911463
1
1
0.870611
0.923169
0.999783
0.976852
0.854932
1
0.976673
0.998484
0.97363
0.892854
0.885674
1.01597
0.995926
1.00041
0.998407
1.00687
1.00428
0.895431
0.997886
1
0.996273
0.861803
0.912568
0.895789
1.00984
0.990698
1.00532
1.07756
1
1.00698
0.859196
0.919247
0.927627
0.963957
0.905624
1.00589
1.05025
0.872775
0.957663
0.973416
1.00019
1.00753
0.871324
0.911801
0.988329
1.00946
0.957978
1.00269
0.985425
1.00339
0.882189
0.893113
0.910312
1.01175
0.995866
0.976636
0.971624
0.999591
1.0292
1.00015
0.993571
0.980954
0.88725
0.999544
1.0079
0.878473
1.00064
0.939035
0.903964
0.909404
0.997566
1.02216
0.885891
1.00001
0.860929
0.972279
0.850741
1.02883
0.968189
0.93641
0.959748
0.960849
1.03955
0.997245
0.867785
0.92002
0.999957
1.00022
1.02629
1.00928
1.00119
1.02509
0.99941
1.00105
0.904981
0.996099
1.07088
0.999709
0.910798
0.879352
0.999261
1.00465
0.942461
0.934557
0.939743
1.00817
0.914184
0.946633
0.86056
0.944266
1.00309
0.936684
0.897166
0.984171
1.10204
1.02779
0.858156
0.890836
0.972631
0.976077
1.00569
0.844016
0.980538
1.00247
0.999931
0.88377
1.00004
1.05691
0.961087
0.933522
0.936946
0.979787
1
0.949751
1.00198
0.866702
1
1.00427
0.948909
0.995291
1.00629
0.991875
0.943394
0.90669
0.907989
0.899046
0.868916
0.911428
1.0049
0.909278
0.988133
1.00809
0.9887
0.953041
0.998555
0.909104
0.956753
1.00873
0.86983
0.943484
1.00023
0.880584
1.02483
1.00025
0.901088
0.94927
0.86805
0.995372
0.880295
0.999871
0.897726
0.998187
0.881038
1.00632
0.98241
0.952718
1.01583
1.00706
0.959228
0.882691
1.00153
1.03216
0.938007
1.00696
1.00006
1.00117
0.943628
0.876982
1.00864
0.961507
0.861177
1
0.849873
1.08992
0.969782
1
0.966169
0.897291
0.913926
1.04036
0.999986
0.953163
1.00002
0.854841
1.07195
0.938485
0.9684
0.917845
0.999719
0.840395
1.00815
1
0.998692
0.956482
1.00894
0.986057
0.986103
0.88753
1.12422
0.9997
1.0979
0.968843
0.928302
0.944261
1.00702
0.925938
0.943306
1.00123
1.04801
0.951836
0.922845
0.929193
0.923827
0.9868
1.01545
0.960259
0.942092
1.00718
0.985415
1.00494
1.00313
1.07488
0.8523
0.991807
0.924501
0.940015
0.948545
1.00868
1.01124
0.879928
0.956377
1.09828
1.00106
0.968584
1.01244
0.986108
0.999892
0.854083
1.00014
0.886523
0.997407
1.04581
0.939536
1.03664
1.00004
0.882215
0.87933
1.00166
0.926159
0.994891
1.20636
0.935632
1.00518
1.00113
0.997659
0.948794
1.02883
1.00002
1.05805
1.18321
1.04529
1.0004
0.872848
1
0.891686
1.00172
0.964747
1.00009
1.00144
0.94772
0.999381
0.849138
0.854626
0.963073
1.03226
0.95201
0.952361
0.858482
0.855603
0.982332
0.851439
0.838773
0.988178
0.874724
0.852691
0.946994
0.929423
0.882062
0.939022
0.953397
0.929028
0.945005
0.984837
1.01464
0.858526
0.926694
0.884644
0.850912
0.988831
0.999415
0.924102
0.914831
0.94798
1.00209
1
0.866381
0.974472
1.00122
1.00673
0.963948
0.853144
0.960804
1.00231
0.950628
0.95192
0.961092
1.00451
0.866762
0.995796
0.997061
0.910147
1.00671
0.999119
0.962159
0.931953
0.91105
0.983792
0.888424
0.955188
0.964657
0.999451
0.98971
0.879324
0.957501
0.847706
0.860708
1.16551
1.0126
0.999801
0.95072
1.00001
0.890645
1.01015
0.919127
0.881737
0.963536
0.997173
1.02606
0.987353
0.957439
0.968705
0.869037
0.874134
0.996192
0.920125
0.919582
1.00699
0.928063
0.984742
1.11945
1.02363
1.00004
1.00712
1.00736
0.992594
1.01347
1.00837
0.964661
0.949849
1.0004
1.00408
0.999362
0.868711
0.969707
0.896624
0.988207
0.866078
1.10419
0.967502
1.04372
0.877163
0.999306
0.934648
0.939467
0.950447
0.884184
0.914686
1.09711
1.00415
0.957885
0.950249
0.999844
1.02444
1.18998
0.93525
0.984
0.890458
1.08347
0.856117
0.866184
0.914068
0.917484
0.881805
0.988919
1.00155
1.03522
1.08142
0.982233
0.92605
0.881437
0.942838
1.00603
0.996708
1.06101
0.944733
0.968239
0.868175
1.01272
0.94196
0.90863
1.08893
1.00014
0.956015
0.941175
1
0.999807
0.864186
0.942517
1.00008
1.01167
0.91965
0.849619
0.974454
0.860418
1.00097
0.979937
0.951887
0.938594
0.889619
0.970923
0.944342
1.00147
0.984081
1.00008
1.0139
0.852969
0.943001
0.921841
0.993811
0.947964
0.98748
0.916466
1.02824
0.881182
0.94177
0.886609
1.02621
0.976167
0.999931
0.943613
1
0.999907
0.992291
0.999039
0.888598
0.973561
0.972375
0.987105
0.881564
1.0056
1.00822
1
0.993976
0.912601
0.891581
0.999938
0.895463
0.919523
0.970321
0.941075
0.954265
0.945419
0.951739
0.978776
0.905038
0.95553
0.872745
1.03398
1.01124
0.961851
1.00015
0.980125
0.936391
0.896932
0.937264
0.99925
1.00681
1.00011
0.956295
0.953487
0.974614
0.892312
0.997076
0.845135
0.865488
0.910953
0.944582
0.932581
0.997521
1.10794
1.02163
0.891804
1.06249
1
0.962592
1.03505
0.971064
1.02953
1.01178
1.00121
0.884009
0.945072
0.999782
1.00205
0.90478
1.007
1.0014
0.885701
0.95578
0.989326
1.01382
1.00505
1
0.98981
1.01393
1.00645
0.99523
0.993803
1.00488
1.00095
1.00159
1.00796
0.869441
0.963814
1.00262
0.970901
0.930689
1.00168
1.00009
0.99788
1.00318
0.984543
0.890985
0.953757
0.887715
0.911208
0.857128
1.01843
0.993449
0.87228
0.883694
1.03138
0.877421
0.925731
0.919763
0.997569
0.999078
1.0105
0.903466
0.999601
0.861735
0.875938
0.977886
1.00232
0.893492
1.03353
0.999759
1.0038
1.03965
0.943936
0.892941
0.9726
0.906821
0.933377
1.00001
1.00334
0.934658
0.999998
1
0.899191
0.99018
1.00224
0.95721
0.875354
0.857091
1.00226
0.902548
0.966458
0.947225
1.00266
1.00129
0.924986
0.999826
0.958188
1.00685
0.865748
0.876523
0.994317
0.902386
0.999383
1
0.869058
0.960751
0.898691
1.00163
1.00329
1.0001
0.920157
1.03013
0.919977
1.00689
0.993323
0.915074
0.908257
0.947773
1.00229
0.922665
0.991303
0.908073
1
0.999793
0.909039
0.893405
1.02031
0.938167
1.01129
0.959904
0.896764
0.950747
1.00014
0.951032
0.918691
0.878362
1.00321
0.989109
1.00588
0.860472
0.916574
1.00323
1.01357
0.977227
1.01692
0.907112
1.06478
1.00902
1.09035
0.930715
0.997004
0.956108
0.858738
0.912793
0.989648
0.933419
0.931848
0.99999
1.00087
0.992753
0.987392
0.999612
0.9538
1.00799
0.99245
1.06633
0.918625
1.02858
0.972799
0.974333
0.949189
0.99595
0.921758
1.00015
0.922387
0.961247
0.99809
0.87555
0.931372
0.985628
0.958304
1.04692
0.855186
1.00573
1.00043
1.00009
0.992025
1.00906
0.998175
0.986559
1.00478
1.05539
1.00487
1.02642
0.995655
1.00329
0.938227
1.00158
1.00925
0.996258
0.882888
0.958252
1.00368
0.99496
0.905941
0.906657
0.983838
0.979869
1.00001
0.996889
0.958861
1.05617
1.00189
0.884887
0.853683
0.914371
0.922454
0.991185
0.974024
1.01245
0.952181
0.893107
0.897316
0.982981
1
0.986367
0.980476
0.941468
0.997044
1.02644
1.07165
0.92412
1.00357
0.955672
1.00564
1.00004
1.00077
0.999952
0.99266
1.00001
0.998877
0.969026
1.00343
0.963644
0.859731
0.999821
0.920578
0.950122
0.985738
0.874684
0.872802
0.994451
0.990811
0.986039
0.883667
0.921432
0.996409
0.915195
0.999644
1.00968
0.960008
0.91353
0.949877
0.868836
0.849252
0.841663
1.00905
1.00007
0.99736
0.897322
0.929744
0.926773
0.966483
1.00032
0.939352
0.981629
0.999792
0.891176
0.886424
1
0.906875
1.00063
0.948974
0.907213
1.03301
0.998543
0.927993
0.954437
1.01119
0.935697
1.01123
1.00016
0.997527
0.994788
0.992292
1
1.03591
1.00036
1.00031
1.03163
0.951117
1.00152
0.871949
1.00105
0.851811
0.91854
0.946286
0.953224
1.00001
0.988574
0.983674
0.941836
0.992805
1.04992
0.946551
0.929946
1.04392
0.997435
1.00853
0.880883
0.993399
0.999647
1.041
0.915449
0.978572
0.999805
0.938115
0.990423
1.00132
1.00919
0.943055
0.944812
1.00485
0.998619
1.00762
1.01656
1.00007
0.98918
0.99804
0.998982
0.970512
1.00141
0.928624
0.936635
1.00102
0.996336
0.999342
0.943833
0.997007
1.00148
0.864579
0.985772
0.949978
0.936913
0.928101
0.961457
1.00453
1.00425
0.931943
0.992631
0.967671
1.06051
0.971388
0.939024
0.948747
0.996611
1.00785
0.977566
0.984743
0.917933
0.969178
0.935265
0.99778
0.904043
0.876703
0.882512
1.00075
0.999467
0.859799
0.868367
0.999764
1.00448
0.944826
1
0.999917
0.994464
1.00005
0.863788
1
1.03417
0.998691
1.26231
1.0035
1.0056
0.94954
0.967376
0.855394
1.02486
0.992222
0.929973
0.915491
0.999095
0.896629
0.881654
0.842103
0.975644
0.997925
0.853118
0.986847
0.919742
0.985707
1.00321
0.99827
0.933658
0.934876
0.999206
1.00166
1.00895
0.993791
0.987243
1.0497
1.00241
0.899083
0.901734
1.02195
1
0.993405
1.00012
0.999067
0.990911
0.891666
0.951448
1.00003
1.01412
1.03214
1.00022
1.23738
0.92725
0.95665
0.966282
0.992952
0.993885
0.896794
1.00571
0.995277
0.919313
1
1.03798
0.913403
0.906729
0.990156
0.869357
0.993972
0.944128
0.915825
0.992495
0.865388
1.00245
1.02269
1.0009
0.917514
0.942623
0.897702
1.01501
0.997908
1.04338
1.0155
0.866829
0.999692
0.988537
1.00103
1.00146
0.907704
1.00799
0.89512
0.994263
1.01108
0.994156
0.976473
0.938604
1.00476
0.995471
1.00502
1.01247
0.992981
0.936593
0.932999
1.01545
0.99965
0.959136
1.00789
1.02409
0.873027
0.937545
0.998546
1.03036
0.896464
0.938923
0.891927
0.883778
1.00393
1.00017
1.0016
1.00005
0.964851
1.00858
0.852065
1.00072
0.852448
1.111
1.00011
0.932375
0.911966
1.00494
0.920662
0.930351
1.0242
0.892399
0.989723
0.99112
0.884757
1
0.899731
0.989807
0.993697
0.978998
0.893485
0.979244
1.02814
0.860279
0.997325
0.986519
1.0004
0.994553
1.00689
0.86101
0.893716
1.01141
0.999746
0.962508
1.01281
0.873054
1.0012
0.872405
0.856499
0.993371
0.946399
0.949899
0.992536
0.991004
0.993646
1.00215
0.997975
0.996163
1.04169
0.995235
0.85991
0.944649
0.986976
0.999433
0.999789
0.905389
0.96339
1.00633
0.967245
0.868197
1.0351
0.999907
0.907314
0.938042
0.948777
0.997316
1.01865
0.907372
1.00119
0.954315
0.990675
0.984563
0.92176
1
1.01941
0.856841
0.977778
0.974843
0.921244
1.00001
0.907171
1.01464
1.00022
0.995344
1.00069
1.04943
0.990562
0.897664
1
0.913131
0.881922
0.990748
0.999936
0.999817
1.02069
0.88467
1.00001
1.03421
0.908911
0.904149
0.983269
0.963414
1.00007
0.881102
0.877544
0.971032
0.888694
0.946795
0.850088
1.007
0.992515
0.988232
0.882978
0.874813
1.00172
1.01216
1.00376
0.999405
0.870113
0.992077
0.941167
1.00708
0.950564
1.01038
0.849484
0.996937
0.889744
0.891389
1
1.02399
0.90634
0.993222
0.961559
0.87578
1
1.00027
0.883293
0.884068
0.949226
0.917837
1.02913
0.997177
0.999501
0.993999
0.948201
1.03118
1.00001
0.997782
0.98406
0.997551
0.998203
0.848374
0.94596
0.992317
0.913477
1.00331
1.00264
0.866203
0.985132
0.992384
0.922478
0.999717
0.901436
1.01018
0.907079
1.00088
0.901144
0.862353
0.894164
1.02773
0.998023
0.960837
1.02454
0.869944
0.982483
1.00066
0.997726
0.997281
1.00994
0.961776
0.903062
1.00324
1
0.964484
0.917585
0.999948
1.07433
0.99302
1.00002
1
0.98449
1.00699
1.00066
1.00028
0.870896
0.95114
0.845404
0.870152
1.08387
0.9087
0.969494
1.03406
0.882427
0.965645
0.972673
0.995829
0.957596
0.98853
0.98875
0.993905
0.99816
0.926945
0.99462
1.00907
0.999809
0.864007
0.99979
0.982887
0.962796
0.995219
0.991382
1.00002
0.871753
1.00387
1.00017
0.985037
0.98256
0.905241
0.948413
0.96658
0.960504
0.999858
0.857783
1
0.913989
0.843283
1.0136
0.971659
1.00314
1
1.04399
0.928199
0.890305
0.999524
0.949683
1.00009
1.00048
1.00016
1.00017
0.972016
0.99986
1
0.993485
1.00017
0.995756
0.948835
1.00112
0.883093
0.922521
0.94447
0.990812
1.00064
0.999325
0.979082
0.983175
1.00011
0.880986
1.00645
0.994775
1.14672
0.972033
1
1.0004
0.909597
0.998657
1.07609
0.998925
0.945297
1.00271
0.947393
0.996189
0.993919
1
0.847843
0.901085
1.00009
0.999757
0.936843
0.994148
0.912137
0.999081
1.00005
1.00353
0.995792
0.855649
0.882757
0.878645
1
1.01055
0.868609
0.962004
0.967345
1.01891
0.994557
1.00003
0.923995
1.00079
0.986684
0.892491
1.0002
1.00606
1.00487
1.00079
1.00576
1.00612
0.996991
1
0.999877
1.04644
1
1.00667
0.997476
1.00075
0.934841
0.940305
0.996132
0.957162
0.995
0.986947
0.862155
0.937104
0.893179
0.97068
0.990015
0.88703
1.00003
1.04246
1.0001
0.888507
1.00247
1.00307
0.994835
0.999025
0.998552
0.943985
0.997692
0.925499
0.91996
0.905795
1
0.986703
0.999743
0.942382
0.996631
0.98522
0.939579
1.07457
0.929109
0.918053
1.00217
0.98978
0.928843
0.947448
1.00031
0.999046
0.970004
0.999158
0.908508
1.02953
1.01855
0.96526
0.944692
1.00002
0.881121
0.918761
0.980143
1.00006
0.999929
0.947789
1
0.928392
0.852268
0.946075
0.990419
1.03332
0.970013
0.918302
0.955272
1.00019
0.937744
1
0.971356
0.941768
1.00268
0.945111
0.929769
0.881614
1.02692
0.86932
0.982666
0.998097
0.92084
1.02191
0.998591
0.955644
0.969238
1.02629
1.0034
0.917581
0.994725
0.916842
0.95742
1.00239
1.007
0.99948
0.926041
0.973197
0.969444
1.00064
0.99986
0.855211
0.922719
0.934565
0.999956
0.907079
1.00259
1.00004
0.999835
1.00071
0.97497
1
1.0313
1.00043
0.999991
0.912955
1
0.918334
0.985532
0.910434
0.865639
0.918263
0.869387
0.868029
1.00633
1.00372
0.926804
0.996134
1.00013
0.999922
0.954883
0.872449
0.905529
1.08071
0.999672
0.98173
0.990158
0.953014
0.860789
0.907052
0.852564
1.04177
0.85116
0.998971
0.938347
1.00008
1.00841
0.997313
0.998592
0.950647
0.914044
0.896394
0.975269
0.993377
1.00193
0.976768
0.976434
1.00711
1.00957
1.00215
0.882307
1.00351
0.931076
0.899766
0.992825
0.948273
0.999692
1.00007
1
1.08827
0.987227
0.999294
0.990441
1.00017
0.979367
0.946274
0.999443
0.915964
0.997117
1.00494
1.05393
0.993117
1.00112
1
0.865497
0.963298
0.857746
0.989829
0.8952
1.00015
0.999918
0.911006
0.924341
1.01484
0.992224
0.903746
0.892259
0.840244
0.999694
0.871743
1.00259
1.01049
0.95893
0.866807
1.00379
0.996008
1.00006
1.01557
0.995835
1.0237
0.999892
0.996341
1
0.881098
0.983788
1.00998
0.934246
0.990589
0.952119
1.00646
0.967606
0.985689
0.995688
1.00166
0.997225
0.94979
0.850359
0.918639
1.01747
0.974874
0.996467
0.960912
0.952417
0.976726
0.999851
1.01686
0.890893
1.02838
1.01129
1.00164
0.930131
0.955585
0.993947
1.01757
0.911637
1.00263
0.982208
0.990748
1.00003
1.00006
0.886798
1.00045
0.955125
1.00908
1.00605
0.960259
0.998048
1.0617
0.898817
0.945588
0.993464
1.00001
0.85303
0.911103
1.14732
1.00008
1.00961
0.95156
0.918585
0.887912
0.856992
0.999751
0.920173
1.00705
1.04267
1.00761
0.983768
0.86572
1
0.968866
1.00765
0.869336
0.899388
0.916981
0.85494
1.00008
1.00709
0.974089
0.984733
0.865286
0.944081
0.886623
0.97977
1.00199
0.955544
0.864546
1.00718
0.995479
0.998024
1.10122
0.996855
0.865215
1.00876
1.00017
0.914677
0.852524
0.969876
0.923031
0.914999
1.00846
1.00005
0.989028
0.952861
0.991949
1.04049
1
0.938187
1.00043
1.00122
0.917572
0.937465
1
1.00046
1.00074
0.845675
1.0968
0.997368
0.940829
1.00004
0.99977
0.934588
0.889712
0.888094
0.862046
1.09671
1.00579
0.923682
1.00718
0.955138
1.00008
0.915067
0.855579
1.00043
1
0.997317
1
0.906832
0.881896
0.915197
1.00591
0.913736
0.99911
1.00829
1.02604
0.927121
0.959353
1.00265
0.99881
1.00686
0.881007
0.9649
0.938366
0.991759
1.00161
0.877296
1.03209
1
1.00803
1.00021
0.961438
0.997749
0.999661
0.999705
0.899873
0.992655
0.996175
0.996376
0.903344
0.944628
1.0001
1.00451
0.909373
1.00072
0.993026
0.887067
0.848413
0.985948
1.05937
1.00245
0.853295
0.999292
0.968663
0.971701
1.00088
0.997291
1.00103
0.855037
0.915313
0.839067
1.00565
1.00035
0.999204
0.85506
1.00385
0.949299
0.981738
0.862362
0.881221
1.03943
0.889008
1
0.944827
0.963955
1
0.866825
0.895328
0.990978
0.951602
1
0.840836
1.00032
1.05495
1.00004
1.00007
1
0.999803
0.985381
0.970468
1.00641
1.01806
0.999806
0.951965
0.914812
0.997529
0.982575
1.0099
0.865397
0.931914
0.941101
0.987334
0.956734
0.906696
0.990373
0.991991
0.981839
0.994742
0.997748
0.927119
1
0.901115
0.877499
0.999711
1
0.861392
1.00015
0.970284
0.972685
0.971743
1
1.00714
0.986252
1.00012
0.985485
1.01482
0.998888
0.999162
0.885351
0.919199
0.999578
0.999724
0.999444
1.00063
1
0.959796
0.914819
1.00089
0.856104
0.895323
1.00058
0.883947
0.995617
1.00397
0.998729
1
0.987192
0.944474
1.00267
0.898277
0.965534
0.891456
0.99721
0.926288
1.01192
1.00017
0.999744
0.905228
0.99049
0.999718
0.939732
1.00433
1.0242
0.868949
0.908779
0.97515
1.00801
0.944545
0.947624
0.948218
0.940725
0.913816
1.00007
0.980248
1.09692
1
1.02545
0.914128
1
0.980179
0.955259
0.981237
0.926572
0.961597
0.999795
0.967543
0.997008
0.996786
0.987861
0.854052
0.882668
0.88891
0.994921
1.01362
0.926611
0.861807
1.00484
1.00671
0.859844
0.992775
0.872303
0.893833
1.00346
0.942325
0.954375
1.0097
1.00915
0.996914
0.968826
0.999144
0.914137
1.00005
0.876559
0.963396
1
0.998444
1.00011
1.00115
1.00163
0.890814
0.914004
0.99787
0.999729
0.860661
0.88946
0.968662
0.943364
0.981165
0.884002
1.00208
0.999664
0.977375
1.0037
1.0059
1.00051
1.03225
0.946091
0.896292
0.96557
0.892129
0.903933
0.90902
0.935785
1.00356
0.945667
1.05429
0.88861
1.00004
0.991119
0.866405
0.999988
0.908638
0.96436
0.893846
0.908069
1
0.853264
1
0.9488
1.01729
0.995989
0.996707
0.951296
0.938185
0.9804
1
0.902862
1.00612
0.993785
0.910409
0.999834
0.915962
0.989658
1.04025
0.888614
0.996268
0.995986
1
0.870734
0.970576
1.00044
0.953481
1.0221
0.952147
0.970259
1.00397
0.912021
0.999676
0.934541
0.99597
1.00083
0.882641
1
0.969687
0.991891
0.991531
0.998763
0.903968
0.926485
0.946332
0.999966
0.98857
0.994881
1.02315
0.947549
1.00163
1
0.863682
0.980831
0.933892
0.957147
0.998944
0.932183
1
1.00501
0.991803
1.00321
0.862472
0.951586
1
0.877701
1.01353
0.981478
0.999556
0.911114
1
1
1.00231
0.943662
1.01393
0.972032
0.866116
0.95326
1
0.95712
0.936537
1.00681
1.00023
0.874528
0.875863
0.892579
0.989111
0.988215
1.00015
1
0.901196
0.869327
1.00547
0.992351
1.02063
1.05432
0.942904
0.999891
0.987764
1.00012
0.893145
1.00006
0.953162
0.857076
0.999722
1
1.03687
0.902297
1.19584
1.01026
0.966073
0.888744
0.849677
1.00529
0.945979
0.859539
0.882434
1.00578
0.882459
0.870169
0.939359
0.929054
0.999801
1.0007
0.998442
1.00462
0.987401
0.99946
0.982242
0.907059
0.929241
1
0.990827
0.994799
0.916202
1
1.00003
0.924583
1.00015
0.9367
1.00043
0.874616
0.999369
1.00498
1.0001
1.00005
0.95245
0.861364
0.892615
0.894605
0.87396
0.86738
0.878268
0.991837
1.03798
0.862538
1.0022
0.874925
0.861485
0.878403
0.846659
0.904036
0.853337
1.01073
1.00672
0.997296
0.923026
1
0.908326
0.984175
0.936691
0.918691
1
0.913358
0.99242
1.00448
0.997221
1
1.00155
0.929824
0.95146
0.993617
0.850582
0.93566
1.00023
1.00492
0.911165
0.956172
0.868696
0.876699
0.997482
1
0.953408
0.937411
0.90966
1.0045
0.875528
1.00074
1.00008
0.849192
0.99411
0.99129
1.00186
1.07454
0.886132
0.921065
0.879455
0.913267
0.959813
1.00605
0.888513
1.13241
0.999939
1.04158
0.934022
1.00398
0.875092
1
0.97629
0.894078
1.00848
1.00681
0.995799
0.986832
0.990709
1.00169
1.00481
0.99964
0.8579
0.898568
0.871674
0.999664
0.999927
0.973078
1
1.00014
1.00049
1
0.902116
0.853215
0.860719
0.99967
1.00497
1.00039
0.999369
1.02181
1
1.04102
1.00785
1.00002
0.99244
1.00017
1
0.865411
1.00021
1
0.999715
1.0004
0.999978
1.00024
1.00005
0.999918
1
1
0.999811
0.96676
0.890748
0.996786
1.01025
0.995652
0.948196
1.01957
0.925854
1.01272
0.89036
1.00222
1.00372
1
1
1.0054
0.999745
0.999242
0.943315
0.964985
0.957722
0.972853
1
1.00036
0.989499
1.00012
1.00017
0.899277
1.00047
1.00243
1.00033
0.894288
0.999646
1.00624
0.841966
1
0.999703
0.993437
1.00014
1.00104
0.886017
0.999904
0.929191
0.875938
1.00006
0.876362
0.945624
0.999194
1.0005
0.966434
1
0.943498
0.92399
0.856032
0.960556
1.01434
0.858249
0.91773
1.02126
1.0002
0.94867
0.987434
1.00008
0.864125
1.05467
1.00512
0.86404
0.870317
0.928185
0.99409
0.954683
1
0.863227
1.00006
1.15113
1.00023
1
1.00009
0.999966
0.963654
0.861391
1
0.999726
1
0.860474
1
1.00009
1.00198
1.00419
1
1.00875
0.930954
0.910617
1.00031
1.00014
0.999191
0.920471
0.999592
0.862757
0.951352
0.949404
1.11317
0.967119
0.999664
0.946083
0.847713
0.997101
0.978122
1.00013
0.988833
1.00251
1.00262
1.00637
1
0.966671
1.00092
0.97514
0.969937
0.984674
1.0107
0.977339
1.00132
0.959327
1.00408
1.0027
1.01077
0.996799
1.00001
0.939857
0.998941
0.973195
0.968417
0.985601
0.949838
0.950771
1.00371
0.870807
0.980421
1.00007
0.977538
0.974383
0.864233
1.00007
0.999202
0.999717
1.00575
1.01138
0.860209
0.991356
0.999485
1.03951
0.997911
1
0.927563
0.859431
0.931092
1.01411
1.00139
1.00835
0.91658
0.999165
1.00173
0.846691
0.930209
0.937374
1
1.00001
1
1.00099
0.935315
1.00414
0.999845
0.971316
1
1
0.939189
0.999652
1.01542
0.947363
0.910054
0.848093
0.999758
0.914165
0.997044
1.00213
0.93656
0.969571
0.969025
1.00387
0.983944
0.99383
0.996065
1
0.99882
0.87973
0.85136
1.06441
0.999791
0.996823
0.999641
0.996427
1.01259
0.863955
0.867321
1.03689
0.999686
0.845178
0.988349
1
0.926371
1.00705
0.995578
0.906348
0.993205
1.00502
0.89466
0.926777
0.847406
1.01362
0.946897
1.00731
1
1.01267
1.00056
1.02031
0.895242
1.00313
0.996506
1.00021
0.947722
0.918603
0.959239
1.00135
0.999812
1.00091
1
1.00697
1.00204
0.869168
0.999902
0.874924
0.954548
1.00952
1.23822
1.00095
1
1.00097
1
1.00234
1.00042
0.9565
1
0.999652
0.911796
1
1.05824
0.993708
1.00067
1.00014
0.920254
0.998358
0.963351
1
1.00102
0.999864
1.01684
1.00324
1.00816
1
0.989726
1.00012
0.895568
0.999809
0.975982
1
1.00967
1.03805
0.999958
1
0.854539
0.844712
1.00005
0.997367
0.930484
0.922004
0.99738
1
1
0.999628
0.849922
0.891824
0.933956
0.99714
0.845437
0.866866
1.00127
0.999833
0.999904
0.970717
0.861388
0.999929
1
0.915874
1.00302
1
0.889745
0.999647
0.937862
0.869143
0.959035
1.00013
0.844443
0.838338
1.12917
1
0.999709
0.942232
0.93393
0.917027
0.938597
1.00017
1.00001
0.872149
0.9916
1.00045
0.86357
0.92976
0.966204
1.0046
0.915481
1.00488
0.999779
0.930275
1
0.99974
0.944674
0.851861
0.959606
0.954948
1.00836
0.983007
1.00006
1
0.999687
1
0.853569
1.02329
1.0001
0.858609
1.00078
0.89196
0.857159
1
1.00022
1.03929
0.855454
0.981599
0.982975
1.00388
0.917422
0.94604
0.924675
0.87833
0.999705
1.0016
0.850049
0.845545
0.934827
0.999728
0.904618
0.848478
1.00812
0.919972
1.00299
0.999364
1
1.00066
0.953378
0.898503
0.846089
0.850619
0.956119
1.01155
1.00006
0.916601
1
0.999686
0.845059
0.994665
0.999779
1
0.848956
1.00002
1
1.00007
0.957844
0.99836
1
1
0.988363
1
1.00001
1.00226
0.930975
0.852087
0.999747
0.843384
0.910405
1
0.885385
1
1.00849
0.871369
0.928632
0.958642
0.855938
0.999619
1.0051
0.894442
0.999776
1.00316
0.85476
0.969445
0.870829
0.945579
0.977155
0.927467
0.880424
1.00003
1
0.961677
0.999741
0.907674
1
0.985394
0.894808
0.883128
1.00952
1.03841
1
0.882323
0.868942
0.91376
0.906558
1.00016
0.862859
0.865397
0.904206
0.847124
0.952042
0.911904
0.998159
0.883703
0.999983
0.854702
0.999175
1
0.869879
0.893817
0.99972
0.999954
0.970865
0.867904
0.902488
0.902301
0.925945
0.999058
0.88353
0.932253
0.849052
0.910718
0.903762
0.924132
0.953639
0.85393
0.995481
0.99908
0.866231
0.920107
0.870218
0.913363
0.999819
0.99992
0.905148
0.850667
0.999827
1.02808
1.00182
0.994873
0.929622
1
0.844845
0.942176
0.859601
0.934325
0.966916
0.884647
0.999289
1.0049
0.999728
0.846213
0.847271
0.999987
0.879978
1
0.984994
0.922706
0.888313
0.897246
0.995383
0.891354
0.995729
0.861014
0.927954
0.999856
0.89597
0.986239
0.996083
0.9407
0.932966
1.00081
0.878714
0.874434
0.848026
0.999893
1
0.969807
0.933268
1
0.966404
0.922171
0.907985
1
1
0.849648
0.912821
0.976972
0.965921
0.916201
0.898094
1.01057
0.854049
0.999703
0.951012
1.00662
0.961807
0.887777
1.00458
0.986887
0.896431
0.901268
0.892863
0.986898
0.864137
0.960537
0.960458
0.889182
0.882566
0.99955
0.891329
0.988815
0.850022
0.936007
0.966199
0.998769
0.9589
0.914421
1.00001
1
1
1
0.880206
0.898427
0.895026
1
0.893628
0.903832
0.911719
0.999692
0.920487
0.886
0.896327
0.883934
1.03117
0.925389
1.00116
1.0216
1
1.01948
0.947242
1.10547
0.856155
1.00245
0.913715
0.857896
0.967463
0.923308
0.999723
0.949988
0.903369
0.999725
0.995395
0.88352
0.989331
0.948052
0.948182
0.999924
0.94769
0.995817
0.954632
0.852286
1.00378
0.946024
0.991382
0.920658
1
0.929141
0.849385
0.876031
0.953256
0.9999
1.00304
0.895399
0.909094
1.01402
1.02593
0.847792
0.870005
0.848242
1.01473
0.900379
1
0.913676
0.893841
1
0.851168
0.992267
1.00007
0.925765
0.876093
1
0.999909
1.00045
0.971783
1
1.00088
0.999897
1
0.965307
1.00006
0.989132
1.0008
0.999737
0.86471
1.02206
1.00023
0.942935
1
0.868205
0.945323
1
0.847681
0.853576
0.903893
1.00798
0.915382
0.885172
0.903452
0.949431
0.883623
0.990359
0.999819
0.995079
0.999955
0.897785
1.00005
0.857729
0.999296
1
0.86752
0.996047
0.947641
0.886292
0.878891
0.885595
0.999708
0.993427
0.995164
0.993303
0.968585
1
0.918625
0.857901
0.845232
0.999649
0.860946
0.871
0.884836
0.999849
0.990551
0.981035
0.847921
0.845248
0.844764
1
0.967405
0.997205
0.999743
1.03589
0.884453
0.961921
0.997612
0.846486
0.971561
0.968533
0.960516
1.00792
0.969028
1.00001
0.995287
0.999782
0.845668
0.891997
0.841299
0.897174
0.893687
0.847439
0.97636
0.850156
0.966256
1.00111
1
1.02058
0.977923
0.941225
0.925214
0.851736
0.999691
0.936567
0.848296
0.864428
1.00047
1
0.856534
1
0.946913
0.961079
1.03326
0.842319
0.941983
0.982452
1.001
0.991778
0.999676
0.94507
0.939037
1
0.948671
0.904621
0.991771
1
0.849017
0.960759
1
0.945683
1.00202
1.00512
0.966493
0.844324
1.0014
1.04256
1
0.866347
0.966745
0.898833
0.835448
1.00003
0.999781
1.02032
0.99972
0.926707
0.914024
0.860693
1
0.945062
0.907428
0.905247
0.999593
0.919153
0.97384
0.869558
1.00684
1
0.957519
1
0.925819
0.858354
1.00419
0.940834
0.99785
1.00335
0.850556
0.852958
1.00522
0.879603
0.999516
0.99596
1
1
0.999907
0.855276
0.859815
0.981141
0.857206
1
0.995823
0.969375
0.934328
1
1
1.00014
0.999827
0.8666
0.972722
0.883258
0.845675
0.99965
0.994773
0.974124
0.84956
1
1
0.861792
0.856584
0.901522
1
0.999661
0.853238
0.941214
0.871981
1.00011
0.89434
0.907964
0.905053
0.975126
0.838182
0.999849
0.938787
1
0.857683
1.00007
0.851517
1.00523
0.85591
1.00008
0.898884
0.869327
0.964624
0.970603
0.922686
0.971054
0.879447
1
1
0.892745
1.01582
1
1.00367
0.909493
1.01033
0.997667
0.884715
0.955154
0.867595
0.867532
0.966947
0.936607
0.881649
1.0047
0.936925
0.920585
0.990963
0.928465
0.844718
0.999451
0.886616
0.902664
1
0.884335
1
0.916679
1.00085
1.02082
1.02148
0.940125
1.00004
0.893776
0.995039
0.871289
0.999511
0.857762
0.888751
0.999959
0.934279
0.846049
0.931005
0.911244
0.892787
0.919242
1
0.99971
0.955642
0.903865
0.839342
0.998764
0.88431
0.999831
0.845944
0.895961
0.905174
0.896659
1.00177
0.999654
1.00001
0.995513
1
0.937836
0.857268
0.956016
0.840866
1
0.956209
0.911538
0.955375
0.994038
0.994748
0.987156
0.885416
0.91706
0.985526
1.00132
0.999683
0.890563
1
1
0.940622
1.02366
0.860887
0.99973
0.986932
0.95229
0.964314
0.95237
0.962972
1.00001
0.93515
0.999693
1
0.974903
0.963205
0.999702
0.88213
1
0.87171
0.958277
1
0.974174
0.86447
0.999764
0.915113
0.986615
1.01578
1
1.00418
0.903668
0.977175
1
0.930779
0.963289
0.971569
1.00157
0.965212
1
1.002
1
0.845713
0.951234
0.926601
0.999883
0.896048
0.851074
1.00197
1
0.980038
0.999693
0.999514
0.989666
0.95939
0.877223
0.957494
0.928085
0.957691
0.955568
0.858368
0.850756
1
0.956748
0.933389
0.887715
0.94013
0.955225
0.94961
1.03826
0.965011
0.937021
0.863056
1
0.999758
1.00434
1
0.866418
0.88967
0.999549
0.945967
0.997328
0.999705
0.991246
0.890225
0.849977
0.855834
1.00483
0.999376
0.918661
0.916553
0.980618
0.906501
0.965914
0.981275
0.999666
0.973061
0.976957
0.999203
0.999677
1.00015
0.994585
0.970187
1.01112
0.853349
0.847316
0.854223
0.963742
0.880417
0.996454
1
1
0.897404
0.997677
0.883731
0.938977
0.871043
1
1
0.999659
0.892057
0.999748
1
0.990126
0.867854
0.999699
0.842538
0.99974
1
0.999678
0.854997
0.878856
0.845408
1
1.00341
0.990397
0.917145
1.20509
0.850819
0.999791
0.900761
0.851108
1
0.853022
0.950036
1
0.999946
0.999857
0.926533
1
0.885835
0.999681
1
0.965367
0.871117
1.00004
0.999647
1.00955
0.855648
0.972793
1
0.841582
0.999768
1
0.905843
0.895994
1
0.929684
0.880374
0.902724
1
0.898727
1.02523
0.890607
1.00017
0.900174
1
0.910507
0.948007
0.95393
1
0.971466
1.05277
0.943424
1.03519
0.893673
1
0.999737
1
0.982426
1
0.902827
0.998382
0.95997
0.999802
0.850433
1
1
0.919774
0.897706
0.997281
0.914337
0.928229
0.841192
1
0.904834
1
0.999846
0.999665
0.917106
0.964135
0.993151
1.00011
0.999763
1
0.9997
0.886728
0.981644
0.851295
0.863191
0.94841
0.999675
0.999891
0.935526
0.899678
1.00023
0.999832
0.909867
0.935529
0.856798
0.863007
0.840999
0.952044
0.999745
1.0322
0.999672
1.00029
0.867936
0.985834
0.902646
0.859116
0.97121
0.916458
0.854654
0.953177
0.999928
0.950656
0.999724
0.999743
1.00004
0.895326
0.999687
0.966528
1.00478
0.878033
0.946684
0.874771
0.994263
0.872801
0.943545
1
0.956433
0.999223
0.865942
0.948474
1
0.87319
0.881211
0.999856
0.924455
0.984306
0.967901
0.999862
0.89366
0.999588
0.95807
0.978773
1.0163
0.990309
0.888504
0.9349
0.999674
0.915295
0.999814
1
1
1
1
0.90165
0.901736
0.919713
0.868431
1
0.999958
0.952155
0.999722
0.999699
0.966503
0.849011
0.909188
0.93847
1.02854
0.911787
0.911996
0.872478
1
0.999678
1
0.889406
0.99979
0.999646
0.86692
0.999679
1.00159
0.914569
0.930122
0.863413
0.999816
0.99991
0.999772
0.999867
0.948127
1.00017
0.999657
0.881377
1
1
1
0.999756
0.940082
0.97745
0.900564
1.01169
0.903281
1
1.00028
1
0.923799
0.876659
0.914697
1.00043
0.998884
0.890229
0.999707
0.84865
0.99269
0.869081
1.00071
1
0.999659
1.00025
1
0.999877
0.877751
0.848094
1.00012
1.0003
0.932016
0.898355
0.999341
0.938954
1.00009
0.999859
0.865439
0.999398
0.93114
1.00209
0.926507
0.855
0.925969
0.975179
0.999659
0.904042
0.999802
0.99981
0.966083
0.999809
1.03394
0.901238
1.01957
1.05148
1
0.999739
0.841406
0.99992
1
1
0.999691
0.838361
0.898952
0.999728
0.982036
0.941289
1.00317
1
0.851767
0.999681
0.999738
0.870355
0.838254
0.999646
0.999931
0.999079
0.976967
0.916617
0.908908
1.00387
0.999745
0.999896
0.929963
0.999845
0.999842
0.889184
0.861873
0.840676
0.999752
0.99987
0.999946
1
1
0.879886
0.999744
1
0.864516
0.999791
0.914647
0.979468
0.928662
1
1
0.857512
0.9852
0.999716
1.00767
0.999674
1
1.0114
0.900408
1
0.880285
0.936055
0.999937
0.999668
0.919564
0.909471
0.999651
0.999779
0.870996
0.999779
1.00393
0.918599
1
1.01768
1.02014
0.964753
1
0.917953
0.912175
0.999654
0.903079
0.906333
0.985267
0.995398
0.999711
1.03017
0.932579
0.999886
0.992472
0.901481
0.907713
1.00003
0.999825
0.903239
0.861037
1.02194
0.999706
0.999801
0.99975
0.912201
0.98427
0.997751
0.971465
0.965307
0.99992
0.999805
0.863475
0.999911
0.983087
0.967485
0.883399
0.996955
0.909072
0.885337
0.999816
0.948933
0.959752
0.874417
0.92712
1
1
1
0.999871
0.876177
0.999912
0.99172
0.999775
0.901494
0.854058
1
0.999848
0.940953
1
0.957379
0.999836
0.999731
0.892974
0.898035
0.999891
0.982846
0.999785
0.941423
0.999952
0.999899
0.952739
0.999808
1.01119
1
0.999885
0.997944
0.999909
0.99996
0.999836
0.972651
0.999829
1.0044
1
1.01141
0.999935
1.00619
0.999946
0.996732
0.99986
0.999934
0.999902
0.946467
0.884023
0.999951
0.857687
1
0.919657
0.999886
0.999894
0.940155
0.854265
0.999928
1
0.999945
0.9731
0.900682
0.999959
0.999961
1
1
1
0.999962
0.999965
1
0.999946
0.88001
0.904962
0.999922
0.999947
0.99999
0.999929
0.99995
0.999637
1.0052
0.999968
0.960111
0.993707
0.942972
0.941984
0.893297
0.941668
1.00008
0.932328
0.99996
0.999962
0.999967
0.999974
1
0.999921
0.9983
0.999965
0.886853
0.908217
0.999894
1.0625
0.941833
1.1353
0.999657
0.943245
1.00309
0.99973
0.999944
0.947547
0.991041
0.999974
0.942621
0.921384
0.999974
0.999984
0.999984
1
1
1
0.999971
0.999989
0.99999
0.999995
0.999994
0.999997
0.999998
0.999999
0.999993
0.999983
0.999999
1
0.999999
0.999956
0.999991
0.999997
1
1
1
1
0.999992
0.999997
0.999995
0.999971
1
0.999863
0.999998
1
0.999998
0.999999
0.999951
0.999996
0.999987
0.999932
0.999992
0.999999
0.999979
0.999978
0.999985
0.999993
0.999995
0.999983
0.999999
0.999995
1
1
0.999997
0.999899
0.999985
0.999975
0.999992
0.999974
0.999994
0.999988
0.999998
0.999992
0.999841
0.999987
0.999985
1
0.999784
0.999962
0.999942
0.999995
0.999979
0.999987
0.999827
1
1
1
0.999917
0.999965
0.999999
1
0.999998
0.999963
0.999997
0.999996
0.999938
0.999983
0.999978
0.999996
0.999999
0.999901
0.999908
0.999796
0.999863
0.999991
0.99998
1
0.999877
0.99998
0.999809
0.999989
0.999996
0.999963
0.999939
0.999847
0.999913
0.999996
0.999992
1
1
0.99981
0.999892
0.99988
0.999878
0.99998
0.999991
0.999997
0.999989
0.999993
0.999919
0.999989
0.999908
0.999967
0.999852
0.999907
0.999851
0.999983
0.999986
0.999994
0.999876
0.999873
0.999945
0.999966
0.999995
0.999979
0.999834
0.999993
0.999903
0.999998
0.999902
0.999914
0.99994
0.999979
0.99994
0.999991
1
0.99998
0.999987
0.999998
0.99999
0.999954
0.999982
0.999996
0.999997
0.999998
0.999996
1
0.999972
0.999998
0.999993
0.999993
0.999999
1
1
0.999996
0.999998
0.999952
0.878031
0.964144
1
1
1
0.955027
0.999682
0.938283
0.847282
0.873064
1.13053
0.889485
0.983238
0.946272
0.995019
1.00002
0.908483
0.919399
0.867363
0.991444
0.942353
1
0.903598
0.862778
1
0.989398
0.982053
0.994974
1.0009
1.03275
0.951403
0.980849
0.940679
0.850942
0.957899
0.883895
0.920861
1.0001
0.937148
0.848803
1.00601
0.890934
1.00937
0.969142
0.8535
0.996652
0.923703
1.00004
1.00287
0.970302
0.942058
1.01585
1.01129
0.954867
0.908236
0.919104
1.01142
0.863805
0.953089
0.848772
0.942853
0.999862
0.891517
0.962666
1.00148
0.951149
0.847454
0.969827
0.955363
0.999739
0.975182
1
0.889253
0.999957
0.880635
0.851413
1.0034
0.972712
0.854996
0.92613
0.988198
0.923181
0.88052
0.971643
0.894989
0.845804
0.99996
0.885787
0.897879
1.0304
0.99714
0.890349
0.8827
0.993451
0.843114
1.00346
0.85767
0.987216
1.00056
0.887407
0.881224
0.861729
0.892761
0.878761
0.895898
1.18738
0.924402
0.91568
0.912835
0.916413
1
0.921284
0.8856
0.876477
1.06944
0.92098
0.927132
0.987853
0.868215
0.924433
0.925523
1
0.998776
0.988576
0.999701
0.960892
1.0323
1.00302
0.868673
0.950151
1.01655
0.991371
0.93749
0.867945
1.1892
0.875558
0.876241
0.987743
0.999965
0.878536
1.00209
0.873324
0.969888
1.15115
1.00017
1
1.00209
0.999683
0.937557
0.858546
0.891985
0.851027
0.925875
0.865586
0.86202
0.933286
0.888116
1.04434
0.875887
0.908616
1.00012
0.91696
0.907629
0.978248
1.00012
0.88134
0.858199
1.04027
0.888142
0.903039
0.974746
0.958645
0.95881
0.927535
0.872394
0.932462
0.87371
0.942724
0.856645
0.996243
0.999692
0.943787
0.907403
1.04098
0.881743
1
0.874094
1.01414
0.879339
0.863102
0.991318
1
0.882932
0.96194
0.937118
0.995107
0.86771
0.853965
0.998931
0.956778
0.940931
0.906865
0.999626
0.858271
0.887806
1.0025
0.9928
0.868087
0.956518
0.926101
0.896526
0.987033
0.9527
0.880442
0.995015
0.87981
0.897674
0.982172
0.98756
0.984065
0.963148
0.863647
0.875152
1.00512
0.895058
0.932824
0.942512
0.940477
0.889074
1
0.854721
0.98444
1.00474
0.852102
0.998795
0.969903
0.909505
0.857431
0.995938
0.859533
0.944427
0.89441
0.924661
0.965676
0.919172
0.999331
0.874485
0.999503
0.99628
0.865055
0.917098
1.01339
0.869425
1.01308
0.936476
0.914711
0.999746
0.957051
0.86017
0.851141
0.951832
1.00001
1.00642
1.00042
0.85338
0.999898
0.913059
0.998849
0.845692
0.901865
0.911541
0.899107
0.931242
0.946435
1
0.842016
0.949327
0.994103
0.874642
0.877182
0.918583
0.976358
0.931539
0.902865
0.843971
0.916441
0.933739
0.951624
0.999323
1.05246
0.970445
0.878253
0.943714
1.00037
0.917893
1.00001
0.955417
0.946026
1.00012
0.866282
1
0.857192
0.980706
0.889925
1.0041
1.00208
0.899808
0.947587
0.941405
0.999923
1.01184
0.873422
0.843196
1.00081
0.879584
1
0.981424
0.983225
0.984745
0.968907
0.905198
1.00365
0.982791
0.90512
1.00276
0.881943
1.0001
0.990225
0.970002
0.947616
0.974406
0.964536
0.993784
1.00829
0.934771
1.0102
0.865848
0.929225
0.940073
1.00949
0.914321
0.921299
0.913217
1.00018
0.8753
0.93466
0.91209
0.863279
0.968176
0.958793
0.999801
0.999526
0.878655
0.943657
0.944304
0.852647
0.918624
1.00847
0.876813
0.879591
1.01789
0.994523
1
0.996326
1
0.907629
0.959541
0.944801
0.924115
0.921339
0.999674
0.900221
0.917407
0.873031
0.979696
0.894752
0.974811
0.998147
0.875584
0.921406
1.00543
0.847182
0.999915
0.872442
0.93024
0.910315
0.889616
0.86596
1.00542
1.03549
0.999571
0.879735
0.959499
0.92826
1.02538
1.01055
0.938384
0.845534
0.975481
0.991653
0.867509
0.859306
0.89175
0.87412
0.99286
1
1.00316
0.891802
0.879053
0.861447
0.948921
0.999708
0.872784
0.876471
0.91635
0.84499
0.96918
1.04976
0.9981
0.875822
0.874698
0.940809
0.894063
0.853093
0.999851
0.903151
0.916529
0.891636
1.02054
1.02359
0.841618
0.851858
0.970431
0.84807
0.913512
0.895066
0.915063
0.846763
0.991313
1.01554
0.936162
0.924169
0.922254
0.868452
0.866605
0.884035
0.91213
1.17277
0.908156
0.888058
0.852675
0.921666
0.879905
0.910905
0.928692
0.84972
0.975015
0.953987
0.943957
0.905285
0.910929
0.93671
0.851412
0.922786
0.889428
0.886246
0.879526
0.923377
0.996796
0.934429
0.84665
0.88693
0.851263
0.950762
0.942511
0.893683
0.903971
0.92542
0.929785
0.99082
0.962184
0.946106
0.869389
1.01602
0.958122
1.0236
1
0.928032
0.918109
0.898598
0.905872
0.902494
0.846497
0.935309
0.96027
0.947203
0.911321
0.939371
0.885262
0.932995
0.999833
0.886142
0.927268
0.999747
1
1.00156
1.24491
1.01117
1.10023
0.862257
0.91211
0.870452
0.846419
1.00589
0.941399
0.965836
0.926348
0.905154
0.955137
0.893355
1.00046
1.00162
0.922844
0.877346
0.941873
0.975533
0.898121
0.869902
0.888645
0.95624
0.914507
0.919382
0.894083
0.942999
1.01851
0.915236
0.894943
0.867045
0.927251
0.880108
0.863424
0.897121
0.899578
0.888869
0.881033
0.885039
0.956936
0.844872
1.00244
0.848628
0.905122
1.00856
0.847637
0.944896
0.876636
0.890503
0.911496
0.910269
0.941396
0.99351
0.913696
0.974946
0.948856
0.929495
0.89821
0.955015
0.850238
0.911227
0.859992
0.961442
0.966853
0.89667
0.946736
0.904684
0.912426
0.852124
0.899814
0.908793
0.909742
0.88977
0.887296
0.937859
0.895636
0.898707
0.9098
1.12973
0.901405
0.962741
0.847158
0.891251
0.900359
0.963048
0.888353
0.880554
0.892493
0.860087
0.853148
0.940221
0.854894
0.908448
0.843886
0.914786
0.897022
0.943264
0.893944
0.901945
0.867846
0.903665
0.932429
0.906387
0.905008
0.849053
0.891034
0.9041
0.905371
0.906164
1.00135
0.895139
0.976315
0.963905
0.971112
0.938171
0.907534
0.885884
0.948276
0.858089
1.00155
0.925338
0.950053
0.9452
0.85866
0.986683
0.850322
0.878707
0.935702
0.874369
0.858532
0.965105
0.903815
0.886889
0.859108
0.907165
0.98292
0.890064
0.961745
0.885945
0.932176
0.939476
0.888255
0.931114
0.954659
0.889586
0.887361
0.937328
0.888574
0.940406
1.02467
0.922787
0.852421
0.942069
0.933439
0.998177
0.866598
0.886947
0.962597
0.868892
0.922042
0.942435
0.989192
0.887026
1.08274
0.885418
0.879021
0.87547
0.992572
1
0.874951
0.878782
0.897877
0.92172
0.880765
0.936995
0.890669
0.878323
0.836989
0.939908
0.938577
0.953292
0.881464
0.906109
0.987414
0.877981
0.931703
1.09763
0.961229
0.860557
0.85818
0.87119
0.929516
0.877435
0.875027
0.876711
0.850234
0.911726
0.885979
0.876988
0.959061
0.942251
0.941331
0.836682
0.904704
1.04968
1.02226
0.902854
0.962742
1.01643
0.956213
0.870409
0.912879
0.855163
0.905259
0.875313
0.837415
0.905377
0.895943
0.873952
0.922779
0.913482
0.893711
0.941371
0.903521
0.841012
0.993949
0.883266
0.836812
0.877721
0.893109
0.90209
0.988553
0.87373
0.903222
0.990981
0.87283
0.930731
0.940219
0.915638
0.903152
0.881927
0.92909
0.875371
0.8657
0.904034
0.948364
0.984209
0.980766
0.875408
0.915085
0.96443
0.960267
0.986859
0.921411
0.896374
0.871403
0.958665
0.91567
0.864199
0.907071
0.89982
0.89279
0.943832
0.873754
0.916119
0.919786
0.917742
0.862992
0.912557
0.930326
0.928172
0.87151
0.907278
0.918197
0.959879
0.941979
0.847206
0.921078
0.920167
0.946244
0.893259
0.924429
0.926779
0.983796
0.926437
0.939122
0.9253
0.844159
0.875822
0.923355
0.984793
0.921547
0.959837
0.908912
0.924103
0.906199
0.846686
0.997697
0.843331
0.925524
0.904621
1.00054
0.927652
0.95772
0.894624
0.895466
1.01125
0.990389
0.865897
0.916596
1.01445
0.934807
0.953937
0.944047
0.971893
0.896984
0.926405
0.971866
0.942778
0.925143
0.924757
0.954822
0.850017
0.855323
0.869266
0.948662
0.968038
0.985774
0.864703
0.897011
0.949439
0.968008
0.872641
0.883094
0.872871
0.944584
0.949939
0.911564
0.933028
0.922411
0.945523
0.851696
0.956592
0.947229
0.945975
0.895685
0.946801
0.94307
0.85683
0.89939
0.990845
0.948473
0.927385
0.959642
0.944906
0.951969
0.882426
0.948017
0.85617
0.950788
0.98291
0.95734
0.953344
0.885475
0.955686
0.952465
0.966015
0.91321
0.955371
0.9572
0.847336
0.953835
0.947542
0.957811
0.866249
1.00698
0.978589
0.968059
0.951165
0.93134
0.909802
0.95613
0.896671
0.836746
0.944461
0.95225
0.991195
0.870618
0.848688
0.868969
1.0081
0.851752
0.855745
0.847449
0.98526
0.907174
0.899578
0.955062
0.862337
0.910365
0.882994
0.968955
0.985711
0.957591
0.854255
0.945703
0.973952
0.907874
0.968529
0.897254
0.982423
0.874969
0.933163
0.91724
0.958169
0.940258
0.954015
0.936584
0.978042
0.867709
0.93448
0.871961
0.970843
0.852179
0.967711
0.849921
1.01735
0.929656
0.884194
0.843814
0.928881
0.848998
0.942346
0.935938
0.917377
0.854102
0.949694
0.935023
0.965513
0.935063
0.906648
0.900325
0.895964
0.902551
0.916179
0.935278
0.867004
0.901003
0.914513
0.897666
0.911631
0.958412
0.9339
0.865375
0.921416
0.853983
0.941928
0.956501
0.908027
0.913153
0.996796
0.852619
0.969705
0.98153
0.853786
0.892168
0.965863
0.886393
0.870185
0.967279
1
0.868056
0.976992
0.874023
0.971264
0.866982
0.837702
0.89034
0.884743
0.850733
0.853025
0.919487
0.923332
0.988561
0.990919
0.841854
0.887075
0.95625
0.929565
0.913714
0.887162
0.957095
0.890909
0.979509
0.881547
0.954205
0.941071
0.953583
0.975442
0.916056
0.945104
0.849221
0.89402
1.00024
0.910936
0.976433
0.897717
0.937176
0.974034
0.858997
0.851303
0.972202
0.848365
0.84162
0.864205
0.950359
0.974966
0.858176
0.970056
0.865996
0.930885
0.892266
0.876887
0.924254
0.867471
0.870295
0.973513
0.932177
0.935512
0.901909
0.935707
0.871283
0.981996
0.923487
0.918896
0.871364
0.924153
1.00781
0.868875
0.878484
0.896379
0.88462
0.842264
0.930505
0.923688
0.933142
0.997447
0.837159
0.946296
0.972676
0.846312
0.92187
0.906587
0.958719
0.95276
0.957297
0.907107
0.884119
0.837943
0.911919
0.890817
0.928755
0.91805
0.88592
0.958838
0.924271
0.839283
0.929012
0.917862
0.980025
0.901344
0.964694
0.872471
0.991122
0.985943
0.889026
0.951554
0.940271
0.940856
0.920179
0.859925
0.920486
0.949322
0.925457
0.866651
0.913934
0.911019
0.96397
0.876843
0.928077
0.886928
0.919059
0.926145
0.897943
0.850807
0.910331
0.838775
1.07793
0.883507
0.837426
0.848591
0.969409
1.03088
0.902326
0.940672
0.884134
0.841104
0.920167
0.841712
0.908727
0.918142
0.951124
0.907373
0.873771
0.975667
0.872755
1.00024
0.925018
0.903715
0.923943
0.877261
1.00883
0.950649
0.954633
0.840851
0.985656
0.886005
0.940564
1.03823
0.957007
0.94162
0.927568
0.882734
0.93503
0.963389
1.00098
0.864547
0.880683
0.926202
0.980982
0.941961
0.912974
1.02438
0.966525
0.947927
0.976624
0.922249
0.916369
0.873131
0.940586
0.930685
0.856328
0.926891
0.92871
0.89107
0.930644
0.9658
0.931861
0.939604
0.93348
0.872104
0.936058
0.861361
0.906972
0.952793
0.86906
0.977743
0.921103
0.905139
0.949962
0.852239
0.890097
0.959499
0.94183
0.939436
0.929383
0.936269
0.893893
0.856421
0.875908
0.942768
0.854632
1.00376
0.932962
0.955993
0.892118
0.908891
0.957673
0.879205
0.931483
0.931838
0.852004
0.894276
1.00634
0.921126
0.946529
0.873562
0.960482
0.886441
0.866018
0.877765
0.917299
0.912197
0.906735
0.93328
0.853476
0.966894
0.906715
0.974145
0.859709
0.865618
0.845981
0.8522
0.957947
0.877477
0.942515
0.877099
0.94222
0.96327
0.849254
0.880011
0.880144
0.929427
0.946005
0.865881
0.972047
0.857166
0.863522
0.887041
0.896879
0.971677
0.848938
0.937681
0.878368
1.01641
0.975211
0.962172
0.977208
0.887961
0.918556
0.90241
0.906071
0.96744
0.870667
0.916803
0.90547
0.897028
0.862552
0.925145
0.953828
0.958232
0.860445
0.847814
0.911242
0.932744
0.999429
0.853205
0.864414
0.857923
0.958382
0.924412
0.868933
0.994117
0.954464
0.961392
0.915806
0.958117
0.886422
0.858751
0.839874
0.877827
0.862391
0.892904
0.934347
0.933842
0.958935
0.961925
0.933785
0.863334
0.879368
0.889353
0.858849
0.933458
1.01618
0.882023
0.853523
0.875222
0.960967
0.875598
0.860999
0.952176
0.861118
0.962054
0.906007
0.85802
0.948379
0.927153
0.874268
0.906025
0.869972
0.868833
0.859221
0.946249
0.904168
0.936949
0.918786
0.961614
1.01925
0.924649
0.916931
0.944146
0.850671
0.967191
0.907278
0.844341
0.91557
0.888247
0.948627
0.88804
0.958615
0.887809
0.931721
0.933947
0.95839
0.943701
0.920383
0.864055
0.869612
0.839926
1.01677
0.85431
0.891397
0.892018
0.977002
0.949334
0.935217
0.926667
0.915203
0.977194
0.919863
0.930145
0.902258
0.866855
0.884661
0.923414
0.865294
0.8826
0.908792
0.922166
0.847023
1.03647
1.02912
0.862244
0.900406
0.972488
0.967668
0.847053
0.907784
0.973166
0.838662
0.933051
0.868731
0.888308
0.850551
0.848397
0.863476
0.854261
0.919901
0.92182
0.8977
0.932741
0.927497
0.965087
0.971827
0.970496
0.938115
0.966805
0.869575
0.966589
0.926805
0.92597
0.914696
0.980286
0.855666
0.928721
0.896724
0.973021
0.932996
0.838755
0.853688
0.966466
0.905861
0.849142
0.887962
0.927931
0.909459
0.852291
0.854278
0.953137
0.905614
0.849712
0.912975
0.968396
0.876296
1.02273
0.908546
0.969289
1.02941
0.94809
0.870884
0.972978
0.909576
0.944049
0.889113
0.886572
0.932135
0.944236
0.935201
0.989854
0.846716
1.01422
0.929575
0.918178
0.858023
0.934435
0.890484
0.923259
0.898846
0.905045
0.969999
0.941994
0.928397
0.882091
0.964207
0.856783
0.899291
0.977327
1.00004
0.967517
0.972407
0.84979
0.875135
0.866605
0.920441
0.88344
0.863052
0.943168
0.906739
0.854348
0.931566
0.863066
0.963481
0.937915
0.848834
0.848075
0.889269
0.960178
0.982053
0.854299
0.909098
0.909942
0.931994
0.851218
0.888674
0.912709
0.9675
0.885008
0.884783
0.852994
0.846762
1.00942
0.945436
0.882765
0.894821
0.885387
0.877792
0.873632
0.884558
0.94537
0.899366
0.92874
0.898551
0.856096
1.1237
0.847158
0.959603
0.999585
0.920909
0.923298
1.02424
0.882383
0.875746
0.89343
0.955779
0.937682
1.02664
0.880874
0.901033
0.983827
0.857043
0.890831
0.901506
0.935881
0.952152
0.840106
0.977272
0.846701
0.85865
0.892612
0.887607
0.859067
0.964933
0.898505
0.867466
0.871935
0.962914
0.95611
0.883339
0.840269
0.910788
0.907735
0.851227
1.00209
1.001
0.985617
0.844637
0.985019
0.984235
0.978955
0.935153
0.894056
0.894024
1.00004
0.947438
0.991208
0.987261
0.894684
0.97631
0.882973
0.913713
0.891217
0.987079
0.928949
0.922233
0.889493
1.0034
0.888149
0.855691
0.951182
0.910423
0.935537
0.93556
0.99218
0.960772
0.949756
0.950531
0.969925
0.915375
0.885257
0.876662
0.873145
0.932667
0.881736
0.91831
1.00237
1.00004
0.955336
0.860834
0.946444
0.957193
1.00149
0.85021
0.915383
0.907942
0.874975
0.895221
0.925477
0.904595
0.849731
0.895353
0.840638
0.879694
0.953361
0.908637
0.901778
1.0114
0.998825
0.84865
0.863793
1.00171
0.846735
1.0209
0.870414
0.861948
0.960051
0.874539
0.978254
0.835438
0.946211
0.864799
0.854169
0.909634
0.943052
0.967212
0.927402
0.873482
0.91381
0.989456
0.843287
0.933788
1.02043
0.923161
0.991537
0.933927
0.984637
0.995921
0.862931
0.940219
0.932281
0.936999
0.972414
0.896221
0.874815
0.978817
0.867916
0.982781
0.873864
0.878263
0.938585
0.970916
0.879117
0.842091
0.884711
0.922018
0.880703
0.872755
0.957655
0.91898
0.883833
0.925708
0.959496
0.879703
0.863426
0.923976
0.923085
0.883837
0.896762
0.857174
0.939526
0.912215
0.905286
0.890367
0.84059
0.887051
0.897318
0.966289
0.874915
0.869683
0.84601
0.871639
0.892876
0.87728
0.914747
0.860363
0.964964
0.861595
0.993967
0.877953
0.93848
0.929654
0.850245
0.930386
0.886154
0.87104
0.855986
0.878686
0.881605
0.836726
1.02845
0.882444
0.944029
0.882129
0.912982
0.865564
0.872191
0.903678
0.926141
0.863677
0.990787
0.981953
0.945418
0.941982
0.928067
0.849486
0.899535
0.920831
0.954082
0.849692
0.945595
0.973706
0.872197
0.88674
0.896112
0.91723
0.980199
0.854722
0.905875
1.00475
0.980537
0.921943
0.91459
0.973476
0.918386
0.933309
0.982962
0.911927
0.923438
0.863527
0.974704
0.912214
0.907876
0.968351
0.877077
0.864754
1.02829
0.872829
0.932749
0.934326
1.00745
0.967782
0.982118
0.844021
0.838467
0.893661
0.935319
0.901252
0.935895
0.889364
0.871629
0.87879
0.950109
0.991754
0.986572
0.84127
0.856319
0.897541
0.839519
0.893019
0.998026
0.965654
0.910703
0.861267
1.01464
0.933591
0.875777
0.957477
0.897638
0.948284
0.894498
0.870793
0.978523
0.958787
0.912734
0.977187
0.902014
0.969168
0.964986
0.877302
0.895331
0.934657
0.866288
0.990854
0.875232
0.924885
0.841489
0.876329
0.863481
0.909272
0.9009
0.895404
0.899251
0.864869
0.955239
0.872773
0.854743
0.909702
0.859224
0.849414
0.874004
0.989995
0.850979
0.888891
0.919419
0.858397
0.931853
0.910011
0.907926
0.900878
0.977588
0.978136
0.935836
0.955744
0.908638
0.976584
0.931774
0.850569
0.891809
0.863231
0.906676
0.896787
0.837624
0.858701
0.94206
0.835497
0.943949
0.941632
0.963364
0.893649
0.947323
0.925487
0.910126
0.903195
0.948705
0.876549
0.859188
0.995694
0.914139
0.905178
0.942917
0.89041
0.986205
0.884716
0.877244
0.898444
0.95941
0.904568
0.887572
0.90854
0.90913
0.841218
0.930735
0.989959
0.888985
0.920027
0.885359
0.900103
0.994716
0.862791
0.940107
0.846803
0.859608
0.857481
0.933177
0.968759
0.962431
0.906352
0.907306
0.858799
0.859173
0.856801
0.937377
0.901739
0.925885
0.963565
0.993588
0.902461
1.01758
0.838123
0.966935
0.8616
0.989066
0.910455
0.898704
0.906098
0.843341
0.917094
0.903898
0.89095
0.985761
0.941438
0.842606
0.940668
0.905718
0.927972
0.964312
0.900201
0.941299
0.946238
0.956642
0.939661
0.991675
0.842218
0.882982
0.944559
0.999148
0.963021
0.9805
0.852892
0.948095
0.932634
0.87076
0.86754
0.84562
0.84433
0.962945
0.890263
0.91177
0.889733
0.93755
0.973428
0.933264
0.884732
0.972479
0.897622
0.871614
0.898379
0.878295
0.971016
0.887007
0.937837
0.888199
0.845599
0.856656
0.929857
1.01637
0.930651
0.950135
0.932761
0.869673
0.988122
0.909019
0.908266
0.862476
0.841982
0.931988
0.933621
0.892463
0.977646
0.96838
0.881238
0.88948
0.874679
0.886531
0.854287
1.00131
0.962245
0.937198
0.927199
0.879906
0.901967
0.974415
0.953987
0.995337
0.921191
0.952604
0.999795
0.861779
0.88726
0.938682
0.939846
0.86538
0.95079
0.844044
0.998613
0.931278
0.85829
0.995549
0.858207
0.955414
0.987233
0.957383
0.911359
0.858886
1.02593
0.897864
0.962355
0.949892
0.931777
0.943917
0.961576
0.890906
0.877364
0.896978
0.847678
0.840146
0.868431
0.994904
0.941295
0.896105
0.87868
0.852
0.856438
0.861848
0.93902
0.847828
0.848897
0.95302
0.993186
0.930606
0.964979
0.97452
0.874637
0.926031
0.95713
0.964553
0.986402
0.895389
0.960165
0.865478
0.978141
0.962412
0.933203
0.934696
0.879509
0.960843
0.87619
0.92993
0.901452
0.873909
0.944334
0.97552
0.883931
0.857682
0.938474
1.02569
0.907055
0.966223
0.835484
0.890815
0.964113
0.907152
0.948851
0.881283
0.858871
1.00078
0.915406
0.985599
0.960164
0.959468
0.940824
0.894412
0.873119
0.9293
0.856126
0.981841
0.939533
0.878356
0.970129
0.980741
0.928631
0.974809
0.856668
0.843356
0.86389
0.853466
0.870321
0.905331
0.992055
0.939361
0.977154
0.891134
0.843408
0.903134
0.959494
0.85916
0.984818
0.865663
0.934002
0.938404
0.890244
0.961359
0.860094
1.00869
0.866334
0.945193
0.915185
0.884587
0.922678
0.8774
0.889493
0.844105
0.897123
0.865677
0.875471
0.907902
0.983124
0.846228
0.927261
0.89969
0.896054
0.869943
0.848522
0.892815
0.899522
0.954645
0.928
0.945782
0.848344
0.880441
0.917339
0.894185
0.899006
0.958886
0.853041
0.996864
0.894228
0.914593
0.861979
0.863312
0.982218
0.857146
0.89956
0.955069
0.846232
0.919398
0.984059
0.932242
0.956431
0.937845
0.925955
0.842369
0.94005
0.883198
0.892838
0.857991
0.951759
0.89105
0.849857
0.872624
0.900217
0.956382
0.891461
0.914397
0.958264
0.895862
0.913724
0.933131
0.924694
0.872224
0.970836
0.920734
0.876404
0.926561
0.940846
0.856615
0.923192
0.915942
0.944346
0.982799
0.998559
0.871237
1.0241
0.916617
0.895771
0.891837
0.884258
0.890587
1.17035
0.85758
0.996853
0.87969
0.918073
0.935552
0.918726
0.866003
0.912851
0.944437
0.973778
0.965837
0.957595
0.924601
0.925337
0.942393
0.851603
0.894529
0.971501
0.925301
0.916281
1.0039
0.885578
0.920035
0.946757
0.956992
0.973355
0.983417
0.97561
0.92417
0.921429
0.895123
1.04607
0.961056
0.979256
0.865085
0.934919
0.923644
0.860285
0.871081
0.888591
0.943647
0.949937
0.886084
0.954418
0.862543
0.889717
0.903265
0.942317
0.948971
0.941798
1.00441
0.999247
0.945101
0.974849
0.94904
0.854296
0.989432
0.918615
0.907443
0.956434
0.95044
0.982103
0.946428
0.97033
0.947671
0.955787
0.889561
0.86939
0.89742
1.01848
0.86481
0.940034
0.891742
0.864475
0.835633
0.847542
0.934908
0.968928
0.898505
1.00037
0.907879
0.942919
0.870193
0.854789
0.933774
0.931642
0.98141
0.893885
0.865419
0.860484
0.930171
0.841259
0.913526
0.951641
0.948346
0.949808
0.845988
0.944445
0.933957
0.966962
1.0161
0.936176
0.880298
0.965877
0.908302
0.87979
0.839553
0.902332
1.00407
0.835974
0.947104
0.893125
0.945781
0.852764
0.95573
0.942545
0.894375
0.991967
1.01338
0.952985
0.862356
0.967884
0.852813
0.955191
0.936563
0.900765
0.855472
0.870016
0.84892
0.954239
0.898504
0.872447
1.04531
0.99634
0.951056
0.886979
0.864242
0.998109
0.859452
1.01688
0.868042
0.949995
0.851912
0.86772
0.850965
0.851707
0.956711
0.952329
0.933352
0.981309
0.954059
0.939224
0.974771
1.00371
0.887479
0.912679
0.89847
0.96884
0.95371
0.852183
0.9568
0.968992
0.909311
0.954722
0.974387
0.925249
0.971683
0.933171
0.851428
0.985219
0.936838
0.896363
0.896387
0.90358
0.967638
0.913322
0.905887
0.926352
0.874308
0.856976
0.905761
0.873291
0.878643
0.979162
0.906431
0.881282
0.868725
0.904289
0.935378
0.975298
0.90999
0.931714
0.914586
0.969351
0.84667
0.836337
0.873782
0.91818
0.865739
0.931256
0.909784
0.980053
0.943087
0.968236
0.877208
0.98128
0.96411
0.923316
0.913773
0.970013
0.955153
0.870359
0.957027
0.876525
0.93827
0.893963
0.885546
0.88669
0.952282
0.978421
0.874933
0.935802
0.921894
0.909251
0.85418
0.96695
0.961867
0.876384
0.916362
0.914703
0.840112
1.00297
0.924547
0.899084
0.844174
0.970477
0.847055
0.908442
0.936946
0.977645
0.971094
0.893545
0.886447
0.942379
0.907862
0.900854
0.996455
0.946179
0.996746
0.872976
0.853437
0.962741
0.934687
0.895386
0.941617
0.892794
0.997624
0.883623
0.974224
0.966296
1.00592
0.921144
0.871884
0.901662
0.957566
0.899178
0.852366
0.867228
0.929198
0.958781
0.93361
0.902178
0.976902
0.944839
0.978022
0.908369
0.987094
0.867256
0.895035
0.848248
0.904497
0.882313
0.89582
0.976086
0.848661
0.900009
0.92719
0.853264
0.869195
0.969879
0.989478
0.949949
0.883853
0.871483
0.984576
0.954462
0.971796
0.85
0.943025
0.873079
0.928041
0.911347
0.932188
0.920497
0.946787
0.97252
0.87546
0.90005
0.978211
0.913078
0.978668
0.976186
0.932285
0.837821
0.95635
0.890922
0.980646
0.97034
0.907653
0.91106
0.974584
0.850049
0.956935
0.975291
0.890086
0.931559
0.91004
0.896074
0.929071
0.960359
0.86841
0.909473
1.00852
1.01323
0.890533
1.0764
0.938995
0.86586
0.852619
0.958751
0.919847
0.971141
0.922365
0.913067
0.950754
1.00073
0.982271
0.979938
0.98116
0.975409
0.888208
0.930956
0.973156
0.878543
0.958195
0.850616
0.877609
0.871111
0.880362
0.954112
0.878434
0.866858
0.925027
0.89812
0.982098
0.944971
0.911393
0.842287
0.835619
0.973909
0.947401
0.985743
0.957498
0.960253
0.924866
0.898965
0.864865
0.902387
0.951341
0.945728
0.90295
0.928482
0.952769
1.00373
0.948063
0.900747
1.00043
0.971076
0.953375
0.973156
0.948277
0.908273
0.856763
0.979916
0.901587
0.895046
0.935162
0.951795
0.931727
0.861194
0.972494
1.00864
1.00679
0.97827
1.00222
0.983156
0.958002
0.859674
0.94747
0.97097
0.928295
0.92498
0.886386
0.950582
0.960401
0.907916
0.927391
0.917554
0.914175
0.956077
0.956683
0.874518
0.96522
0.922926
0.949466
0.953891
0.846933
0.95025
0.867714
0.91168
0.920783
0.840409
0.839418
0.916203
0.856894
0.854005
0.867198
0.87188
0.947614
0.970998
0.864625
0.926844
0.912244
0.906472
0.961247
0.90152
0.926498
0.869498
0.835946
0.961025
0.907761
0.915118
0.950945
0.958363
0.997577
0.85305
0.946448
0.967957
0.901788
0.87827
0.879555
0.952705
1.03678
0.95681
1.0214
0.978732
0.862106
0.931085
0.863804
0.843429
0.963919
0.856413
0.865489
0.934055
0.951954
0.865404
0.940543
0.949567
0.912489
0.868403
0.910405
0.946977
0.866989
0.883267
0.887542
0.871627
0.911678
0.981701
0.883846
0.921777
0.885996
0.900444
0.948973
0.921819
1.0096
0.894389
0.98359
0.886434
0.954344
0.904966
0.941801
0.888102
0.952627
0.850044
0.856233
0.929843
0.84873
1.03387
0.91769
0.988533
0.879053
1.01566
0.960583
0.966301
0.917427
0.936683
0.924326
0.971775
0.932759
0.886639
0.836397
0.895019
0.909398
0.941405
0.917895
0.92371
0.870514
1.02337
0.999447
0.934031
0.939623
0.906505
0.922504
0.848515
0.868255
0.885373
0.860673
0.943565
0.866402
0.906249
0.986586
0.936857
0.988856
0.936776
0.877211
1
0.836878
0.909637
0.929145
0.873343
0.864841
1.00529
0.856514
1
0.91997
0.894727
1.01471
0.919596
0.867404
0.850422
0.914223
0.973534
0.860338
0.93686
0.837685
0.960108
0.941102
1.01315
0.85967
1
0.93377
0.97653
0.847741
0.853587
1.0046
0.869634
0.924615
0.862537
0.937432
0.856312
0.860748
0.956617
0.96125
0.927215
0.896838
0.933189
0.94557
0.846518
1.01187
0.897005
0.973766
0.897215
0.916215
0.876542
0.968644
0.85531
0.930264
0.943957
1.00195
0.888238
0.945027
0.923206
0.951742
1.01112
0.93801
0.943203
0.873772
0.858919
0.902961
0.864671
0.929274
0.905463
0.896628
0.861068
0.849921
0.987793
0.840166
0.983742
1.00043
0.890862
0.870103
0.861447
1.24017
0.912263
0.838953
0.952141
0.847173
0.971612
0.929734
0.997058
0.900391
0.933945
0.975821
0.941984
0.94519
0.88165
0.859503
0.907732
0.947813
0.884924
0.876421
0.908416
0.965262
0.989939
0.84491
0.969606
0.88064
0.864222
0.889638
0.982421
0.928533
0.999811
0.854572
0.881625
0.86339
0.884492
0.866638
0.884045
0.851613
0.863465
1.03414
0.931456
0.909989
0.972253
0.876007
0.887335
0.885972
1.01596
0.973103
0.992992
0.953534
0.857186
0.85251
0.969185
0.853889
0.883492
0.945464
0.870808
0.949208
0.974398
0.944422
0.965555
0.918078
1.00091
0.856118
0.872303
0.878392
0.962817
0.852291
0.892676
0.888951
0.946995
1.00023
0.946641
1.001
0.887624
0.961984
1.0212
0.885983
0.962509
0.931813
0.902379
0.923315
0.963267
0.963824
0.92785
0.878052
0.860072
0.909727
0.974466
0.876183
0.855741
0.85812
0.907476
0.877277
0.891943
0.937621
0.971551
0.869585
0.897105
0.93243
0.869697
0.973851
0.969758
0.838543
0.999266
0.920039
0.900858
0.847187
0.926003
0.886569
0.890091
0.930355
0.884091
0.862578
0.936158
0.927739
1.01772
0.965971
0.961704
0.963359
0.865492
0.875354
0.906462
0.973765
0.970506
0.88602
1.00162
0.999905
0.864242
0.97825
0.881395
0.942756
0.985868
0.931108
0.904502
0.978049
0.873819
0.875438
0.926941
0.863899
1.00021
0.886983
0.870935
1.0362
0.858073
0.876919
0.986068
0.939438
0.95565
0.838431
0.932618
0.941295
0.858374
0.889902
0.85678
0.914096
0.851769
0.95234
0.850992
0.964016
0.873544
0.889663
0.929165
0.986099
0.919651
1.00004
0.848965
0.837088
0.925824
0.839009
0.860967
0.938324
0.857531
0.929257
0.894453
0.977223
0.999354
0.893554
1.06681
0.888431
0.869043
0.872687
0.950388
1.01338
0.863044
0.977808
0.954521
1.00048
0.851526
0.962704
0.920707
0.857576
0.878715
0.857687
1.00997
0.922932
0.847224
0.900755
0.998155
0.911674
0.843889
0.912708
0.857055
0.96504
0.861279
0.861547
0.929425
0.913397
0.87978
0.991131
0.858994
0.921844
0.879083
0.859916
0.941733
0.975946
0.89506
1.03651
0.906258
0.864309
0.931886
0.944973
0.942977
0.882737
0.966375
0.882169
0.991881
0.873961
0.954126
0.874359
0.978882
0.957927
0.88425
0.931204
0.978063
1.00408
0.986214
0.9849
0.860026
0.955191
0.884342
0.945563
0.950032
0.961261
0.859823
0.842522
0.837666
0.910363
0.966344
0.917039
0.861338
0.932575
0.920464
0.980465
0.982651
0.898615
0.85426
0.99946
1.01613
1.00539
0.898934
0.87342
0.976039
1.00002
1.03362
0.930608
0.971768
0.954317
0.856702
0.873999
0.857124
0.877721
1.0114
0.936046
0.994666
0.931431
0.967113
0.955427
0.896298
0.914306
0.960164
0.855865
0.870805
0.846461
0.93023
0.85737
0.899169
0.863634
1.06228
0.837097
0.91871
0.839248
0.933167
0.992118
0.871221
0.946751
0.837089
0.98291
0.88974
0.864847
0.947755
0.840011
0.841943
0.859081
0.984404
0.848218
0.848976
0.998471
0.94994
0.924457
0.902373
0.896134
0.870118
0.847017
0.928267
0.883518
1.01278
0.877809
0.928829
0.908297
0.890564
0.968797
0.917141
0.92689
0.892251
0.884945
0.867524
0.982831
0.930012
0.905186
0.871741
0.970749
0.959148
0.881544
0.936923
0.959738
0.989175
0.969705
0.858096
1.03323
0.947382
0.863124
0.881147
0.853914
0.908694
0.969568
0.929223
0.940412
0.873384
0.907515
0.94568
0.955714
0.968952
0.92783
0.860673
0.845629
0.904552
0.995089
0.901218
0.92497
1.01008
0.93974
1.01624
0.925111
0.875151
0.954995
0.863717
0.949803
0.868119
0.844995
0.973562
0.855604
0.875606
0.954283
0.992481
0.989834
0.871901
0.890188
0.867852
0.987699
0.86059
0.915917
0.9477
0.991767
0.878755
0.881789
0.907612
0.917264
0.954125
0.860021
0.909082
0.968397
0.948423
0.855958
1.01604
0.917741
0.87211
0.854902
0.860182
0.964161
0.918782
0.858358
0.884877
0.852388
0.969841
0.96031
0.978365
0.84356
0.959083
0.85433
0.928226
0.855081
0.859742
0.937239
0.866248
0.914952
0.983919
0.844576
0.958353
0.998734
0.941082
0.83536
0.919388
0.860582
0.922354
1.00566
0.891807
0.945496
0.907253
0.894946
0.970467
0.90662
0.876494
0.966062
0.946223
0.940713
0.845155
0.872743
0.91526
0.835778
0.938897
0.853931
0.959603
0.939848
0.950446
0.854607
0.84523
0.970886
0.876505
0.959668
1.0338
0.911016
0.878039
0.856454
1.02227
0.908965
0.852216
0.956228
0.903772
0.84426
0.867282
0.882084
0.984606
0.972828
0.906262
0.903838
0.841987
0.851372
0.878484
0.86003
0.970673
0.992729
0.860942
1.01924
0.861967
0.994906
0.942828
0.845046
0.952734
0.944197
0.87143
1.01576
0.856106
0.875482
0.927799
0.906374
0.835357
0.990898
0.851514
0.857378
0.97961
0.950975
0.871993
0.940574
0.896381
1.00934
0.86695
0.84171
0.861184
0.994647
1.0067
0.860765
0.942604
0.955938
0.860924
0.989274
0.952411
1.07649
0.947584
0.849228
0.942931
0.844979
0.929465
0.864995
0.951109
0.843463
0.860245
1.13516
0.943937
1.01414
0.951505
0.845769
0.967631
0.892501
0.899504
0.850259
1.02589
0.924041
0.880777
0.918012
0.960783
0.932563
0.921716
0.958898
0.867161
0.845183
0.865477
0.938373
1.02402
0.941001
0.912974
0.903124
1.00401
0.918025
0.917181
0.866122
0.92517
0.985715
0.998674
0.983062
0.850644
1.02759
0.8417
0.971207
0.967263
0.889156
0.882516
0.847389
0.968025
0.959909
0.974178
0.972134
0.976392
0.870101
0.920096
0.951224
1.03139
0.860309
0.900159
1.08355
0.902862
0.921838
0.966909
0.856473
0.91223
0.869715
0.897924
0.967361
0.849741
0.985272
0.87752
0.949356
0.967105
0.855698
0.908753
0.94539
0.992859
0.955967
0.984441
0.859873
0.950978
0.960865
0.978543
0.883095
0.836739
0.847901
0.888273
0.937422
0.931364
0.986368
0.872739
0.853081
0.960274
0.903967
0.842468
0.91343
0.963724
0.882426
0.941555
0.848934
0.851729
0.853709
0.96098
0.95868
1.01773
0.912331
0.921023
0.878034
0.871244
0.915861
0.936181
0.956592
0.975577
0.913527
0.889221
0.889974
0.866915
1.02335
1.01772
0.945842
0.849595
0.964411
0.907502
0.965351
0.96541
0.841044
0.983556
0.887965
0.926647
0.870201
1.03115
0.906859
0.968633
0.848536
0.849622
0.924391
0.916523
0.969266
0.977682
1.03207
0.874342
0.951863
1.02304
0.987616
0.887895
1.03011
0.845122
0.862347
0.872932
0.899346
0.922486
0.856399
0.965628
0.955168
0.898578
0.944362
0.992624
0.976822
0.839958
0.866949
0.912707
0.904504
1.23201
0.921729
0.910801
0.890951
0.88658
1.00142
0.861884
0.843222
0.954037
0.866623
0.988284
0.858688
0.852942
0.986639
0.915037
0.848652
0.862843
0.969267
0.850226
0.866468
0.958577
0.911538
1.02551
0.856527
0.963146
0.973314
0.857526
1.02808
0.992444
0.915149
0.912052
0.858091
0.97063
0.919293
0.939041
0.942495
0.891056
0.839596
0.851493
0.854186
0.878749
0.983941
0.975847
0.910767
0.948371
0.952706
0.958138
0.848041
0.924381
0.923862
0.989123
0.848075
0.993325
0.859678
0.857473
0.901498
0.910432
0.966956
0.951195
0.864604
0.87852
0.995511
0.865223
0.966506
0.839836
0.983237
0.916187
0.913689
0.839198
0.923028
0.951706
0.971997
0.996639
1.01818
0.97919
0.949037
0.930241
1.02235
0.918395
0.852907
0.857028
0.925214
0.996462
0.988196
1.02223
0.868512
0.913888
0.859244
0.939487
0.995478
0.97324
0.994509
0.95473
0.981011
0.89672
0.843706
0.849563
0.902905
0.970436
0.936896
0.915058
0.936694
0.993472
0.848702
0.973957
0.936119
0.847782
0.947049
0.984906
0.960036
0.902351
0.910458
0.855442
0.894222
0.852857
1.00133
0.994573
0.955218
0.877591
0.88323
0.960597
0.927674
0.973266
0.880481
0.963804
0.972103
0.879501
0.91911
0.93454
0.986103
0.905067
1.00316
0.927388
0.919852
0.902437
0.976846
0.856829
0.979239
0.959436
0.986589
0.988518
0.877382
0.876033
0.875079
0.91549
0.971592
0.853796
0.840518
0.854568
0.868918
0.987105
0.969292
0.890122
0.849521
0.975631
0.957324
0.900438
0.987634
1.00996
0.871258
0.850895
1.02797
0.962742
0.899755
0.912236
1.03346
0.94358
0.9574
0.990609
0.88062
0.878351
0.982517
0.969994
0.969407
0.856525
0.977615
0.905444
0.876208
0.951449
0.944245
0.994288
0.964103
0.967636
0.854935
0.975018
0.971736
0.922208
0.996416
1.01802
0.975913
0.906648
0.84939
0.956257
0.839576
0.920369
0.867347
0.999981
0.875922
0.962078
0.840649
0.870435
0.983498
0.920465
0.901583
0.860984
0.961798
0.955749
0.932021
0.867488
0.946351
0.947006
0.942875
0.897432
0.875105
0.951548
0.898281
0.921197
0.946491
0.917015
0.955093
0.997441
0.921931
0.88101
0.850547
0.949454
0.968287
0.948758
0.848093
0.931039
1.14339
0.980065
0.919343
1.13039
1
1.05146
0.858687
0.842898
0.940074
0.933778
0.998218
0.857017
0.872783
0.911061
0.979192
0.881212
1.03657
0.974826
0.952954
0.924954
0.91747
0.97728
1.03596
0.85185
0.925479
0.87078
0.93062
1.024
0.92495
0.906215
0.969822
0.845617
0.872281
1.00458
0.960771
0.847931
0.847488
0.925982
0.868848
0.99986
0.842803
0.903351
0.932603
0.89009
0.986932
0.898646
0.87099
0.922527
0.965543
0.927754
0.986896
0.989527
0.929987
0.918018
0.909862
1.00887
0.958713
0.891622
0.862875
0.874036
0.915122
0.935613
0.923274
0.927126
0.984368
0.977779
0.984315
0.870122
0.845282
0.924266
0.856772
0.900915
0.886566
0.94842
0.911725
0.976844
0.920552
0.871224
0.887269
0.973951
0.931981
0.914496
0.892072
0.986181
1.00013
0.99036
0.933156
0.988286
0.969028
0.910633
0.975455
1.03409
0.875771
0.972399
1.00108
0.847982
0.841634
0.990005
0.84379
0.99673
0.85319
0.85009
1.02249
0.869297
0.89767
0.889797
0.892199
0.920693
0.94047
0.962753
0.93328
0.926574
0.882125
0.977903
0.942849
0.949111
0.898615
0.995909
0.999921
0.991583
0.890739
1.00005
1.13087
0.923596
0.968574
0.932452
1.02821
0.917728
0.998249
0.929744
0.967539
0.902415
0.979461
0.911738
0.968001
0.949822
0.919018
1.00988
0.857909
0.872292
0.868895
0.873002
0.982058
0.999047
0.88349
0.973707
0.93979
0.865325
0.861023
0.973068
0.922471
0.859828
0.885534
0.853079
0.901718
0.867538
0.947094
0.970458
0.874691
0.873127
0.855761
0.970059
0.938126
0.94432
0.957383
0.959063
0.972564
0.924904
0.985985
1.00551
0.959144
0.937678
1.00585
0.987813
0.974335
0.902821
0.971074
0.943162
0.99684
0.866794
0.904702
0.846065
0.97646
0.887081
0.999738
0.8733
1.00427
0.957791
0.927601
0.919908
0.859762
0.98354
0.975746
0.92952
0.880687
0.921839
0.894853
0.928327
0.852626
0.979199
0.866775
0.922574
0.871785
0.884438
0.915231
0.904865
0.855524
0.938478
1.03052
0.921726
0.939349
0.978901
0.924502
0.887564
0.991416
0.861616
0.974682
1.1165
0.86215
0.909672
1.1213
1.00807
0.8984
0.865126
0.921645
1.02164
0.988146
0.939986
0.917486
0.875297
1.01986
0.940588
1.00534
0.979617
0.883734
0.883721
0.91582
0.869514
0.993152
1.0067
0.86855
0.849908
0.992294
0.951899
1.03277
1.04336
0.867018
0.986207
0.982782
0.877789
0.961587
0.927661
0.919597
0.920185
0.924389
0.916165
0.873943
0.873682
1.00455
1.04203
0.999434
0.920442
0.85963
0.965876
1.03851
0.998418
0.839575
0.963362
0.871375
0.920405
0.999937
0.854875
1.03271
0.999251
0.883552
0.902566
0.840675
0.928327
0.929046
0.869636
0.864427
0.888769
1.01537
0.862537
0.87041
0.952319
1.03527
0.986512
0.867281
0.891972
1.0131
1.00385
0.982289
0.876866
0.838181
1.00321
1.01416
0.905926
1.01068
1.00266
1.01182
0.89598
1.00948
0.953373
0.887979
0.872573
0.906614
0.970551
0.967032
0.933249
0.92404
1.00796
1.00207
0.967795
0.909853
0.934271
0.986334
0.932338
1.01379
1.04132
0.925285
0.992096
1.01277
0.889542
1.00208
0.847636
0.916582
0.969558
0.860631
0.918992
0.871115
0.886868
0.989193
0.962601
0.896944
0.910415
0.901158
0.958153
0.990179
0.859466
0.929634
0.992568
1.01342
0.903844
0.864891
0.920264
0.970191
0.896241
0.957554
0.870945
1.00003
1.00006
0.899886
0.939528
0.892088
0.976291
0.929294
0.91139
1.00248
1.01198
0.971996
0.891521
0.981847
0.912526
0.99136
0.929959
0.854973
0.858803
0.872048
0.932444
0.861133
0.933401
0.981807
1.03306
0.990344
0.864495
0.91115
1.01061
1.03419
0.90984
0.965727
0.972649
0.87907
0.934299
1.03054
0.837916
0.874649
0.865764
0.8384
0.949707
1.00295
0.959671
0.842673
0.946014
0.868961
0.983588
0.900394
0.896396
0.999883
0.850436
0.884168
0.898172
0.923548
0.860491
0.999197
0.968533
0.987402
0.842329
0.861356
0.981831
0.839055
0.877045
0.846323
1.00853
0.930824
1.00742
0.862068
0.957224
1.09877
0.990941
0.940002
0.854129
0.904482
0.904747
0.958406
0.85627
0.927332
0.890577
0.999841
0.858726
0.967546
0.954644
0.879232
0.941758
0.954356
0.844505
0.910953
0.93175
0.896702
0.999145
0.864991
0.862615
0.97827
1.00795
0.857857
0.838868
0.90268
0.946586
0.911974
0.94698
0.842839
0.999369
0.862771
0.973036
0.863467
1.01459
0.964326
1.00999
1.03304
0.932087
0.863763
0.856025
0.945633
0.859282
0.868598
0.998769
0.868069
0.930387
0.843249
0.972184
0.875395
0.914106
0.855236
1.01695
0.999422
0.925256
1.00346
0.869115
0.847682
0.860395
0.919362
0.969547
1.01128
1.00336
0.859987
0.884941
0.852813
0.879823
0.858302
0.949563
0.895897
0.85904
1.00094
0.87492
0.896939
0.953236
0.95627
0.855453
0.921284
0.890782
1.25362
0.952872
0.953961
0.896875
0.987037
0.936422
0.935504
0.860998
0.91616
0.956975
0.876912
0.875836
0.9831
1.02989
1.01235
0.993241
0.879029
0.913295
0.882497
1.01278
0.847985
0.838268
0.931138
0.984597
1.05034
0.840469
0.951633
0.885931
1.02641
0.963727
0.879881
0.894029
0.948069
0.983567
0.906146
0.975223
1.00229
0.851185
0.912556
0.840013
0.937491
0.949788
0.888502
0.864791
0.871401
0.994064
0.953357
0.909728
0.910227
1.01748
0.939301
0.872603
0.861167
0.891278
0.924222
0.888305
0.950909
0.868569
0.969831
0.878418
1.01802
1.02872
0.907612
0.87677
0.928248
0.878075
0.969334
0.923236
0.961807
0.852158
0.903167
0.902453
0.886243
0.891105
0.915291
0.929214
0.925418
0.900812
0.996532
0.891801
0.994086
0.897751
0.962294
0.975932
0.861367
0.967732
0.915595
0.936753
0.927789
0.879487
1.01689
0.976862
0.95908
0.992729
0.892315
0.946892
1.02878
0.872761
1.00193
0.914607
0.846463
1.0046
1.09542
0.926483
0.916833
0.941961
0.992249
0.958093
0.931527
0.918928
0.887497
0.883614
0.885959
0.962046
1.07475
0.875877
0.874665
0.955477
0.874088
0.959927
0.879879
0.909299
0.915072
0.95926
0.937698
0.902922
0.954686
0.858553
0.87381
0.883527
0.96482
0.935651
0.923242
0.887937
0.957704
0.916313
0.960739
0.89201
0.935688
0.859609
0.989691
0.958939
0.936053
0.986684
1.03731
1.03106
0.975901
0.977764
0.926935
0.878137
0.968895
0.966449
0.961932
0.964024
0.844799
0.911167
0.942321
0.979882
0.98872
1.01963
0.891831
0.965704
0.95454
0.985023
1.02886
0.895601
0.849937
0.959878
0.847647
0.942496
0.945488
1.03072
0.923054
0.955807
0.941239
0.857473
0.866752
1.01935
0.973321
0.987817
1.12097
0.855272
0.85477
0.9886
0.944272
1.02459
0.852083
0.874221
0.85612
0.944257
0.966291
0.955946
0.877595
0.8911
0.960171
0.853603
0.881221
1.16325
1.05276
0.943917
0.972029
0.922057
0.944159
0.892037
0.884724
0.952339
0.878779
0.844373
0.853487
0.928551
0.876359
0.923832
1.04726
0.86171
0.995051
0.900226
1.06277
0.961321
0.90436
0.92062
0.921239
0.88069
0.897991
0.842773
0.836629
0.855149
0.979011
0.990543
0.932392
0.858933
0.920648
0.940799
1.00047
0.892489
0.903973
0.910296
0.896114
0.858369
0.90101
0.926866
1.02447
0.966317
0.987788
0.981374
0.921545
0.998276
0.906466
0.956398
0.951718
0.926483
0.898642
0.967142
0.88102
0.964622
0.903168
0.841359
0.928125
0.961284
0.962357
0.901768
0.990858
0.946965
0.837797
0.920692
0.971474
0.89691
0.846117
0.912871
0.85484
0.947083
1.02287
0.952425
0.935692
1.02897
0.875582
0.895282
0.942926
0.857968
1.02578
0.952753
0.950612
0.924023
0.91835
0.863901
0.987169
0.919452
0.961871
0.926606
1.03544
0.889694
0.846776
0.881087
0.967357
0.968701
1.00417
1.06323
0.932834
0.911431
0.879013
0.923748
0.874051
1.16817
0.915811
0.849684
0.975454
0.931932
0.928529
0.9042
0.864729
1.00086
0.86242
0.873635
0.98342
0.848353
0.945466
0.854542
0.99612
0.967172
0.919774
0.976622
0.837931
0.968293
0.921742
0.880149
0.996491
1.14898
0.971401
0.98134
0.902239
1.06196
0.967231
0.865351
0.934688
1.00199
0.983821
1.00791
0.93338
0.891213
0.888897
0.982585
0.962984
0.87782
0.943346
0.974409
0.885069
0.927994
1.01006
1.24465
1.03724
1.25913
0.915583
0.945527
0.975901
0.857676
0.958653
1.04403
0.942903
1.02309
0.964854
1.04542
0.972328
0.974565
0.975958
0.919299
1.20095
0.934699
0.9264
0.968332
0.995051
0.843844
0.946754
0.869449
0.984004
0.86743
0.949798
0.849759
0.927392
0.870578
0.976567
0.875316
0.970641
0.84881
0.927359
0.83959
0.874534
0.994911
1.02816
0.990148
0.876694
0.960605
0.861916
1.03467
1.01891
0.957014
0.958996
0.923803
0.99816
0.959932
0.929241
0.965199
0.919395
0.973749
0.916274
1.00506
0.912634
0.959938
0.872611
0.930712
0.889987
1.01167
0.879261
0.929049
0.980131
1.07063
0.957113
0.867094
0.943004
0.890813
0.976876
0.928059
0.860126
0.948305
0.965594
0.838438
0.912379
0.908105
0.954541
0.992156
0.863643
0.889229
0.889869
0.943373
0.964177
0.925651
1.16367
1.00685
0.941758
0.930262
0.999458
0.997999
0.976489
1.00046
0.880817
0.893558
0.986087
0.930977
0.94103
0.981423
0.8566
0.968991
0.873954
0.86895
1.00735
0.97887
0.914675
1.01782
0.999616
0.912496
0.924491
0.876916
0.906895
0.922601
0.856735
0.946349
0.945682
0.97451
1.01927
0.900203
0.998505
0.845859
0.882443
0.890263
0.929692
0.998868
0.940045
0.955429
0.933216
0.895102
1.03173
0.862116
0.955396
1.01795
0.983647
0.83646
0.938786
0.87929
0.959006
0.928811
0.895243
1.01419
0.961092
0.876359
0.9594
0.934953
0.879684
0.851782
0.946057
0.90406
0.919255
0.892484
0.914393
0.969672
0.954404
0.909707
0.846624
0.944578
0.86036
0.957802
0.935677
0.983726
0.999264
0.964422
0.946857
0.879524
0.900437
0.973796
0.979671
0.889013
1.08109
0.856834
0.964324
0.922785
0.930482
0.915791
0.984895
1.03091
1.10513
0.897598
0.975241
0.975897
1.00647
0.845156
0.929725
1.2325
0.906609
0.897258
0.889491
0.97091
0.989325
0.917092
0.962774
0.956313
0.922188
1.00712
1.00885
0.947106
0.845857
0.880229
0.926373
0.983395
0.890518
0.958753
0.921221
1.0474
1.00832
0.915728
0.940916
0.99822
1.02841
0.947611
0.862703
0.994106
0.868247
0.913736
0.846685
0.846199
1.01962
0.943733
0.895462
1.01712
0.926857
0.924979
1.15856
1.0065
0.952601
0.9047
0.9455
0.901732
1.01802
0.983026
0.895985
0.994359
0.926697
0.932525
0.960982
0.921159
0.977462
0.958489
1.0385
0.938017
0.957568
0.86202
0.988457
0.910516
1.0321
0.967401
1.00606
0.978297
1.07541
0.845231
0.900772
0.925815
0.879349
0.929042
0.858937
0.844998
0.918378
0.889823
0.925364
0.925515
0.965716
0.936703
1.19084
0.936227
0.927012
1.03679
0.913857
0.858261
0.882331
0.876178
0.879127
0.993603
0.850492
0.961295
0.885419
0.863069
1.00006
0.85968
0.981423
0.871203
0.957368
0.991147
0.960786
1.02772
0.937923
0.963457
1.05754
0.95366
0.964146
0.985467
0.897566
0.966558
0.901185
1.01298
0.888502
1.03273
0.842129
0.98102
0.963773
0.955966
0.910136
0.928964
0.924467
0.925354
0.948874
1.00677
1.2555
1.23679
1.01116
1.02396
0.924824
1.09287
0.966061
0.90315
0.928618
1.07403
1.04526
1.22898
0.910449
1.00275
0.935194
0.953661
0.979836
0.869363
1.00925
1.0383
0.934882
0.912176
0.998811
1.19457
0.993815
0.850725
1.0057
1.03669
1.03065
0.90923
0.938707
1.02626
1.04303
0.868392
0.877524
0.9598
0.961088
0.896845
0.883037
0.933039
0.904328
0.902728
1.26313
0.926803
0.911459
0.985444
0.980251
0.979557
0.96592
0.909504
0.96504
1.00981
0.880801
0.863154
1.01855
0.853478
0.896672
0.980898
0.961917
0.880804
0.960747
0.922249
0.897739
1.00748
0.951341
0.959398
0.901751
0.930124
1.04286
0.929077
1.02012
1.0425
0.984168
0.997271
0.957081
0.888415
1.05114
0.942088
0.985874
1.00175
0.987796
0.850881
0.9257
0.850662
1.01352
0.929825
1.02587
0.929306
1.0294
1.05088
0.907436
1.04667
0.887754
0.962813
0.869599
0.999142
0.957666
0.96236
1.04052
0.978729
1.0499
1.01355
0.963709
0.878312
0.860084
1.04488
0.968078
0.947332
0.859208
1.0327
0.98109
0.906606
0.980132
0.858898
1.02028
0.996008
0.862539
0.977277
0.914818
0.941498
0.980564
0.961396
0.922954
0.913266
1.10484
0.866932
0.851968
0.932396
0.88394
0.952719
0.992139
0.874571
1.0483
0.939475
1.02403
0.973216
0.973143
0.866553
1.05957
0.875866
0.999713
1.02791
0.960462
0.870592
0.942001
0.953711
0.928195
0.966714
0.8513
0.875071
0.863695
0.983709
1.0618
0.942376
0.990522
0.986781
1.01709
0.972411
1.11124
0.882096
1.04012
0.888413
0.967077
1.22316
0.855599
0.978563
0.894077
1.03658
0.902284
0.931893
1.04373
1.03257
1.08112
0.99508
0.989479
0.855065
1.08145
0.903996
1.23894
0.939284
0.975345
1.03647
0.979924
0.95379
0.9717
0.871203
1.05204
0.983632
1.01439
0.89253
1.06373
1.06558
0.911632
1.17386
0.90771
1.00089
1.17104
0.868794
1.09261
1.19032
0.900846
0.988578
0.967234
1.00337
1.00932
0.930466
1.00784
0.958152
0.883598
0.971607
1.01137
1.03192
0.99431
0.978648
1.00711
1.06305
1.03639
1.02904
1.21597
1.02553
1.00495
0.960852
0.906107
1
0.999875
0.999951
0.999897
1
1.00354
0.99956
0.998845
0.998843
1
1
0.999794
1.00017
1
1
1
1.00027
0.998325
0.99835
0.998973
1.00824
1.00176
0.998665
1.00031
0.998595
0.992495
0.993142
0.991399
0.999259
1.00065
0.999718
1.00893
0.998191
1.0004
0.992678
0.996329
0.996356
1.00774
0.993932
1.01051
0.891953
0.993385
1.00185
0.999058
0.943314
0.957895
1.0029
1.00528
1.00579
0.891305
0.950236
0.939229
0.985433
0.918446
0.930303
0.948923
0.994188
1.01757
0.9373
0.95607
0.894543
1.00553
0.991413
0.898846
1.01013
1.01944
1.02301
0.898755
0.952344
0.892866
0.976063
0.923297
0.960641
1.014
0.859858
0.860546
0.972501
0.978938
0.962016
0.915826
0.987986
1.01772
0.999135
0.8792
0.98416
0.849679
0.864617
0.979898
0.90937
0.947996
0.879895
0.880475
0.977052
1.02441
0.95733
0.940069
1.01978
0.94855
0.898849
0.938796
0.903786
1.02425
0.855462
0.987358
0.910648
0.927372
0.971757
0.97921
0.921606
0.857324
0.99116
0.933539
0.987824
1.03599
1.02329
0.930786
1.00242
0.900958
0.901751
0.962113
0.862026
1.0073
0.975349
0.946551
0.912354
0.955887
0.934433
0.927425
0.859754
0.925826
0.966041
1.03562
1.0413
0.839536
1.0027
1.00775
0.976456
1.12169
0.933227
0.960438
0.849265
1.01731
0.918925
1.02835
0.842511
0.843684
0.922548
0.923098
1.00995
0.925082
1.002
1.02209
1.01568
0.881518
1.03664
0.979479
1.00158
0.99699
1.00018
0.848735
0.924135
0.930441
1.03222
1.00249
0.979105
0.910724
0.913334
1.00737
1.17389
1.18331
1.14024
1.13028
1.23954
1.06649
0.922376
0.929426
0.906286
0.9776
0.933176
1.21628
1.00635
0.954549
0.971741
0.851517
0.846391
0.907524
1.01918
0.987157
0.924306
1.06229
0.914627
1.22139
0.888787
1.06401
0.84569
0.965196
0.901485
0.886604
0.929221
0.928509
1.03936
0.950706
1.09324
0.903336
0.902855
0.878209
0.943066
0.943804
0.856654
1.04865
0.886259
0.961705
0.891783
0.971866
1.02853
1.00647
0.966649
0.861032
0.952531
1.02976
1.0412
1.03933
1.03181
1.01428
1.01576
1.02071
1.0223
0.88522
0.971303
0.883466
1.00682
0.964368
0.932866
0.878166
0.870315
0.844649
0.886669
0.868215
SCALARS pressure double 1
LOOKUP_TABLE default
1.09268
0.861225
0.867165
1.00004
0.927701
0.955102
0.902305
0.99803
1.02933
0.936606
0.815912
0.978866
1.01196
0.988431
0.845838
1.0474
0.976948
1.23049
0.96151
0.864668
0.960478
1
0.99111
1.00001
0.901366
0.879967
1.05839
0.998249
0.999672
0.818769
1.00018
0.904218
0.917824
0.841688
0.929839
0.976546
0.910834
0.883452
0.976762
0.86205
0.991825
1.00124
0.825341
0.845382
1.03241
0.980717
1.02196
0.985393
0.971701
0.80872
0.999696
0.877666
0.954624
0.814759
0.879573
0.883026
0.990945
0.97755
1.00148
0.961262
0.830443
0.870117
0.999852
0.880358
0.981247
0.838769
0.992103
0.883637
1.10151
0.999771
0.914568
0.955776
1.01832
1.02384
0.975379
0.827123
1.00062
1.05761
0.998029
0.930223
0.887817
1.00434
0.973978
0.921556
1.0223
0.999214
0.968998
0.975582
1
1
0.967021
0.933775
1.06565
0.862679
0.823663
1.00224
0.81497
0.900409
0.996813
0.845342
0.969852
0.874107
0.883113
0.827163
0.923232
0.848398
1.11428
0.831448
0.896562
1.02455
1
1.00138
1.0341
0.997859
0.794407
1.00006
0.839625
0.981114
0.875047
1.00016
1.00035
0.849195
0.940939
1.0012
0.836514
1.04504
0.834849
1.06311
0.87097
0.816722
0.893988
0.81157
0.957508
1.02633
0.977808
0.915108
0.940096
0.999969
1.00082
1.18126
1.05187
0.997617
0.926819
0.910708
0.99969
0.931509
1.02771
0.887651
1.00317
0.963927
0.920259
0.87613
0.92357
1.01751
1.00035
1.00118
0.848282
0.914617
0.98581
1.03653
0.995065
0.849202
1.01845
1.32418
1.01587
0.828345
1.03527
0.819094
0.981855
1.00593
0.999021
1.00269
1.00005
0.808038
1.03868
1.03537
1.06349
0.982251
1.00043
1.09524
0.841938
1.20127
0.855485
0.876757
1.07054
0.979703
0.98921
0.838715
0.853683
0.997383
1.01761
0.990698
1.02303
0.860402
1.01769
1.10602
0.981163
0.973772
1.08661
0.919007
1.05546
0.909393
1.08041
0.997659
0.918049
0.984322
1.00674
0.903737
1.02165
0.878256
0.819674
1
1.09498
0.87049
0.91451
1.03681
0.925035
0.950261
0.945262
0.893483
1.01762
1.34365
0.95021
1.0076
0.823544
0.836633
0.834378
1.01581
0.909558
0.906002
0.849642
0.884395
0.941924
0.900091
1.00396
1
0.92068
1
1.00135
1.01429
0.988738
1.00692
0.939751
0.808615
1.00066
1.00243
0.889723
0.99991
0.894649
0.989375
1.02792
0.865214
1.00654
0.94937
0.937825
0.956826
1.00074
0.927454
1.00395
1.014
1.00855
0.817073
1.06409
0.833242
0.98691
0.999434
0.952996
1.04358
0.898909
0.966635
0.92855
0.986246
0.969875
0.999587
0.861252
1.33091
0.963424
0.916988
1.05803
1.05231
0.884399
0.88495
0.979248
0.855311
0.951453
0.917606
0.997052
0.997667
1.00088
1
0.990408
0.911013
0.893586
1.0065
0.912537
1.05207
0.862212
1.01748
0.94267
0.867352
0.951512
0.857325
1.05626
1.10622
1.04055
1.04365
0.984113
1.08631
0.914868
0.960955
0.979959
0.814539
0.89846
0.844418
0.999457
0.995038
1.00338
0.963786
0.98226
0.915155
1.00001
0.848482
0.970893
1.00091
0.882023
1.02879
0.945465
0.98206
0.903137
1.00195
0.984356
0.998055
1
0.999213
1.03867
0.90044
1.38712
0.944769
0.995887
0.825762
1.00133
1.01093
1.00002
1.001
1
0.836836
1.01298
0.999381
0.926791
0.913439
1.04663
1.01496
0.814017
0.885801
0.92409
0.801674
1.00737
1.38585
1.02271
0.830033
1
1.0074
0.999365
0.998969
0.993238
1.01401
0.894336
0.972586
1.00798
1
0.992002
1
1.0091
0.968027
1.00733
0.999441
0.971647
0.988604
0.974509
0.956139
0.917875
1.00024
1.06084
0.827839
0.948787
0.870658
1.00516
1.00321
0.965829
0.831808
0.966961
0.943256
0.887525
0.999773
0.890688
0.921247
0.844714
0.897297
0.890032
0.864932
0.960376
1.04429
0.879745
1.00065
0.940457
0.820019
0.979781
1.02653
0.895239
1.01561
1.01982
0.931142
1.01597
0.999688
1.0596
0.996634
1.00235
0.848081
1.0296
1
0.928478
1.00798
0.970776
0.963341
0.99958
0.935435
0.811203
1
0.999736
0.904909
0.848531
0.999577
0.962273
0.99924
0.997523
0.939372
0.826002
0.972307
1.0126
0.911913
0.870816
1.00615
0.948405
0.992555
1.05416
1.00179
0.942263
1.0253
0.8973
1.01417
1.00118
0.853209
0.988985
0.990155
0.949884
0.991567
0.998403
1.00436
0.847834
1.02223
1.01414
1.31832
1.00009
1.05265
1.00825
1.01422
0.970658
0.950061
1.00695
0.865865
1.07001
0.907002
1.03058
1.23095
1.00025
1
0.861233
1.01529
0.934688
0.822838
0.892782
0.919781
0.814969
1.02339
1.03565
0.999619
0.992351
0.852066
0.968719
1.00709
1.00591
1.00362
0.923059
0.880112
0.81028
0.868084
1.05367
0.997646
0.846926
1.00898
1.10425
1
0.853205
0.953011
0.930279
0.88431
0.857577
1.04177
0.894478
1.04897
1.00138
0.964807
0.805199
1.00878
0.920402
0.876999
0.807454
0.922739
0.99999
0.865099
0.999415
1.10409
1.00062
0.892482
0.882061
1.00009
0.991808
0.939065
0.906584
0.964207
0.939137
1.00013
1.00001
0.833773
0.867042
0.974585
0.908026
0.961155
0.859149
0.922994
1.01146
0.818267
0.812671
0.948868
0.844978
1.17222
1.00217
0.961884
1.00002
1.01499
1.00361
1.07197
0.940571
0.977668
0.936057
0.818768
1.00656
1.0001
1.14296
0.998896
1.00244
1
1.07413
1.16715
0.882047
0.872335
0.814812
0.938785
0.997524
0.990174
0.982669
0.841117
1.03663
1.00184
0.940065
0.997149
0.826128
0.91986
0.929144
0.833354
1.13862
1.03298
1
0.932825
0.964657
1.0548
0.895342
0.992957
0.922674
1.01741
0.820572
0.945226
1.23115
1.01264
1.00008
0.99171
0.937149
0.926048
1.03255
0.81968
0.826555
0.975988
0.918575
0.821637
1.09771
0.944675
1.20402
0.848417
1
0.982126
0.928871
0.930007
0.82074
1.00374
0.982958
0.916172
0.903186
0.813329
0.815823
0.951364
1.01847
1.00704
0.987789
0.897969
0.995319
1
0.811607
1.07418
0.86209
1.17759
0.931483
0.969304
1.01488
0.994836
0.959801
1.05714
0.832537
0.897394
1.03451
1
0.955311
0.947636
0.907726
1.00003
1.00083
0.938067
0.938921
1
1.19318
1.09238
1.00028
1.00072
0.884348
1.05577
0.971048
0.901842
1.03558
1.00694
0.966487
0.891102
0.932757
1.01114
0.999973
0.983389
0.838072
1.01369
1.05851
0.993702
0.905145
0.870496
0.935462
1.00044
0.902861
0.887263
0.907887
1.17037
1.00576
0.99594
0.98959
0.954907
0.999525
1.00203
0.970951
0.801042
1.02129
1.00015
0.960537
0.848549
0.9724
0.835152
1.00915
1.00712
0.95423
1
0.909082
1.0707
1
0.970989
0.989986
1.03019
0.833966
0.902463
1.01291
0.977771
0.974471
0.979031
1.07939
0.996993
1
0.927888
1.00153
0.978129
0.889663
0.969072
1.04821
0.883731
0.861681
0.848025
0.935064
0.942007
0.880325
0.983754
0.95833
0.938746
0.988144
0.99983
0.84696
0.971813
1.03202
1.0173
1.06832
1.03339
0.911467
1
1.00041
0.923375
1.04052
1
0.953202
1.07278
0.801708
1.01216
0.966517
0.892682
0.903461
1.0014
0.998212
0.948085
0.880017
0.908841
0.920607
0.870878
0.999983
1.02386
1
0.835323
0.965448
0.866686
0.969405
0.938615
0.927104
1.00043
1.00093
0.880614
0.832516
0.973426
0.806897
0.923154
0.989975
0.934032
1
1
0.849438
0.850554
0.997849
0.875397
0.864932
0.924389
1.10555
0.940982
0.955868
0.892836
0.892796
1.09801
1.0582
0.83514
0.994197
1.00095
1.01084
1.00215
1.01836
0.90458
1.05129
0.821919
0.870393
1.02506
0.90623
0.934617
0.820299
1.05075
0.993012
1.03444
0.985021
0.94715
1.00479
0.857507
0.854497
0.968501
1.21162
0.911907
0.95007
0.957923
0.897071
0.992662
0.842177
0.861305
1.00015
0.831088
1.01323
0.955433
1.0057
1
0.822126
0.969479
0.8709
0.908984
0.918028
0.915127
0.930584
0.954884
0.977869
1.12043
0.906964
0.965521
0.997347
1.23207
0.879833
0.979085
0.999254
1.08876
0.945838
0.99547
1.22737
1.00255
1.00077
0.846539
0.861057
1.00009
1.00092
0.906211
0.996112
0.88866
0.918105
1.00249
1.0611
1
1.00256
0.809545
0.968711
0.870882
1.00055
0.949344
1.02983
0.908644
1.00005
0.840556
1.01787
0.839331
1.00014
0.916673
0.930912
1.00642
1.34234
0.827809
0.999798
0.997622
0.935391
0.985618
0.977994
0.825275
1.0002
0.968326
1.00566
1.00819
1.00095
0.964326
0.920034
0.976061
0.808343
1.06361
0.997632
0.999618
0.976981
1.215
0.842589
1.00221
0.902433
0.826849
0.914876
1
0.975521
0.94206
1.06264
1
0.980777
1.02012
0.997735
0.969823
0.829004
0.836617
1.00426
0.991556
1.00301
0.99994
1.30621
1.07024
0.954782
0.999894
1.19241
1.16223
0.849394
0.881312
0.990749
1.01503
0.937907
1.00981
1.07816
1.13442
0.945741
1.02674
1.0072
0.873398
1.01168
0.973621
0.974722
1.21488
1.00012
0.93969
1.0193
0.918839
0.994515
0.99128
0.954052
0.852997
0.841913
0.878906
0.917951
0.867071
0.928369
0.886087
0.995498
1.06678
1.00545
0.873864
0.895858
1.00006
0.856287
0.954622
1.05185
0.859677
0.867754
0.948979
0.925139
1.00006
1.02412
0.999758
1.00002
0.998535
1.10178
1.03614
1.15355
0.867706
0.880609
1.00096
0.959661
0.899423
1.04486
0.865642
1
0.923765
0.998355
0.88636
1.05379
1.00372
0.898456
1
1.14014
1.02997
1.04808
1.00254
0.92587
0.87667
1.00012
0.849988
1.03151
1.09531
1.05527
0.983288
1.01
0.96624
0.981151
0.929884
0.812421
1.06149
0.95886
0.871331
1.02091
0.912885
0.993174
0.995929
0.96188
0.999442
1.00001
1.02387
0.975157
1.08011
1.01184
1
0.970042
0.995653
0.836725
0.849937
0.948359
0.860298
0.886038
0.917075
1.00306
0.941725
1.13295
0.97393
0.960734
1.00763
0.816273
0.910878
1.01993
1.03729
0.935186
0.853199
1.04573
1.0461
0.999346
1.02845
0.814802
0.843864
1.00155
0.99223
0.894339
0.990793
0.937757
0.998928
1.01524
0.838413
1.00046
0.912355
0.795483
0.999574
0.824787
0.918969
0.985261
1.00016
0.999746
1.01078
0.992919
0.988841
0.945741
1.0311
1.01943
1.05932
0.954596
1.05027
0.938654
0.989686
0.999484
0.999852
0.990882
0.994479
0.857502
0.829545
1.00438
0.990935
0.946263
1.08439
0.925535
0.854061
0.999723
0.83414
1.02263
0.976849
0.917168
1.03392
0.824036
0.843282
0.918751
1.00683
0.962961
0.935736
0.874399
0.99998
0.988198
1.00034
0.8983
0.973235
0.970709
0.994571
1.0059
1.00629
1.00239
0.92407
0.955073
0.956469
0.828613
0.867789
0.901618
1.0244
0.99838
1.02488
0.97571
0.950773
0.894823
0.945812
0.894548
0.994078
0.877114
0.93653
1.04192
0.979746
0.874103
1.00022
0.853372
0.855749
0.963563
0.846064
0.993361
0.955229
0.958905
0.900779
1.0058
0.993629
1.00124
1.00015
0.990686
1.03906
1.06638
1.02391
0.911187
0.996955
0.958354
0.977766
0.82836
1.30334
0.808719
1.03774
0.856934
1.00505
0.96798
0.885264
0.806635
0.999996
0.984905
1.00454
1.00066
0.919721
1.00254
0.935861
0.896514
0.835494
1.00237
0.83366
1.00102
0.885817
0.840316
1.14235
1.00398
0.970941
0.938333
1.133
0.943913
0.993043
0.999507
1.26474
1.00319
0.878259
0.939558
1.01417
1.00354
1.00991
0.949327
0.880092
1.0282
1.04236
0.938374
0.970157
0.890018
0.933969
0.938544
0.9983
0.96367
1.03436
0.991158
1.00706
0.922966
1.03473
1.00018
1.04884
1.00056
0.863225
0.990828
0.899897
0.952866
0.836994
1.03924
1.02436
1.00145
0.910191
0.900917
0.900662
0.820933
0.916869
0.95374
0.81598
1.13541
0.903056
0.999067
1.00949
1.0011
0.844298
0.969135
0.888674
0.909523
1.01251
0.975253
0.986857
1.0647
0.93515
0.977736
1.00016
0.934687
0.862649
0.846201
1.00036
0.860448
0.836225
0.874616
0.857485
1.00286
1.02619
0.999859
1
1.01377
0.922545
0.965999
0.99726
1.04348
0.999899
0.993039
0.826095
0.821037
1.01828
0.944414
0.852539
1.07714
0.909031
1.00134
0.980012
1.00264
0.954042
1.03646
0.814871
1.00712
0.835387
0.982248
1.0013
0.884076
0.914422
1.0068
1.04143
1.08349
0.986313
1.0001
1.00289
1
0.864294
1
1
1.02144
1.00005
1.06217
0.998981
1.00808
1.02274
1.00158
1.01361
0.930423
1.00712
1.00484
1.01023
1.0001
1.00882
1.00035
0.860965
1.00425
0.968497
1.03284
0.865161
0.906477
0.989514
0.912871
0.976554
1.01625
0.876384
0.906911
1.00801
1.00657
1.0942
1.02261
1.03622
1.2547
0.886049
0.878167
0.895501
0.947566
0.934761
1.00796
0.998522
1.0003
1.02051
0.947461
1.00109
0.84893
0.871126
1.0742
0.975519
0.918896
1.30133
1.04191
0.989762
0.894082
0.968797
0.924997
0.931935
0.883731
0.855044
1.00341
1.02482
1.00007
1.00023
1.05289
0.899557
0.84627
1.01996
0.852366
1.00615
0.935422
0.994089
0.901766
0.823306
1.43348
0.939004
1.00754
1.07195
0.904452
1.12273
0.999209
1.06631
0.942156
1
1.00838
0.835285
1.00003
1.06846
1.03716
1.07075
0.945009
0.853772
1.00068
0.836015
0.877811
0.841327
0.963751
0.894688
1.06669
1.04036
1.0525
0.9314
1.04556
0.992936
1.02727
0.997136
0.854165
1.01572
0.885988
0.90603
1
0.94113
0.891108
1.00103
1.00046
1.08239
0.9913
0.964691
0.912337
0.860709
0.990101
0.98277
0.916253
1.00253
1.00048
0.8857
1
0.994902
1.25724
0.986557
0.998277
1.00231
1.00748
1.00686
1.00305
1.08792
0.829536
0.93582
1.02544
1.04258
0.994884
1.01437
0.856502
1.25617
1.02215
1.06639
1.0132
1.00108
0.95203
1.01016
0.878822
1.03019
1.00195
1.00678
1.0003
1.00084
0.997941
0.957012
1.00638
1.02209
1.01019
0.963673
1.03113
0.824941
0.937593
0.998652
0.961612
0.923165
0.880686
0.838191
0.855829
1.01249
0.98489
0.86864
0.926622
1.00002
0.824366
0.820538
1.00392
0.977629
0.957459
0.811949
1.00896
1.01116
0.848402
0.835375
1.01016
0.991553
0.846541
1.29615
0.959589
0.913753
1.01293
0.965481
1.00065
1.01848
1.0029
1.03325
1.10539
1.00021
1.03074
0.879337
0.900587
0.951716
0.996308
1
0.997197
0.994751
1.00412
0.982994
1.13894
0.848417
0.924408
1.0001
0.8191
0.988711
0.826787
0.996278
0.90197
1.00255
0.980943
0.869149
0.972505
1.00008
1.02671
0.970782
1
0.950197
0.868202
0.870735
1.00267
1.01096
0.907842
1.00055
0.983496
1.00658
0.978704
1.01405
0.945471
0.999033
1.03543
0.995829
0.9288
0.879008
0.852185
0.999511
0.925632
0.964914
1
1.00022
1.0003
1.002
1.05723
1
1.04423
0.881447
0.995861
0.999774
1.07259
0.814376
1.02514
0.913506
1.00719
1.00504
0.987185
0.837938
1.15455
0.864118
0.873456
0.978326
0.998825
0.830957
1.00425
1.16878
1.0156
0.99976
0.809881
1.00221
0.893555
0.93397
0.885121
0.998598
0.818198
1.00524
0.993908
0.866385
0.851488
0.809218
1
1.0119
0.942657
0.935873
0.86537
0.972884
0.932171
1.03665
1.00001
1.04086
0.822752
0.942255
0.977359
1.00044
0.990878
1.00557
1.01396
0.80522
1.00121
1.09791
0.858317
0.939085
0.999753
0.849431
0.999702
0.950303
0.981135
0.830858
1
0.814949
0.991594
0.951797
0.913787
0.84202
1.05198
1.00968
0.996192
0.965254
1.01128
1
0.950101
0.925782
0.817872
0.822981
0.823703
1.06441
0.998214
0.992232
1.04085
1.00104
1.01395
1.08401
0.897106
0.845818
0.867395
0.999777
0.992313
1.17597
0.875926
1.00332
0.918854
0.988071
0.880558
0.995077
1.00177
0.913302
0.889418
1.01074
0.869334
1.05261
1.00103
0.834623
0.860698
1
1.0018
1.00044
1.09385
1.0291
0.827527
0.998814
0.98249
0.858374
0.930952
0.884528
1.0011
0.992205
0.824716
0.951948
0.969436
0.971428
1.0169
0.972527
0.881767
0.833425
1.04408
1.02522
0.987539
0.921492
0.953872
0.830135
1.00937
0.993957
0.858094
0.941116
0.887254
1.07297
1.13617
0.909576
0.890142
1.06913
1.00868
0.936961
0.916494
1
0.951188
0.903696
1.11822
1.01969
0.837152
0.863727
0.897622
0.819905
0.998077
1.08693
1.00004
1.03044
0.962297
0.826061
0.995923
0.938728
0.996937
0.861404
1
1.01364
0.825321
0.92412
0.977145
0.929351
1.04301
1.00713
0.935801
1.06021
0.996881
1.01863
0.980029
0.802628
0.931201
0.854695
0.985935
1.01385
1.00464
0.968929
0.820975
1.00603
0.931704
0.932779
1.20891
1.00927
0.843344
1.02003
0.974089
1.06108
0.903207
1.00654
0.952427
1.01996
1.00711
0.936929
0.907873
1.00057
0.797628
1
0.967414
1.02113
0.999216
1.0147
0.900541
1.04779
0.924878
1.05419
1.00018
0.905712
1.0409
0.975975
0.888993
0.999325
1.0045
0.999407
0.829564
1.01222
1.03574
0.922484
1.01304
1.07676
1.00019
0.835767
1.16797
0.987782
0.92226
1.02891
0.921617
1.00022
0.902561
0.941282
0.949054
1.00469
0.868259
1.02352
0.893144
0.812615
1.0194
1.00554
0.999796
1.03547
0.925854
0.928696
0.93319
1.00043
0.959237
0.857628
0.98056
0.989757
1.08612
0.981956
0.843713
1.00177
0.818637
1.02709
1.02703
1.02501
1.0016
0.950247
1.01296
1.01297
1.0037
0.944957
1.12578
0.99351
1.01146
0.901373
1.00022
1.06797
1.0448
1.04796
1.02289
0.991264
0.813289
0.941399
0.931018
0.829098
0.954725
1.04628
1.0004
0.916103
1.03748
0.83538
1.01605
1.01974
0.971975
0.897532
0.996545
1.00017
0.944214
0.93394
0.871714
1.00292
0.79933
0.973789
1.00693
0.855431
0.958471
1.00374
1.09424
0.998557
1.00541
0.983123
1.00348
0.949898
0.976585
1.13543
0.97311
0.961098
0.906083
0.980167
0.861703
1.00058
0.989618
0.911935
0.909279
1.2418
0.991353
1.14969
0.821404
0.816588
0.867481
1.00564
1.09804
0.990407
0.97776
1.04016
0.848781
0.851912
1.00775
0.934831
1.00005
0.91389
0.850653
0.977209
0.975558
0.963659
0.82424
0.993417
0.822581
0.843497
1.02796
0.811195
0.847438
1.18486
0.909257
0.999434
0.944332
0.825533
0.984334
1.1408
0.974888
0.881636
1.0003
1.00017
1.01869
0.872763
0.840589
0.952561
1.00035
0.947978
0.88493
0.958825
0.86653
1.00995
0.904549
0.958777
0.999035
0.953366
0.89891
0.88355
0.976181
1.00451
0.936428
0.879416
0.962222
0.989138
1.04426
1.01391
1.00499
0.997065
1
0.842728
0.852155
0.837625
0.990354
0.815775
0.960059
0.939132
0.938973
1.06928
0.93297
1.00077
0.811134
1.02817
1.02281
0.867835
0.961597
1.01723
0.990204
0.84667
0.823342
0.98394
0.86482
1.04291
0.818407
0.988575
0.864257
1
0.957114
1.02484
0.886502
1.01685
0.919155
0.804635
1.00307
1.00052
0.913511
0.848452
1.00978
1.01598
0.959665
1.00355
1.00015
0.898407
0.910617
1.02535
0.970263
1.01262
0.899171
1.01341
1.01723
0.911373
0.90441
0.995452
0.999595
0.914618
1.05778
1.02738
1.01477
0.872476
0.925631
0.863359
1.00298
0.99056
1.00675
1
0.874524
0.998728
1.01008
0.813512
1.00038
0.968263
0.982084
1.0006
1.00683
1.00877
1.02846
0.890407
0.979916
1.03985
0.893275
1.05967
0.999941
1.00003
1
0.999945
1.00017
0.843538
1.0067
0.872076
0.876157
0.910461
0.939807
0.995989
0.951224
0.902695
0.986527
0.999712
0.940369
1.00433
1.00009
0.996334
0.920988
1.07524
1.07864
0.93367
1.03216
1.01338
1.00791
1.01663
0.852467
0.928301
1.0003
1.00057
0.841582
0.871242
0.829246
1.01932
1.00826
0.879523
0.935469
0.987617
0.948425
1.02188
0.954901
1.01394
0.973054
0.829232
0.922261
0.811199
0.998646
0.810565
0.883093
0.979229
0.973958
0.823282
1.00115
0.969433
0.933356
1.06206
1.00589
0.858143
0.808166
0.816746
0.954481
1.002
0.887158
1.01114
0.957203
0.965846
1.00408
0.915144
0.810052
0.999963
1.02434
1.00108
1.00003
0.972223
0.889236
1.00024
0.950432
0.875641
0.92923
0.805939
1.00139
0.996738
0.824213
1.00661
0.857042
0.859443
0.925795
1.00157
1.00545
0.927207
0.985375
0.946682
1.03186
0.902623
0.969215
1.012
0.945795
0.921359
0.999025
0.842312
1.00904
0.913414
1.00015
1.00015
0.938902
0.999228
0.807474
0.880354
1
1.00001
0.832985
0.902518
0.9997
0.968278
0.812093
1
0.967621
1.00006
0.963539
0.860724
0.846297
1.02541
0.997503
1.00437
0.997846
1.01876
1.00771
0.866604
0.997064
1
0.994862
0.820063
0.887396
0.859528
1.01856
0.991824
1.01149
1.11163
1.00001
1.00979
0.817948
0.890917
0.901213
0.95018
0.882839
1.00831
1.07983
0.830335
0.941644
0.963319
1.00028
1.01941
0.829908
0.882977
0.992731
1.01327
0.944056
1.00377
0.979852
1.00797
0.844692
0.855725
0.87801
1.01756
0.994242
0.968123
0.961924
1.00023
1.05143
1.00022
0.991037
0.984578
0.850321
1.00074
1.01883
0.837778
1.00091
0.920198
0.870171
0.876759
1.00602
1.03636
0.848853
1.003
0.818255
0.962256
0.809076
1.04981
0.961966
0.912923
0.948861
0.95438
1.06181
0.997821
0.825747
0.897463
0.999946
1.00037
1.04105
1.0191
1.00167
1.04291
0.999175
1.01052
0.872574
0.995328
1.10277
0.999592
0.879433
0.838618
0.999011
1.00652
0.92324
0.918142
0.917621
1.01149
0.883081
0.92682
0.817337
0.930559
1.00475
0.915763
0.867893
0.978011
1.15639
1.03924
0.815182
0.853174
0.962039
0.968366
1.008
0.799272
0.972935
1.00551
0.999926
0.850164
1.00006
1.09538
0.955015
0.913528
0.914631
0.976545
1
0.931339
1.01111
0.824097
1
1.00601
0.935469
0.993436
1.0109
0.988671
0.923005
0.873602
0.87885
0.863586
0.829267
0.893309
1.00686
0.876975
0.983477
1.01135
0.984302
0.935335
0.998007
0.885151
0.941594
1.0133
0.833087
0.92258
1.00032
0.846454
1.03504
1.00035
0.871679
0.930664
0.826459
0.993555
0.844333
1.00571
0.869004
0.99747
0.840721
1.01003
0.981528
0.937509
1.03162
1.01381
0.948309
0.843423
1.01091
1.05247
0.923507
1.00977
1.00013
1.00812
0.929679
0.840726
1.01212
0.955658
0.819917
1
0.80713
1.13097
0.958145
1
0.953413
0.862279
0.882706
1.05866
1
0.944132
1.00003
0.809487
1.10312
0.922045
0.95676
0.896385
1.00063
0.794892
1.01213
1
0.998172
0.940641
1.01255
0.980936
0.980656
0.848645
1.18408
0.999581
1.14298
0.956884
0.903529
0.923595
1.0108
0.903279
0.922158
1.00276
1.06817
0.93377
0.89586
0.904481
0.89613
0.981628
1.02394
0.946085
0.92089
1.01304
0.983564
1.00746
1.0044
1.10734
0.813666
0.988616
0.897644
0.922042
0.937024
1.01218
1.01719
0.839313
0.945023
1.15792
1.01025
0.956552
1.02313
0.980881
0.999925
0.812305
1.00021
0.858295
0.996439
1.08049
0.925377
1.05187
1.00016
0.845403
0.838498
1.00379
0.899634
0.995335
1.3262
0.915589
1.01431
1.00158
0.99686
0.933018
1.04846
1.00002
1.08328
1.29532
1.0665
1.00059
0.831428
1
0.853925
1.00279
0.960403
1.00013
1.00201
0.929945
0.999134
0.808485
0.8092
0.957909
1.0502
0.935293
0.934377
0.816916
0.811762
0.975435
0.808006
0.792919
0.983602
0.838666
0.806644
0.927051
0.903755
0.845324
0.917129
0.935769
0.909212
0.926731
0.989006
1.0206
0.816025
0.899742
0.845085
0.808545
0.993115
0.999196
0.89616
0.88404
0.936708
1.00294
1
0.827366
0.9739
1.00262
1.01121
0.95119
0.810282
0.947414
1.00933
0.93774
0.94123
0.953157
1.00759
0.823907
0.994132
0.995936
0.886182
1.00945
0.998861
0.956566
0.90874
0.8796
0.986536
0.854906
0.942559
0.951516
0.999245
0.990283
0.841229
0.944137
0.805085
0.817096
1.24321
1.01781
0.999745
0.940242
1.00001
0.853362
1.02135
0.889773
0.843771
0.949646
1.00531
1.04339
0.982389
0.941251
0.957034
0.825414
0.831931
1.00378
0.897741
0.890686
1.00981
0.901593
0.979393
1.17897
1.03888
1.00005
1.01688
1.01596
0.989828
1.02787
1.01174
0.952259
0.933402
1.00063
1.00984
1.00887
0.827382
0.959614
0.869734
0.983664
0.823371
1.15015
0.955855
1.07021
0.845726
1.00704
0.917529
0.916922
0.939786
0.847369
0.884984
1.13994
1.00583
0.942386
0.936478
0.999781
1.03451
1.28204
0.911176
0.977874
0.85552
1.12011
0.814159
0.827429
0.883788
0.896435
0.848975
0.991034
1.00278
1.05798
1.11762
0.975303
0.904743
0.842667
0.928589
1.00845
0.995413
1.08741
0.932109
0.956177
0.831281
1.0179
0.922294
0.884544
1.12789
1.00021
0.940262
0.920391
1
0.99973
0.82835
0.920959
1.00011
1.01642
0.892873
0.804807
0.965149
0.818217
1.00137
0.981356
0.934047
0.924684
0.853158
0.968938
0.928081
1.00205
0.986836
1.00011
1.02684
0.810053
0.922661
0.89452
0.999286
0.937129
0.982636
0.89142
1.04904
0.846816
0.920218
0.854648
1.04218
0.968994
0.999904
0.924205
1
0.999872
0.989253
0.998664
0.855924
0.969194
0.961955
0.982379
0.845264
1.00786
1.0127
1
0.991689
0.881699
0.85374
1.00009
0.860222
0.891228
0.965852
0.922006
0.938431
0.926155
0.934919
0.97785
0.871634
0.947734
0.831002
1.05701
1.0203
0.956208
1.00023
0.974498
0.921772
0.864317
0.922928
0.998951
1.01026
1.00059
0.940353
0.938638
0.973313
0.854757
0.995924
0.801402
0.823389
0.887347
0.931067
0.908226
1.0055
1.15587
1.03364
0.859552
1.10455
1
0.956766
1.05738
0.960602
1.04765
1.01658
1.00411
0.85155
0.933064
0.999696
1.00287
0.878586
1.01252
1.00224
0.853422
0.9391
0.98514
1.02568
1.00741
1
0.991137
1.02018
1.01355
0.99335
1.00016
1.00686
1.00148
1.00227
1.01117
0.834544
0.95081
1.00437
0.959963
0.913833
1.00304
1.00037
0.997048
1.00448
0.979047
0.855249
0.941062
0.856477
0.882187
0.813845
1.02905
0.99087
0.839231
0.845689
1.05375
0.836564
0.907149
0.890543
0.996604
0.998726
1.02245
0.877255
1.00218
0.821559
0.834522
0.969455
1.00398
0.861016
1.05263
0.999662
1.00545
1.05619
0.931828
0.862598
0.971229
0.877841
0.91115
1.00001
1.00471
0.916101
1.0006
1
0.875926
0.992513
1.00315
0.945515
0.845741
0.813993
1.00318
0.868229
0.956319
0.928316
1.00469
1.00181
0.900759
1.0033
0.943226
1.00961
0.826268
0.836702
0.992086
0.875492
0.999144
1.00005
0.832016
0.954547
0.864649
1.0023
1.00464
1.00015
0.8926
1.04723
0.890958
1.00981
0.990691
0.890974
0.883683
0.928419
1.00321
0.898487
0.990807
0.875334
1
0.999711
0.885062
0.862457
1.03714
0.924173
1.01585
0.953817
0.860254
0.936493
1.00046
0.941536
0.889431
0.840765
1.00451
0.993508
1.01528
0.818778
0.887076
1.00452
1.02546
0.968642
1.02412
0.882475
1.09345
1.01365
1.13061
0.914042
0.995838
0.942254
0.814699
0.883615
0.985587
0.910293
0.908632
1.00001
1.00121
0.989906
0.982455
1.0085
0.937195
1.02029
0.989488
1.09518
0.897453
1.04437
0.971172
0.965105
0.931395
0.994347
0.906787
1.00021
0.902004
0.947209
0.997377
0.834021
0.905922
0.980053
0.947688
1.06691
0.812917
1.00803
1.00073
1.00017
0.994683
1.01273
0.99746
0.981613
1.0106
1.08759
1.01405
1.04593
0.993956
1.01114
0.924132
1.00281
1.02214
0.994776
0.850012
0.951545
1.00519
0.996797
0.876453
0.873527
0.978659
0.972015
1.00002
0.995665
0.945279
1.08114
1.00264
0.852991
0.8111
0.890015
0.894001
0.992884
0.965602
1.01789
0.943437
0.85851
0.869324
0.977146
1
0.988138
0.980903
0.921875
0.995871
1.04123
1.11427
0.903938
1.00501
0.940106
1.00806
1.00006
1.00108
0.999943
0.990836
1.00001
0.998434
0.966248
1.01391
0.949717
0.822328
0.999751
0.891529
0.93994
0.980188
0.833602
0.830366
0.992267
0.989673
0.988515
0.8442
0.895895
0.995004
0.884982
0.999501
1.01575
0.944913
0.890758
0.932357
0.828082
0.807026
0.795857
1.01718
1.0001
0.996327
0.868499
0.91246
0.903365
0.955081
1.00058
0.923277
0.974451
0.999709
0.867695
0.847964
1
0.87543
1.00089
0.932394
0.88423
1.05346
0.997963
0.901478
0.939278
1.01571
0.917528
1.01584
1.00023
0.996546
0.992728
0.989421
1
1.0596
1.00051
1.00087
1.04508
0.933764
1.00213
0.833121
1.00147
0.808864
0.890036
0.929564
0.935716
1.00001
0.984096
0.981893
0.920111
0.997322
1.07912
0.92749
0.905552
1.0623
0.996419
1.01197
0.846663
0.990793
0.999506
1.06422
0.885767
0.970241
0.999805
0.922981
0.986983
1.00213
1.01292
0.923526
0.93304
1.00681
0.998083
1.01074
1.03013
1.00044
0.984931
0.997281
0.998607
0.968362
1.00198
0.910028
0.91531
1.00172
0.9949
0.999079
0.930739
1.00493
1.00377
0.8204
0.980216
0.939941
0.91593
0.902168
0.951227
1.00701
1.00596
0.906721
0.989726
0.956148
1.08613
0.964667
0.925232
0.93416
0.99527
1.01102
0.968831
0.978801
0.88853
0.959363
0.919782
0.996902
0.870005
0.839074
0.845801
1.00106
0.999254
0.816425
0.830445
0.999669
1.00629
0.925456
1
1.00015
0.992281
1.0001
0.823074
1.00001
1.04829
0.998174
1.40713
1.0049
1.00942
0.93052
0.954961
0.810099
1.0355
0.991122
0.906853
0.892743
0.998752
0.864766
0.848772
0.796278
0.966172
0.99712
0.810141
0.98572
0.891135
0.980186
1.0045
0.997583
0.913711
0.910794
0.998918
1.00233
1.01256
0.991351
0.982549
1.07985
1.00338
0.8702
0.876132
1.03098
1
0.990801
1.00017
0.998713
0.987363
0.854077
0.933121
1.00004
1.02166
1.04543
1.00031
1.36745
0.909136
0.940146
0.953582
0.990177
0.991476
0.865513
1.00801
0.993418
0.896497
1.00001
1.0588
0.882136
0.876609
0.98635
0.828203
0.991675
0.923316
0.885315
0.989537
0.823867
1.00343
1.03476
1.00127
0.887379
0.926755
0.86902
1.03096
1.00351
1.06254
1.03141
0.827416
0.999569
0.984034
1.00144
1.00204
0.88602
1.01835
0.863695
0.992117
1.01555
0.991851
0.967872
0.91611
1.00671
0.993707
1.00705
1.02443
0.990206
0.916907
0.910074
1.02379
0.999511
0.943603
1.01216
1.04029
0.832489
0.914688
0.997977
1.04813
0.862471
0.919543
0.862168
0.845938
1.01434
1.00024
1.00224
1.00007
0.953163
1.01204
0.807008
1.00124
0.810552
1.16041
1.00016
0.911721
0.883221
1.00753
0.891667
0.907393
1.03732
0.862802
0.985682
0.987625
0.851464
1
0.868113
0.985801
0.991238
0.971172
0.860927
0.971298
1.04908
0.818513
0.996265
0.981243
1.00299
0.992413
1.00966
0.81768
0.864204
1.01602
0.999644
0.952338
1.02761
0.832219
1.00651
0.829899
0.811421
0.990749
0.935228
0.930981
0.998157
0.987461
0.991201
1.00302
0.997169
0.994646
1.07081
1.00122
0.81706
0.92401
0.989919
0.999206
0.999706
0.879894
0.949342
1.00973
0.954605
0.825622
1.05953
0.99987
0.875631
0.918835
0.930882
0.996261
1.02853
0.87948
1.00183
0.937046
0.987012
0.987514
0.893386
1
1.0347
0.81365
0.969397
0.967046
0.901128
1.00001
0.875465
1.03021
1.00031
0.993539
1.00097
1.07855
0.992619
0.861814
1
0.884795
0.848932
0.994503
0.999911
0.999743
1.02915
0.851346
1.00001
1.05825
0.879362
0.870051
0.976728
0.955054
1.0001
0.840234
0.84152
0.9688
0.856829
0.934027
0.806525
1.00982
0.998238
0.983612
0.846878
0.839425
1.0024
1.01815
1.00526
0.999195
0.827877
0.988973
0.919892
1.00994
0.932286
1.01457
0.807402
0.995754
0.859308
0.856086
1
1.04296
0.872998
0.990798
0.947915
0.840122
1
1.00037
0.850395
0.848343
0.938153
0.895943
1.04885
0.996083
0.999301
0.991624
0.929381
1.05182
1.00002
0.9969
0.984787
0.996642
0.9975
0.806002
0.925723
0.989299
0.882487
1.00465
1.00407
0.823386
0.979725
0.989385
0.894488
0.999617
0.874542
1.0143
0.882161
1.00123
0.866039
0.822994
0.857126
1.0392
0.997237
0.946023
1.0346
0.826835
0.975689
1.00909
0.997126
0.996836
1.01394
0.955633
0.870995
1.00456
1
0.959429
0.887873
0.999928
1.10786
0.990878
1.00003
1
0.98695
1.0098
1.00092
1.00039
0.82922
0.933647
0.801963
0.831927
1.1201
0.884598
0.965369
1.04815
0.844407
0.961146
0.96207
0.99419
0.945284
0.984062
0.984342
0.991514
0.99743
0.908688
0.992493
1.01272
0.999733
0.819679
0.99982
0.976794
0.948647
1.00127
0.994494
1.00002
0.831963
1.00602
1.0003
0.979606
0.984763
0.879079
0.929936
0.957041
0.94935
0.999801
0.813675
1.00001
0.891688
0.79784
1.0213
0.961374
1.0044
1
1.07471
0.902107
0.859547
0.999475
0.935364
1.00012
1.00068
1.00022
1.00023
0.961233
0.999804
1
0.990909
1.00024
0.994099
0.930367
1.00399
0.843304
0.89469
0.935701
0.987309
1.00089
1.0003
0.978951
0.978056
1.00026
0.850802
1.00904
0.992713
1.22871
0.961543
1
1.00058
0.885768
0.998122
1.10885
0.998499
0.927747
1.0038
0.933456
0.994902
0.991522
1
0.805162
0.865999
1.00013
0.99966
0.914858
0.991834
0.885939
0.998726
1.0001
1.01095
1.0036
0.813906
0.851091
0.847651
1
1.02396
0.836584
0.948223
0.955254
1.02677
0.99242
1.00004
0.899692
1.00758
0.981487
0.858257
1.00032
1.01836
1.01668
1.01019
1.00808
1.00858
0.998815
1
0.999835
1.07356
1
1.00936
1.00179
1.00133
0.919119
0.918616
0.994601
0.949793
0.993023
0.990752
0.822557
0.913739
0.863505
0.959338
0.986086
0.848399
1.00004
1.06857
1.0003
0.8558
1.01224
1.01133
0.994733
0.99864
0.997975
0.931898
0.996795
0.905883
0.899343
0.880525
1
0.981494
0.99964
0.921677
0.995382
0.979437
0.918678
1.10769
0.903156
0.897107
1.00304
0.989369
0.909626
0.927951
1.00054
0.998666
0.958462
1.00105
0.879783
1.04661
1.02614
0.960846
0.932489
1.00003
0.843527
0.896579
0.978077
1.00009
0.999914
0.929138
1
0.910944
0.809431
0.929526
0.986745
1.04779
0.961982
0.888814
0.947376
1.00042
0.916519
1
0.969543
0.920008
1.00377
0.928323
0.910895
0.845424
1.04785
0.829807
0.976091
0.997347
0.895088
1.03287
0.998034
0.944008
0.961679
1.04222
1.00477
0.901584
0.992638
0.895556
0.941208
1.00335
1.00982
0.999287
0.907574
0.966447
0.957878
1.0009
0.999804
0.809986
0.89856
0.912345
1.00001
0.880951
1.00362
1.00019
0.999769
1.001
0.965253
1
1.05331
1.00078
1.0002
0.890309
1
0.889357
0.979859
0.886574
0.825059
0.896958
0.830335
0.829369
1.00888
1.00522
0.905059
0.994733
1.00048
0.999937
0.938041
0.831064
0.879605
1.1276
1.00051
0.974653
0.986295
0.944389
0.818831
0.8758
0.810456
1.06843
0.809616
0.998562
0.924027
1.00012
1.0118
0.996524
0.998036
0.932151
0.886041
0.864889
0.965667
0.990769
1.0109
0.97148
0.9763
1.00997
1.01347
1.00303
0.849652
1.00493
0.914366
0.870041
0.990009
0.928844
0.999569
1.00011
1
1.12673
0.982217
0.999049
0.986679
1.00086
0.971342
0.934779
0.999222
0.894371
0.996189
1.00694
1.07666
0.990398
1.00156
1
0.827179
0.958151
0.817187
0.987336
0.858857
1.00021
0.999887
0.879016
0.899394
1.02309
0.989154
0.877223
0.860165
0.794867
0.999572
0.83592
1.00363
1.0243
0.952384
0.827935
1.01197
0.994459
1.00008
1.02631
0.994203
1.03362
1.00028
0.994898
1
0.848043
0.977444
1.01401
0.911305
0.986915
0.941266
1.00907
0.964152
0.984711
0.993981
1.00232
0.996141
0.938934
0.805788
0.891316
1.0305
0.974168
0.995984
0.946162
0.939211
0.97636
0.999791
1.03121
0.860431
1.06545
1.01586
1.0023
0.910523
0.947598
0.99156
1.0283
0.887801
1.00369
0.984084
0.996155
1.00004
1.00008
0.849635
1.00063
0.94609
1.01274
1.00849
0.954311
0.997907
1.10524
0.865836
0.925175
0.999947
1.00001
0.810312
0.887073
1.21826
1.00011
1.01353
0.93696
0.889629
0.851405
0.812339
0.999652
0.891641
1.00989
1.06852
1.01068
0.983429
0.825059
1
0.966008
1.01073
0.827807
0.86386
0.894797
0.813454
1.00011
1.01415
0.964042
0.978761
0.827402
0.932028
0.851547
0.971891
1.00733
0.94621
0.828181
1.01007
0.993703
1.00186
1.14552
0.99561
0.826088
1.01229
1.00034
0.890488
0.809365
0.95978
0.898377
0.884426
1.01411
1.00007
0.984714
0.935189
0.988822
1.06378
1
0.922973
1.0006
1.00172
0.887635
0.916567
1
1.00066
1.00855
0.802409
1.15643
0.997776
0.919851
1.00005
0.999678
0.919512
0.853825
0.860927
0.821967
1.13945
1.00814
0.896649
1.01007
0.942202
1.00018
0.886756
0.814353
1.0006
1
0.996301
1
0.87957
0.841782
0.886875
1.00831
0.887954
1.00163
1.01278
1.0423
0.902657
0.946698
1.00371
1.00055
1.00962
0.840035
0.960676
0.923627
0.995851
1.01132
0.842678
1.04537
1
1.01639
1.00033
0.947192
0.996856
0.999542
0.999587
0.872454
0.989754
0.994732
0.994962
0.869193
0.932786
1.00015
1.00633
0.884012
1.00111
0.990482
0.848165
0.803319
0.980451
1.08485
1.00344
0.808277
0.999045
0.966163
0.960972
1.00123
0.996268
1.00145
0.812725
0.887559
0.793134
1.00792
1.0005
1.00154
0.812931
1.0054
0.933853
0.982344
0.819551
0.844934
1.05584
0.862096
1
0.930804
0.959022
1
0.831703
0.862397
0.98827
0.942633
1
0.795189
1.00045
1.08743
1.00005
1.0001
1
0.999727
0.979666
0.959167
1.00899
1.03102
0.999729
0.943137
0.892339
0.996723
0.985404
1.0139
0.826504
0.915305
0.927846
0.982517
0.94121
0.881965
0.986666
0.988837
0.974756
0.992666
0.996877
0.908935
1
0.873821
0.848582
0.999708
1
0.818513
1.00028
0.960057
0.964159
0.961195
1
1.01003
0.980952
1.00024
0.989462
1.02403
0.998445
0.998852
0.848304
0.898238
0.999409
0.999613
1.00026
1.00149
1
0.944937
0.884525
1.00124
0.811151
0.858747
1.00081
0.851277
0.993897
1.00588
0.998318
1
0.990867
0.924582
1.00374
0.870427
0.961774
0.853575
0.996114
0.899267
1.0245
1.00827
0.999641
0.879946
0.986745
0.999605
0.91765
1.00606
1.03411
0.831224
0.884706
0.975067
1.01123
0.932416
0.937212
0.938034
0.922432
0.891148
1.00011
0.972829
1.1556
1
1.04446
0.891574
1
0.979814
0.947652
0.973916
0.903717
0.9482
0.999713
0.961612
1.00362
0.995525
0.992204
0.811512
0.845934
0.851296
0.993054
1.02069
0.908781
0.819781
1.00762
1.00941
0.816809
0.989923
0.829923
0.863911
1.00568
0.92095
0.942254
1.01722
1.01283
0.995689
0.957099
0.998803
0.884811
1.00008
0.841686
0.958852
1
0.997847
1.00016
1.00161
1.00228
0.864004
0.890273
0.997231
0.999621
0.820824
0.850658
0.96317
0.93105
0.983436
0.844074
1.0035
0.99953
0.968947
1.0052
1.00829
1.00102
1.04561
0.934802
0.859974
0.952401
0.857706
0.878182
0.881731
0.912866
1.00498
0.925971
1.08174
0.857681
1.00006
0.987697
0.828395
0.999984
0.877025
0.951071
0.85886
0.883767
1
0.812719
1
0.938489
1.0306
0.994409
0.995565
0.940263
0.923974
0.982363
1
0.869099
1.01032
0.999083
0.881101
0.999768
0.893708
0.995291
1.06946
0.853007
0.994795
0.9944
1
0.832707
0.968451
1.00064
0.944189
1.04036
0.937408
0.958741
1.00557
0.887393
0.99956
0.914329
0.994376
1.00117
0.842558
1
0.96699
0.988696
0.993554
1.00092
0.869633
0.907179
0.93289
1.0002
0.98411
0.992988
1.03284
0.934328
1.00229
1
0.822157
0.981917
0.918562
0.945268
0.999753
0.907331
1
1.00704
0.988698
1.00495
0.82799
0.935683
1
0.836675
1.01909
0.974431
0.999405
0.882347
1
1
1.00323
0.934624
1.02147
0.965564
0.826885
0.935518
1
0.940821
0.921215
1.00955
1.0004
0.832191
0.840233
0.863045
0.992228
0.991659
1.00026
1
0.872821
0.827156
1.00769
0.989596
1.0291
1.07715
0.92919
0.999877
0.992214
1.0002
0.863762
1.00022
0.935427
0.818985
0.99961
1
1.06114
0.875712
1.29817
1.0144
0.953
0.856897
0.80362
1.00764
0.926201
0.81643
0.848295
1.00811
0.849857
0.831526
0.922536
0.910469
0.999721
1.001
0.997844
1.01023
0.982482
0.999244
0.979975
0.882134
0.917414
1.00001
0.987265
0.992746
0.885934
1
1.00004
0.905064
1.00021
0.916482
1.00153
0.836262
0.999117
1.00698
1.00014
1.00008
0.935545
0.820752
0.862192
0.864738
0.832554
0.82746
0.843986
0.988623
1.06363
0.823242
1.0031
0.838398
0.819868
0.841168
0.802196
0.869964
0.80975
1.01629
1.00945
0.996243
0.899185
1
0.877226
0.977983
0.920942
0.893618
1
0.88257
0.98943
1.00629
0.996192
1
1.00314
0.909468
0.93683
0.991185
0.807993
0.920338
1.00032
1.0069
0.879548
0.939587
0.828139
0.840347
0.996492
1
0.943072
0.914597
0.877566
1.01478
0.840385
1.00139
1.00011
0.80736
1.00105
0.987862
1.00269
1.12541
0.85068
0.896456
0.838617
0.889268
0.948393
1.00851
0.8517
1.19239
0.999916
1.05893
0.917992
1.00557
0.83494
1
0.968801
0.861612
1.01192
1.00955
0.994348
0.981682
0.987055
1.00237
1.0098
0.999537
0.813427
0.870972
0.830904
0.99953
0.999898
0.968814
1
1.00021
1.00083
1
0.875466
0.808533
0.820768
0.999538
1.00697
1.0059
0.999121
1.03666
1
1.05807
1.01466
1.00002
0.989463
1.00024
1
0.82397
1.00029
1
1.0002
1.00056
0.999969
1.00033
1.00007
0.999885
1
1
0.999736
0.955075
0.855349
0.995611
1.01438
0.993944
0.933074
1.02761
0.906313
1.02559
0.860066
1.01217
1.00521
1
1
1.00759
0.999643
0.998945
0.930788
0.960566
0.945629
0.970594
1
1.0005
0.98623
1.00019
1.00023
0.871666
1.00095
1.0034
1.00046
0.86498
1.0004
1.00956
0.795981
1
0.999587
0.990858
1.0002
1.00145
0.853162
0.999881
0.905017
0.837877
1.00008
0.835476
0.933476
0.998896
1.0007
0.957777
1
0.925914
0.902891
0.81282
0.945469
1.02818
0.816429
0.887918
1.03984
1.00028
0.929264
0.98279
1.00012
0.828271
1.08059
1.00726
0.820656
0.83056
0.910942
1.00042
0.946038
1
0.821859
1.00009
1.22199
1.00032
1
1.00013
0.999953
0.958244
0.821174
1
0.999616
1
0.818858
1
1.00015
1.00277
1.01471
1
1.0123
0.905501
0.883872
1.00043
1.00063
0.998869
0.898255
0.999477
0.819138
0.936818
0.938294
1.17893
0.954479
0.99953
0.933832
0.805302
1.00334
0.969633
1.00018
0.984456
1.00353
1.00411
1.01824
1
0.956043
1.00128
0.966043
0.967579
0.978673
1.01503
0.97167
1.00185
0.952817
1.00572
1.00379
1.01876
0.99554
1.00001
0.923531
0.998529
0.967221
0.965261
0.988588
0.934024
0.952491
1.01422
0.832805
0.981619
1.00016
0.968793
0.972289
0.82308
1.00009
1.00077
0.999603
1.00873
1.01603
0.820893
0.987999
1.00047
1.05593
0.997167
1
0.908422
0.819155
0.911841
1.01986
1.00223
1.01171
0.893531
1.00052
1.00242
0.802773
0.911499
0.914908
1
1.00002
1
1.00138
0.917799
1.0058
0.999784
0.969196
1
1
0.924762
0.999512
1.02888
0.936315
0.882226
0.803964
0.999675
0.891928
1.00397
1.00301
0.922204
0.957929
0.966109
1.00543
0.977763
0.991455
0.994608
1
0.99835
0.845913
0.811331
1.10834
0.999708
0.995568
0.999521
0.997773
1.01771
0.819871
0.824074
1.06156
0.99956
0.802682
0.991672
1
0.902685
1.00991
0.99386
0.881278
1.00024
1.00704
0.865557
0.90498
0.801012
1.01927
0.931611
1.01026
1
1.02307
1.00998
1.03859
0.8613
1.00439
0.995119
1.00029
0.933378
0.894649
0.945377
1.00189
0.999737
1.00128
1
1.00977
1.00286
0.832275
0.999863
0.834188
0.949125
1.0225
1.36733
1.00134
1
1.00136
1
1.00398
1.00062
0.947535
1
0.999513
0.882792
1
1.09406
0.996857
1.00116
1.00025
0.891994
0.997706
0.957031
1
1.00142
0.99981
1.02606
1.0137
1.01148
1
0.99293
1.00017
0.862796
0.999732
0.96796
1
1.02178
1.05841
0.999942
1
0.810256
0.798686
1.00008
0.996321
0.90592
0.893735
0.996343
1
1
0.999479
0.803978
0.855311
0.909387
0.996024
0.800613
0.82348
1.0022
0.999767
0.999865
0.960515
0.816839
1.00159
1
0.894247
1.00423
1
0.852038
0.999506
0.922526
0.830009
0.95253
1.00019
0.799782
0.793171
1.19083
1
0.999592
0.929343
0.916541
0.89581
0.916631
1.00025
1.00001
0.833688
0.988472
1.00063
0.824079
0.90982
0.954637
1.00646
0.893382
1.00684
0.99969
0.91854
1
0.999636
0.927721
0.809545
0.944684
0.946724
1.01268
0.976366
1.00008
1
0.999562
1
0.814376
1.03285
1.00022
0.818152
1.0011
0.854276
0.813147
1
1.00031
1.06481
0.812934
0.974493
0.977975
1.00544
0.887368
0.925743
0.901229
0.841468
0.999587
1.00225
0.805563
0.803017
0.919354
0.99962
0.875409
0.805575
1.01142
0.896599
1.00517
1.00057
1
1.00333
0.939772
0.863181
0.803663
0.806177
0.946136
1.02515
1.00008
0.893194
1
0.999561
0.802828
0.992554
0.999703
1
0.80511
1.00002
1
1.0001
0.950233
0.997708
1
1
0.983826
1
1.00001
1.00317
0.908203
0.809228
0.999645
0.797858
0.87828
1
0.853469
1
1.01191
0.837996
0.911275
0.946376
0.814831
0.999466
1.00717
0.858432
0.999686
1.00442
0.812142
0.957664
0.833575
0.927908
0.968296
0.90113
0.845395
1.00007
1
0.955282
0.999637
0.878393
1
0.988586
0.857837
0.850759
1.01336
1.06353
1
0.844871
0.82859
0.891409
0.879198
1.0004
0.819211
0.829782
0.877804
0.804888
0.942194
0.88888
0.997523
0.844754
0.999976
0.811029
1.00058
1
0.828133
0.86312
0.999615
0.999937
0.966264
0.828405
0.870639
0.876004
0.899398
1.00091
0.849439
0.907272
0.806049
0.887277
0.877991
0.905271
0.936853
0.81486
0.993691
0.99884
0.828392
0.894938
0.838408
0.890835
0.999747
0.999888
0.879857
0.808161
1.00023
1.049
1.01118
1.0023
0.912591
1
0.800664
0.926061
0.814545
0.918933
0.963728
0.851887
1.00077
1.00776
0.999619
0.802194
0.802872
1
0.841895
1
0.988024
0.903399
0.856851
0.864026
0.993558
0.858942
0.994062
0.821667
0.910343
0.99983
0.862317
0.980894
0.994532
0.927934
0.917087
1.00206
0.844733
0.832176
0.803016
0.999851
1
0.960479
0.915632
1
0.958227
0.902905
0.883664
1
1
0.806862
0.890119
0.968853
0.958266
0.89468
0.86907
1.02261
0.812626
0.999584
0.934457
1.00929
0.952813
0.856761
1.01422
0.990663
0.866407
0.882457
0.862542
1.00185
0.819856
0.946732
0.945407
0.858548
0.849513
0.999396
0.861359
0.991245
0.80812
0.92157
0.962702
0.99828
0.943566
0.892322
1.00001
1
1
1
0.840074
0.870816
0.865395
1
0.859968
0.877768
0.887761
0.999569
0.895664
0.854435
0.859585
0.848728
1.04421
0.906916
1.00162
1.03326
1
1.03125
0.934146
1.17792
0.813077
1.01265
0.891347
0.821296
0.964491
0.895185
0.999612
0.940126
0.873001
0.999616
0.993591
0.850469
0.985415
0.932669
0.937634
0.999894
0.935901
0.994235
0.946438
0.809215
1.00531
0.926996
0.987985
0.9003
1
0.909809
0.80762
0.83945
0.944558
0.99986
1.00428
0.8614
0.893163
1.02848
1.04594
0.805084
0.832356
0.807658
1.02074
0.870718
1
0.888787
0.864314
1
0.805559
0.989242
1.0001
0.901491
0.837411
1
0.999873
1.00063
0.96906
1
1.00145
0.999856
1
0.959686
1.00009
0.993843
1.00112
0.999632
0.830994
1.04109
1.00032
0.930458
1
0.824812
0.932924
1
0.80123
0.810778
0.877562
1.01121
0.889355
0.849388
0.876079
0.937471
0.848593
0.995826
0.999747
0.99313
1.00019
0.869715
1.00007
0.818789
0.99902
1
0.82834
0.994486
0.933531
0.854837
0.840002
0.851887
0.999591
0.996233
0.993252
0.990667
0.962162
1
0.889045
0.820281
0.800891
0.999509
0.823784
0.839804
0.850226
0.999791
0.986883
0.973645
0.802972
0.802697
0.802134
1
0.964062
0.996106
0.99964
1.06067
0.846252
0.956529
0.996736
0.80405
0.969556
0.965981
0.951079
1.01191
0.96402
1.00002
1.00211
0.999695
0.803101
0.858805
0.795586
0.863146
0.864165
0.805211
0.97618
0.808648
0.962233
1.00191
1
1.04129
0.973091
0.919228
0.902886
0.811838
0.999567
0.913322
0.806318
0.825035
1.00065
1
0.815626
1
0.935892
0.95418
1.05688
0.797754
0.929199
0.982714
1.01129
0.988538
0.999547
0.933396
0.924935
1
0.938109
0.873522
0.988546
1
0.807131
0.954913
1
0.934219
1.00283
1.00719
0.96225
0.800713
1.00195
1.06614
1
0.828317
0.958674
0.869496
0.789036
1.00012
0.999693
1.03774
0.999609
0.908702
0.886016
0.821725
1
0.933094
0.88271
0.879971
0.999433
0.898293
0.972652
0.830717
1.00959
1
0.950288
1
0.907506
0.818653
1.00589
0.927671
0.996995
1.00529
0.807957
0.812016
1.00732
0.84593
0.999329
1.00214
1
1
0.99987
0.81283
0.824061
0.982761
0.817126
1
1.00347
0.966794
0.9141
1
1
1.00019
0.999758
0.828886
0.962385
0.850881
0.801767
0.99951
0.992713
0.964429
0.806724
1
1
0.822707
0.816313
0.874644
1
0.999526
0.811458
0.928644
0.836086
1.0002
0.863115
0.874968
0.875791
0.974658
0.792966
0.999788
0.92459
1
0.8173
1.0001
0.809292
1.00733
0.815529
1.00012
0.871176
0.832649
0.960247
0.967823
0.903611
0.964597
0.841575
1
1
0.85503
1.02469
1
1.01379
0.885392
1.01471
0.996745
0.852846
0.947505
0.830362
0.828882
0.959944
0.922398
0.85475
1.00658
0.922097
0.900225
0.991167
0.910806
0.802022
0.999313
0.855268
0.875739
1
0.845129
1
0.898278
1.0012
1.03837
1.03582
0.926494
1.00005
0.864615
0.996882
0.830391
0.999316
0.817012
0.857871
0.999953
0.919086
0.800373
0.914223
0.886907
0.863427
0.898703
1
0.999594
0.947646
0.87809
0.793344
0.998289
0.850157
0.999763
0.804236
0.867254
0.871653
0.868488
1.00248
0.999515
1.00001
0.993743
1
0.921893
0.816332
0.947892
0.796795
1
0.948628
0.888536
0.945722
0.991684
0.999996
0.991213
0.850708
0.895072
0.98908
1.01031
0.999556
0.857877
1
1
0.927007
1.03664
0.821126
0.999621
0.991059
0.943306
0.960227
0.940163
0.957039
1.00001
0.920317
0.99957
1
0.974721
0.957203
0.999584
0.84931
1
0.833598
0.951484
1
0.973184
0.82053
0.99967
0.8897
0.987649
1.03138
1
1.01567
0.877646
0.977528
1
0.907617
0.958398
0.969838
1.0022
0.961063
1
1.00281
1
0.802376
0.941669
0.908767
0.999837
0.865826
0.805918
1.00276
1
0.981364
0.99957
1.01958
0.985609
0.953053
0.84258
0.949366
0.906091
0.95067
0.946206
0.815891
0.807984
1
0.949363
0.917332
0.852874
0.926747
0.944238
0.935024
1.0612
0.957717
0.92284
0.823957
1
0.999661
1.00608
1
0.8254
0.851173
1.00018
0.92638
1.00531
0.999588
0.987801
0.855161
0.810253
0.81854
1.00677
0.99913
0.898011
0.895192
0.982084
0.877077
0.953891
0.983321
0.999533
0.969832
0.968252
1.0034
0.999548
1.00021
0.992449
0.963066
1.02475
0.808681
0.806425
0.811498
0.959319
0.84684
0.995058
1
1
0.864223
1.00552
0.854527
0.925453
0.830634
1
1
0.999523
0.857851
0.999647
1
0.994231
0.830227
0.999579
0.797675
0.999636
1
0.999549
0.813406
0.843911
0.803292
1
1.00531
0.99391
0.891625
1.32621
0.809418
0.999708
0.873714
0.808408
1
0.810875
0.934674
1
0.999927
0.999799
0.902383
1
0.853029
0.999554
1
0.952625
0.831486
1.00005
0.999505
1.01341
0.81461
0.97129
1
0.796177
0.999675
1
0.880512
0.863157
1
0.908278
0.847101
0.874892
1
0.867271
1.04525
0.856953
1.00028
0.872315
1
0.885985
0.937743
0.943322
1
0.969029
1.07504
0.922435
1.0591
0.86443
1
0.999633
1
0.985195
1
0.869541
0.99774
0.948214
0.999723
0.805065
1
1
0.895498
0.862499
0.996206
0.888643
0.906966
0.7954
1
0.879662
1
0.999784
0.999531
0.895526
0.958093
0.999743
1.00016
0.999669
1
0.999581
0.852519
0.983002
0.808017
0.822756
0.938902
0.999545
0.999848
0.920353
0.865787
1.00041
0.999765
0.881049
0.91996
0.811832
0.818582
0.795655
0.935111
0.999642
1.05484
0.999541
1.00053
0.829387
0.984853
0.871423
0.818135
0.967814
0.89425
0.809366
0.943369
0.9999
0.940328
0.999613
1.00041
1.00006
0.860573
0.999561
0.962897
1.00672
0.84314
0.930697
0.836712
1.00046
0.841046
0.9313
1
0.945761
0.998913
0.830062
0.938066
1
0.830904
0.851257
0.999798
0.897068
0.986921
0.964426
0.999807
0.859039
1.00164
0.950894
0.979759
1.02993
0.995199
0.85032
0.919383
0.999544
0.892999
0.99974
1
1
1
1
0.871353
0.867545
0.904542
0.830135
1
0.999943
0.942757
0.999611
0.999579
0.959992
0.804112
0.885032
0.923718
1.04927
0.889123
0.880226
0.832552
1
0.99955
1
0.856248
0.999706
0.999505
0.82919
0.999551
1.00223
0.891485
0.912168
0.821046
0.999742
0.999874
0.99968
0.999813
0.946065
1.00026
0.99952
0.847482
1
1
1
0.999658
0.92591
0.976868
0.866469
1.03238
0.874182
1
1.0097
1
0.904572
0.840069
0.892182
1.00071
1.0072
0.852641
0.999591
0.805011
0.989821
0.831117
1.00838
1
0.999523
1.00043
1
0.999828
0.838674
0.806776
1.00017
1.00058
0.915411
0.870682
0.999316
0.92403
1.00013
0.999802
0.822833
0.999159
0.913429
1.00293
0.907742
0.809461
0.907005
0.974595
0.999523
0.876707
0.999723
0.999734
0.96254
0.999732
1.06408
0.874225
1.03458
1.0892
1
0.999635
0.796569
0.999888
1
1
0.999567
0.792375
0.871225
0.99962
0.984218
0.927252
1.00445
1
0.810526
0.999554
0.999634
0.831691
0.792233
0.999505
1.0004
0.998713
0.976603
0.887646
0.881466
1.00587
0.999643
0.999855
0.912269
0.999784
0.999779
0.856988
0.816812
0.795337
0.999653
0.999818
0.999925
1
1
0.846038
0.999641
1
0.823843
0.999708
0.887857
0.979204
0.906573
1
1
0.814325
0.985435
0.999602
1.01081
0.999543
1
1.02466
0.872661
1
0.843817
0.920594
0.999912
0.999536
0.897761
0.87733
0.999512
0.999691
0.832633
0.999691
1.01093
0.8964
1
1.03479
1.0367
0.960741
1
0.896175
0.884205
0.999515
0.876775
0.87807
0.989157
0.99368
0.999596
1.05263
0.915774
0.99984
0.996816
0.87156
0.880016
1.00011
0.999755
0.87485
0.819945
1.03449
0.999588
0.999721
0.999649
0.889293
0.98733
0.996856
0.962092
0.96145
0.999888
0.999727
0.819899
0.999875
0.982776
0.956881
0.849593
0.996894
0.877639
0.845842
0.999743
0.938673
0.949836
0.834051
0.908623
1
1
1
0.999819
0.837842
0.999877
0.988461
0.999685
0.874135
0.811072
1
0.999788
0.926044
1
0.948154
0.999771
0.999624
0.86199
0.866865
0.999847
0.984973
0.999699
0.928114
0.999933
0.999859
0.943545
0.999732
1.02264
1
0.999839
0.997145
0.999873
0.999945
0.99977
0.970229
0.999761
1.00617
1
1.02526
0.999909
1.01721
0.999925
0.995436
0.999804
0.999907
0.999863
0.929156
0.850683
0.999932
0.81233
1
0.89862
0.999841
0.999852
0.925614
0.81131
0.999899
1
0.999924
0.970497
0.869914
0.999943
0.999946
1
1
1
0.999947
0.999951
1
0.999924
0.840855
0.871979
0.999891
0.999925
0.999987
0.9999
0.999929
0.999492
1.0166
0.999955
0.954012
1.0002
0.93011
0.927564
0.856037
0.926261
1.00011
0.91566
0.999944
0.999946
0.999954
0.999964
1
0.99989
0.998534
0.99995
0.853635
0.879806
0.999852
1.09936
0.92346
1.20472
0.999521
0.927032
1.00434
0.999622
0.999921
0.934266
0.996522
0.999964
0.926816
0.899503
0.999964
0.999978
0.999977
1
1
1
0.99996
0.999984
0.999986
0.999993
0.999992
0.999996
0.999998
0.999999
0.999991
0.999977
0.999999
1
0.999999
0.999939
0.999988
0.999995
1
0.999999
1
0.999999
0.999989
0.999995
0.999993
0.99996
1
0.999808
0.999998
1
0.999998
0.999999
0.999932
0.999994
0.999982
0.999905
0.999989
0.999999
0.99997
0.999969
0.999979
0.99999
0.999993
0.999976
0.999999
0.999994
1
1
0.999996
0.999858
0.999979
0.999965
0.999989
0.999964
0.999991
0.999984
0.999997
0.999989
0.999778
0.999982
0.999979
1
0.999698
0.999946
0.999919
0.999993
0.99997
0.999982
0.999758
1
1
1
0.999884
0.999951
0.999999
0.999999
0.999998
0.999948
0.999996
0.999994
0.999913
0.999976
0.999969
0.999995
0.999999
0.999861
0.999871
0.999714
0.999809
0.999987
0.999972
1
0.999828
0.999972
0.999733
0.999984
0.999994
0.999948
0.999915
0.999785
0.999878
0.999994
0.999989
1
1
0.999734
0.999848
0.999833
0.999829
0.999972
0.999987
0.999996
0.999985
0.99999
0.999887
0.999984
0.999871
0.999954
0.999793
0.999869
0.999791
0.999976
0.99998
0.999992
0.999826
0.999822
0.999924
0.999952
0.999992
0.99997
0.999768
0.99999
0.999864
0.999997
0.999863
0.99988
0.999916
0.999971
0.999916
0.999987
1
0.999971
0.999982
0.999997
0.999986
0.999935
0.999975
0.999995
0.999996
0.999997
0.999995
1
0.999961
0.999997
0.999991
0.99999
0.999998
1
1
0.999994
0.999997
0.999933
0.844028
0.957239
1
1
1
0.945944
0.999555
0.915478
0.803553
0.835883
1.20347
0.857991
0.976814
0.931378
0.999508
1.00003
0.87568
0.893759
0.829677
0.988079
0.929717
1
0.87453
0.821756
1
0.994504
0.975341
0.992997
1.00125
1.05616
0.932991
0.982994
0.920933
0.810141
0.944623
0.851405
0.8927
1.00018
0.921567
0.802619
1.00843
0.859951
1.01314
0.957684
0.812582
0.995338
0.903991
1.00005
1.00445
0.964533
0.929051
1.03161
1.02288
0.944279
0.882465
0.89348
1.0254
0.829466
0.944169
0.802518
0.928014
0.999807
0.856018
0.953076
1.00906
0.935495
0.803751
0.966588
0.942519
0.999635
0.9658
1
0.85499
0.99994
0.841309
0.807275
1.00476
0.969911
0.81742
0.900753
0.985532
0.903801
0.839935
0.960864
0.87297
0.803878
1.00875
0.846621
0.868192
1.04293
0.996124
0.855487
0.843629
0.998674
0.798133
1.00491
0.813228
0.982204
1.00078
0.856875
0.842379
0.822117
0.855062
0.845578
0.866528
1.27719
0.898397
0.891937
0.888323
0.889259
1
0.897557
0.852092
0.835967
1.10648
0.900794
0.907832
0.992339
0.825299
0.897665
0.901526
1
0.9983
0.988692
1.00914
0.946322
1.05502
1.00484
0.826921
0.939349
1.0233
0.992544
0.919226
0.829429
1.28605
0.834065
0.836654
0.983076
0.999951
0.838785
1.01079
0.837107
0.959736
1.22101
1.00025
1
1.00317
0.999598
0.923108
0.816825
0.855129
0.805407
0.907269
0.824407
0.819459
0.916282
0.85096
1.0713
0.841205
0.882256
1.00017
0.895314
0.880914
0.978383
1.00017
0.841674
0.815703
1.06455
0.854445
0.87679
0.969669
0.95117
0.945306
0.909193
0.830627
0.914459
0.832777
0.924269
0.817383
0.994803
1.00021
0.928523
0.875782
1.08374
0.842223
1
0.832766
1.02926
0.838896
0.820432
0.99633
1
0.84738
0.95142
0.920905
1.0003
0.824674
0.80845
1.00079
0.940286
0.926542
0.873985
0.999478
0.817669
0.853778
1.00389
0.999404
0.82452
0.947562
0.90031
0.87232
0.981991
0.943629
0.839735
0.998694
0.845977
0.867163
0.978236
0.991292
0.984974
0.957898
0.82182
0.841105
1.00719
0.865283
0.916623
0.922927
0.926305
0.857606
1
0.813986
0.986197
1.00664
0.809937
1.00097
0.967207
0.884474
0.814651
1.0026
0.815863
0.925173
0.865136
0.905644
0.961426
0.894154
1.00026
0.839396
0.999868
1.00215
0.821607
0.894634
1.03454
0.829059
1.0184
0.922057
0.889519
0.999647
0.961285
0.820142
0.808008
0.940238
1.00001
1.01832
1.00089
0.807285
0.999857
0.888071
0.998473
0.799975
0.868767
0.890896
0.865821
0.908338
0.934237
1
0.796209
0.935881
1.00104
0.838027
0.838869
0.895758
0.974727
0.906631
0.871634
0.797708
0.890935
0.915253
0.941614
1.00054
1.07451
0.968204
0.841543
0.930674
1.0022
0.88956
1.00001
0.942274
0.932457
1.00019
0.823639
1
0.81274
0.980136
0.855627
1.00576
1.00291
0.872323
0.931157
0.925138
0.999892
1.02579
0.838499
0.797608
1.00241
0.851468
1
0.982985
0.984428
0.986814
0.961288
0.873857
1.00512
0.980304
0.878171
1.00386
0.847632
1.00017
0.996089
0.96767
0.936637
0.973013
0.95257
1.00038
1.01865
0.913838
1.01796
0.830586
0.903176
0.924618
1.02021
0.887098
0.894933
0.888844
1.00025
0.836593
0.912729
0.88042
0.821107
0.96487
0.950718
0.999722
0.999338
0.838477
0.931102
0.924061
0.807556
0.893068
1.01188
0.840937
0.842373
1.02523
0.992356
1
0.994876
1
0.87653
0.951779
0.929174
0.902954
0.893422
0.999651
0.86893
0.888943
0.837497
0.977795
0.863491
0.973848
0.997417
0.835082
0.896424
1.00761
0.803424
1.0002
0.829691
0.909421
0.886361
0.855929
0.822535
1.00762
1.06009
1.00227
0.843296
0.9517
0.905387
1.04587
1.02427
0.922648
0.801578
0.972906
0.99642
0.82434
0.819082
0.856333
0.835012
0.996281
1
1.01372
0.861759
0.84519
0.822246
0.93801
1.00046
0.830963
0.836188
0.894883
0.800508
0.957375
1.08244
0.997344
0.834162
0.837195
0.928085
0.864748
0.809729
1.00033
0.873386
0.894682
0.861775
1.03892
1.04232
0.795864
0.805547
0.960964
0.804597
0.891038
0.864145
0.893199
0.804788
0.987909
1.02415
0.921784
0.905321
0.903018
0.828069
0.828892
0.850953
0.889188
1.26129
0.883897
0.856469
0.811736
0.901245
0.846336
0.883168
0.908357
0.806937
0.97433
0.939503
0.92568
0.880044
0.887565
0.92254
0.810208
0.903509
0.85888
0.854767
0.839699
0.903846
0.995527
0.919076
0.804866
0.855692
0.808953
0.938652
0.929593
0.86288
0.878275
0.906959
0.912815
0.987218
0.955931
0.934006
0.826729
1.02782
0.945464
1.03887
1.00001
0.91045
0.896178
0.871047
0.878396
0.876267
0.804435
0.919521
0.94507
0.931948
0.882017
0.92444
0.852201
0.917127
0.999773
0.847553
0.905445
1.00011
1
1.00219
1.37616
1.01571
1.17161
0.823329
0.888088
0.834159
0.802754
1.01709
0.928899
0.957929
0.906617
0.875418
0.946945
0.864047
1.00064
1.00227
0.903827
0.839088
0.928938
0.974424
0.87014
0.833442
0.857262
0.950939
0.892429
0.898894
0.865032
0.930545
1.03527
0.89188
0.864642
0.829483
0.908644
0.841582
0.824426
0.862269
0.868674
0.858145
0.847955
0.852306
0.948005
0.799531
1.00812
0.80689
0.875877
1.02157
0.805579
0.932059
0.840967
0.860259
0.888104
0.886858
0.928446
0.990987
0.888814
0.973347
0.936119
0.904795
0.870688
0.947104
0.807626
0.888112
0.824108
0.955862
0.963598
0.868631
0.934703
0.872058
0.889748
0.810099
0.872814
0.884875
0.885581
0.858282
0.856111
0.920474
0.867243
0.871361
0.886218
1.19681
0.874922
0.956156
0.805163
0.86141
0.873554
0.958481
0.857447
0.847023
0.863029
0.820461
0.810017
0.926873
0.813753
0.884404
0.799416
0.890299
0.869107
0.927637
0.864994
0.875656
0.830698
0.877974
0.914871
0.881637
0.879782
0.805238
0.861117
0.878565
0.880276
0.881334
1.00189
0.866569
0.975042
0.959656
0.964022
0.924526
0.883175
0.854286
0.937764
0.817844
1.00217
0.898193
0.940216
0.933575
0.818604
0.986104
0.809744
0.844723
0.92115
0.83905
0.81804
0.96133
0.872408
0.85556
0.817979
0.882673
0.984626
0.85983
0.956693
0.854361
0.916397
0.925074
0.857436
0.91293
0.946475
0.859183
0.856274
0.923392
0.857869
0.929529
1.04473
0.902597
0.811398
0.927877
0.90926
0.997464
0.827316
0.85371
0.957853
0.8321
0.901577
0.929823
0.994738
0.855211
1.11996
0.853658
0.845279
0.8394
0.996167
1
0.832779
0.844957
0.86474
0.897135
0.847496
0.922803
0.860128
0.843196
0.790946
0.92688
0.925087
0.944607
0.847588
0.881165
0.992257
0.840258
0.915746
1.14481
0.955974
0.821089
0.817963
0.835084
0.912807
0.843077
0.83343
0.842251
0.808751
0.888792
0.853684
0.842624
0.952997
0.927503
0.927986
0.790667
0.879273
1.0843
1.04137
0.875952
0.957636
1.03301
0.946143
0.834101
0.890204
0.814574
0.873684
0.840434
0.791636
0.879252
0.860124
0.83849
0.903504
0.89117
0.858451
0.928614
0.873206
0.795159
0.996162
0.850842
0.790841
0.836692
0.863863
0.868007
0.993838
0.838381
0.87348
0.997248
0.833021
0.914433
0.927308
0.902176
0.877161
0.849036
0.912221
0.840511
0.823188
0.878143
0.934087
0.987782
0.980352
0.84038
0.895696
0.960389
0.954648
0.991477
0.892646
0.867993
0.834229
0.952447
0.894134
0.825792
0.874799
0.866711
0.856411
0.925259
0.838414
0.894748
0.899692
0.896937
0.824312
0.882356
0.913875
0.911002
0.835513
0.879565
0.89756
0.944725
0.929702
0.803712
0.901438
0.900213
0.934995
0.86378
0.905959
0.909108
0.987201
0.908331
0.921467
0.901653
0.799777
0.840938
0.904528
0.985165
0.90208
0.954049
0.878755
0.905512
0.878193
0.803109
1.00307
0.798725
0.907403
0.878225
1.00097
0.910287
0.951148
0.865719
0.860041
1.02471
0.996413
0.827973
0.895234
1.02812
0.919938
0.945484
0.932487
0.967081
0.863655
0.908595
0.967126
0.930794
0.90688
0.906129
0.945835
0.808461
0.814788
0.832385
0.933421
0.964898
0.989966
0.826466
0.861202
0.939825
0.964903
0.836798
0.850118
0.837282
0.93323
0.940519
0.888415
0.917525
0.894019
0.934485
0.810586
0.949604
0.936807
0.935111
0.867059
0.936215
0.931198
0.816186
0.872122
0.987267
0.938511
0.909633
0.953118
0.931722
0.94328
0.849709
0.937879
0.815306
0.941674
0.985964
0.95062
0.945155
0.851726
0.942552
0.943968
0.962568
0.881945
0.947934
0.949987
0.803885
0.945836
0.936763
0.950836
0.828444
1.01304
0.979955
0.964485
0.942197
0.914481
0.885711
0.948963
0.866501
0.790626
0.93282
0.943217
0.987732
0.834124
0.805585
0.831987
1.01137
0.807638
0.814739
0.806006
0.989243
0.878207
0.871506
0.947504
0.823585
0.885791
0.849435
0.96663
0.98817
0.948913
0.811196
0.93398
0.972784
0.883125
0.966035
0.86581
0.985279
0.838915
0.911292
0.895654
0.948395
0.925663
0.944635
0.9212
0.979188
0.830372
0.918717
0.835885
0.969226
0.806957
0.964902
0.806392
1.02702
0.9075
0.852143
0.799021
0.911182
0.805997
0.928651
0.920311
0.896319
0.813385
0.939956
0.920112
0.957951
0.916307
0.889839
0.873221
0.862141
0.876272
0.890309
0.913142
0.829618
0.874141
0.892016
0.869854
0.887457
0.951672
0.917919
0.826868
0.901706
0.812499
0.929383
0.949308
0.882485
0.885511
1.00409
0.808832
0.967668
0.984041
0.812236
0.855008
0.961969
0.852023
0.833541
0.964299
1
0.830979
0.97774
0.837645
0.969814
0.829005
0.791812
0.859955
0.84975
0.808285
0.8113
0.899142
0.904263
0.991817
0.987371
0.796787
0.862122
0.948685
0.911171
0.890925
0.852064
0.950133
0.860724
0.981221
0.848361
0.946152
0.925992
0.945288
0.975593
0.89087
0.933709
0.807548
0.860495
1.00038
0.88651
0.976957
0.863791
0.922362
0.973645
0.81866
0.808708
0.97111
0.805572
0.795867
0.825492
0.940878
0.974927
0.816327
0.968159
0.8277
0.913544
0.859166
0.842341
0.903385
0.829659
0.827006
0.972916
0.911279
0.920297
0.875399
0.921085
0.834096
0.982074
0.90447
0.897255
0.835708
0.898491
1.01618
0.831596
0.844241
0.86768
0.851336
0.797331
0.912556
0.904232
0.920514
1.0046
0.791096
0.931675
0.971774
0.801736
0.902328
0.880819
0.943064
0.943596
0.945191
0.882431
0.849206
0.792083
0.888507
0.858129
0.911039
0.896817
0.851382
0.951962
0.905032
0.793727
0.907741
0.895249
0.981945
0.87302
0.960344
0.833195
0.9969
0.989357
0.854638
0.941924
0.927099
0.925176
0.899638
0.819068
0.896989
0.939011
0.906591
0.826731
0.891787
0.887633
0.957566
0.846471
0.910625
0.854504
0.890607
0.90712
0.8657
0.809514
0.886695
0.793055
1.12437
0.844271
0.7914
0.806744
0.966841
1.05247
0.872887
0.927654
0.849871
0.795883
0.899018
0.796599
0.884403
0.892753
0.940696
0.881889
0.837945
0.973706
0.836581
1.00042
0.905988
0.870716
0.904621
0.835865
1.02173
0.933921
0.946451
0.795547
0.985453
0.847215
0.927101
1.06396
0.94967
0.928158
0.903571
0.849309
0.919904
0.958537
1.00196
0.824876
0.845442
0.907576
0.983273
0.928856
0.888546
1.04326
0.962837
0.937308
0.977082
0.900402
0.891566
0.835501
0.924479
0.909237
0.81518
0.90797
0.911494
0.854254
0.913053
0.961826
0.910251
0.925639
0.918147
0.835197
0.920553
0.81688
0.87901
0.938473
0.82639
0.977689
0.899609
0.874796
0.932405
0.809913
0.858171
0.953446
0.926191
0.926087
0.911872
0.921377
0.864638
0.816211
0.844015
0.929434
0.813019
1.0056
0.912166
0.948378
0.855169
0.880535
0.950595
0.84317
0.909998
0.914059
0.809317
0.864886
1.01773
0.900329
0.935639
0.833427
0.953129
0.853027
0.828298
0.842778
0.895633
0.887488
0.880096
0.916737
0.812706
0.963123
0.881897
0.972916
0.814479
0.827761
0.801823
0.806987
0.950019
0.836969
0.929824
0.841458
0.928536
0.957871
0.803315
0.845272
0.841878
0.911961
0.934914
0.824322
0.970234
0.817089
0.823526
0.855207
0.868498
0.969989
0.808222
0.923751
0.843914
1.03274
0.974777
0.957145
0.977901
0.85075
0.897795
0.87583
0.875314
0.964064
0.833836
0.892837
0.873108
0.868559
0.824011
0.906667
0.944272
0.950363
0.819908
0.805816
0.886883
0.916465
1.0005
0.808263
0.82628
0.818083
0.94892
0.905411
0.830757
0.999053
0.944535
0.956058
0.892311
0.95112
0.854372
0.822447
0.79432
0.843186
0.823796
0.862664
0.919304
0.916
0.952662
0.949773
0.918215
0.822946
0.844109
0.857058
0.819314
0.917447
1.04382
0.84878
0.810695
0.845507
0.94886
0.840306
0.822135
0.942736
0.816521
0.955761
0.879107
0.81662
0.932908
0.904183
0.837497
0.873327
0.832904
0.834398
0.816598
0.928055
0.876968
0.921826
0.897314
0.952477
1.03708
0.905986
0.893846
0.931778
0.808175
0.963224
0.876947
0.798826
0.892931
0.856234
0.937783
0.852673
0.951305
0.856261
0.914692
0.913045
0.947949
0.931117
0.895031
0.825799
0.827401
0.795277
1.03092
0.815269
0.86089
0.86173
0.976241
0.938763
0.919253
0.908213
0.895136
0.977554
0.899212
0.913377
0.873519
0.825982
0.85164
0.903459
0.825874
0.844323
0.8837
0.901063
0.804904
1.06096
1.0411
0.821555
0.866132
0.966593
0.961833
0.80548
0.8816
0.972295
0.792789
0.916584
0.836408
0.856934
0.807627
0.807007
0.821127
0.815209
0.895556
0.898046
0.868124
0.916945
0.908801
0.957671
0.969036
0.968586
0.917022
0.954057
0.829236
0.962982
0.908025
0.907713
0.891738
0.981562
0.813251
0.910549
0.867646
0.971506
0.914838
0.792912
0.812019
0.963198
0.880807
0.806878
0.854181
0.909464
0.885633
0.812368
0.811326
0.943417
0.877095
0.807783
0.889193
0.965116
0.838637
1.04107
0.882672
0.963908
1.04151
0.930201
0.832338
0.971673
0.884768
0.926505
0.852744
0.851479
0.915021
0.929919
0.916978
0.994859
0.804574
1.02849
0.912593
0.894712
0.815234
0.918178
0.859341
0.901784
0.869458
0.878069
0.967892
0.928367
0.908789
0.853671
0.954586
0.814969
0.869132
0.975842
1.0002
0.963248
0.971233
0.80904
0.839684
0.825289
0.898959
0.843779
0.828406
0.929197
0.881732
0.813712
0.913229
0.823337
0.95766
0.922065
0.804046
0.806153
0.854033
0.954106
0.981316
0.812014
0.88265
0.884477
0.915917
0.811627
0.854659
0.881379
0.961379
0.852907
0.852249
0.810263
0.80471
1.02211
0.932937
0.844162
0.865775
0.847227
0.83802
0.837898
0.84568
0.92964
0.869324
0.910629
0.864064
0.81392
1.17936
0.805084
0.95332
1.00819
0.899975
0.896363
1.04419
0.848936
0.838559
0.861747
0.947163
0.922633
1.0476
0.847369
0.875661
0.98551
0.814469
0.854815
0.868251
0.919717
0.942752
0.794627
0.976764
0.804709
0.816127
0.861501
0.855371
0.816746
0.959109
0.86967
0.827499
0.833401
0.956798
0.945463
0.849763
0.79573
0.885628
0.881569
0.808804
1.00314
1.01059
0.989208
0.801871
0.986675
0.987281
0.980325
0.918716
0.85778
0.863951
1.00005
0.935552
0.996397
0.988265
0.865845
0.974142
0.843123
0.88816
0.858373
0.991264
0.908072
0.899595
0.858873
1.00485
0.852376
0.811792
0.942026
0.881828
0.91371
0.914572
0.998926
0.954017
0.937262
0.939185
0.964007
0.889483
0.852888
0.84087
0.834096
0.913781
0.847181
0.892398
1.00364
1.00014
0.946945
0.823811
0.932744
0.946894
1.00511
0.807172
0.890224
0.883587
0.83589
0.86327
0.905424
0.879083
0.804094
0.864886
0.795059
0.844845
0.944508
0.882759
0.870164
1.02169
1.00545
0.805218
0.827528
1.0024
0.80128
1.03898
0.832903
0.820064
0.953568
0.832689
0.979342
0.789227
0.934288
0.824218
0.809858
0.88204
0.930682
0.963369
0.901942
0.83673
0.890333
0.993228
0.80008
0.912889
1.03864
0.911693
0.9955
0.917162
0.987236
1.0036
0.822737
0.92556
0.910764
0.921529
0.970467
0.863376
0.839364
0.979821
0.830524
0.985264
0.83821
0.848417
0.921853
0.966521
0.845059
0.797103
0.850895
0.895586
0.840827
0.831501
0.949139
0.896163
0.851606
0.900495
0.953172
0.84121
0.821516
0.903831
0.901545
0.848491
0.86593
0.816645
0.925915
0.886923
0.876817
0.857226
0.794927
0.852761
0.865083
0.962083
0.837446
0.831811
0.804009
0.835214
0.863094
0.840749
0.892723
0.818268
0.958948
0.823847
0.998028
0.843774
0.920953
0.911814
0.806823
0.91004
0.850501
0.834409
0.813906
0.842474
0.847572
0.790925
1.04182
0.846619
0.930511
0.848278
0.890508
0.827133
0.840203
0.871802
0.900318
0.82234
0.995201
0.98327
0.93077
0.926725
0.903711
0.805813
0.867115
0.897682
0.943931
0.807218
0.929734
0.972691
0.83424
0.854272
0.867889
0.89117
0.981497
0.812161
0.874158
1.00668
0.978859
0.907077
0.891475
0.969919
0.897563
0.911634
0.98126
0.88889
0.898045
0.824391
0.973265
0.889459
0.875825
0.964716
0.842595
0.821729
1.04996
0.835854
0.913482
0.915777
1.01978
0.96101
0.984333
0.798676
0.792356
0.862931
0.920644
0.874213
0.919118
0.858272
0.833395
0.844291
0.93785
0.998338
0.99032
0.795807
0.815505
0.865716
0.793697
0.863591
1.00505
0.962096
0.887451
0.816723
1.02955
0.917326
0.83794
0.949905
0.869943
0.936015
0.865745
0.828736
0.978516
0.951925
0.88659
0.969514
0.869744
0.966868
0.961164
0.840278
0.866831
0.919732
0.828659
0.99707
0.839988
0.901858
0.796304
0.83722
0.822695
0.885528
0.873182
0.863809
0.8721
0.820366
0.947281
0.842203
0.813397
0.885911
0.816958
0.809222
0.842742
0.994753
0.807957
0.854235
0.892936
0.816697
0.912754
0.886506
0.883709
0.87426
0.97787
0.977828
0.921264
0.948326
0.880304
0.976465
0.913211
0.809085
0.862167
0.81977
0.882032
0.868789
0.792113
0.818275
0.92757
0.789304
0.927683
0.927665
0.95702
0.864595
0.936773
0.903011
0.881644
0.877356
0.938709
0.841634
0.81724
1.00254
0.887665
0.880013
0.927981
0.860298
0.987577
0.848568
0.837829
0.871004
0.952312
0.879203
0.856559
0.88453
0.878843
0.79574
0.911221
0.995817
0.858424
0.899778
0.853629
0.873206
1.00088
0.818783
0.923353
0.801457
0.816141
0.816567
0.916889
0.961472
0.956704
0.87881
0.882865
0.817233
0.819289
0.815887
0.920192
0.875376
0.906818
0.959202
0.991053
0.876358
1.03384
0.79289
0.962443
0.819599
0.994561
0.880268
0.870481
0.881244
0.798444
0.889776
0.87829
0.861003
0.989512
0.927006
0.797103
0.92694
0.880749
0.902993
0.959402
0.872772
0.927191
0.929094
0.948501
0.9261
0.996666
0.798413
0.850459
0.932689
1.00397
0.958309
0.978066
0.809239
0.935764
0.917029
0.830897
0.827299
0.802436
0.801392
0.958338
0.858911
0.880091
0.859383
0.923322
0.971645
0.914175
0.852782
0.970813
0.869523
0.829949
0.867897
0.837331
0.968643
0.855795
0.924095
0.857361
0.803607
0.814667
0.911012
1.03183
0.906647
0.938386
0.915881
0.833114
0.993254
0.878794
0.88114
0.819705
0.798
0.916139
0.918162
0.856667
0.97668
0.960945
0.842401
0.852505
0.839467
0.849039
0.811466
1.01044
0.957389
0.923214
0.909589
0.840549
0.868675
0.966878
0.945572
0.998919
0.899462
0.942972
1.00031
0.822318
0.860666
0.917933
0.922024
0.822752
0.938351
0.798708
1.00791
0.915185
0.817727
1.00364
0.818
0.943883
0.992002
0.947889
0.884384
0.814991
1.04594
0.867291
0.950202
0.93679
0.912135
0.928601
0.956457
0.857216
0.83713
0.868899
0.806373
0.794503
0.831482
1.00273
0.928307
0.867715
0.839916
0.806416
0.813663
0.823269
0.925698
0.806427
0.805546
0.941006
0.999791
0.914261
0.958245
0.973638
0.836824
0.903423
0.94989
0.96045
0.990848
0.86677
0.952787
0.822253
0.977346
0.955726
0.914535
0.91747
0.845936
0.95545
0.841432
0.913376
0.870955
0.838432
0.932091
0.971928
0.845142
0.814826
0.924945
1.03627
0.881572
0.959823
0.789086
0.860674
0.958468
0.880325
0.937134
0.848194
0.814826
1.0011
0.893625
0.989719
0.954504
0.952312
0.927656
0.865447
0.83744
0.91251
0.810725
0.983564
0.926407
0.842787
0.966408
0.981735
0.911633
0.972562
0.818417
0.799922
0.828302
0.813307
0.827789
0.877423
0.99665
0.925548
0.97463
0.860222
0.7992
0.876833
0.953601
0.821975
0.988639
0.821847
0.9152
0.916175
0.859909
0.955748
0.820471
1.02163
0.822602
0.930976
0.893497
0.847415
0.902062
0.841503
0.859704
0.799699
0.862718
0.824327
0.840466
0.882725
0.981911
0.80403
0.90977
0.865602
0.860702
0.833476
0.804537
0.862566
0.871851
0.943254
0.910766
0.934355
0.804965
0.847059
0.896418
0.860475
0.865257
0.952754
0.813585
1.00548
0.862579
0.892513
0.819122
0.824739
0.980368
0.816348
0.868037
0.940563
0.802508
0.899205
0.987571
0.91508
0.948245
0.921368
0.907995
0.797154
0.927076
0.844056
0.863381
0.815645
0.940031
0.859974
0.807245
0.834902
0.865519
0.941396
0.861529
0.892421
0.951906
0.863772
0.891501
0.915995
0.906322
0.836238
0.967653
0.900991
0.835169
0.908809
0.923849
0.817042
0.904305
0.894506
0.931667
0.985809
0.997998
0.834953
1.04262
0.89543
0.864877
0.862026
0.844273
0.860347
1.26381
0.814688
1.00128
0.84275
0.897391
0.920623
0.898285
0.831411
0.882285
0.93252
0.971715
0.961934
0.950974
0.905915
0.907146
0.930273
0.812426
0.861973
0.967921
0.906508
0.889361
1.01616
0.852877
0.900032
0.932889
0.95016
0.965961
0.986677
0.975711
0.905603
0.901919
0.858979
1.07455
0.954594
0.9793
0.826978
0.918386
0.904925
0.817754
0.834938
0.857769
0.931995
0.938636
0.84984
0.943765
0.823711
0.857433
0.870988
0.92966
0.936834
0.929452
1.01608
1.00881
0.933946
0.971834
0.939297
0.811477
0.998982
0.897194
0.882926
0.949386
0.941213
0.984846
0.935738
0.967498
0.937419
0.948513
0.856357
0.832552
0.869521
1.036
0.823148
0.926478
0.857864
0.823872
0.789282
0.804161
0.919736
0.960601
0.866061
1.00982
0.87963
0.930988
0.833552
0.813574
0.917128
0.909013
0.983874
0.858038
0.822349
0.815712
0.913046
0.796376
0.887116
0.942857
0.938336
0.940337
0.802182
0.933038
0.918804
0.958586
1.03175
0.916632
0.844536
0.959493
0.883367
0.845447
0.793742
0.876029
1.01422
0.789606
0.936633
0.859352
0.934842
0.806861
0.947963
0.92516
0.862419
0.989268
1.02809
0.944689
0.821819
0.963765
0.811017
0.947685
0.920376
0.868312
0.812544
0.831739
0.805894
0.946398
0.868748
0.836713
1.07182
1.00304
0.942046
0.855682
0.82585
0.9974
0.814677
1.03372
0.830818
0.940113
0.806617
0.828007
0.808614
0.812563
0.948339
0.943779
0.917971
0.983214
0.939506
0.921619
0.971993
1.00521
0.856163
0.88993
0.864272
0.966469
0.945664
0.806663
0.943384
0.965422
0.88474
0.947059
0.971684
0.905807
0.969575
0.916356
0.810231
0.985404
0.919983
0.864124
0.862054
0.875354
0.9648
0.89047
0.880863
0.908215
0.832998
0.811116
0.880689
0.837791
0.844771
0.980759
0.881601
0.848017
0.83166
0.870991
0.918745
0.973621
0.886388
0.91401
0.888759
0.967183
0.803001
0.790009
0.838452
0.891943
0.827761
0.910712
0.883203
0.980415
0.926814
0.965635
0.84292
0.97891
0.957191
0.904236
0.888911
0.966133
0.947161
0.828344
0.946115
0.842002
0.91915
0.857168
0.853831
0.850237
0.940414
0.979719
0.839923
0.917086
0.90232
0.88538
0.812763
0.963874
0.95457
0.835244
0.890283
0.888027
0.794694
1.01119
0.904845
0.871708
0.799539
0.968748
0.803513
0.882078
0.917333
0.978657
0.962267
0.862194
0.85476
0.93006
0.877209
0.874046
0.997453
0.934905
1.00253
0.835436
0.811772
0.957634
0.918383
0.866458
0.921332
0.862505
1.00655
0.846883
0.97169
0.962961
1.01821
0.901293
0.830122
0.875144
0.950833
0.87185
0.810422
0.829728
0.919529
0.951177
0.917974
0.872467
0.977615
0.932348
0.978706
0.883997
0.991691
0.828196
0.861022
0.805
0.878992
0.849406
0.867367
0.976495
0.806805
0.872978
0.909366
0.810167
0.826788
0.967912
0.994616
0.936274
0.851684
0.834511
0.983665
0.946335
0.970559
0.806809
0.930953
0.834378
0.909227
0.88812
0.91347
0.900422
0.930629
0.968758
0.844698
0.87297
0.975128
0.886707
0.975508
0.972303
0.916185
0.791926
0.943095
0.860407
0.982818
0.967303
0.88302
0.887315
0.974415
0.807375
0.949956
0.975381
0.859276
0.915204
0.886372
0.865508
0.911834
0.953624
0.830394
0.885598
1.02188
1.02774
0.853944
1.11182
0.917741
0.82543
0.80931
0.952498
0.899531
0.969642
0.901067
0.887507
0.941165
1.01083
0.983522
0.981823
0.983143
0.972194
0.853681
0.91178
0.972445
0.843278
0.950902
0.807906
0.842023
0.832637
0.844444
0.9461
0.837648
0.828567
0.904502
0.864575
0.984475
0.933574
0.887956
0.797112
0.789135
0.973471
0.93627
0.984428
0.950497
0.951962
0.90505
0.864372
0.823434
0.874633
0.942107
0.934622
0.876886
0.905566
0.944293
1.01512
0.936685
0.873917
1.01048
0.96915
0.945134
0.967314
0.937483
0.882453
0.811576
0.981667
0.871945
0.866318
0.914007
0.940238
0.914666
0.824692
0.971518
1.02187
1.01944
0.976617
1.01299
0.986221
0.951456
0.821395
0.936664
0.969001
0.90971
0.902665
0.858263
0.941055
0.953689
0.881042
0.90847
0.894353
0.891254
0.94854
0.949381
0.839023
0.960667
0.901567
0.939403
0.945438
0.805061
0.940798
0.829714
0.886977
0.900035
0.794964
0.793717
0.893411
0.814061
0.813256
0.824389
0.829607
0.936999
0.96762
0.826564
0.901597
0.889118
0.880009
0.955941
0.874967
0.907684
0.832458
0.789492
0.955381
0.88309
0.892891
0.941762
0.949612
0.996619
0.810351
0.93242
0.964832
0.873747
0.842231
0.843055
0.943807
1.06118
0.949449
1.03895
0.978969
0.823416
0.91287
0.825006
0.79881
0.959276
0.813614
0.822272
0.917965
0.942793
0.827137
0.927581
0.937305
0.888812
0.83099
0.886017
0.936117
0.829173
0.8493
0.848741
0.832435
0.888157
0.984189
0.852435
0.900829
0.851663
0.872046
0.937945
0.902315
1.02342
0.865446
0.986392
0.848639
0.943954
0.873164
0.929243
0.850869
0.942996
0.804266
0.814255
0.912773
0.802822
1.05726
0.895869
0.993286
0.842865
1.03198
0.955015
0.96107
0.892143
0.919678
0.905676
0.966584
0.91277
0.854135
0.79004
0.863032
0.883983
0.926338
0.896674
0.904831
0.837471
1.0413
0.999227
0.91839
0.92432
0.877759
0.903254
0.803284
0.827141
0.850824
0.816555
0.931029
0.828473
0.877419
0.990672
0.918724
0.991741
0.930544
0.842208
1
0.790677
0.881055
0.911813
0.837446
0.826393
1.01673
0.819447
1
0.899429
0.864374
1.03064
0.894241
0.829729
0.8047
0.891666
0.971545
0.817071
0.921801
0.791613
0.95033
0.928353
1.02774
0.819728
1
0.916807
0.976624
0.805613
0.8111
1.01547
0.828506
0.899222
0.821147
0.922448
0.812284
0.818154
0.947533
0.954295
0.902422
0.868431
0.917231
0.931252
0.804998
1.02662
0.867595
0.971427
0.866829
0.88788
0.835373
0.965791
0.814771
0.911744
0.929678
1.01205
0.855501
0.93046
0.904124
0.941769
1.02555
0.919503
0.926752
0.832147
0.816632
0.871127
0.821744
0.912332
0.878727
0.860556
0.819744
0.806981
0.992675
0.794641
0.985585
1.0006
0.853104
0.831288
0.820606
1.37972
0.886247
0.793101
0.943053
0.804317
0.970217
0.911306
1.00557
0.870084
0.914774
0.975631
0.928372
0.931378
0.847737
0.820188
0.876176
0.93126
0.852576
0.841147
0.883417
0.961132
0.993753
0.802552
0.96616
0.847055
0.824929
0.856542
0.981261
0.911314
1.00757
0.812994
0.848382
0.822423
0.847702
0.82656
0.845562
0.809115
0.820012
1.05832
0.914435
0.879266
0.971114
0.83895
0.855834
0.85399
1.03232
0.971428
0.998519
0.943551
0.81573
0.810308
0.966904
0.812084
0.847561
0.93235
0.828432
0.937301
0.971393
0.931404
0.96159
0.903695
1.00127
0.815808
0.836518
0.841823
0.955889
0.811225
0.861021
0.856606
0.936053
1.00032
0.935316
1.01071
0.848874
0.956541
1.0389
0.853557
0.957413
0.915794
0.869849
0.903059
0.958469
0.958884
0.909961
0.843726
0.816935
0.89223
0.973738
0.841299
0.813794
0.813583
0.882138
0.842771
0.861248
0.923686
0.964245
0.829669
0.862283
0.912566
0.832111
0.972196
0.967704
0.792634
0.998976
0.896983
0.869202
0.804973
0.905838
0.854799
0.85888
0.916684
0.85041
0.822787
0.921272
0.908207
1.03432
0.961808
0.954715
0.952587
0.827593
0.837784
0.875961
0.972782
0.967415
0.84821
1.01215
1.00026
0.820493
0.978103
0.842835
0.930015
0.988201
0.914823
0.87399
0.979117
0.836566
0.833773
0.907472
0.825591
1.00272
0.854907
0.831473
1.06054
0.816736
0.841653
0.983674
0.919963
0.947123
0.792433
0.915252
0.921513
0.817314
0.857958
0.816558
0.884098
0.808108
0.941898
0.808557
0.959411
0.837833
0.851782
0.911963
0.990327
0.898405
1.00005
0.805725
0.790824
0.906087
0.793198
0.821094
0.924656
0.815983
0.910981
0.863085
0.97796
1.00058
0.863565
1.09525
0.851096
0.826996
0.830574
0.938135
1.02747
0.82467
0.975157
0.939726
1.00767
0.807785
0.957543
0.895118
0.816072
0.838277
0.817762
1.02375
0.900161
0.801911
0.870421
1.00712
0.88692
0.798692
0.889635
0.814807
0.960511
0.82251
0.817869
0.92034
0.882538
0.839915
0.996914
0.819508
0.900704
0.840695
0.820741
0.928654
0.975807
0.86074
1.06101
0.879835
0.824236
0.915486
0.929247
0.92904
0.849202
0.955721
0.846694
0.99811
0.836694
0.941729
0.838927
0.978988
0.948622
0.84806
0.91233
0.978763
1.01502
0.990049
0.988209
0.819949
0.944997
0.845834
0.932316
0.934522
0.954212
0.819129
0.799204
0.791473
0.879248
0.962655
0.892516
0.81862
0.916214
0.899518
0.98149
0.984483
0.868483
0.81128
1.00855
1.03142
1.01703
0.864092
0.831998
0.974042
1.00002
1.05756
0.910323
0.968593
0.944474
0.819549
0.832427
0.813098
0.838111
1.02537
0.919994
0.99963
0.911197
0.963728
0.944734
0.862408
0.890305
0.952625
0.813223
0.827696
0.804016
0.913157
0.815399
0.868121
0.824198
1.11172
0.790793
0.895169
0.793464
0.917026
0.998304
0.834704
0.935243
0.790826
0.984223
0.85767
0.822054
0.934345
0.794401
0.798297
0.818782
0.98625
0.804732
0.804142
1.00715
0.939337
0.902245
0.873571
0.861574
0.828169
0.806028
0.907407
0.844487
1.02732
0.841837
0.910065
0.875874
0.858751
0.962586
0.893985
0.907042
0.862367
0.847347
0.826164
0.985334
0.90778
0.874406
0.82993
0.95994
0.951197
0.846034
0.922326
0.953248
0.9933
0.966078
0.816225
1.05699
0.935458
0.819969
0.84532
0.815818
0.884303
0.967005
0.911744
0.919896
0.834807
0.880628
0.933958
0.947713
0.965028
0.909932
0.81616
0.80313
0.878755
0.993172
0.86741
0.904917
1.0235
0.925218
1.03123
0.901829
0.835899
0.946715
0.820231
0.937738
0.825114
0.802666
0.972602
0.81224
0.839874
0.945521
0.99854
0.993852
0.835616
0.852866
0.826057
0.990758
0.824149
0.893345
0.929809
0.996304
0.842034
0.841619
0.882201
0.896191
0.942931
0.817996
0.878408
0.965168
0.934869
0.814315
1.03108
0.895228
0.832896
0.809298
0.817398
0.958545
0.897141
0.818658
0.859121
0.811513
0.967175
0.950932
0.975317
0.79802
0.95158
0.810474
0.909332
0.811781
0.814723
0.920119
0.824258
0.891187
0.985131
0.799471
0.950536
1.00767
0.927417
0.789121
0.899034
0.817494
0.899934
1.01694
0.86013
0.927243
0.881188
0.85931
0.966134
0.876858
0.836322
0.961963
0.93431
0.925823
0.802696
0.833848
0.892295
0.789788
0.924057
0.808403
0.951333
0.922074
0.940577
0.81337
0.802674
0.963524
0.838149
0.950474
1.05275
0.879797
0.837248
0.815678
1.05219
0.879351
0.80954
0.946559
0.87134
0.801511
0.824579
0.843122
0.985336
0.967109
0.876071
0.875595
0.796312
0.808189
0.840613
0.819522
0.968338
0.9997
0.820717
1.0362
0.822086
1.00217
0.929832
0.802428
0.941667
0.927476
0.830203
1.03114
0.813204
0.838337
0.908648
0.875195
0.789115
0.987979
0.812614
0.816911
0.984918
0.938285
0.835136
0.927119
0.864699
1.01313
0.822713
0.797985
0.821062
1.01158
1.01888
0.825383
0.927258
0.947265
0.820175
0.993378
0.940336
1.12005
0.936395
0.805632
0.92968
0.802418
0.908758
0.823003
0.939545
0.797891
0.819751
1.21131
0.931575
1.02926
0.935
0.80009
0.963486
0.861068
0.868728
0.80778
1.04656
0.904244
0.843816
0.897214
0.948647
0.914294
0.899147
0.950083
0.824338
0.799353
0.822174
0.933978
1.04388
0.925105
0.889736
0.877102
1.01482
0.89389
0.891033
0.82578
0.904014
0.98746
1.00551
0.984026
0.807119
1.04826
0.796402
0.965703
0.963374
0.852791
0.843036
0.803661
0.959453
0.951488
0.966789
0.970042
0.975516
0.832652
0.900005
0.941468
1.05444
0.819354
0.870011
1.13039
0.876222
0.895987
0.961641
0.813396
0.888722
0.8264
0.862543
0.964
0.804159
0.987804
0.849158
0.939079
0.960234
0.814414
0.881568
0.93384
0.99848
0.944274
0.987799
0.819255
0.940541
0.955062
0.979498
0.855045
0.791057
0.805282
0.850296
0.921391
0.911578
0.990264
0.830081
0.811241
0.952796
0.872756
0.796947
0.886207
0.95878
0.84613
0.924421
0.808864
0.809538
0.814687
0.953089
0.9514
1.0337
0.888747
0.898833
0.840679
0.833471
0.892047
0.921072
0.949001
0.975117
0.889581
0.85857
0.859589
0.824299
1.04179
1.02909
0.932097
0.80612
0.957786
0.883031
0.955744
0.954593
0.795531
0.984311
0.856835
0.906332
0.828541
1.05387
0.882155
0.965061
0.803638
0.809026
0.904533
0.888045
0.966255
0.978056
1.05469
0.838152
0.942506
1.04203
0.991693
0.855092
1.05187
0.799415
0.823294
0.842407
0.867159
0.902849
0.81434
0.959303
0.946749
0.868117
0.928934
0.999552
0.974593
0.794231
0.833147
0.888463
0.878979
1.35445
0.901793
0.887156
0.856797
0.850596
1.00866
0.820832
0.798296
0.944571
0.833564
0.991985
0.822552
0.810089
0.985431
0.893173
0.805954
0.827167
0.964587
0.810896
0.833366
0.948274
0.888422
1.04488
0.815519
0.951054
0.964165
0.817552
1.04966
0.999152
0.887444
0.895927
0.819321
0.965403
0.895619
0.923249
0.929269
0.859516
0.79376
0.808579
0.810282
0.849147
0.987339
0.971114
0.887369
0.936825
0.940218
0.951151
0.805527
0.898242
0.901995
0.994521
0.805578
1.00008
0.819512
0.812005
0.880969
0.884734
0.963244
0.941579
0.823096
0.842834
1.00001
0.823306
0.959795
0.795259
0.986348
0.894257
0.886208
0.793746
0.900939
0.941608
0.967015
1.00158
1.0355
0.980175
0.936115
0.908921
1.04012
0.895697
0.809177
0.813884
0.904565
1.00493
0.988881
1.04068
0.831323
0.887333
0.815941
0.926157
1.00354
0.971589
1.00221
0.946941
0.978931
0.8683
0.799907
0.806749
0.875162
0.966217
0.915257
0.88842
0.917768
1.00075
0.806439
0.969394
0.919404
0.802307
0.932972
0.988217
0.954244
0.875769
0.885551
0.812038
0.859658
0.809795
1.011
1.00146
0.946656
0.840084
0.850499
0.954458
0.903145
0.969355
0.84517
0.958453
0.970325
0.845464
0.896941
0.917546
0.989582
0.877333
1.0137
0.907348
0.897955
0.873524
0.97556
0.813571
0.980583
0.953408
0.9887
0.992585
0.840093
0.841031
0.836748
0.888655
0.969567
0.811501
0.796159
0.809139
0.826381
0.990701
0.963037
0.857865
0.806963
0.974759
0.947946
0.866121
0.991754
1.02287
0.830735
0.81072
1.04936
0.957987
0.871842
0.885087
1.05732
0.931705
0.94897
0.996264
0.848094
0.847455
0.98473
0.967271
0.965602
0.818448
0.988831
0.872875
0.838518
0.938135
0.932625
0.999854
0.959822
0.963671
0.811586
0.969044
0.967904
0.899638
1.00402
1.03375
0.975222
0.874954
0.80629
0.949079
0.794244
0.906543
0.825725
1.00843
0.8409
0.957061
0.796335
0.831269
0.985557
0.900543
0.870389
0.820634
0.952995
0.948373
0.911357
0.830366
0.935488
0.936395
0.925385
0.866119
0.839801
0.938614
0.864678
0.901547
0.930309
0.889979
0.939945
1.00629
0.909522
0.844651
0.80922
0.939769
0.96404
0.938803
0.802724
0.912753
1.2349
0.981742
0.897586
1.20223
1
1.08491
0.813396
0.797384
0.926968
0.911847
1.00739
0.817008
0.833673
0.89277
0.980408
0.841896
1.0611
0.971531
0.944226
0.899439
0.888673
0.974578
1.06048
0.810955
0.907215
0.834144
0.914137
1.04318
0.906489
0.881111
0.965828
0.80007
0.836225
1.01599
0.964379
0.802507
0.803893
0.907917
0.835698
1.00723
0.797256
0.870047
0.916825
0.85354
0.991513
0.863271
0.83204
0.896379
0.955611
0.910383
0.988319
0.99474
0.913266
0.89543
0.885917
1.02179
0.951962
0.861357
0.820421
0.842014
0.892561
0.919022
0.90935
0.909521
0.985857
0.975096
0.983524
0.833262
0.800281
0.905323
0.813629
0.866573
0.859743
0.931263
0.886493
0.976457
0.899238
0.834806
0.851635
0.967785
0.912038
0.890871
0.863085
0.990457
1.00047
0.994982
0.913648
0.991082
0.96607
0.886969
0.974946
1.05824
0.839722
0.968402
1.01082
0.804548
0.796101
0.99511
0.800021
1.00259
0.811454
0.807413
1.0416
0.826977
0.875581
0.860531
0.862296
0.89869
0.924002
0.958131
0.917758
0.905935
0.846269
0.976438
0.923235
0.939027
0.867975
1.00407
1.00976
0.996926
0.860131
1.00872
1.21751
0.900729
0.964801
0.914343
1.04919
0.890627
1.02249
0.907027
0.962611
0.874497
0.971493
0.88383
0.965238
0.940012
0.891685
1.02233
0.815328
0.836221
0.830185
0.830999
0.984464
1.00852
0.847115
0.973103
0.926279
0.827903
0.816227
0.972209
0.899193
0.816714
0.850305
0.810419
0.872951
0.830018
0.929653
0.968591
0.833224
0.837342
0.811974
0.967268
0.918856
0.940979
0.960365
0.951013
0.966743
0.906198
0.985785
1.01763
0.952813
0.923499
1.01731
0.988763
0.973996
0.872063
0.969452
0.930189
1.00539
0.823646
0.876109
0.801365
0.976942
0.854714
1.00942
0.837978
1.01588
0.944318
0.905776
0.893592
0.820508
0.986533
0.975942
0.908401
0.844338
0.902013
0.858464
0.910212
0.814099
0.978251
0.8248
0.897007
0.834114
0.851972
0.891947
0.876383
0.812124
0.922844
1.05315
0.898441
0.92246
0.980307
0.902515
0.855393
0.996045
0.82442
0.969791
1.19095
0.825639
0.877837
1.17953
1.02126
0.866764
0.822222
0.899992
1.0336
0.992969
0.924551
0.893408
0.838469
1.03676
0.92738
1.01669
0.981312
0.846159
0.851005
0.892494
0.832694
1.00588
1.01931
0.832218
0.80988
0.995482
0.941816
1.0554
1.06872
0.832379
0.989483
0.985481
0.843305
0.956163
0.90985
0.897721
0.892763
0.904772
0.892516
0.835228
0.836919
1.01426
1.08095
1.00055
0.894087
0.821765
0.960325
1.07601
0.997856
0.793585
0.956329
0.831791
0.896639
0.999951
0.815198
1.05627
1.00812
0.84819
0.873824
0.79483
0.910764
0.911199
0.835406
0.820595
0.857734
1.03157
0.819778
0.833896
0.948495
1.05928
0.990621
0.832245
0.869554
1.02836
1.01526
0.98351
0.842775
0.792147
1.01439
1.02987
0.887017
1.02495
1.01357
1.02655
0.866867
1.02325
0.941135
0.856667
0.83702
0.881601
0.963944
0.96329
0.915696
0.904793
1.01963
1.01277
0.964354
0.879081
0.918516
0.989562
0.916108
1.02926
1.06653
0.906459
0.998158
1.02709
0.85867
1.00292
0.806316
0.902144
0.967101
0.815696
0.892784
0.833582
0.855334
0.994443
0.954938
0.876553
0.885316
0.873884
0.949693
0.994923
0.821977
0.905481
0.998685
1.0313
0.870979
0.827009
0.898853
0.967986
0.866127
0.946567
0.828532
1.01392
1.00846
0.872527
0.918859
0.855865
0.972423
0.911356
0.885761
1.01256
1.02533
0.968056
0.858091
0.981918
0.888162
0.997685
0.91227
0.81623
0.813763
0.834833
0.910717
0.821384
0.915645
0.983286
1.05679
0.995804
0.822385
0.886317
1.02401
1.05841
0.880142
0.960921
0.971356
0.844885
0.917138
1.05936
0.791855
0.83332
0.823201
0.792438
0.949781
1.00418
0.950555
0.797682
0.929976
0.827317
0.986389
0.866849
0.867251
1.0089
0.806995
0.852058
0.869758
0.897336
0.821477
0.99888
0.963995
0.991873
0.797226
0.821783
0.984387
0.793182
0.83974
0.801706
1.02053
0.909566
1.01973
0.81761
0.947314
1.15461
0.996532
0.931935
0.812705
0.872301
0.887212
0.950367
0.810412
0.909209
0.859572
1.00086
0.813439
0.967997
0.943433
0.844696
0.924765
0.945903
0.799937
0.885986
0.915466
0.874249
1.00693
0.826589
0.818743
0.97248
1.01199
0.817283
0.793116
0.876656
0.933899
0.880604
0.940092
0.79738
1.00542
0.823547
0.969507
0.824478
1.02968
0.959648
1.02385
1.05854
0.925608
0.824947
0.815307
0.933838
0.819041
0.828826
1.00782
0.82908
0.912626
0.797921
0.970705
0.836391
0.900293
0.815677
1.03772
0.999277
0.916166
1.0144
0.826444
0.805469
0.818751
0.907518
0.963
1.02568
1.0047
0.819904
0.849435
0.80983
0.843651
0.817878
0.939537
0.866782
0.818732
1.00131
0.83858
0.86479
0.944378
0.94582
0.814544
0.900248
0.857094
1.38522
0.941728
0.945383
0.868107
0.987335
0.920664
0.916135
0.825455
0.889644
0.945906
0.839755
0.841718
0.985565
1.05156
1.02721
0.990578
0.844941
0.890054
0.848204
1.02733
0.803747
0.792254
0.913657
0.988268
1.09836
0.795055
0.942361
0.854063
1.04642
0.956503
0.842841
0.858476
0.936831
0.985769
0.879683
0.974224
1.01074
0.80799
0.889425
0.794264
0.91908
0.935171
0.85282
0.82086
0.829137
0.991779
0.941598
0.885095
0.882534
1.03425
0.926087
0.836014
0.818075
0.86052
0.907884
0.857278
0.944058
0.825967
0.964513
0.841569
1.0348
1.04929
0.883156
0.841282
0.908938
0.838895
0.966256
0.897597
0.953643
0.806134
0.877152
0.868638
0.851985
0.861066
0.889426
0.910263
0.90057
0.872423
1.00388
0.860423
1.0015
0.86396
0.956825
0.975996
0.818342
0.960476
0.893883
0.92112
0.907978
0.840476
1.03181
0.977298
0.94868
0.989865
0.859429
0.931889
1.05055
0.836029
1.01223
0.892708
0.803849
1.01551
1.16031
0.907231
0.895725
0.929168
0.998938
0.94814
0.907563
0.898562
0.851468
0.844055
0.84776
0.95457
1.13384
0.840822
0.837621
0.940579
0.832308
0.953249
0.846435
0.879407
0.898246
0.952322
0.92411
0.869042
0.946879
0.817333
0.837423
0.851244
0.959996
0.92076
0.903374
0.855887
0.954998
0.888371
0.952083
0.861339
0.919655
0.818741
0.994603
0.94938
0.927302
0.987373
1.06195
1.04793
0.974786
0.976967
0.903622
0.842319
0.963788
0.962128
0.956544
0.953131
0.80062
0.883287
0.925042
0.97668
0.994015
1.03651
0.860569
0.961089
0.946806
0.988282
1.04959
0.868384
0.807224
0.95277
0.8043
0.930205
0.932876
1.05333
0.898121
0.94807
0.924771
0.815543
0.82928
1.03717
0.966257
0.992745
1.18262
0.81213
0.813549
0.99338
0.938696
1.0433
0.811103
0.839041
0.813259
0.92745
0.955405
0.947219
0.843442
0.86081
0.950483
0.815406
0.845933
1.26341
1.08618
0.931325
0.9665
0.902543
0.926989
0.860935
0.852577
0.950304
0.841009
0.798756
0.810743
0.909022
0.837516
0.904983
1.0783
0.818995
1.00287
0.873208
1.10054
0.960989
0.871212
0.896635
0.901423
0.846403
0.870023
0.797539
0.790801
0.812113
0.976137
0.996539
0.916332
0.813948
0.900628
0.92295
1.01386
0.857676
0.87574
0.886721
0.867765
0.81604
0.874273
0.90892
1.04364
0.961271
0.988194
0.982227
0.896065
1.00634
0.878799
0.946669
0.938448
0.908054
0.870333
0.961435
0.843522
0.955726
0.876577
0.79561
0.906089
0.955418
0.957627
0.875304
0.996246
0.935965
0.791892
0.894445
0.980194
0.868829
0.801068
0.8856
0.811546
0.934097
1.04215
0.939086
0.919704
1.05031
0.839841
0.866637
0.930583
0.8214
1.04588
0.943873
0.936922
0.904444
0.891139
0.821165
0.985714
0.892448
0.955783
0.904013
1.05947
0.858541
0.801519
0.846308
0.960262
0.96587
1.01514
1.10891
0.914164
0.885725
0.83969
0.907271
0.835598
1.25375
0.886024
0.808166
0.972029
0.914053
0.910475
0.87077
0.824767
1.00164
0.820201
0.834937
0.985676
0.805871
0.928202
0.809297
1.00024
0.962462
0.898498
0.976753
0.791939
0.963037
0.895563
0.842354
1.00385
1.24301
0.981403
0.978714
0.874258
1.09966
0.963313
0.825598
0.915352
1.01212
0.993266
1.02024
0.913559
0.859822
0.857465
0.983636
0.963185
0.847889
0.930537
0.973787
0.846455
0.910119
1.02348
1.38327
1.06198
1.40563
0.893552
0.934108
0.972104
0.815117
0.94979
1.07233
0.930135
1.0422
0.958852
1.07228
0.968635
0.973876
0.969926
0.890771
1.30238
0.916675
0.906421
0.962426
0.99402
0.797741
0.934318
0.832012
0.986151
0.825674
0.937848
0.806779
0.906825
0.833525
0.974226
0.834644
0.964022
0.807035
0.907736
0.793842
0.83854
1.00218
1.04928
0.994668
0.83549
0.953781
0.819212
1.05841
1.03754
0.948506
0.951429
0.901746
1.00644
0.95276
0.911453
0.95999
0.89333
0.970657
0.894496
1.01599
0.884442
0.951526
0.834558
0.911985
0.859272
1.02466
0.838446
0.906853
0.980057
1.12263
0.958612
0.823925
0.925551
0.859064
0.968697
0.904622
0.821021
0.935785
0.958677
0.792567
0.88308
0.876301
0.942008
0.998357
0.820821
0.858176
0.859041
0.925593
0.971142
0.903539
1.24121
1.00961
0.923374
0.911687
1.00854
1.00697
0.972309
1.01043
0.840531
0.862058
0.989778
0.909489
0.922936
0.983213
0.813048
0.965997
0.836356
0.825488
1.02409
0.975266
0.885858
1.03399
1.00611
0.883172
0.896807
0.835877
0.874083
0.902987
0.813229
0.934906
0.933984
0.969452
1.03606
0.87286
1.00689
0.803637
0.855834
0.859645
0.910585
1.00819
0.923028
0.947073
0.912367
0.866168
1.06285
0.819585
0.94512
1.03386
0.980949
0.790576
0.921299
0.843868
0.950118
0.904932
0.85944
1.0291
0.95313
0.84073
0.9524
0.914746
0.845494
0.809476
0.934093
0.875238
0.892062
0.860387
0.88683
0.96453
0.94547
0.878267
0.801227
0.932191
0.815063
0.962248
0.918017
0.986366
1.008
0.957047
0.935199
0.842284
0.878773
0.968961
0.980757
0.857835
1.13927
0.814918
0.959616
0.89776
0.913213
0.888754
0.987402
1.05334
1.17851
0.868981
0.974975
0.975166
1.01743
0.800116
0.912174
1.36458
0.87408
0.862153
0.858481
0.966255
0.993721
0.890523
0.954986
0.948605
0.902589
1.01987
1.02015
0.934044
0.801297
0.844884
0.90803
0.985109
0.857813
0.952006
0.892394
1.0855
1.02158
0.887916
0.92789
1.00551
1.04976
0.935502
0.820573
0.991866
0.824882
0.885213
0.804609
0.803961
1.03623
0.925822
0.858552
1.03406
0.902265
0.90579
1.24544
1.01755
0.943109
0.874204
0.932335
0.874864
1.03476
0.985444
0.867365
1.00073
0.906453
0.915351
0.950742
0.901315
0.978178
0.944732
1.07191
0.920596
0.949867
0.827023
0.984147
0.885011
1.05412
0.961957
1.01698
0.979349
1.11831
0.799618
0.873674
0.905245
0.843702
0.909209
0.817514
0.800159
0.891945
0.856442
0.906258
0.899471
0.959503
0.918791
1.28588
0.915967
0.91569
1.06115
0.884663
0.815607
0.847981
0.839552
0.843649
1.00093
0.805135
0.955429
0.849036
0.818662
1.00019
0.817496
0.977844
0.828491
0.947341
0.99607
0.952102
1.04719
0.918292
0.955407
1.09603
0.944924
0.955671
0.983269
0.869683
0.960783
0.870908
1.03234
0.856833
1.05446
0.798299
0.981443
0.9554
0.954617
0.879764
0.906358
0.900359
0.905024
0.931072
1.01804
1.39047
1.37763
1.02411
1.04313
0.905519
1.14134
0.95928
0.87205
0.917933
1.12309
1.07148
1.34717
0.880545
1.01173
0.929971
0.945287
0.97576
0.831155
1.02142
1.06283
0.91907
0.882382
1.00686
1.29901
0.996575
0.805576
1.01707
1.06157
1.05334
0.883262
0.923228
1.04601
1.07105
0.82507
0.842192
0.950573
0.951255
0.861365
0.853736
0.919424
0.878542
0.884476
1.41279
0.917815
0.896438
0.989231
0.98192
0.979508
0.960334
0.879265
0.954352
1.02092
0.843848
0.824636
1.03579
0.810157
0.875972
0.98179
0.953717
0.840298
0.952242
0.911541
0.871301
1.01893
0.937411
0.950371
0.874685
0.910895
1.07029
0.90946
1.03774
1.06952
0.986193
1.00462
0.949672
0.853008
1.08198
0.923598
0.993214
1.01227
0.991467
0.806791
0.90678
0.80549
1.0275
0.911705
1.04564
0.910993
1.04983
1.08256
0.877133
1.08159
0.855822
0.953645
0.827331
1.00809
0.949412
0.95344
1.06521
0.979514
1.08072
1.029
0.964285
0.840737
0.819045
1.07274
0.962651
0.931005
0.816868
1.05627
0.981204
0.876008
0.979863
0.815575
1.03825
0.999033
0.822539
0.973109
0.886387
0.928693
0.991594
0.952852
0.903639
0.884004
1.17142
0.82327
0.808443
0.916035
0.855374
0.936362
0.993704
0.832236
1.07812
0.924285
1.0339
0.981592
0.981358
0.824506
1.08473
0.838058
1.01324
1.04803
0.952528
0.828282
0.929012
0.941608
0.908049
0.960893
0.810618
0.839202
0.825364
0.985469
1.11512
0.929209
0.996259
0.99004
1.03216
0.982769
1.1836
0.841983
1.06651
0.852406
0.975318
1.33701
0.817069
0.978116
0.863366
1.05998
0.875438
0.914483
1.07062
1.051
1.14314
1.00174
0.994526
0.811125
1.12951
0.873251
1.37341
0.919178
0.970192
1.06079
0.980425
0.942319
0.969436
0.829011
1.08768
0.99603
1.03174
0.854887
1.10034
1.1042
0.880177
1.26887
0.874877
1.01082
1.26042
0.831698
1.13992
1.28793
0.865982
0.988732
0.966821
1.0119
1.02134
0.912585
1.01924
0.949829
0.847368
0.962609
1.02418
1.05163
0.996634
0.970927
1.01702
1.10428
1.05945
1.04967
1.34014
1.04613
1.02757
0.965399
0.887112
1
0.999826
0.999932
0.999856
1.00001
1.00496
0.999387
0.998389
0.998388
1
1
0.999725
1.00025
1
1
1
1.00037
0.99769
0.997706
0.998616
1.01156
1.00247
0.998194
1.00061
0.998064
0.989543
0.990458
0.988023
0.99902
1.00128
0.999676
1.01253
0.997524
1.00171
0.989827
0.994909
0.994965
1.01087
0.991562
1.01475
0.862141
0.990794
1.00573
0.9989
0.931299
0.95129
1.00441
1.00741
1.00866
0.860988
0.940285
0.932314
0.979772
0.897703
0.913229
0.938687
0.992306
1.02477
0.922737
0.948207
0.864741
1.00842
0.988539
0.869836
1.01655
1.02739
1.03255
0.870449
0.941714
0.859904
0.966849
0.90291
0.945626
1.02281
0.819728
0.820049
0.961945
0.979816
0.954281
0.893184
0.983969
1.02923
0.999265
0.844709
0.987646
0.807092
0.825409
0.972683
0.883281
0.92838
0.845085
0.845598
0.977564
1.0382
0.941726
0.917713
1.03042
0.93794
0.867238
0.9161
0.874736
1.03715
0.813978
0.983658
0.883942
0.909258
0.969435
0.971296
0.901624
0.815572
0.997391
0.909135
0.992468
1.05192
1.03404
0.905206
1.00562
0.868288
0.868824
0.95657
0.820589
1.01936
0.974341
0.935164
0.880781
0.940046
0.910214
0.90079
0.818435
0.898886
0.96162
1.05766
1.06851
0.793942
1.00673
1.0121
0.968646
1.17676
0.909235
0.949921
0.807156
1.02724
0.889881
1.04454
0.797137
0.797568
0.899872
0.900095
1.01594
0.89813
1.01262
1.03489
1.02569
0.843958
1.05856
0.972532
1.00595
0.9995
1.00398
0.806662
0.898298
0.905834
1.05078
1.01304
0.9774
0.8923
0.895059
1.01322
1.25602
1.27234
1.20604
1.19112
1.36615
1.10889
0.896259
0.906487
0.872754
0.97192
0.909135
1.32934
1.01877
0.9388
0.962974
0.808382
0.801157
0.875255
1.03317
0.984667
0.900149
1.09786
0.884641
1.33115
0.850889
1.10231
0.800844
0.967456
0.866493
0.849485
0.904116
0.903142
1.06331
0.934382
1.15235
0.868911
0.868803
0.839439
0.928627
0.92906
0.813391
1.07793
0.847221
0.950357
0.854632
0.966223
1.04832
1.01674
0.95728
0.817819
0.942415
1.0507
1.0673
1.06482
1.05373
1.0281
1.0302
1.03751
1.03977
0.845539
0.973423
0.844765
1.01776
0.954916
0.916991
0.836857
0.827476
0.799635
0.854692
0.831432
VECTORS velocity double
0.668619 0.254523 0.0
0.968885 -0.0370603 0.0
0.959941 -0.0441894 0.0
0.828213 5.37616e-06 0.0
0.891939 0.0819081 0.0
0.857673 -0.0845909 0.0
0.922561 0.0713743 0.0
0.831005 -0.00304412 0.0
0.762791 0.223263 0.0
0.899307 0.0143092 0.0
1.01633 0.120419 0.0
0.840478 -0.0739893 0.0
0.817982 -0.00222508 0.0
0.842298 0.000254425 0.0
0.975998 0.17828 0.0
0.634375 0.405924 0.0
0.854327 0.0244861 0.0
0.507268 -0.0547197 0.0
0.850075 -0.0860936 0.0
0.937449 0.222497 0.0
0.855938 0.130836 0.0
0.828251 -1.68934e-08 0.0
0.838651 -0.00233482 0.0
0.828239 -1.35945e-06 0.0
0.937298 -0.0226682 0.0
0.959018 0.0412851 0.0
0.724538 -0.0910772 0.0
0.829587 0.00145039 0.0
0.827378 0.00773107 0.0
1.01885 -0.140577 0.0
0.828104 3.45027e-05 0.0
0.925493 0.0680181 0.0
0.908948 -0.0678542 0.0
0.989653 -0.0189331 0.0
0.888291 -0.0761829 0.0
0.856956 0.00104234 0.0
0.925634 0.0359935 0.0
0.946878 0.0604366 0.0
0.845153 -0.0602278 0.0
0.984006 -0.00771121 0.0
0.82213 -0.0755254 0.0
0.825182 0.00583957 0.0
1.00662 0.134347 0.0
0.999899 0.0348399 0.0
0.761693 0.0946271 0.0
0.849172 0.00753984 0.0
0.798203 -0.00428361 0.0
0.831367 0.0692464 0.0
0.852399 -0.0576627 0.0
1.02061 0.108073 0.0
0.828911 -0.000706077 0.0
0.965052 -0.0109383 0.0
0.858484 0.090958 0.0
1.01698 -0.152011 0.0
0.95002 0.0587589 0.0
0.957079 -0.0353823 0.0
0.837389 -0.0245214 0.0
0.83674 -0.0843435 0.0
0.826714 -0.00172873 0.0
0.861378 -0.0722304 0.0
1.00672 0.0204276 0.0
0.97164 -0.0278466 0.0
0.827863 -8.66937e-06 0.0
0.944346 -0.0524259 0.0
0.850221 0.0252825 0.0
1.00451 0.00094257 0.0
0.836575 0.00396344 0.0
0.948321 -0.0510881 0.0
0.669341 -0.0340577 0.0
0.828707 -0.000461737 0.0
0.906973 0.0780198 0.0
0.862844 -0.0806473 0.0
0.785568 -0.137703 0.0
0.795334 0.00718162 0.0
0.833268 0.0947919 0.0
1.01529 -0.0719462 0.0
0.82783 0.000243115 0.0
0.728529 -0.0862334 0.0
0.830428 -0.00124477 0.0
0.891154 0.0812274 0.0
0.950659 0.136655 0.0
0.815607 -0.000226024 0.0
0.848226 -0.0663875 0.0
0.912189 -0.00468412 0.0
0.776204 0.0922791 0.0
0.828958 0.000733903 0.0
0.845269 -0.0838242 0.0
0.844679 -0.0727101 0.0
0.828251 -1.43184e-08 0.0
0.828251 1.50354e-08 0.0
0.873695 0.0210722 0.0
0.90268 -0.0149205 0.0
0.703659 0.303313 0.0
0.969646 0.0491672 0.0
1.01382 -0.14313 0.0
0.716274 0.370456 0.0
1.02553 0.0802953 0.0
0.930955 -0.0586242 0.0
0.83187 -0.000451951 0.0
0.986205 -0.178497 0.0
0.850994 -0.0774934 0.0
0.970754 -0.0379165 0.0
0.961997 -0.020049 0.0
1.01485 0.0129649 0.0
0.896229 0.148407 0.0
0.990318 0.0339111 0.0
0.681922 -0.00413283 0.0
1.01326 -0.0351671 0.0
0.905699 -0.265427 0.0
0.788161 0.00731401 0.0
0.828249 4.55624e-07 0.0
0.823841 0.00183419 0.0
0.75581 -0.0962657 0.0
0.830159 0.0026025 0.0
1.04757 -0.0787925 0.0
0.828203 -2.61853e-06 0.0
0.97956 -0.204769 0.0
0.827189 -0.0887102 0.0
0.963133 -0.0839646 0.0
0.828112 4.66467e-05 0.0
0.827341 0.00209063 0.0
0.995817 -0.0380811 0.0
0.829011 0.293141 0.0
0.827444 -0.00179302 0.0
1.00771 -0.0776391 0.0
0.744985 -0.0863332 0.0
1.01058 -0.0308759 0.0
0.732093 -0.0103718 0.0
0.960158 -0.0444973 0.0
1.02218 0.0327426 0.0
0.934283 -0.0580964 0.0
1.02863 -0.00616305 0.0
0.861287 -0.0810003 0.0
0.76817 0.0992917 0.0
0.847226 -0.0402535 0.0
0.889894 -0.256115 0.0
0.888006 -0.055395 0.0
0.828692 -0.000581859 0.0
0.806861 0.0865861 0.0
0.605731 -0.00380473 0.0
0.736341 0.0691994 0.0
0.830975 -0.00185037 0.0
0.890751 -0.0758007 0.0
0.928719 -0.00570481 0.0
0.827803 3.51772e-05 0.0
0.887227 0.0838733 0.0
0.791597 0.0424367 0.0
0.951716 -0.0396755 0.0
0.827035 0.00286401 0.0
0.86766 0.0136501 0.0
0.901795 -0.0716743 0.0
0.957221 0.0546519 0.0
0.898171 0.0796035 0.0
0.800994 0.0141775 0.0
0.827964 -9.49072e-05 0.0
0.82719 0.000278694 0.0
0.995194 -0.0126936 0.0
0.917571 -0.0598996 0.0
0.830771 0.0739254 0.0
0.765714 -0.0612124 0.0
0.832845 0.00365557 0.0
0.994064 -0.0135366 0.0
0.797823 0.00691262 0.0
0.342911 0.117724 0.0
0.787686 0.0895308 0.0
1.01006 0.119013 0.0
0.758516 -0.0882268 0.0
1.02943 -0.0769018 0.0
0.773684 0.307657 0.0
0.824768 0.00450433 0.0
0.829019 0.00307962 0.0
0.796878 -0.0944696 0.0
0.828503 -0.000572957 0.0
1.03462 -0.0186145 0.0
0.771402 -0.0401834 0.0
0.760294 -0.0859606 0.0
0.751248 -0.047167 0.0
0.826222 -0.0889541 0.0
0.827374 0.00187832 0.0
0.674119 0.280373 0.0
0.999339 -0.0408045 0.0
0.566196 0.0624465 0.0
0.990725 -0.00453367 0.0
0.952559 -0.04861 0.0
0.672508 -0.338688 0.0
0.828553 0.0945283 0.0
0.818578 -0.0887642 0.0
1.00366 0.0209232 0.0
0.977769 -0.0302932 0.0
0.831684 -0.0112581 0.0
0.802418 0.010737 0.0
0.839639 -1.54665e-05 0.0
0.796262 0.0107014 0.0
0.979038 -0.0305801 0.0
0.800813 -0.00632581 0.0
0.68371 0.0182012 0.0
0.837582 0.131916 0.0
0.850996 0.0479817 0.0
0.688902 0.0529228 0.0
0.907931 -0.0682598 0.0
0.738168 0.0476103 0.0
0.925479 0.046563 0.0
0.699203 0.022572 0.0
0.829379 0.00824666 0.0
0.911156 0.0665618 0.0
0.839157 0.195015 0.0
0.817958 -0.00156835 0.0
0.939474 -0.0181793 0.0
0.799562 -0.00173658 0.0
0.953556 -0.109406 0.0
1.01278 0.122207 0.0
0.828251 -1.99596e-11 0.0
0.698057 0.0470934 0.0
0.971555 0.000334237 0.0
0.914042 0.0702191 0.0
0.7811 0.00628263 0.0
0.91289 0.087799 0.0
0.871039 0.078484 0.0
0.890751 0.0118843 0.0
0.93249 -0.0595094 0.0
0.777998 -0.167398 0.0
0.224272 -0.0376513 0.0
0.885511 -0.0252897 0.0
0.823274 0.00431291 0.0
1.0206 0.00411968 0.0
0.99527 -0.0112982 0.0
1.0091 -0.0654221 0.0
0.807524 0.0122595 0.0
0.911648 -0.0681767 0.0
0.932014 0.00644995 0.0
0.988037 -0.102496 0.0
0.959803 0.0140267 0.0
0.877838 0.0833787 0.0
0.915289 -0.230067 0.0
0.826157 0.0027569 0.0
0.828251 1.0692e-10 0.0
0.910621 -0.0614826 0.0
0.82825 1.00735e-06 0.0
0.827105 -0.000219552 0.0
0.80237 -0.0369472 0.0
0.817277 -0.089415 0.0
0.790646 -0.0954114 0.0
0.887617 -0.0701186 0.0
1.02493 -0.139846 0.0
0.829095 0.00364096 0.0
0.829144 0.071869 0.0
0.933787 -0.0585761 0.0
0.829276 0.00058519 0.0
0.952759 0.0361457 0.0
0.841156 0.0156311 0.0
0.786297 -0.0377456 0.0
0.969789 0.0484507 0.0
0.818203 0.00739726 0.0
0.840362 -0.265941 0.0
0.887254 0.0762706 0.0
0.854209 -0.0859376 0.0
0.827655 0.000272375 0.0
0.903957 -0.0602384 0.0
0.825138 -0.10307 0.0
0.815903 0.00344208 0.0
0.805685 -0.0573444 0.0
1.02878 -0.100374 0.0
0.726854 -0.00520134 0.0
1.01448 0.0825272 0.0
0.836382 0.0527934 0.0
0.828607 0.00163663 0.0
0.870927 -0.0728729 0.0
0.770667 0.0152539 0.0
0.928142 0.15493 0.0
0.855883 -0.0736925 0.0
0.913524 -0.058629 0.0
0.819867 0.0961893 0.0
0.839798 0.0943383 0.0
0.828387 0.00125512 0.0
0.973531 -0.0919193 0.0
0.259294 -0.263786 0.0
0.849801 -0.0854669 0.0
0.915429 -0.0607582 0.0
0.658606 0.388965 0.0
0.73418 -0.0823805 0.0
0.949088 -0.0500191 0.0
0.947973 0.0588073 0.0
0.831645 -0.0862735 0.0
0.977719 0.0428047 0.0
0.874609 -0.0651971 0.0
0.917246 -0.0505148 0.0
0.831121 0.00315038 0.0
0.830691 0.00218507 0.0
0.827598 0.000215145 0.0
0.828251 8.66972e-11 0.0
0.839568 -0.00398323 0.0
0.924813 -0.032019 0.0
0.943153 0.0460113 0.0
0.811211 0.000289652 0.0
0.886019 -0.267783 0.0
0.760883 0.055491 0.0
0.973952 -0.120269 0.0
0.797366 0.00398267 0.0
0.874698 -0.0799865 0.0
0.97415 -0.0322714 0.0
0.86265 0.0897528 0.0
0.985362 0.00803183 0.0
0.739493 0.0295859 0.0
0.668448 -0.0623147 0.0
0.747499 -0.096408 0.0
0.749027 -0.0783387 0.0
0.848622 0.0068761 0.0
0.685035 -0.0727957 0.0
0.923678 0.0822201 0.0
0.871304 0.00352975 0.0
0.825764 -0.0910624 0.0
1.01182 0.126843 0.0
0.937972 0.0403974 0.0
0.995465 -0.118365 0.0
0.82966 -0.00225839 0.0
0.833111 0.00486143 0.0
0.821101 -0.01126 0.0
0.868359 -0.0183401 0.0
0.842617 -0.0498349 0.0
0.926118 -0.0381306 0.0
0.828245 -1.14572e-06 0.0
1.00189 0.0791323 0.0
0.848937 -0.0758329 0.0
0.827545 -0.000210768 0.0
0.948467 -0.121075 0.0
0.786448 -0.0139749 0.0
0.872872 0.0855051 0.0
0.843253 -0.0522883 0.0
0.924638 0.0697626 0.0
0.827476 0.00143988 0.0
0.844854 0.00761926 0.0
0.827892 0.0196962 0.0
0.828251 -4.59801e-13 0.0
0.829 0.00158839 0.0
0.749095 -0.0963766 0.0
0.923829 0.0712966 0.0
0.128816 -0.0179239 0.0
0.868996 -0.0820247 0.0
0.832666 -0.00167715 0.0
1.01848 0.00597817 0.0
0.827136 -0.000147195 0.0
0.817667 0.00364421 0.0
0.828237 6.04647e-06 0.0
0.800678 0.0989301 0.0
0.82825 2.63915e-07 0.0
1.00771 -0.107139 0.0
0.805396 0.00660261 0.0
0.829073 -0.000217955 0.0
0.901245 0.0680275 0.0
0.906735 -0.0706051 0.0
0.765052 0.0120826 0.0
0.814823 -0.00253959 0.0
1.02578 0.0735042 0.0
0.95431 -0.0253923 0.0
0.903927 0.0678586 0.0
1.04343 -0.0427575 0.0
0.821565 0.000279341 0.0
0.115535 -0.0223694 0.0
0.794165 -0.031642 0.0
1.01713 0.0220783 0.0
0.828251 5.30698e-11 0.0
0.817169 -0.00909423 0.0
0.829084 -0.000648522 0.0
0.829874 -0.0034487 0.0
0.830291 -0.0309823 0.0
0.787472 -0.193977 0.0
0.92824 -0.0614542 0.0
0.856982 -0.117275 0.0
0.822692 -0.00469385 0.0
0.828251 2.15502e-09 0.0
0.757375 0.30241 0.0
0.828251 5.83603e-11 0.0
0.807638 0.00143003 0.0
0.82961 0.244549 0.0
0.802888 0.0762212 0.0
0.828876 0.000428335 0.0
0.836303 -0.187988 0.0
0.833878 -0.0385892 0.0
0.836452 -0.15525 0.0
0.866189 -0.0759307 0.0
0.913635 -0.0600366 0.0
0.828082 -6.85738e-05 0.0
0.739542 0.0221935 0.0
1.01614 0.0942774 0.0
0.863122 -0.0835105 0.0
0.966056 -0.0398749 0.0
0.80958 -0.0659705 0.0
0.82445 -0.00706146 0.0
0.857962 -0.067644 0.0
1.00959 -0.115944 0.0
0.855488 -0.163651 0.0
0.883465 -0.0702495 0.0
0.949201 0.0473076 0.0
0.82881 -0.000668296 0.0
0.941014 0.0625463 0.0
0.900929 -0.0719011 0.0
0.997531 0.0207137 0.0
0.944029 -0.0280154 0.0
0.946678 0.0483243 0.0
0.978038 0.047307 0.0
0.862619 -0.0743828 0.0
0.745453 -0.0883115 0.0
0.913695 0.238287 0.0
0.826805 0.00260303 0.0
0.874374 -0.0810698 0.0
1.02286 -0.113216 0.0
0.83955 0.0724975 0.0
0.778293 0.211133 0.0
0.944675 -0.0149872 0.0
0.813644 0.000799579 0.0
0.774873 -0.0945436 0.0
0.905634 0.0227301 0.0
0.803978 0.0391437 0.0
0.828265 0.000654514 0.0
0.7379 -0.0554902 0.0
0.82258 0.102061 0.0
0.826112 -0.00341941 0.0
0.996688 0.0150714 0.0
0.777002 -0.000685083 0.0
0.828251 1.98047e-09 0.0
0.908002 -0.00973955 0.0
0.814024 0.00594746 0.0
0.856658 -0.0458079 0.0
0.862733 0.0530993 0.0
0.828916 -0.000623434 0.0
0.880404 -0.0792809 0.0
1.02814 0.0716536 0.0
0.828251 6.15658e-10 0.0
0.828578 -0.000440537 0.0
0.923179 0.18385 0.0
0.993821 -0.104138 0.0
0.828845 -0.000524419 0.0
0.827131 -0.273372 0.0
0.829272 -0.000782139 0.0
0.830453 0.00374577 0.0
0.878712 -0.0789425 0.0
1.01983 -0.10375 0.0
0.852231 -0.0545579 0.0
0.790723 -0.0862013 0.0
0.926213 -0.0127458 0.0
0.930316 -0.254238 0.0
0.791364 -0.0954784 0.0
0.868021 0.0872721 0.0
0.829905 -0.0545214 0.0
0.732505 0.0913224 0.0
0.822509 0.00218974 0.0
0.888279 -0.0497626 0.0
0.782179 -0.064493 0.0
0.940147 -0.0439706 0.0
0.81181 0.0174236 0.0
0.824911 0.0101297 0.0
0.980575 -0.0284382 0.0
0.821608 0.0889239 0.0
0.823609 -0.081477 0.0
0.871903 0.0803987 0.0
0.836688 0.00809331 0.0
0.830488 -0.00212243 0.0
0.825683 0.0040847 0.0
0.991164 0.0331613 0.0
0.799167 0.0586205 0.0
0.815678 -0.00203854 0.0
0.213486 0.341027 0.0
0.828172 -2.27004e-05 0.0
0.741166 0.0669009 0.0
0.821927 -0.00481388 0.0
0.803689 -0.00533854 0.0
0.856247 0.0549627 0.0
0.861555 -0.0839411 0.0
0.822429 0.000673935 0.0
0.981081 0.10669 0.0
0.707937 -0.0841914 0.0
0.924137 0.0602934 0.0
0.781638 -0.047883 0.0
0.473798 -0.211893 0.0
0.828044 5.42635e-05 0.0
0.828251 1.06109e-09 0.0
0.981769 0.0488637 0.0
0.789245 0.0849131 0.0
0.898944 0.0529276 0.0
1.01111 0.00744693 0.0
0.944191 -0.0417338 0.0
0.909539 0.164915 0.0
1.03215 -0.0204956 0.0
0.69817 0.369908 0.0
0.769209 0.00381703 0.0
0.827724 2.40804e-05 0.0
0.821736 -0.081399 0.0
0.985686 -0.0944774 0.0
0.862754 0.014701 0.0
0.821151 0.00490997 0.0
0.812821 -0.0365408 0.0
0.827007 0.00356857 0.0
0.89872 0.0797599 0.0
0.919742 -0.255355 0.0
1.02532 0.0824147 0.0
0.969924 0.0429627 0.0
0.750536 -0.0335587 0.0
0.830742 -0.00135301 0.0
1.00042 0.0156624 0.0
0.816783 -0.0117609 0.0
0.647469 -0.32944 0.0
0.828251 -5.69027e-10 0.0
0.986035 -0.0756033 0.0
0.884935 0.0116479 0.0
0.871624 -0.2478 0.0
0.939988 -0.0545877 0.0
0.962915 -0.213464 0.0
0.773954 0.0581461 0.0
0.911416 -0.246964 0.0
0.753968 0.0485646 0.0
0.82511 0.00469468 0.0
0.846032 0.0929754 0.0
1.03032 -0.128641 0.0
0.820642 0.0019283 0.0
0.909658 -0.0641416 0.0
0.963253 -0.0159687 0.0
1.02407 0.0881899 0.0
0.912527 -0.0178587 0.0
0.828032 0.000495651 0.0
0.980804 -0.039715 0.0
0.82871 0.000718969 0.0
0.703912 0.00553625 0.0
0.827732 -0.000119609 0.0
0.936005 0.167619 0.0
0.954791 -0.102703 0.0
0.827801 0.000828766 0.0
0.836268 0.00182546 0.0
0.877865 -0.0791437 0.0
0.932218 0.0381138 0.0
0.867332 -0.0108586 0.0
0.88881 0.172658 0.0
0.828148 4.30102e-05 0.0
0.827914 0.000632703 0.0
1.01154 -0.000416354 0.0
0.974481 -0.0115231 0.0
0.844734 0.0724206 0.0
0.92819 0.044647 0.0
0.863928 -0.0704903 0.0
0.968317 -0.190762 0.0
0.907399 -0.0650984 0.0
0.789599 -0.0900464 0.0
1.00933 0.135908 0.0
1.02159 0.0352591 0.0
0.886642 0.067456 0.0
0.999971 0.105122 0.0
0.579826 0.136119 0.0
0.825324 -0.010516 0.0
0.849359 -0.0864173 0.0
0.825315 -0.0249017 0.0
0.813863 0.00244189 0.0
0.821623 0.00591444 0.0
0.732366 -0.0438224 0.0
0.896638 0.0104584 0.0
0.82786 -0.0908767 0.0
0.88423 0.194804 0.0
1.02486 -0.000912775 0.0
0.824148 0.00485045 0.0
0.828194 4.12148e-05 0.0
0.623493 -0.0179434 0.0
0.829572 -0.000749249 0.0
0.822144 0.010246 0.0
0.828251 -2.17487e-10 0.0
0.715581 -0.0149065 0.0
0.581421 0.198189 0.0
0.950119 -0.158054 0.0
0.974415 -0.0560042 0.0
1.02604 -0.00208701 0.0
0.893916 0.0430172 0.0
0.829219 0.0167291 0.0
0.835749 0.016447 0.0
0.836483 -0.0726544 0.0
0.996964 -0.0786066 0.0
0.76855 0.0489981 0.0
0.822191 -0.0156211 0.0
0.890705 -0.0521377 0.0
0.821824 -0.0611894 0.0
1.01472 0.0118903 0.0
0.917017 0.0390063 0.0
0.893954 -0.0730013 0.0
1.01017 -0.0832322 0.0
0.607886 -0.0878398 0.0
0.756844 -0.0963535 0.0
0.828251 -7.90203e-13 0.0
0.896898 -0.0656672 0.0
0.839704 -0.235165 0.0
0.745491 -0.044965 0.0
0.930242 -0.0605771 0.0
0.835962 0.00627637 0.0
0.914648 0.155718 0.0
0.791773 0.0572598 0.0
1.01554 0.0170503 0.0
0.877649 0.0784921 0.0
0.502191 0.0379894 0.0
0.79751 -0.114557 0.0
0.828187 1.37542e-05 0.0
0.837778 0.00244839 0.0
0.879655 -0.0789513 0.0
0.843269 0.289761 0.0
0.772816 -0.00324856 0.0
1.02282 0.0845604 0.0
1.0167 -0.102328 0.0
0.84459 -0.0640408 0.0
0.922161 -0.000668142 0.0
1.01439 0.0138398 0.0
0.696711 0.184223 0.0
0.883303 0.0634872 0.0
0.51187 0.164025 0.0
0.976584 0.174722 0.0
0.828251 1.13339e-09 0.0
0.821324 -0.092358 0.0
0.908391 0.018578 0.0
0.889177 -0.0757436 0.0
1.01679 0.11092 0.0
0.795971 -0.094362 0.0
0.838763 -0.0586096 0.0
0.91245 0.0704096 0.0
0.935105 -0.0118483 0.0
1.01289 0.129348 0.0
1.01228 0.124706 0.0
0.874828 -0.069513 0.0
0.782141 -0.0848541 0.0
0.81881 -0.0170523 0.0
0.817341 0.0969509 0.0
0.927587 0.0697154 0.0
0.832086 0.00863289 0.0
0.828251 -7.64378e-14 0.0
1.0183 0.10986 0.0
0.716611 0.0484209 0.0
0.981421 0.0114859 0.0
0.486842 0.291223 0.0
0.903857 -0.0431088 0.0
0.841478 -0.0869849 0.0
0.814818 -0.00251549 0.0
0.820636 0.0732241 0.0
0.850995 -0.0863861 0.0
0.727223 -0.0909109 0.0
1.01131 0.00731984 0.0
0.934967 0.0611035 0.0
0.761643 -0.0876106 0.0
0.828251 2.39847e-15 0.0
0.858409 -0.084128 0.0
0.875088 0.0789608 0.0
0.915252 0.0747065 0.0
0.827926 0.000777774 0.0
0.827667 -0.00155634 0.0
0.877325 -0.0802971 0.0
0.87919 0.0854217 0.0
0.828251 5.74058e-15 0.0
0.574244 0.167995 0.0
0.71271 0.0269588 0.0
0.827434 0.00176092 0.0
0.827416 0.00533099 0.0
0.954242 -0.0341846 0.0
0.742807 -0.0188381 0.0
0.854208 -0.108059 0.0
0.920537 -0.0647977 0.0
0.777301 -0.0196191 0.0
0.814258 0.00375078 0.0
0.858329 -0.0620472 0.0
0.940086 -0.0549255 0.0
0.882674 -0.0785141 0.0
0.805221 -0.00111283 0.0
0.828633 -0.000454521 0.0
0.836663 -0.0652836 0.0
0.999951 -0.144388 0.0
0.816012 -0.000113056 0.0
0.73593 0.00963447 0.0
0.836301 -0.00578731 0.0
0.922597 -0.063133 0.0
0.964789 0.0507321 0.0
0.89268 0.0648746 0.0
0.827977 0.000196494 0.0
0.933759 -0.0300484 0.0
0.953912 -0.0203278 0.0
0.927871 -0.0367397 0.0
0.620147 -0.14106 0.0
0.824765 0.00421498 0.0
0.833233 -0.00330701 0.0
0.840059 0.00367862 0.0
0.883719 0.0170903 0.0
0.827696 5.72443e-06 0.0
0.819577 0.00103657 0.0
0.857384 -0.0517512 0.0
1.04149 -0.0993261 0.0
0.740785 0.286851 0.0
0.828309 -0.000296819 0.0
0.870367 -0.0496226 0.0
0.999595 0.100641 0.0
0.85198 -0.0478946 0.0
1.00121 0.0265141 0.0
0.817692 0.00298743 0.0
0.823618 -0.00468503 0.0
0.856667 -0.0854592 0.0
0.828251 1.05232e-12 0.0
0.930271 -0.00113731 0.0
0.703997 -0.164281 0.0
0.828251 6.29672e-15 0.0
0.859048 0.0176713 0.0
0.817311 -0.0881864 0.0
0.780455 0.181966 0.0
1.00995 0.00421789 0.0
0.923051 0.0712358 0.0
0.786057 -0.0927695 0.0
0.830613 0.0948454 0.0
0.856124 0.0122782 0.0
0.837181 -0.078912 0.0
0.661659 -0.132492 0.0
0.831279 0.00351062 0.0
0.828251 -7.44359e-15 0.0
0.892409 0.0817751 0.0
0.827828 -0.0038651 0.0
0.847966 -0.0355905 0.0
0.952736 0.0447352 0.0
0.865813 0.00329067 0.0
0.74426 -0.0783843 0.0
0.947225 0.0602527 0.0
0.969741 -0.0366059 0.0
0.971448 -0.206164 0.0
0.866007 -0.272267 0.0
0.889907 -0.0454621 0.0
0.958964 -0.0305492 0.0
0.838235 -0.0461843 0.0
0.876909 0.0681787 0.0
0.902735 0.0506205 0.0
0.819375 0.0941351 0.0
0.828273 -0.000391542 0.0
0.988618 -0.0209929 0.0
0.833962 -0.0902631 0.0
0.77639 -0.00465603 0.0
0.79091 0.0686314 0.0
0.718529 0.0014533 0.0
0.76445 0.0710142 0.0
0.921947 -0.0559892 0.0
0.828251 4.12134e-08 0.0
0.827953 -0.000131864 0.0
0.908688 0.0573142 0.0
0.771099 -0.0298416 0.0
0.828251 7.0973e-15 0.0
0.878334 0.040216 0.0
0.715889 0.0360169 0.0
1.04435 -0.0692275 0.0
0.817228 0.00261061 0.0
0.867754 0.00706854 0.0
0.940094 0.060524 0.0
0.938953 -0.00152679 0.0
0.82782 0.0033775 0.0
0.830635 -0.00118765 0.0
0.888094 0.0088181 0.0
0.950506 0.0585087 0.0
0.931144 0.0211821 0.0
0.923455 0.0708819 0.0
0.928472 0.230962 0.0
0.828051 0.000614262 0.0
0.788121 -0.225945 0.0
0.828251 -5.28955e-12 0.0
1.00623 0.0192805 0.0
0.843983 -0.0876968 0.0
0.973082 -0.109327 0.0
0.862876 -0.0289866 0.0
0.878296 -0.0791455 0.0
0.89148 -0.0753554 0.0
0.828464 -0.000702131 0.0
0.825969 0.00195476 0.0
0.957003 0.0404558 0.0
1.00537 0.126043 0.0
0.844168 -0.0799724 0.0
1.02653 0.0718835 0.0
0.9014 0.0767826 0.0
0.827499 0.203767 0.0
0.903831 -0.0371692 0.0
0.828251 -1.26823e-14 0.0
0.828251 1.82437e-14 0.0
0.992233 0.0139993 0.0
0.994968 0.0274152 0.0
0.81394 -0.0801822 0.0
0.960959 -0.0434816 0.0
0.979648 0.00316293 0.0
0.900332 0.0770994 0.0
0.653782 0.238392 0.0
0.885871 -0.0695481 0.0
0.884233 0.0354946 0.0
0.938564 -0.0555434 0.0
0.94801 -0.0222421 0.0
0.685807 0.0417825 0.0
0.738131 0.00425317 0.0
1.00417 0.122271 0.0
0.833723 0.0010154 0.0
0.827408 0.000343535 0.0
0.816413 0.000278109 0.0
0.826917 0.00125378 0.0
0.781269 -0.0896848 0.0
0.924825 0.0675886 0.0
0.758802 -0.0319683 0.0
1.01928 0.0239321 0.0
0.974338 0.042383 0.0
0.78449 0.0673087 0.0
0.901806 -0.226525 0.0
0.897243 -0.0775188 0.0
1.02487 -0.0766189 0.0
0.745957 0.10658 0.0
0.836861 0.0123723 0.0
0.701296 -0.357524 0.0
0.845057 0.00621598 0.0
0.875751 0.154695 0.0
0.796182 0.0975111 0.0
0.984132 -0.124157 0.0
0.979479 -0.0290948 0.0
0.833377 0.238279 0.0
0.54846 -0.207249 0.0
0.92274 -0.0799773 0.0
0.878038 0.060234 0.0
0.877283 0.0150818 0.0
0.941608 0.00981402 0.0
0.835589 0.000824781 0.0
0.990531 -0.0185795 0.0
0.968166 -0.0377512 0.0
0.824798 0.0113013 0.0
1.0073 0.0198708 0.0
0.788018 -0.089339 0.0
0.868364 -0.0724568 0.0
0.814269 0.00207807 0.0
0.828251 -6.28929e-15 0.0
1.01916 0.0978519 0.0
0.845966 -0.08315 0.0
0.959432 -0.0452012 0.0
0.924798 0.0517463 0.0
0.907835 0.0742643 0.0
0.918478 -0.0576363 0.0
0.891589 0.0807658 0.0
0.858742 0.0905791 0.0
0.834161 0.0899832 0.0
0.632913 -0.278877 0.0
0.921395 0.0697413 0.0
0.865928 0.0871082 0.0
0.803165 -0.0941473 0.0
0.427232 0.302532 0.0
0.958739 -0.127913 0.0
0.852328 0.00174131 0.0
0.829655 0.000264875 0.0
0.694106 0.0275697 0.0
0.868013 -0.0821007 0.0
0.832544 0.0073205 0.0
0.426221 0.201983 0.0
0.81921 0.0493034 0.0
0.827783 -0.000590505 0.0
0.992303 0.032629 0.0
0.984101 -0.0293061 0.0
0.828284 -0.000302348 0.0
0.828206 -0.00119849 0.0
0.93524 -0.0433676 0.0
0.83561 0.0940625 0.0
0.949123 -0.0385655 0.0
0.917306 -0.0358485 0.0
0.82148 0.0169783 0.0
0.739338 -0.0263306 0.0
0.828251 -1.57845e-14 0.0
0.820864 0.0219626 0.0
1.02456 0.0491264 0.0
0.864173 -0.0194666 0.0
0.949547 -0.212643 0.0
0.826539 0.00429247 0.0
0.877427 -0.0684084 0.0
0.763462 0.0992038 0.0
0.919797 0.070249 0.0
0.828217 -1.62014e-05 0.0
1.00286 -0.000669736 0.0
0.796452 -0.047167 0.0
1.00414 0.0203161 0.0
0.827557 0.00104794 0.0
0.911322 0.0710429 0.0
0.898806 -0.0655814 0.0
0.815139 -0.00118213 0.0
0.363219 0.0277642 0.0
1.01697 -0.0142436 0.0
0.82923 -0.0031806 0.0
0.830515 -0.0011893 0.0
0.887976 -0.183979 0.0
0.84478 -0.00430153 0.0
0.840435 -0.0764163 0.0
1.01244 0.112965 0.0
0.82832 -0.000370835 0.0
0.853212 -0.0721591 0.0
0.818585 -0.00174852 0.0
0.822098 0.00211161 0.0
0.827738 0.000780763 0.0
0.868538 -0.00810608 0.0
0.908734 -0.0664182 0.0
0.843419 0.0666486 0.0
1.02688 0.0654786 0.0
0.741909 -0.157596 0.0
0.805408 0.0983951 0.0
0.828379 0.000685565 0.0
0.851834 0.0153559 0.0
0.448222 0.290184 0.0
1.00027 -0.121456 0.0
0.810125 -0.0803611 0.0
0.930531 -0.127527 0.0
1.01724 0.00645597 0.0
0.907422 0.0776655 0.0
0.828251 -3.35735e-12 0.0
0.836966 0.0898741 0.0
0.870269 -0.0822728 0.0
0.736432 0.215325 0.0
0.828251 -2.46225e-07 0.0
0.828176 0.093402 0.0
0.797195 0.0139458 0.0
0.831581 -0.0041044 0.0
0.842571 0.0908708 0.0
1.01476 -0.117055 0.0
1.01392 0.0413006 0.0
0.810379 0.0686425 0.0
0.838172 0.0072389 0.0
0.827038 0.00238509 0.0
0.828112 0.000489071 0.0
0.387829 -0.0881866 0.0
0.733238 0.053244 0.0
0.84602 -0.257323 0.0
0.828837 0.00027874 0.0
0.533381 0.0910668 0.0
0.635069 0.138847 0.0
0.983648 -0.16092 0.0
0.950705 0.153883 0.0
0.834874 0.0279266 0.0
0.814749 0.00308422 0.0
0.897843 0.00502904 0.0
0.811715 -0.00697377 0.0
0.706649 -0.0101611 0.0
0.660613 -0.0200985 0.0
0.883047 0.0848641 0.0
0.795968 0.0640892 0.0
0.818139 0.002579 0.0
0.951763 -0.184693 0.0
0.817671 0.036622 0.0
0.835104 0.0953087 0.0
0.836257 0.0916732 0.0
0.55095 -0.0262792 0.0
0.82783 0.00102087 0.0
0.889096 -0.0587921 0.0
0.777488 0.0988211 0.0
0.910953 0.0652853 0.0
0.833928 0.0039486 0.0
0.837841 0.00550338 0.0
0.866947 -0.0779658 0.0
0.982907 -0.154016 0.0
0.979553 -0.200112 0.0
0.956856 0.0497441 0.0
0.905288 0.0777391 0.0
0.964655 -0.0410865 0.0
0.902625 -0.0589547 0.0
0.95154 -0.0208663 0.0
0.832592 0.00622389 0.0
0.724487 0.0209292 0.0
0.794891 -0.246486 0.0
0.929134 0.225199 0.0
0.944854 -0.0939755 0.0
0.828208 2.02732e-05 0.0
0.98523 -0.00372235 0.0
0.87194 0.0563699 0.0
0.747114 -0.00653147 0.0
0.984927 -0.018838 0.0
0.979651 -0.0215042 0.0
0.864218 -0.0833623 0.0
0.890501 -0.0760016 0.0
0.828216 2.47045e-05 0.0
0.785119 0.0560182 0.0
0.828776 -2.26989e-05 0.0
0.828241 6.88138e-06 0.0
0.830806 0.00222699 0.0
0.689734 0.225232 0.0
0.76704 0.0600779 0.0
0.60452 0.196541 0.0
0.960965 -0.0436643 0.0
0.94595 -0.0522178 0.0
0.775976 -0.262173 0.0
0.854584 0.0895498 0.0
0.933988 0.0568184 0.0
0.763597 -0.0272803 0.0
0.963591 -0.0414835 0.0
0.828251 2.28916e-08 0.0
0.898885 0.0790916 0.0
0.830294 -0.00170056 0.0
0.943432 -0.0532308 0.0
0.7434 -0.0575835 0.0
0.821791 0.00556587 0.0
0.930901 -0.0595976 0.0
0.828251 -8.69855e-16 0.0
0.600837 0.0142395 0.0
0.771318 0.0798292 0.0
0.756211 -0.00958973 0.0
0.827839 -0.00342256 0.0
0.891294 -0.0757191 0.0
0.9579 0.0538728 0.0
0.828161 -6.25179e-05 0.0
0.994623 -0.0110732 0.0
0.786439 0.0230421 0.0
0.672558 -0.00749541 0.0
0.728813 -0.0923556 0.0
0.835847 -0.0699829 0.0
0.810653 0.0190156 0.0
0.850889 -0.176506 0.0
0.828202 -0.220697 0.0
0.894505 -0.0725699 0.0
1.02902 -0.00674958 0.0
0.74777 0.0580443 0.0
0.86721 0.173236 0.0
0.960861 -0.0443076 0.0
0.788821 -0.0633972 0.0
0.926603 0.0101904 0.0
0.808699 -0.0932725 0.0
0.832404 -0.0015284 0.0
0.851205 -0.0855682 0.0
0.828618 0.000635565 0.0
0.828244 -2.54196e-06 0.0
0.794735 -0.0225846 0.0
0.806824 -0.29329 0.0
0.663402 -0.287921 0.0
0.816095 0.00279541 0.0
0.828251 -7.61442e-11 0.0
0.861826 0.0199203 0.0
0.832666 -0.00118617 0.0
1.01164 0.0572771 0.0
0.996137 -0.0142971 0.0
0.882996 -0.0508242 0.0
0.974665 -0.0333655 0.0
0.952103 0.0424725 0.0
0.919082 -0.0336306 0.0
0.82226 0.00620514 0.0
0.893175 -0.0316534 0.0
0.619592 -0.307372 0.0
0.844637 0.0775005 0.0
0.867083 -0.0553329 0.0
0.816057 -0.00247861 0.0
1.01044 0.130895 0.0
0.925045 0.0411265 0.0
0.78544 -0.0763145 0.0
0.757329 -0.0828404 0.0
0.877064 -0.225385 0.0
0.987382 0.123447 0.0
0.748323 0.0679456 0.0
0.757752 0.0367012 0.0
0.828483 0.00356462 0.0
0.775707 -0.0691444 0.0
1.02463 -0.125832 0.0
0.966145 0.195401 0.0
0.826573 -0.00286448 0.0
0.836394 0.00109146 0.0
0.935455 -0.0578928 0.0
0.819637 0.087976 0.0
0.891403 -0.0677092 0.0
0.828259 -0.014467 0.0
0.802897 0.0108561 0.0
1.00316 0.119048 0.0
0.828664 0.000892737 0.0
0.923967 -0.045269 0.0
1.04585 -0.0521789 0.0
0.828695 0.000473916 0.0
1.01012 -0.157914 0.0
0.915684 0.0301254 0.0
0.846183 0.00538353 0.0
0.827983 -0.000125606 0.0
0.829012 0.000234392 0.0
0.81084 -0.00574125 0.0
0.811635 0.096462 0.0
0.84211 -0.00592812 0.0
0.872755 0.0850524 0.0
0.777087 0.022081 0.0
0.794164 -0.0503161 0.0
0.756601 -0.00987996 0.0
0.86419 0.0850293 0.0
0.756605 -0.0605307 0.0
0.86812 0.227447 0.0
0.837811 0.0149036 0.0
0.828607 0.00121646 0.0
0.82878 -0.000561904 0.0
0.836697 -0.0549034 0.0
0.836675 -0.0313481 0.0
0.98302 0.0270563 0.0
1.0037 -0.165474 0.0
0.825438 -0.00476885 0.0
0.838667 0.000182193 0.0
0.87929 -0.071298 0.0
0.724503 -0.0599929 0.0
0.901101 -0.0697691 0.0
0.979249 -0.0300547 0.0
0.828176 -0.000449426 0.0
1.014 0.0817368 0.0
0.78321 0.105209 0.0
0.853956 0.00963326 0.0
0.909038 0.0738226 0.0
0.763222 0.0881923 0.0
1.02035 0.00432913 0.0
1.00403 0.0284441 0.0
0.910205 -0.0659281 0.0
0.817779 -0.0137899 0.0
0.846722 0.217683 0.0
0.89425 -0.0570582 0.0
0.967063 0.0334014 0.0
0.828256 -0.000311048 0.0
0.816119 -0.091841 0.0
0.828051 -0.000157463 0.0
0.944367 -0.030471 0.0
0.849243 -0.0688395 0.0
0.85992 -0.0158926 0.0
0.83425 0.00173829 0.0
0.815497 -0.0917735 0.0
0.794223 -0.0927009 0.0
0.821187 0.0603263 0.0
0.902636 -0.069454 0.0
0.878064 0.0230869 0.0
0.86388 0.0810398 0.0
1.01536 0.0143416 0.0
0.973328 -0.031759 0.0
0.935896 0.0158442 0.0
0.788959 -0.00729324 0.0
0.830009 -0.000775262 0.0
0.793786 0.0860572 0.0
0.833503 0.0943143 0.0
0.872217 0.0767611 0.0
0.94081 0.0446372 0.0
0.880296 0.0650888 0.0
0.93795 0.0614484 0.0
0.834347 -0.00119356 0.0
0.953693 -0.0482304 0.0
0.810338 0.317822 0.0
0.776577 0.000635839 0.0
0.832538 -0.0854194 0.0
0.967989 0.0393449 0.0
0.828077 -0.000314699 0.0
0.957993 -0.230395 0.0
0.978106 0.0423689 0.0
0.869415 0.0202927 0.0
0.989871 0.035267 0.0
0.835749 0.00154597 0.0
0.862101 0.0860292 0.0
0.868948 0.0511946 0.0
0.922196 -0.0639628 0.0
0.824477 -0.00424366 0.0
0.826151 -0.0506062 0.0
0.827518 0.000806351 0.0
0.828135 -4.46827e-05 0.0
0.834579 -0.0217632 0.0
0.757775 -0.0753527 0.0
0.722464 0.0527274 0.0
0.781458 0.0766162 0.0
0.928434 -0.0220865 0.0
0.829356 0.0269708 0.0
0.856102 0.0892707 0.0
0.831899 -0.0882159 0.0
1.00488 0.135658 0.0
0.332532 -0.28279 0.0
1.03524 -0.01838 0.0
0.774801 -0.0117319 0.0
0.986988 -0.0170511 0.0
0.819564 0.00683868 0.0
0.83993 -0.0889036 0.0
0.947671 0.0585269 0.0
1.02368 0.0995062 0.0
0.82832 0.00152013 0.0
0.8396 0.179921 0.0
0.825239 0.00226967 0.0
0.827941 -0.000782916 0.0
0.915892 -0.114672 0.0
0.824211 -0.00228135 0.0
0.884939 -0.0763644 0.0
0.929167 -0.0608062 0.0
1.00816 -0.0258381 0.0
0.824537 -0.00524088 0.0
0.996929 -0.174138 0.0
0.824136 0.00160588 0.0
0.952804 0.0353005 0.0
1.0026 -0.0310891 0.0
0.585881 -0.216243 0.0
0.824903 0.000814692 0.0
0.860279 0.0118737 0.0
0.891393 -0.065238 0.0
0.627713 0.237446 0.0
0.870189 -0.081891 0.0
0.823704 -0.073325 0.0
0.828813 -0.00045544 0.0
0.413931 0.140592 0.0
0.797677 0.0988746 0.0
0.964107 -0.055815 0.0
0.879604 -0.0781225 0.0
0.800009 0.00262519 0.0
0.823467 -0.00281399 0.0
0.814869 0.0117606 0.0
0.876317 -0.0725662 0.0
0.960478 -0.0280263 0.0
0.791595 0.0135341 0.0
0.771549 -0.0157841 0.0
0.885857 0.0752516 0.0
0.839911 0.093942 0.0
0.934593 -0.0584918 0.0
0.91059 -0.0495553 0.0
0.892092 -0.0613606 0.0
0.80231 -0.0940408 0.0
0.864566 -0.0398971 0.0
0.755664 -0.0957287 0.0
0.837548 0.00358071 0.0
0.817808 0.0190792 0.0
0.912123 -0.00357458 0.0
0.770079 -0.0687898 0.0
0.828329 -0.000339931 0.0
0.760106 0.0229113 0.0
0.828395 -0.000790451 0.0
0.948993 -0.233098 0.0
0.835288 0.0130098 0.0
0.932729 0.0617177 0.0
0.878876 0.0296569 0.0
0.996428 -0.0111339 0.0
0.780479 -0.0188475 0.0
0.776413 0.0803736 0.0
0.798612 -0.0945202 0.0
0.896594 -0.271523 0.0
0.930679 -0.0585035 0.0
0.924163 0.0711014 0.0
1.02462 0.0468535 0.0
0.906211 0.0773972 0.0
0.857135 -0.085477 0.0
1.01768 -0.15101 0.0
0.66037 0.0243156 0.0
0.922876 0.135169 0.0
0.830249 -0.000825182 0.0
0.813655 -0.0229088 0.0
0.807162 0.0853473 0.0
0.993739 0.13117 0.0
0.8506 -0.0787743 0.0
0.952018 0.010807 0.0
0.928592 -0.0191615 0.0
0.817523 -0.000306973 0.0
0.858196 0.0462108 0.0
0.832238 0.0490693 0.0
0.74652 -0.005219 0.0
0.89544 -0.0946116 0.0
0.84125 0.07854 0.0
0.828439 -0.000527989 0.0
0.884806 -0.0769606 0.0
0.978721 0.025539 0.0
0.984334 -0.0242957 0.0
0.828042 -0.000646157 0.0
0.98366 0.00517231 0.0
0.993484 0.154501 0.0
0.957134 0.0553855 0.0
0.983956 -0.0243401 0.0
0.825786 -0.0272054 0.0
0.770464 -0.0885498 0.0
0.828169 -0.000369126 0.0
0.828251 5.95231e-10 0.0
0.814276 -3.17589e-05 0.0
0.883463 0.222902 0.0
0.843476 -0.0876238 0.0
0.831894 -0.00242605 0.0
0.76728 -0.0190499 0.0
0.828386 -0.000383994 0.0
0.82904 -0.0467948 0.0
1.01849 -0.0198889 0.0
1.00719 0.137582 0.0
0.797558 0.0432254 0.0
0.886363 0.101093 0.0
0.989917 -0.0536557 0.0
0.716652 0.0292091 0.0
0.923889 -0.057183 0.0
0.825148 0.00238952 0.0
0.829229 0.0939332 0.0
0.826068 0.000517181 0.0
0.866318 0.0808154 0.0
0.761304 0.0774367 0.0
1.02671 0.0691813 0.0
0.790787 -0.0950239 0.0
1.00907 0.00552452 0.0
0.847546 0.0167474 0.0
0.795115 0.246939 0.0
0.936842 -0.215595 0.0
0.903111 -0.0718713 0.0
0.822772 -0.000124531 0.0
0.753493 0.0848496 0.0
0.71791 0.0555105 0.0
0.84533 -0.00235918 0.0
0.828488 -0.000616678 0.0
0.807165 0.0781323 0.0
0.828249 -1.44185e-06 0.0
0.974741 0.0856498 0.0
0.828251 1.84258e-14 0.0
0.828251 2.78259e-10 0.0
0.771259 -0.235239 0.0
0.828563 -0.000444594 0.0
0.719408 -0.086089 0.0
0.829449 -0.000876816 0.0
0.812305 -0.00255733 0.0
0.793323 0.0126921 0.0
0.830435 0.0347644 0.0
0.807608 -0.00598629 0.0
0.886758 -0.0767843 0.0
0.817948 0.000579091 0.0
0.792935 -0.095656 0.0
0.814165 0.0146046 0.0
0.828011 -0.000108535 0.0
0.818403 0.0027553 0.0
0.828453 -0.00056209 0.0
0.979517 -0.0294573 0.0
0.82082 0.0797229 0.0
0.840321 -0.0883274 0.0
0.761708 0.0932941 0.0
0.972074 0.046139 0.0
0.921438 -0.0633864 0.0
0.815598 -0.0905469 0.0
0.921514 0.0531607 0.0
0.85425 -0.0177118 0.0
0.787485 -0.0819604 0.0
0.961307 -0.0414745 0.0
0.920847 -0.0636289 0.0
0.818359 -0.00254682 0.0
0.81789 -0.00613787 0.0
0.690055 -0.0385549 0.0
0.801303 0.0210054 0.0
0.776427 0.0502108 0.0
0.475518 0.0718902 0.0
0.905596 0.244808 0.0
0.957872 0.0488743 0.0
0.927923 -0.199633 0.0
0.885058 -0.0325775 0.0
0.88794 -0.075023 0.0
0.810042 0.00237205 0.0
0.830703 -0.00093472 0.0
0.828303 -0.000521103 0.0
0.778517 -0.087693 0.0
0.891197 -0.0485537 0.0
0.825053 -0.000681017 0.0
0.962061 0.197864 0.0
0.966419 -0.039859 0.0
0.734484 -0.0920499 0.0
0.855149 0.0184925 0.0
0.913828 -0.0487571 0.0
0.391692 0.0299124 0.0
0.759212 -0.0610852 0.0
0.826375 -0.0779223 0.0
0.938766 0.0608114 0.0
0.866468 -0.0126741 0.0
0.894485 0.0814719 0.0
0.90655 -0.0561545 0.0
0.956168 -0.0320987 0.0
0.966467 -0.208733 0.0
0.826787 -0.00334203 0.0
0.788724 0.0272116 0.0
0.828192 -1.20307e-05 0.0
0.828403 -0.00049197 0.0
0.748171 0.0135224 0.0
0.932537 0.0626029 0.0
0.997624 0.0234637 0.0
0.7864 0.133462 0.0
0.992771 0.0180609 0.0
0.823238 0.00128485 0.0
0.880931 -0.0787709 0.0
0.832711 0.0848954 0.0
0.922973 -0.0634522 0.0
1.00625 0.137787 0.0
0.120637 0.167782 0.0
0.890037 0.184953 0.0
0.822465 0.00537348 0.0
0.73763 -0.0199093 0.0
0.932396 -0.046505 0.0
0.682936 -0.171056 0.0
0.82931 -0.000410324 0.0
0.746417 -0.000327179 0.0
0.882318 -0.0752762 0.0
0.828251 3.80286e-11 0.0
0.820913 -0.000134309 0.0
1.00021 0.135 0.0
0.828226 -6.07622e-06 0.0
0.715699 0.231481 0.0
0.761498 -0.0801809 0.0
0.735618 0.0927169 0.0
0.893258 0.0100312 0.0
0.988584 0.0163417 0.0
0.827647 6.48175e-05 0.0
1.01291 0.0489115 0.0
0.965693 0.00518213 0.0
1.00894 0.0523974 0.0
0.850077 -0.0849649 0.0
0.928772 -0.0613463 0.0
0.725134 -0.0239184 0.0
0.750079 -0.0855756 0.0
0.758873 -0.128228 0.0
0.844674 0.281612 0.0
0.743162 0.0979145 0.0
0.835317 0.0104204 0.0
0.766247 -0.0944153 0.0
0.830828 0.00183816 0.0
0.988909 -0.019145 0.0
0.800721 0.0349963 0.0
0.92721 -0.237881 0.0
0.927089 0.124506 0.0
0.828251 -1.69457e-11 0.0
0.892845 -0.0269118 0.0
0.940558 0.0620854 0.0
0.827392 3.47696e-05 0.0
0.827903 -0.000182158 0.0
0.695418 -0.266875 0.0
0.8386 0.000912905 0.0
0.86975 0.0286213 0.0
0.920694 0.0551036 0.0
0.982167 0.011797 0.0
0.819565 -0.087164 0.0
0.820814 -0.0923313 0.0
0.909994 0.0738767 0.0
0.799676 0.0965928 0.0
0.828421 -0.000651128 0.0
0.956046 -0.0130696 0.0
0.828251 3.68642e-12 0.0
0.833316 0.00316087 0.0
0.481511 -0.169729 0.0
0.819813 0.0956947 0.0
0.830065 -0.000966941 0.0
0.826648 -0.00142906 0.0
0.82284 -0.00525692 0.0
0.823642 -0.00414122 0.0
0.813684 0.166391 0.0
0.71221 0.0333663 0.0
1.01547 0.0950348 0.0
0.898515 -0.0356548 0.0
0.754151 0.251343 0.0
0.754347 0.0784459 0.0
0.831308 0.0162565 0.0
0.79567 -0.060028 0.0
0.976697 -0.170995 0.0
0.398882 0.194045 0.0
0.779147 0.0914981 0.0
0.743865 0.0155844 0.0
0.815793 0.00444097 0.0
0.827985 -0.00435917 0.0
0.87329 -0.0631762 0.0
0.795838 0.0805693 0.0
0.9463 -0.0514596 0.0
0.783501 -0.0189305 0.0
0.823872 0.00623188 0.0
0.819191 -0.0125754 0.0
0.828405 -0.00056911 0.0
0.826453 0.0158542 0.0
0.829973 0.00482519 0.0
0.865437 0.0751052 0.0
0.815365 0.00460256 0.0
0.775403 0.0956616 0.0
0.812548 -0.0754894 0.0
0.870719 -0.0995841 0.0
0.759467 -0.0967556 0.0
1.02222 -0.00798452 0.0
0.899124 -0.0327067 0.0
0.829924 -0.000450205 0.0
0.872024 -0.014667 0.0
0.894403 -0.0749263 0.0
0.919642 0.233904 0.0
0.993184 0.150011 0.0
0.980347 -0.15013 0.0
0.802682 -0.0475642 0.0
0.847266 0.0495066 0.0
0.952917 -0.216918 0.0
0.890626 -0.0758669 0.0
0.828241 -4.27526e-06 0.0
1.02078 0.02961 0.0
1.02413 0.0510453 0.0
0.826269 0.00296809 0.0
0.835973 0.147446 0.0
0.879652 0.00604023 0.0
1.0177 0.114618 0.0
0.819462 0.00479757 0.0
0.796874 -0.0811085 0.0
0.992414 0.066969 0.0
1.00734 -0.00141239 0.0
0.799818 -0.0754325 0.0
0.839764 0.0187481 0.0
0.996427 -0.0522997 0.0
0.373903 0.125865 0.0
0.853045 0.0914464 0.0
0.907238 -0.0700208 0.0
0.793851 -0.0785416 0.0
0.856454 -0.0755302 0.0
0.8283 -0.00155656 0.0
0.79702 0.0215585 0.0
0.801875 0.092602 0.0
0.771615 0.0679528 0.0
0.640791 -0.134205 0.0
0.828103 4.47352e-05 0.0
0.773197 0.00310555 0.0
0.962712 -0.0131209 0.0
0.937594 0.0362223 0.0
0.871987 -0.0747087 0.0
0.831649 -0.00125381 0.0
0.828251 -1.82495e-14 0.0
0.831827 -0.00213534 0.0
0.833541 0.00761927 0.0
0.821055 -0.00426713 0.0
0.842113 -0.0329088 0.0
0.609339 -0.244576 0.0
0.991859 0.0620655 0.0
0.896956 0.0800937 0.0
0.82817 -3.82313e-05 0.0
1.02523 -0.113333 0.0
0.81642 -0.0908924 0.0
1.01474 0.0116685 0.0
0.832305 0.0149952 0.0
0.931929 0.058238 0.0
0.812422 0.148696 0.0
0.8227 -0.0923649 0.0
0.964928 -0.164701 0.0
0.864385 0.0373142 0.0
0.828192 -3.33834e-05 0.0
0.76805 0.0985578 0.0
0.835145 -0.0901247 0.0
0.828251 2.96921e-14 0.0
0.877248 -0.0665584 0.0
0.963673 -0.0415417 0.0
0.967438 -0.140742 0.0
0.819409 -0.000107268 0.0
0.816349 0.00247718 0.0
0.925083 0.0583902 0.0
0.82646 0.00353882 0.0
0.820181 -0.0923677 0.0
0.820422 -0.0196047 0.0
0.785167 -0.33515 0.0
0.804718 -0.0232007 0.0
0.890807 -0.0123927 0.0
0.828913 0.00108467 0.0
0.771489 -0.0583521 0.0
0.833991 -0.00263323 0.0
0.903894 -0.0569099 0.0
0.959057 -0.0427625 0.0
0.980837 0.157154 0.0
0.828525 0.00179455 0.0
0.890131 -0.0761427 0.0
0.846285 0.0926946 0.0
0.828248 -1.1635e-06 0.0
0.82532 0.00838801 0.0
0.828474 -0.00182362 0.0
0.826467 -0.0022876 0.0
0.757817 -0.0756305 0.0
0.828251 -1.25235e-08 0.0
0.764667 0.0223763 0.0
0.963204 0.120413 0.0
0.832067 -0.000979898 0.0
0.828943 -0.00129025 0.0
0.732211 0.076618 0.0
1.02542 0.0436081 0.0
0.753883 -0.266338 0.0
0.905946 0.197784 0.0
0.819157 0.00311249 0.0
0.823913 0.00497082 0.0
0.832116 -0.0631916 0.0
1.00361 0.114824 0.0
0.624479 -0.100823 0.0
0.969982 -0.0368223 0.0
0.958454 0.0548191 0.0
0.836877 -0.130267 0.0
0.829546 0.00290993 0.0
1.01692 0.0216392 0.0
0.820655 -0.00726671 0.0
0.50509 -0.366369 0.0
0.783018 -0.0916375 0.0
0.828366 -0.000463803 0.0
1.0258 -0.13808 0.0
0.818272 -0.050241 0.0
0.950547 0.0507952 0.0
0.903241 0.0139016 0.0
0.949992 -0.0486475 0.0
0.829311 0.0012778 0.0
1.02127 0.0315955 0.0
0.824858 0.00306482 0.0
0.823938 0.066791 0.0
0.96292 -0.0417538 0.0
0.989758 0.0185151 0.0
1.03118 -0.0109341 0.0
0.828251 1.15403e-11 0.0
0.807459 -0.0347084 0.0
0.869732 -0.0823824 0.0
0.888856 -0.0739762 0.0
0.978069 0.00810303 0.0
0.846181 -0.0792511 0.0
0.897958 -0.146134 0.0
0.752203 -0.0970654 0.0
0.828242 -3.98039e-06 0.0
0.746802 -0.0954616 0.0
1.02058 -0.107691 0.0
0.878726 0.0824091 0.0
0.857941 0.0400036 0.0
0.828707 0.000917661 0.0
0.838349 0.0113197 0.0
0.806583 0.0628695 0.0
0.784584 -0.0916814 0.0
1.02788 0.0707778 0.0
0.828322 0.00148775 0.0
0.70041 -0.0581352 0.0
0.987207 0.115158 0.0
0.880114 0.0843845 0.0
0.828499 -0.000452639 0.0
0.9906 -0.136379 0.0
0.828879 -0.000619043 0.0
0.882641 -0.0467968 0.0
0.845181 -0.021456 0.0
1.01479 -0.0167885 0.0
0.828251 -9.09402e-09 0.0
1.02621 0.073895 0.0
0.824853 -0.0780674 0.0
0.88133 0.0268653 0.0
0.903526 -0.213614 0.0
1.00292 0.109844 0.0
0.733373 -0.0936365 0.0
0.790079 0.098016 0.0
0.831704 -0.0280112 0.0
0.857826 -0.0661879 0.0
0.802361 0.0530522 0.0
0.828251 1.03913e-07 0.0
0.888065 -0.00842479 0.0
0.905145 -0.0692583 0.0
1.00136 0.142903 0.0
1.00892 0.128706 0.0
1.01138 0.00804453 0.0
0.611597 0.355992 0.0
0.83023 -0.00153587 0.0
0.810691 -0.0922729 0.0
0.753585 -0.0834471 0.0
0.825753 -0.00851503 0.0
0.805008 -0.00427957 0.0
0.715633 -0.21537 0.0
0.930547 -0.0603192 0.0
1.00194 0.0886524 0.0
0.97426 0.00700135 0.0
0.824083 -0.0220479 0.0
0.83641 0.00407712 0.0
0.574715 -0.056997 0.0
0.964458 0.0773119 0.0
0.826554 0.00410918 0.0
0.902836 0.0789671 0.0
0.818482 0.0954907 0.0
0.946427 -0.0517817 0.0
0.83314 0.00139216 0.0
0.826536 -0.00135627 0.0
0.925602 -0.0271648 0.0
0.942092 0.0619937 0.0
0.807045 -0.0437113 0.0
0.96824 0.0432367 0.0
0.740253 -0.0740337 0.0
0.82763 -0.00124215 0.0
0.980182 0.180142 0.0
0.968096 0.171792 0.0
0.828251 1.89413e-12 0.0
0.820648 0.00151445 0.0
0.827985 0.000255839 0.0
0.70607 -0.0304283 0.0
0.780565 0.0470396 0.0
1.01171 0.0149696 0.0
0.816189 0.0583955 0.0
0.844025 0.0145079 0.0
0.964435 -0.203699 0.0
0.904264 -0.00874271 0.0
0.941214 -0.0545278 0.0
0.823775 0.00158369 0.0
0.837842 -0.00600253 0.0
1.0186 0.00707194 0.0
0.874785 0.0662514 0.0
0.842828 -0.0864802 0.0
0.861533 -0.0131865 0.0
0.803458 -0.0199933 0.0
0.833463 -0.0903628 0.0
0.962415 -0.0746368 0.0
1.00792 -0.130324 0.0
0.765829 0.100556 0.0
0.782092 -0.0684745 0.0
0.843471 0.0331733 0.0
0.90155 -0.0717833 0.0
0.880963 0.0191464 0.0
0.997219 0.147689 0.0
0.810689 0.00541043 0.0
0.835676 -0.00497445 0.0
0.982416 0.0709258 0.0
0.871354 -0.0821422 0.0
0.942712 -0.0535509 0.0
0.72864 0.122272 0.0
0.644418 0.15804 0.0
0.911955 -0.0678052 0.0
0.939998 0.0637741 0.0
0.732871 -0.191632 0.0
0.813939 0.00890847 0.0
0.88805 -0.0727586 0.0
0.917012 0.0566041 0.0
0.828249 5.40515e-07 0.0
0.876108 0.0439753 0.0
0.92465 -0.0620653 0.0
0.673292 0.0806563 0.0
0.797726 -0.0197155 0.0
1.00726 -0.029041 0.0
0.952963 -0.224732 0.0
0.938866 -0.0630907 0.0
1.00389 0.140469 0.0
0.813225 0.0768248 0.0
0.676994 -0.23009 0.0
0.828227 -6.56945e-06 0.0
0.79552 -0.0874323 0.0
0.873464 -0.0166491 0.0
1.01369 0.107156 0.0
0.774902 0.300213 0.0
0.883341 -0.075917 0.0
0.808073 0.0951487 0.0
0.980644 0.0354918 0.0
0.828251 -2.80131e-13 0.0
0.814525 0.00177709 0.0
1.00811 0.00334814 0.0
0.908854 0.0350142 0.0
0.835346 0.0895359 0.0
0.9085 -0.0248459 0.0
0.748277 0.0923069 0.0
0.820328 0.00490116 0.0
0.894278 0.0500166 0.0
0.727213 -0.0566276 0.0
0.83164 -0.00160642 0.0
0.796325 -0.0364786 0.0
0.826664 -0.0905012 0.0
1.04174 -0.0903921 0.0
0.893267 -0.0726638 0.0
0.986197 0.024311 0.0
0.838015 0.0550967 0.0
0.798005 -0.0691927 0.0
0.816124 0.000809548 0.0
0.839835 -0.088181 0.0
1.02195 -0.124105 0.0
0.793158 -0.0932887 0.0
0.889103 0.0821526 0.0
0.904902 -0.0863445 0.0
0.555411 -0.0742612 0.0
0.820845 0.00448634 0.0
0.985244 -0.183234 0.0
0.789705 -0.0592904 0.0
0.844466 -0.0772795 0.0
0.722559 -0.0803025 0.0
0.933999 -0.0376771 0.0
0.801375 -0.0805437 0.0
0.880603 0.0437263 0.0
0.795748 -0.0278556 0.0
0.816191 -0.00323663 0.0
0.885611 -0.0754632 0.0
0.915799 0.0745105 0.0
0.827597 -0.000664045 0.0
1.04476 -0.0877538 0.0
0.828251 3.81027e-15 0.0
0.858452 0.0660757 0.0
0.747894 0.283245 0.0
0.829336 -0.000901237 0.0
0.799887 0.0302349 0.0
0.934457 -0.145356 0.0
0.749164 -0.0694642 0.0
0.907536 0.0554102 0.0
0.762911 -0.0226684 0.0
0.827901 -0.00029951 0.0
0.919949 0.0720995 0.0
0.780834 0.0821355 0.0
0.847887 0.0633941 0.0
0.93438 -0.058216 0.0
0.826491 0.0101139 0.0
0.818961 0.00379297 0.0
0.829253 1.26055e-05 0.0
1.00914 0.115158 0.0
0.816936 -0.00465948 0.0
0.774794 0.027561 0.0
0.893441 -0.0751486 0.0
0.817096 0.00194109 0.0
0.729234 -0.0344816 0.0
0.828097 -0.000237655 0.0
1.00615 0.0191462 0.0
0.629495 -0.0781266 0.0
0.832615 -0.0600033 0.0
0.899895 -0.16607 0.0
0.783522 0.0346728 0.0
0.894451 -0.0749419 0.0
0.828326 -0.000436968 0.0
0.926916 0.0673648 0.0
0.818971 0.308963 0.0
0.864725 -0.0828967 0.0
0.81574 -0.032923 0.0
0.974161 -0.00554736 0.0
0.791608 -0.0043119 0.0
0.929311 -0.061144 0.0
1.02731 0.062201 0.0
0.778756 0.0965122 0.0
0.818074 0.00505808 0.0
0.828291 -0.000436321 0.0
0.783085 0.0209021 0.0
0.895424 0.0804106 0.0
0.881528 -0.235266 0.0
0.900721 -0.0418803 0.0
0.828478 -0.00215372 0.0
0.855251 0.0891949 0.0
0.983542 0.0255347 0.0
0.831247 0.0895106 0.0
0.83768 -0.0201288 0.0
0.697573 -0.0460162 0.0
0.839367 -0.0685419 0.0
0.984916 -0.187815 0.0
0.827121 -0.000891012 0.0
1.00966 0.132359 0.0
0.776276 0.0700905 0.0
0.798134 -0.0150723 0.0
0.775031 -0.0834191 0.0
0.827387 0.00100485 0.0
0.862687 -0.0837846 0.0
0.815122 -0.00163631 0.0
0.816507 0.0015972 0.0
0.823658 -0.00431976 0.0
0.893609 -0.00163441 0.0
0.57678 -0.360062 0.0
0.826212 -0.0567582 0.0
0.805558 0.0245282 0.0
0.921615 -0.0640649 0.0
0.828262 -0.000378102 0.0
0.718992 0.192016 0.0
0.754626 0.0122191 0.0
0.748765 -0.234943 0.0
0.779932 -0.0798699 0.0
0.815026 0.094372 0.0
1.03358 -0.0941099 0.0
0.891214 0.0398588 0.0
0.885176 -0.214801 0.0
1.01043 0.0160135 0.0
0.872033 0.139529 0.0
0.745411 0.0920211 0.0
0.828414 -0.00129626 0.0
0.907076 0.0772226 0.0
0.750888 -0.0963428 0.0
1.00159 0.0264921 0.0
0.793739 0.0744804 0.0
0.79473 0.00553057 0.0
0.83832 0.0932821 0.0
0.91173 -0.23749 0.0
0.816781 -0.076807 0.0
0.827886 -7.76703e-05 0.0
0.871432 0.0877931 0.0
0.890823 -0.0731673 0.0
0.971216 -0.00943866 0.0
0.824334 -0.00158653 0.0
1.04604 -0.0757549 0.0
0.859198 0.0749059 0.0
0.815092 0.00717494 0.0
0.993778 0.0933486 0.0
0.87816 -0.00602454 0.0
0.822135 0.00702971 0.0
0.708855 -0.112393 0.0
0.802459 -0.0935492 0.0
0.824461 0.00499268 0.0
0.84829 0.0137514 0.0
0.800859 0.0945696 0.0
0.88396 -0.0812792 0.0
0.847486 0.0575325 0.0
0.643973 -0.212382 0.0
0.832943 -0.0904511 0.0
0.860582 -0.0770929 0.0
0.927199 -0.0558373 0.0
0.837471 -0.0773907 0.0
0.983468 -0.0646503 0.0
0.827789 -0.000113861 0.0
0.838844 0.0259698 0.0
0.917806 -0.0633943 0.0
0.922555 0.0577863 0.0
0.423597 0.116193 0.0
0.820042 -0.0845482 0.0
0.613754 0.0774616 0.0
1.0167 0.0175803 0.0
1.03015 -0.0216807 0.0
0.974849 0.129942 0.0
0.815399 0.00270306 0.0
0.672313 0.090069 0.0
0.826199 -0.0670784 0.0
0.828549 -0.0906388 0.0
0.775944 -0.106053 0.0
0.996222 0.00606737 0.0
0.99135 -0.0133346 0.0
0.811917 0.00312474 0.0
0.891892 0.0697489 0.0
0.829978 0.045461 0.0
0.919573 0.0515555 0.0
0.97711 -0.178557 0.0
0.828414 -0.0911991 0.0
0.858548 -0.0212723 0.0
0.848702 -0.0859479 0.0
1.01686 0.00973436 0.0
0.815661 -0.0865829 0.0
1.01559 0.014677 0.0
1.00014 -0.00593397 0.0
0.785325 -0.0212008 0.0
1.02657 0.0829616 0.0
0.989594 -0.0211624 0.0
0.586173 0.0367268 0.0
0.926501 0.109284 0.0
0.829093 -0.000743227 0.0
0.8697 -0.08172 0.0
0.996837 0.152191 0.0
0.833562 -0.076687 0.0
0.644994 0.109406 0.0
0.852082 0.082369 0.0
0.962661 0.0677377 0.0
0.828054 -0.000591323 0.0
0.828144 -0.00023995 0.0
0.798888 -0.00879143 0.0
0.961947 -0.0431242 0.0
1.00851 0.0437276 0.0
0.876077 -0.0431745 0.0
0.828316 -0.000568111 0.0
0.879417 -0.135253 0.0
0.961902 -0.0490114 0.0
0.867401 -0.0646633 0.0
0.975274 0.0634332 0.0
0.819929 0.00541113 0.0
0.926817 0.0629947 0.0
0.854034 0.0911857 0.0
0.828956 0.00121115 0.0
0.875002 -0.0580793 0.0
0.937066 -0.0526866 0.0
0.949146 0.0581688 0.0
0.844737 -0.0698921 0.0
0.824448 -0.000287426 0.0
0.884391 -0.0763065 0.0
0.94973 0.0591411 0.0
0.865256 -0.0525178 0.0
0.830283 0.0548594 0.0
0.755113 0.00144633 0.0
0.814587 0.00206854 0.0
0.817986 0.00328551 0.0
0.830856 0.00729238 0.0
0.828251 -2.48327e-12 0.0
1.00637 0.0604388 0.0
0.984563 0.0788602 0.0
1.01228 0.0722238 0.0
0.826992 -0.0726046 0.0
1.02553 -0.00133765 0.0
0.851406 -0.086124 0.0
0.886252 -0.0735807 0.0
0.887268 -0.0712408 0.0
0.72267 -0.033582 0.0
0.883243 -0.0782111 0.0
0.824092 0.00803408 0.0
1.02322 0.0407372 0.0
0.784586 -0.032272 0.0
0.806193 -0.0549797 0.0
0.975359 0.0302703 0.0
0.859683 0.0753705 0.0
0.784599 -0.0875259 0.0
0.83971 0.00527498 0.0
0.988517 0.140324 0.0
1.01675 -0.134796 0.0
0.819904 -0.0921198 0.0
0.967628 0.165782 0.0
0.756459 -0.0647015 0.0
1.02414 0.0662038 0.0
0.815554 -0.0915444 0.0
0.926427 0.236801 0.0
0.828251 -7.10604e-10 0.0
0.863103 -0.0784688 0.0
0.780945 0.000328443 0.0
0.9371 -0.0565412 0.0
0.783299 -0.0890688 0.0
0.914927 0.053762 0.0
1.02352 0.0909906 0.0
0.823313 0.0058606 0.0
0.82782 -0.000256177 0.0
0.90407 -0.0715268 0.0
0.99577 0.0364779 0.0
0.812222 -0.00430273 0.0
0.804183 -0.0114069 0.0
0.862483 0.0743032 0.0
0.818589 -9.94373e-05 0.0
0.827544 -4.90606e-05 0.0
0.927302 0.069799 0.0
0.919249 -0.063124 0.0
0.789347 0.0331633 0.0
0.838252 -0.0885504 0.0
0.784439 -0.0941914 0.0
0.944284 0.0825351 0.0
0.815707 0.00366339 0.0
0.805399 0.000356555 0.0
0.921099 0.117734 0.0
0.941278 0.0558036 0.0
0.832294 0.00374751 0.0
0.828932 4.07599e-05 0.0
0.911815 -0.125213 0.0
0.728487 0.0917102 0.0
0.79247 0.000965268 0.0
0.802458 0.0170699 0.0
0.955655 -0.0467055 0.0
0.89898 -0.0714525 0.0
0.969083 0.0495031 0.0
0.820337 0.0297996 0.0
0.838295 -0.00930998 0.0
0.793345 -0.0920617 0.0
0.828251 -1.79855e-13 0.0
0.957462 0.0550577 0.0
0.829475 0.00185958 0.0
0.813039 0.00121621 0.0
1.02285 0.035639 0.0
0.828107 -0.000352841 0.0
0.839547 -0.0887572 0.0
0.846906 -0.0177693 0.0
0.828111 -0.000956719 0.0
0.808163 0.0385898 0.0
0.799192 0.084062 0.0
0.788527 -0.0118211 0.0
0.947275 -0.0453279 0.0
0.850696 0.0317636 0.0
0.766682 -0.0498504 0.0
0.93852 -0.0553719 0.0
0.739995 -0.0303744 0.0
0.828432 -0.000265204 0.0
0.82823 5.13888e-06 0.0
0.828251 -7.78956e-08 0.0
0.828494 0.000437268 0.0
0.827881 -1.96926e-05 0.0
0.978967 -0.197687 0.0
0.821519 -0.00538423 0.0
0.957766 0.0556258 0.0
0.961033 0.0425361 0.0
0.922532 -0.0574923 0.0
0.89222 -0.030115 0.0
0.823811 -0.042223 0.0
0.88663 0.000468554 0.0
0.921464 -0.0641424 0.0
0.823351 0.0904322 0.0
0.828653 -0.000290629 0.0
0.877636 0.0855519 0.0
0.826196 -0.0036142 0.0
0.826572 0.00776147 0.0
0.831453 0.0188073 0.0
0.89697 -0.0740428 0.0
0.70956 -0.0421007 0.0
0.703237 -0.0632405 0.0
0.89544 -0.0642429 0.0
0.766134 -0.0800258 0.0
0.791016 -0.0844292 0.0
0.819284 -0.0028566 0.0
0.806676 -0.00740019 0.0
0.991653 0.0462766 0.0
0.900173 -0.0674684 0.0
0.828267 -0.000550417 0.0
0.828037 0.000526213 0.0
0.99059 -0.167269 0.0
0.963939 0.0509276 0.0
1.01279 0.10352 0.0
0.795291 0.0363439 0.0
0.813123 -0.00143309 0.0
0.933939 -0.225999 0.0
0.884068 -0.0770269 0.0
0.830581 0.0619811 0.0
0.863495 -0.0835682 0.0
0.797798 -0.0153551 0.0
0.870929 -0.0689563 0.0
0.799841 0.00126783 0.0
0.858716 -0.00251199 0.0
1.01847 0.073889 0.0
0.900461 0.0786436 0.0
1.01619 0.122242 0.0
0.829259 0.00139529 0.0
1.03229 -0.108772 0.0
0.957432 -0.0191877 0.0
0.825823 -0.0913876 0.0
0.857248 0.00425831 0.0
1.02268 0.048537 0.0
0.825038 -0.000570409 0.0
0.864052 0.0209974 0.0
0.88637 -0.0764898 0.0
0.748114 0.0724281 0.0
0.820776 -0.00379074 0.0
0.944904 0.217037 0.0
1.02093 0.106515 0.0
1.02586 -0.115988 0.0
0.865245 -0.0803122 0.0
0.797955 -0.0940333 0.0
0.949757 0.0420617 0.0
0.804772 0.0450649 0.0
0.8495 0.229306 0.0
0.866504 -0.0392894 0.0
0.813625 -0.044538 0.0
0.902474 -0.0720934 0.0
1.02056 0.104224 0.0
0.829096 0.000789332 0.0
0.80006 0.0319173 0.0
0.723429 0.361698 0.0
0.828227 5.22553e-06 0.0
0.855495 -0.0326716 0.0
0.943779 -0.103671 0.0
0.827368 0.00281294 0.0
0.884437 -0.0171681 0.0
0.962019 0.0413697 0.0
0.901052 -0.0616105 0.0
1.01948 0.112475 0.0
0.800431 0.0981394 0.0
0.83124 -0.00127216 0.0
1.02345 0.053573 0.0
0.822716 -0.000286034 0.0
0.988892 -0.0483775 0.0
0.984524 -0.0110615 0.0
0.912665 -0.0314381 0.0
0.824042 0.0234142 0.0
0.825176 -0.00382261 0.0
0.909882 0.0159529 0.0
0.832023 -0.0743538 0.0
0.882142 0.0609043 0.0
0.781157 -0.0110065 0.0
0.929405 0.0623918 0.0
0.853399 -0.0696609 0.0
0.8171 0.00463154 0.0
0.866919 -0.0827111 0.0
0.905087 0.139765 0.0
0.805518 0.0950711 0.0
1.00298 -0.0968931 0.0
0.807505 7.90303e-05 0.0
0.921002 -0.0439871 0.0
0.827528 0.00332732 0.0
0.827611 0.000756198 0.0
0.876603 -0.0801987 0.0
0.824017 -0.0306089 0.0
1.01824 0.11351 0.0
0.957489 0.0322981 0.0
0.828251 -2.98843e-11 0.0
0.828247 -9.10464e-07 0.0
1.00254 -0.161101 0.0
0.922287 -0.0636187 0.0
0.829505 0.00228063 0.0
0.863619 0.0356278 0.0
1.02843 -0.120354 0.0
0.828251 2.89195e-07 0.0
0.864343 0.00640277 0.0
0.816855 -0.0618371 0.0
0.870633 0.0463883 0.0
0.974022 -0.0337129 0.0
0.995102 0.0522362 0.0
0.784686 -0.0541808 0.0
0.819867 -0.0725669 0.0
0.815431 0.00163418 0.0
0.830663 0.00574427 0.0
0.776143 -0.09621 0.0
0.808883 -0.0539641 0.0
0.960304 -0.043858 0.0
0.830122 -0.00695598 0.0
0.82825 1.07978e-06 0.0
0.834524 -0.00622378 0.0
1.02445 -0.00227387 0.0
0.942301 -0.053957 0.0
0.983207 0.0138367 0.0
0.787759 0.0753492 0.0
0.811793 0.237574 0.0
0.80476 -0.00168797 0.0
0.695089 0.121201 0.0
0.828248 4.5651e-06 0.0
0.81815 -0.00480629 0.0
1.0188 0.0237203 0.0
0.947977 -0.0326667 0.0
0.94007 -0.0544932 0.0
0.884363 -0.0411811 0.0
0.927323 -0.243526 0.0
0.818306 0.0273499 0.0
0.711327 0.0503361 0.0
1.01601 -0.0433258 0.0
0.890823 0.0467227 0.0
0.866719 0.0612462 0.0
0.828395 -0.000511866 0.0
0.776472 -0.0935259 0.0
1.01557 0.00333426 0.0
0.942978 0.177448 0.0
0.809326 -0.0936402 0.0
0.817231 0.00478817 0.0
0.88437 -0.0635937 0.0
0.825186 0.000945738 0.0
0.849972 -0.0163183 0.0
0.803294 0.0732323 0.0
0.998184 -0.0102236 0.0
0.983865 0.0573843 0.0
0.961138 0.0495145 0.0
0.803148 -0.0272866 0.0
0.834721 -0.0016508 0.0
0.859291 -0.0386092 0.0
0.863732 -0.0569885 0.0
0.820996 -0.0334965 0.0
0.748272 -0.000572076 0.0
0.827938 -0.000227357 0.0
0.838542 0.00616688 0.0
0.789864 0.292643 0.0
0.988462 0.135325 0.0
0.824213 0.0011749 0.0
0.782185 0.0906719 0.0
1.01172 0.084559 0.0
0.827324 0.00493037 0.0
0.908129 0.06988 0.0
0.96538 0.0854427 0.0
0.966515 -0.0252005 0.0
0.794854 0.0976002 0.0
0.772262 0.0142833 0.0
0.99379 0.0228186 0.0
0.818694 0.00124793 0.0
1.02416 0.0466017 0.0
0.864447 -0.0466416 0.0
1.02156 0.10082 0.0
0.735731 -0.093066 0.0
0.831956 -0.248334 0.0
0.92323 0.0178541 0.0
0.873626 -0.0762388 0.0
0.857298 -0.0853046 0.0
0.737153 -0.0428391 0.0
0.820163 -0.0578912 0.0
1.01987 0.0309299 0.0
0.932372 0.0660559 0.0
0.828029 0.000839719 0.0
0.826341 0.0300603 0.0
0.765533 0.0257712 0.0
0.783944 -0.0827049 0.0
0.828053 0.0019055 0.0
0.750326 0.0808012 0.0
0.829387 0.000464789 0.0
0.786716 -0.0948374 0.0
0.967052 -0.0267254 0.0
0.82694 -0.0384716 0.0
0.683328 0.15433 0.0
0.828297 0.000662607 0.0
0.954024 0.0984395 0.0
1.00812 -0.0493753 0.0
0.827082 0.023047 0.0
0.823471 0.00333295 0.0
0.908539 -0.059392 0.0
0.905282 0.0775258 0.0
0.922623 -0.0239696 0.0
0.810376 0.00490163 0.0
0.962023 0.0160399 0.0
0.911821 0.0601633 0.0
1.02303 0.0950166 0.0
0.890262 -0.0751836 0.0
0.820705 -0.00359399 0.0
0.91417 0.0636364 0.0
0.953746 -0.20663 0.0
0.854853 -0.00634861 0.0
0.578545 -0.318791 0.0
0.778286 0.0322525 0.0
1.03034 -0.0127227 0.0
0.989742 0.0573014 0.0
0.872081 0.00145479 0.0
0.854592 0.0630132 0.0
0.816518 0.0159428 0.0
1.04212 -0.038921 0.0
0.857661 -0.00210905 0.0
0.808573 0.0585829 0.0
0.828255 0.00133792 0.0
0.986404 0.0369132 0.0
0.82822 -3.22804e-05 0.0
0.667443 0.011724 0.0
0.859574 0.0894709 0.0
0.915634 0.0692557 0.0
0.921057 0.0486248 0.0
0.841111 -0.0801364 0.0
0.828251 4.02752e-14 0.0
0.901135 0.041588 0.0
0.788148 -0.092012 0.0
1.01697 0.0984166 0.0
0.82825 -3.7384e-07 0.0
0.81973 -0.00720193 0.0
0.887166 -0.0749371 0.0
0.83506 0.00726554 0.0
0.807933 -0.00228289 0.0
0.840939 -0.00183252 0.0
0.911777 -0.0416876 0.0
0.97201 0.053356 0.0
0.951773 0.178085 0.0
0.980352 0.0144805 0.0
1.01298 0.0124217 0.0
0.898478 0.246604 0.0
0.823895 0.00452679 0.0
0.966995 0.000325492 0.0
0.848188 -0.00672558 0.0
0.818868 0.00507326 0.0
0.845926 -0.0347637 0.0
0.90138 -0.0442728 0.0
0.829074 0.0110267 0.0
0.937228 -0.0558936 0.0
0.888747 0.0571126 0.0
0.805349 -0.0312375 0.0
0.998971 -0.00682282 0.0
0.913913 0.0262434 0.0
0.828079 -0.000191702 0.0
0.989204 0.0357237 0.0
0.777371 0.0132032 0.0
0.82797 3.29758e-05 0.0
0.961539 -0.0433706 0.0
0.903553 0.0375961 0.0
1.01871 0.00355791 0.0
0.834208 -0.00851229 0.0
0.993136 -0.0165185 0.0
0.801126 -0.0841425 0.0
0.959861 -0.044233 0.0
0.830607 0.00170837 0.0
1.00765 0.0733278 0.0
0.810135 0.00843543 0.0
0.830696 0.0881227 0.0
0.878079 -0.17391 0.0
0.758536 -0.0961565 0.0
0.804446 0.00483709 0.0
0.874854 -0.0769161 0.0
1.0004 0.108976 0.0
0.786859 -0.0941119 0.0
0.738862 -0.0701861 0.0
0.894009 -0.07488 0.0
0.819769 -0.00518285 0.0
0.828723 -0.000991694 0.0
0.79705 0.0855426 0.0
0.890978 -0.074804 0.0
0.995092 -0.0126637 0.0
0.816504 -0.00403858 0.0
0.858536 0.0898435 0.0
1.01476 0.11579 0.0
0.82825 1.63377e-07 0.0
1.02972 -0.128636 0.0
0.63403 -0.174352 0.0
0.876036 0.032683 0.0
0.82825 -1.97323e-07 0.0
0.879749 -0.0267516 0.0
0.980437 0.112876 0.0
0.961645 0.0292822 0.0
0.747455 0.155598 0.0
0.828056 0.00105673 0.0
0.873156 0.0864971 0.0
0.828237 1.31401e-05 0.0
1.03783 -0.0368052 0.0
0.697697 0.0853468 0.0
0.903032 0.0760902 0.0
0.873015 0.0393061 0.0
0.92583 -0.0626668 0.0
0.825156 0.00152359 0.0
1.04583 -0.0661777 0.0
0.810345 -0.0149311 0.0
0.828251 -4.11981e-09 0.0
0.830268 -0.000452322 0.0
0.893456 -0.0427382 0.0
0.817298 0.000709121 0.0
0.846509 0.0288385 0.0
0.850466 -0.0137125 0.0
0.997483 -0.0239587 0.0
0.526081 0.235603 0.0
0.828307 0.000657319 0.0
0.648779 0.1939 0.0
0.883961 0.0076357 0.0
0.923081 -0.139138 0.0
0.910651 0.0672319 0.0
0.809146 0.0133162 0.0
0.92858 -0.0593998 0.0
0.919893 0.0349567 0.0
0.817495 -0.0413381 0.0
0.737861 0.0405591 0.0
0.901412 -0.0187218 0.0
0.941018 -0.038099 0.0
0.931903 -0.043728 0.0
0.947929 -0.00318528 0.0
0.851266 0.00618341 0.0
0.791473 -0.0132586 0.0
0.882852 0.0532346 0.0
0.917102 -0.0296038 0.0
0.799976 -0.0669282 0.0
0.824592 0.215236 0.0
0.817835 -0.00494054 0.0
0.822021 -0.00559324 0.0
0.695588 -0.0766363 0.0
1.0068 0.135463 0.0
0.838653 0.028458 0.0
0.940576 0.0366907 0.0
0.90708 -0.067172 0.0
0.880384 -0.0784922 0.0
0.817964 -0.00481146 0.0
0.800613 -0.0105889 0.0
1.00472 -0.00449546 0.0
0.877554 -0.0767302 0.0
0.481903 0.37686 0.0
0.787925 -0.0936327 0.0
0.88359 -0.00347624 0.0
0.780692 0.0788726 0.0
0.849707 -0.0245774 0.0
0.828219 0.00276513 0.0
1.02299 -0.144554 0.0
0.828107 -0.000434114 0.0
0.956391 -0.225016 0.0
0.832078 0.0273869 0.0
0.597368 0.355384 0.0
0.896045 0.0802056 0.0
0.76352 0.0404825 0.0
0.827381 0.00075533 0.0
0.995736 -0.0140332 0.0
1.00732 -0.0608437 0.0
0.81899 0.00246127 0.0
0.941453 0.031513 0.0
0.818328 0.0689143 0.0
0.222587 0.313221 0.0
0.913871 0.0681865 0.0
0.797113 -0.0005758 0.0
0.82711 0.000699709 0.0
0.831238 -0.00994204 0.0
0.895223 -0.0680923 0.0
0.744263 0.0809313 0.0
0.828231 6.01326e-06 0.0
0.721468 0.102733 0.0
0.30765 0.362927 0.0
0.750643 0.178896 0.0
0.825316 -0.00661265 0.0
1.01214 0.104262 0.0
0.82825 -6.32643e-07 0.0
0.986453 0.0391573 0.0
0.822447 0.00424235 0.0
0.852297 0.0914352 0.0
0.827753 0.000134674 0.0
0.826896 0.000866609 0.0
0.887786 -0.159838 0.0
0.829154 0.000906569 0.0
1.01674 0.11508 0.0
1.03792 -0.0411982 0.0
0.852136 -0.0867126 0.0
0.750489 -0.0400759 0.0
0.899334 0.122472 0.0
0.902209 0.0338465 0.0
1.01401 0.125088 0.0
1.03431 -0.0210884 0.0
0.856613 0.00213734 0.0
1.02779 0.072619 0.0
1.04517 -0.097979 0.0
0.845795 0.011586 0.0
0.995033 -0.0121182 0.0
1.04005 -0.081238 0.0
0.908466 0.00762995 0.0
0.936182 0.0238707 0.0
0.989164 0.148778 0.0
0.919901 0.0436408 0.0
0.903689 -0.00298417 0.0
0.919312 0.070431 0.0
0.90552 -0.0609576 0.0
0.8002 0.283416 0.0
0.802058 -0.0101509 0.0
1.02416 0.0449574 0.0
0.943526 0.0210697 0.0
1.00009 -0.00431998 0.0
1.02555 0.0551523 0.0
0.80986 -0.0921107 0.0
0.829318 -0.0012795 0.0
0.943733 -0.0105353 0.0
0.960629 -0.00645047 0.0
0.879255 -0.0793823 0.0
0.824982 -0.00526488 0.0
0.828251 -3.00056e-10 0.0
1.00803 0.00302734 0.0
0.834909 0.094814 0.0
0.822515 -0.00120929 0.0
0.808853 0.00706637 0.0
0.876438 0.056987 0.0
1.02343 0.0998789 0.0
0.879665 -0.0603166 0.0
0.797016 -0.0849884 0.0
0.884758 -0.0753449 0.0
0.876049 -0.0796817 0.0
0.864462 0.0860562 0.0
0.810745 0.0440561 0.0
1.01975 0.0904526 0.0
0.833864 -0.00111357 0.0
0.833842 -0.0037412 0.0
0.937802 -0.0558566 0.0
0.816322 0.0193466 0.0
0.829763 -0.00549374 0.0
0.857749 0.0900718 0.0
0.927179 -0.0494157 0.0
0.959054 0.0276456 0.0
0.816896 -0.0925865 0.0
0.980518 -0.0293556 0.0
0.881529 -0.0744968 0.0
0.880795 -0.0327956 0.0
0.829062 -0.00525724 0.0
0.822548 0.0819207 0.0
0.994508 0.138078 0.0
0.883844 -0.0669466 0.0
1.02664 0.0826164 0.0
1.02541 0.0713721 0.0
0.503846 0.0179077 0.0
0.804185 0.0437772 0.0
0.828837 -0.0010594 0.0
0.878378 0.0847476 0.0
0.828241 2.06154e-06 0.0
0.992531 0.00254489 0.0
0.77852 -0.0854912 0.0
0.957716 0.0206114 0.0
0.991377 -0.144059 0.0
0.886992 -0.0123151 0.0
0.792401 -0.0954643 0.0
0.753246 -0.0754256 0.0
0.848174 -0.00111194 0.0
0.896229 0.029627 0.0
0.885809 -0.0648999 0.0
1.01975 -0.0395815 0.0
1.01137 -0.0910238 0.0
0.798389 0.096103 0.0
0.929904 -0.0603908 0.0
0.950073 0.0231084 0.0
0.820654 0.00530122 0.0
0.942822 -0.0208547 0.0
0.846438 0.038994 0.0
0.566292 -0.24639 0.0
0.761482 -0.0724242 0.0
0.827957 1.98862e-05 0.0
0.78498 0.0864092 0.0
0.786668 0.0821384 0.0
0.840525 -0.0497152 0.0
0.764981 -0.0931211 0.0
0.818288 -0.00368842 0.0
0.878891 -0.119006 0.0
0.897359 -0.0623629 0.0
0.828317 -0.00112016 0.0
0.798781 0.0772138 0.0
0.790506 0.0992203 0.0
1.01751 0.0205082 0.0
0.865134 -0.0628223 0.0
0.942475 -0.234717 0.0
0.848388 -0.0388071 0.0
1.02228 0.0537588 0.0
0.629253 0.054012 0.0
0.872839 0.0525312 0.0
0.711836 -0.0749732 0.0
0.969698 -0.210765 0.0
0.794914 -0.0908127 0.0
0.905758 -0.0701827 0.0
0.921202 0.00649257 0.0
0.879374 0.084261 0.0
0.995703 -0.0122245 0.0
0.945215 0.116512 0.0
0.649391 0.0838222 0.0
0.819593 -0.00412619 0.0
0.89185 -0.0401398 0.0
0.887994 -0.0737536 0.0
0.828429 0.000384494 0.0
0.790599 -0.0423286 0.0
0.429022 0.0501614 0.0
0.930278 0.019277 0.0
0.852912 -0.0472091 0.0
0.984581 0.0326995 0.0
0.665284 -0.0709511 0.0
1.01958 0.106499 0.0
1.01203 0.0143804 0.0
0.954015 0.0920129 0.0
0.92377 -0.0632747 0.0
0.979212 -0.028278 0.0
0.818064 -0.0861742 0.0
0.819161 -0.026342 0.0
0.729431 -0.0787297 0.0
0.655104 0.124043 0.0
0.858677 0.010309 0.0
0.923698 -0.0623093 0.0
1.0028 -0.00255856 0.0
0.892095 -0.0746878 0.0
0.822332 0.00432352 0.0
0.83295 0.00532382 0.0
0.70704 -0.0920746 0.0
0.888586 0.0820124 0.0
0.876879 -0.0238292 0.0
0.991845 0.161801 0.0
0.806319 -0.0232394 0.0
0.910827 -0.0572667 0.0
0.937843 -0.0553717 0.0
0.645248 0.0469252 0.0
0.828458 -0.000611078 0.0
0.884997 0.115317 0.0
0.912435 0.0529013 0.0
0.828251 6.58307e-08 0.0
0.828492 -0.000418952 0.0
0.990065 0.167325 0.0
0.912643 0.0214359 0.0
0.828183 6.43982e-05 0.0
0.802535 0.00309755 0.0
0.931303 -0.158161 0.0
1.03984 -0.0325068 0.0
0.865267 0.0416821 0.0
1.02604 -0.00411656 0.0
0.827556 0.004715 0.0
0.82226 -0.092273 0.0
0.902649 0.0308429 0.0
0.891113 -0.0759066 0.0
0.983158 -0.13454 0.0
0.841373 0.0935081 0.0
0.887474 0.214396 0.0
0.826983 -0.00114316 0.0
0.816578 -0.0923637 0.0
0.82818 -4.54987e-05 0.0
0.771368 -0.0846033 0.0
1.02611 0.0486988 0.0
0.912692 0.0496961 0.0
0.943 -0.0381316 0.0
0.803895 -0.090198 0.0
0.877046 -0.0803569 0.0
0.851642 -0.0311662 0.0
0.923648 -0.210722 0.0
0.737246 -0.0949413 0.0
0.99018 0.0344308 0.0
0.916878 0.0207909 0.0
0.979416 0.041431 0.0
0.75765 0.0612136 0.0
0.852808 0.0691686 0.0
0.828101 0.00043748 0.0
0.90991 -0.0541472 0.0
0.828251 -7.08881e-12 0.0
0.829355 -0.00102093 0.0
0.840823 0.00543229 0.0
0.829733 -0.00105744 0.0
0.977663 -0.0311526 0.0
0.847087 -0.0823314 0.0
0.874095 0.0540796 0.0
0.847835 0.0707308 0.0
0.997499 0.0258973 0.0
0.81818 0.00168053 0.0
0.807906 0.0111237 0.0
0.828251 -2.17611e-12 0.0
0.838088 -0.0113928 0.0
0.95734 0.0295744 0.0
0.987249 0.0287896 0.0
0.827162 0.000338415 0.0
0.982391 -0.0182772 0.0
0.943556 0.102811 0.0
0.848198 -0.0848398 0.0
0.90911 -0.0615392 0.0
0.890349 0.0609178 0.0
0.907523 -0.0509768 0.0
0.892957 -0.134745 0.0
0.831708 -0.0878418 0.0
0.97218 -0.0024408 0.0
0.867632 0.0882917 0.0
1.0159 -0.0923988 0.0
0.725277 -0.0886018 0.0
0.786935 -0.0736624 0.0
0.854137 -0.0863409 0.0
0.828432 -0.000529103 0.0
0.847931 0.070271 0.0
0.894598 -0.0748042 0.0
0.962972 -0.172135 0.0
0.893094 -0.0752991 0.0
0.829491 -0.000811714 0.0
0.810891 -0.0117502 0.0
0.826167 0.00175457 0.0
0.89055 0.0449864 0.0
0.889844 -0.0663124 0.0
0.837596 0.0925274 0.0
0.989389 -0.0608432 0.0
0.832657 0.0020922 0.0
1.03603 -0.111911 0.0
1.01657 -0.124272 0.0
0.936344 -0.0568266 0.0
0.890917 0.0806488 0.0
0.934904 -0.0843601 0.0
0.793122 -0.0945996 0.0
0.624994 -0.0012623 0.0
0.773472 0.0460677 0.0
0.978433 0.0417372 0.0
0.5746 0.357521 0.0
0.828251 -1.9881e-11 0.0
0.854832 -0.0854211 0.0
0.729168 -0.0756424 0.0
0.865606 0.0478779 0.0
0.748691 -0.0657672 0.0
0.804527 0.0161244 0.0
0.81779 -0.00114554 0.0
0.982111 0.0399664 0.0
0.886234 0.0833176 0.0
0.829552 -0.00153562 0.0
0.825686 0.00107203 0.0
0.952184 0.0574466 0.0
0.798222 0.0638074 0.0
0.823199 0.0102783 0.0
0.980701 0.0408857 0.0
0.895047 0.019952 0.0
0.845547 0.0131959 0.0
0.775249 -0.0808596 0.0
0.825094 -0.0704682 0.0
0.828251 -7.05921e-13 0.0
0.819252 0.0860404 0.0
0.803686 0.0964516 0.0
0.79589 -0.0761379 0.0
0.835311 0.00598988 0.0
0.801078 -0.093773 0.0
0.82232 -0.00528133 0.0
0.826503 -0.00424514 0.0
0.823247 -0.021987 0.0
0.818894 0.00536263 0.0
0.988841 -0.191627 0.0
0.880247 -0.04826 0.0
0.820376 -0.00190122 0.0
0.87277 0.0310408 0.0
0.908736 0.0771382 0.0
0.822244 -0.001302 0.0
0.827023 0.00125501 0.0
0.831333 -0.00153089 0.0
0.819937 -0.0151077 0.0
0.84908 -0.0843365 0.0
0.988654 -0.0179514 0.0
0.883179 -0.0748593 0.0
0.97634 0.0437746 0.0
0.95361 0.0492384 0.0
1.02957 -0.108865 0.0
0.779243 -0.054529 0.0
0.836821 -0.00820003 0.0
0.976423 0.182462 0.0
1.00037 -0.00476617 0.0
0.736455 0.0899202 0.0
1.00838 0.0942206 0.0
0.916838 0.0738249 0.0
0.953511 0.00772327 0.0
0.831279 0.00197056 0.0
0.829683 -0.00140191 0.0
0.775997 -0.0880099 0.0
0.948038 -0.0506877 0.0
0.819894 0.000115293 0.0
1.01851 0.00915511 0.0
1.00907 -0.00498093 0.0
0.862211 -0.0220567 0.0
0.82101 -0.0012027 0.0
0.975833 -0.0325319 0.0
0.751361 -0.0199802 0.0
0.828332 0.000688883 0.0
0.822371 -0.044729 0.0
0.752135 0.0386548 0.0
0.882727 -0.078836 0.0
0.971969 0.0472807 0.0
0.834763 -0.0901512 0.0
0.958759 -0.0443915 0.0
0.923332 -0.0547529 0.0
0.828245 -3.61042e-06 0.0
0.821298 0.0199486 0.0
0.911639 0.072086 0.0
0.826994 -0.000483162 0.0
0.828251 -9.57717e-10 0.0
0.929448 -0.248839 0.0
0.817344 0.0885313 0.0
0.823359 -0.00571784 0.0
0.877624 -0.0758682 0.0
0.953904 0.212293 0.0
1.0262 0.0634083 0.0
0.825826 -0.00585817 0.0
0.975957 0.00533459 0.0
0.868166 -0.0701776 0.0
0.90513 -0.0469981 0.0
0.815151 0.0367076 0.0
0.827853 0.00221428 0.0
0.932328 0.0603386 0.0
0.817365 0.000513927 0.0
0.886217 0.0535333 0.0
0.817675 -0.00134053 0.0
1.01501 0.0105679 0.0
1.00167 -0.1297 0.0
0.837381 0.00295618 0.0
0.95189 -0.0487967 0.0
0.829351 -0.000959469 0.0
0.829014 -0.0016703 0.0
1.00033 -0.0053055 0.0
0.860164 0.0896629 0.0
0.973776 0.135731 0.0
0.824461 -0.00675734 0.0
0.820231 0.011434 0.0
0.827749 4.7077e-05 0.0
0.94542 -0.0400209 0.0
0.754223 -0.0257758 0.0
0.950496 -0.00776674 0.0
0.81105 0.049154 0.0
0.838646 0.00193652 0.0
0.937797 -0.0561769 0.0
0.94053 -0.0543542 0.0
0.906771 -0.0287427 0.0
0.825906 -0.00157548 0.0
0.934426 -0.0563765 0.0
0.824799 0.0753203 0.0
0.967862 0.0117951 0.0
0.828251 -1.99526e-12 0.0
0.828301 -0.000490828 0.0
0.937551 -0.0557105 0.0
0.969482 -0.0371418 0.0
0.765488 0.00650094 0.0
0.891447 -0.0757111 0.0
0.814349 -0.00143721 0.0
0.860079 0.090279 0.0
0.98481 -0.0159861 0.0
0.889358 -0.0716592 0.0
0.826905 0.00154282 0.0
0.870984 -0.0821936 0.0
0.954669 -0.0084895 0.0
1.00308 0.0212559 0.0
0.821573 0.00473715 0.0
0.809005 -0.0926482 0.0
0.761863 0.274414 0.0
1.02122 -0.128391 0.0
0.950759 0.035243 0.0
0.825178 0.00217932 0.0
0.784942 0.00593841 0.0
0.865847 -0.0575999 0.0
0.797161 -0.075068 0.0
0.940474 -0.0542767 0.0
0.706002 0.147524 0.0
0.804385 -0.0149894 0.0
0.66095 -0.104917 0.0
0.903737 -0.0717606 0.0
0.830844 0.0116772 0.0
0.886226 -0.0674271 0.0
1.02714 0.0638834 0.0
0.954119 -0.0411458 0.0
0.846542 0.000633825 0.0
0.925067 -0.0479277 0.0
0.926114 -0.0509262 0.0
0.828661 -0.000939715 0.0
0.82745 -0.000623911 0.0
0.839575 0.0129178 0.0
0.847861 0.0199428 0.0
0.789517 -0.0946823 0.0
0.895409 -0.0483124 0.0
0.77735 0.0953154 0.0
0.842015 0.0103162 0.0
0.699218 0.101845 0.0
0.924652 -0.0629502 0.0
0.760462 -0.0492239 0.0
0.839167 0.09307 0.0
0.859817 0.0459468 0.0
0.892244 0.135948 0.0
0.833936 -0.000635302 0.0
0.887036 -0.286745 0.0
0.828396 -0.000466365 0.0
0.921042 -0.0642115 0.0
0.881305 0.0499351 0.0
0.831982 0.0206955 0.0
1.01316 0.0765372 0.0
0.934534 0.0160929 0.0
0.852352 0.0293149 0.0
0.874391 -0.0776523 0.0
0.733447 -0.0746603 0.0
1.01991 0.108865 0.0
0.822584 0.00449018 0.0
0.827856 -0.00111125 0.0
0.827564 0.00046904 0.0
0.815925 -0.0847474 0.0
0.809562 -0.000205703 0.0
0.830959 -0.00385283 0.0
0.848525 -0.0297447 0.0
0.807255 0.0034618 0.0
0.696287 -0.0259085 0.0
0.787648 -0.0869416 0.0
0.742105 -0.0891384 0.0
0.836041 -0.00179807 0.0
0.802232 0.000947162 0.0
0.896055 0.080875 0.0
0.821974 0.00279616 0.0
0.771899 -0.0962528 0.0
0.833268 0.00193314 0.0
0.983849 0.0391086 0.0
0.863204 0.0893082 0.0
0.8204 0.0144218 0.0
0.808092 0.220509 0.0
0.951886 -0.179692 0.0
0.968975 -0.00273363 0.0
0.843344 0.0529677 0.0
0.861247 -0.0125967 0.0
0.827916 0.000101591 0.0
0.832263 0.00473364 0.0
0.882038 -0.0645622 0.0
0.730392 0.142354 0.0
0.826143 0.000616335 0.0
0.978959 0.0421206 0.0
1.03054 -0.00939791 0.0
0.938792 -0.0560249 0.0
0.947377 0.017163 0.0
0.818959 -0.0826556 0.0
0.859894 -0.0633415 0.0
0.808086 0.0784115 0.0
0.872117 0.0876985 0.0
0.984109 -0.0232916 0.0
0.960731 0.0542626 0.0
0.845665 0.0456716 0.0
0.828251 1.81767e-10 0.0
0.821908 0.0902577 0.0
0.828937 0.0928496 0.0
0.910784 -0.0581777 0.0
0.832287 0.0007314 0.0
0.76474 0.0348462 0.0
0.65393 -0.0212701 0.0
0.920328 -0.0643202 0.0
0.820195 -0.0052876 0.0
0.891451 0.058316 0.0
0.815678 -0.0485147 0.0
0.828216 -2.77089e-05 0.0
0.828694 0.00169692 0.0
0.828078 0.000990309 0.0
0.820966 0.12308 0.0
0.827982 0.000126356 0.0
0.829871 -0.00107554 0.0
0.844835 0.0928529 0.0
0.782641 -0.0957283 0.0
0.887717 0.00238424 0.0
0.999172 0.150174 0.0
0.828265 0.000699772 0.0
0.949009 -0.00616254 0.0
0.878218 0.0853721 0.0
0.853636 0.0230453 0.0
1.01438 0.018997 0.0
1.01847 0.0684713 0.0
0.836979 0.00869973 0.0
0.830195 -0.0706718 0.0
0.819134 0.0934292 0.0
1.00317 0.0841137 0.0
0.939645 -0.0512226 0.0
0.833431 0.0102813 0.0
0.955991 0.026159 0.0
0.828874 -0.000376769 0.0
0.796304 0.0533227 0.0
0.887031 -0.0248311 0.0
0.932126 -0.0594866 0.0
0.898518 -0.0549841 0.0
1.00941 -0.136997 0.0
1.02578 0.0761463 0.0
1.047 -0.0802021 0.0
0.791479 -0.0726757 0.0
0.828166 -9.74672e-06 0.0
0.832345 -0.001864 0.0
0.96443 0.051799 0.0
0.90674 -0.0702994 0.0
0.928329 0.0622531 0.0
0.872116 0.0619817 0.0
0.827399 -0.00599743 0.0
0.899957 -0.072111 0.0
0.857288 0.014398 0.0
0.828435 -0.000460157 0.0
0.92738 0.23152 0.0
0.993577 0.00904092 0.0
0.828251 -8.31751e-14 0.0
0.956838 -0.137927 0.0
0.82759 0.000473734 0.0
0.894048 0.0693071 0.0
0.916226 0.234079 0.0
0.745536 0.0198807 0.0
0.829786 0.00152587 0.0
0.938877 0.00666914 0.0
0.88929 -0.0637595 0.0
0.813926 0.00153582 0.0
0.909833 0.0731278 0.0
0.810218 -0.0346089 0.0
0.828197 -0.000410023 0.0
0.831874 0.00104522 0.0
0.835644 0.00161082 0.0
0.838806 0.0192303 0.0
0.828248 1.22148e-07 0.0
0.72663 -0.0843763 0.0
0.829072 -0.00114564 0.0
0.825922 0.00183603 0.0
0.75696 0.0830683 0.0
0.897419 -0.0524681 0.0
0.826911 -0.00125821 0.0
1.00036 0.139417 0.0
0.827526 -0.00100062 0.0
1.0249 0.0894644 0.0
0.947513 -0.0346952 0.0
0.89871 -0.0673489 0.0
0.900885 0.0238678 0.0
0.828244 1.28658e-06 0.0
0.847271 -0.0141741 0.0
0.833534 -0.0798727 0.0
0.921158 -0.0326013 0.0
0.808702 -0.0882013 0.0
0.705945 -0.0701986 0.0
0.903822 -0.0494266 0.0
0.929709 -0.0448881 0.0
0.739911 0.0228012 0.0
0.831857 -0.000779723 0.0
0.816608 -0.0031315 0.0
0.985515 -0.0239084 0.0
0.838237 -0.00262556 0.0
0.827732 -5.63464e-05 0.0
0.736253 -0.0470564 0.0
0.951956 -0.0297964 0.0
0.863871 0.00362164 0.0
0.828221 0.00251276 0.0
0.899752 0.0786819 0.0
0.844669 -0.0697016 0.0
0.824182 0.00421879 0.0
0.811162 -0.00764152 0.0
0.908647 -0.0562062 0.0
0.885653 0.084046 0.0
0.822833 -0.00556063 0.0
0.829698 0.0065607 0.0
0.814828 0.0286675 0.0
0.780264 0.00583094 0.0
0.82772 -0.000653076 0.0
0.84514 -0.0115385 0.0
0.828439 -0.00750014 0.0
0.829534 -0.015657 0.0
0.838198 -0.0893113 0.0
0.826876 -0.00104176 0.0
0.912803 -0.0675518 0.0
0.909934 0.171532 0.0
0.824526 0.00328208 0.0
0.834049 -0.00175146 0.0
0.829541 -0.000120002 0.0
0.8873 -0.0764542 0.0
0.796887 0.0967343 0.0
0.813594 -0.0534851 0.0
1.02741 -0.0598994 0.0
0.854596 -0.0164669 0.0
0.873717 -0.0813486 0.0
0.916788 -0.0569489 0.0
0.934469 -0.0937796 0.0
0.871513 -0.0765186 0.0
0.815657 0.0105598 0.0
0.819717 -0.00316399 0.0
0.932956 0.010921 0.0
0.839955 -0.00397913 0.0
0.874589 -0.0498561 0.0
0.719618 -0.00185647 0.0
0.856218 -0.0784046 0.0
0.894991 0.0810993 0.0
0.891695 -0.0723236 0.0
0.832916 0.00138591 0.0
0.813302 -0.00515504 0.0
0.863544 -0.00457819 0.0
0.85238 -0.00556351 0.0
0.953716 0.0230763 0.0
0.865669 -0.066207 0.0
0.898305 -0.0737195 0.0
0.831347 -0.0013682 0.0
0.971822 0.0614004 0.0
0.997687 -0.152636 0.0
0.995587 -0.0134188 0.0
0.82876 -0.00177354 0.0
0.829094 -0.00046753 0.0
1.0251 0.0571686 0.0
1.00806 0.0186398 0.0
0.828653 -0.000444723 0.0
0.820843 -0.0048625 0.0
0.906412 -0.0529573 0.0
0.828251 3.29987e-13 0.0
0.827136 -0.000113751 0.0
0.836655 0.00538812 0.0
0.827634 0.000603493 0.0
1.01562 0.0163311 0.0
0.828247 2.63891e-06 0.0
0.769005 -0.00252377 0.0
0.830902 -0.00223618 0.0
0.181232 0.0789366 0.0
0.823985 0.000352507 0.0
0.808814 0.050425 0.0
0.907815 0.00243729 0.0
0.880419 -0.0184959 0.0
1.03511 -0.087781 0.0
0.7711 -0.0919052 0.0
0.827614 -0.0638492 0.0
0.927494 -0.054605 0.0
0.931639 -0.0596481 0.0
0.829719 -0.00603252 0.0
0.96033 0.18024 0.0
0.979025 -0.0286058 0.0
1.0469 -0.0521391 0.0
0.866245 -0.0167176 0.0
0.83045 0.00829948 0.0
1.0264 0.0637944 0.0
0.830477 -0.0773778 0.0
0.948015 0.0318395 0.0
0.851129 -0.0116911 0.0
0.824874 -0.00172087 0.0
0.831323 -0.000366816 0.0
0.916337 -0.0641529 0.0
0.926017 0.0541471 0.0
0.82977 -0.0016359 0.0
0.827009 0.00173813 0.0
0.81756 0.00386256 0.0
0.837892 0.00225519 0.0
0.84488 -0.0271916 0.0
0.699962 0.077333 0.0
0.826749 -0.00272398 0.0
0.963546 0.0519634 0.0
0.933218 0.220927 0.0
0.785802 0.0311503 0.0
0.828251 -6.32289e-14 0.0
0.837383 0.000470867 0.0
0.8287 -0.000564854 0.0
0.828151 -0.00653667 0.0
0.843296 -0.0250723 0.0
0.988659 0.0175652 0.0
0.904699 -0.0288845 0.0
0.828831 -0.000529039 0.0
0.794924 0.0190105 0.0
0.774076 0.0390458 0.0
0.828055 -0.000175261 0.0
0.244843 0.237363 0.0
0.914464 0.0750079 0.0
0.898674 -0.00971347 0.0
0.877205 -0.0292296 0.0
0.838731 0.00165515 0.0
0.836967 -0.00639496 0.0
0.97161 0.0458236 0.0
0.82141 0.00556806 0.0
0.835555 -0.00113403 0.0
0.933513 0.0657524 0.0
0.828247 -1.22617e-06 0.0
0.696115 0.258087 0.0
0.960914 0.00137885 0.0
0.952436 -0.165656 0.0
0.843644 -0.0104652 0.0
1.01669 0.00472719 0.0
0.83678 -0.0101725 0.0
0.915313 0.0169163 0.0
0.959591 0.011979 0.0
0.839621 0.000216779 0.0
1.0162 0.106399 0.0
0.826627 0.00255425 0.0
0.775625 -0.0268172 0.0
0.827852 -0.00121231 0.0
0.951839 -0.00884242 0.0
0.897821 -0.0714283 0.0
0.959325 -0.0448669 0.0
0.762033 0.0997286 0.0
0.802783 0.0874858 0.0
0.727975 -0.132091 0.0
0.762239 0.0973314 0.0
1.01002 0.00513548 0.0
0.828943 -7.93268e-05 0.0
0.846771 -0.00196738 0.0
0.827622 0.00125564 0.0
0.828264 -0.00290211 0.0
0.920841 -0.253485 0.0
0.792869 0.00105552 0.0
0.964862 -0.183591 0.0
0.83866 0.0444567 0.0
0.81374 -0.000767859 0.0
0.836664 0.00141144 0.0
0.860072 0.03926 0.0
0.92234 -0.0263721 0.0
0.817773 0.0213088 0.0
0.836464 -0.002734 0.0
0.817829 -0.00369875 0.0
0.786642 0.00394091 0.0
0.837575 -0.0010281 0.0
0.911884 0.069346 0.0
0.923156 0.0560531 0.0
0.791976 0.170196 0.0
0.82773 -2.20534e-05 0.0
0.896478 0.0256862 0.0
0.806508 0.0292824 0.0
0.762589 -0.0051446 0.0
1.00825 0.111506 0.0
0.92484 -0.0702966 0.0
0.830439 -0.00328945 0.0
0.754018 -0.0151125 0.0
0.968214 -0.151807 0.0
0.911469 -0.062855 0.0
0.963995 -0.0404472 0.0
0.997383 0.0188872 0.0
0.782925 -0.0943789 0.0
0.828111 0.000130622 0.0
0.828086 0.00368603 0.0
0.828198 4.42379e-05 0.0
0.87231 0.0647998 0.0
0.81812 0.00449414 0.0
1.03926 -0.0345555 0.0
0.826967 -0.0011546 0.0
1.02686 -0.132438 0.0
0.619731 0.0478416 0.0
0.828445 -0.000507357 0.0
0.916017 -0.196762 0.0
0.954434 -0.0435872 0.0
0.815414 -0.0245447 0.0
0.947736 0.00102717 0.0
0.917631 -0.165564 0.0
0.771567 0.0368974 0.0
0.963239 -0.0413765 0.0
0.845097 -0.00451148 0.0
0.843278 0.0034587 0.0
0.985036 0.03781 0.0
0.828251 1.88219e-08 0.0
0.96135 0.174474 0.0
0.845151 -0.000553536 0.0
0.837059 0.0220151 0.0
0.858239 0.031454 0.0
0.977878 0.0408299 0.0
0.86161 -0.0497292 0.0
0.735229 -0.0960094 0.0
1.02116 -0.132498 0.0
0.832395 -7.11417e-05 0.0
0.850468 0.000615316 0.0
0.818821 0.00172812 0.0
0.837652 -0.00071919 0.0
0.820309 -0.00513097 0.0
1.02517 0.0608203 0.0
0.963442 -0.041432 0.0
0.813989 -4.35647e-05 0.0
0.828131 -0.000455346 0.0
0.870337 -0.0755355 0.0
0.766468 0.0975405 0.0
1.01249 0.00492074 0.0
0.811916 0.00119719 0.0
1.01684 -0.0353783 0.0
1.03651 -0.0495224 0.0
0.836931 -0.000603973 0.0
0.883023 0.0847031 0.0
0.906238 0.00629254 0.0
0.806761 0.094473 0.0
0.843032 -0.00300834 0.0
0.838179 0.0094473 0.0
0.825218 0.00536584 0.0
0.830472 0.00158912 0.0
0.833423 -0.00195449 0.0
0.714385 0.00674488 0.0
0.803425 0.0931599 0.0
1.0274 -0.105341 0.0
0.916319 0.0106909 0.0
0.815469 -0.0898994 0.0
0.82923 -0.000673619 0.0
0.828336 0.000809582 0.0
0.944759 -0.0522653 0.0
0.886055 0.0224337 0.0
0.811933 -0.0297376 0.0
0.879197 -0.0102856 0.0
1.0203 -0.00805446 0.0
0.726193 0.0949814 0.0
0.828157 0.000552484 0.0
0.961189 0.130348 0.0
0.909813 0.0693928 0.0
0.900862 -0.0555725 0.0
0.831605 0.00583021 0.0
0.787118 0.0233176 0.0
0.956346 0.0534745 0.0
0.82647 -0.00511503 0.0
0.896642 -0.0170387 0.0
0.842558 -0.0109226 0.0
0.815802 -0.0926038 0.0
0.948284 0.0134298 0.0
0.828251 1.50303e-14 0.0
0.759896 0.0844373 0.0
1.02809 -0.119995 0.0
0.862632 0.0279203 0.0
0.856248 0.0677487 0.0
0.919901 -0.0648551 0.0
0.828241 -2.49681e-06 0.0
0.964566 -0.0281382 0.0
0.763747 0.0981365 0.0
0.828009 -7.84631e-05 0.0
0.836852 -0.00427601 0.0
0.829194 -0.00374933 0.0
0.708064 -0.0259516 0.0
0.818626 -0.0839376 0.0
0.976459 0.0699268 0.0
0.828251 1.80798e-12 0.0
0.951405 0.0503979 0.0
0.973972 -0.200344 0.0
0.811766 -0.0887176 0.0
0.827988 0.000234091 0.0
0.828783 -8.65004e-05 0.0
0.791676 -0.00683161 0.0
0.985363 0.0373751 0.0
0.828242 -9.90726e-07 0.0
0.727707 0.0939931 0.0
0.957898 -0.0423904 0.0
0.971784 0.00624987 0.0
0.855774 -0.00505457 0.0
0.864523 -0.0799423 0.0
0.828071 -0.000177378 0.0
1.00134 -0.0482535 0.0
0.982945 0.172148 0.0
0.838914 -0.0890026 0.0
0.97855 0.0421765 0.0
0.885677 -0.0764836 0.0
1.03577 -0.0200251 0.0
0.820144 -0.0052574 0.0
0.803855 -0.0929236 0.0
0.847334 0.00240181 0.0
0.994891 0.028576 0.0
0.991734 -0.0158682 0.0
0.826266 -0.000202999 0.0
0.797016 0.121261 0.0
0.824609 0.00235893 0.0
0.825865 0.011915 0.0
1.02104 0.0563027 0.0
0.840757 -0.0186302 0.0
0.913038 0.0978966 0.0
0.818829 -0.00497066 0.0
0.900413 0.034958 0.0
0.815446 -0.00104599 0.0
1.02251 0.102614 0.0
0.832541 -0.021379 0.0
0.967348 -0.0373401 0.0
0.975489 0.158188 0.0
0.828251 -1.36602e-08 0.0
0.744854 -0.0944287 0.0
0.970509 0.00982937 0.0
0.836383 0.0219568 0.0
0.881026 -0.053815 0.0
0.996826 0.0297519 0.0
0.828251 3.2392e-14 0.0
0.82793 6.38261e-05 0.0
0.979396 -0.0287796 0.0
0.99334 0.0296497 0.0
0.877931 -0.0797775 0.0
0.931852 0.0675373 0.0
0.717854 0.290933 0.0
0.833002 -0.00221221 0.0
0.828849 0.000786449 0.0
0.836009 -0.0010335 0.0
0.902415 0.0452771 0.0
0.741702 0.0790132 0.0
0.828235 -7.32546e-06 0.0
0.831654 -0.000886357 0.0
0.825694 0.0896868 0.0
0.832742 -0.00533759 0.0
0.830975 -0.00433536 0.0
1.02447 0.0962633 0.0
0.907872 -0.0148305 0.0
0.840743 0.0022976 0.0
0.959626 0.0173354 0.0
0.821129 0.0049112 0.0
0.821975 0.0147213 0.0
1.02103 0.0810857 0.0
0.856398 -0.0741481 0.0
0.840834 0.0026478 0.0
0.95147 -0.0661564 0.0
0.82887 -0.000965577 0.0
0.955622 0.05641 0.0
0.814395 -0.000798827 0.0
0.946688 0.060748 0.0
0.8275 0.000644707 0.0
0.975043 -0.0656614 0.0
1.01513 0.0122948 0.0
0.984845 0.02019 0.0
0.774961 -0.0425541 0.0
0.830568 0.00102297 0.0
0.889223 -0.0198929 0.0
0.784571 -0.00123106 0.0
1.01863 -0.0223027 0.0
0.857442 -0.0073038 0.0
0.791605 -0.0911677 0.0
0.829182 -0.0200401 0.0
0.829277 0.0346832 0.0
0.815931 -0.00386448 0.0
0.856181 -0.0852027 0.0
0.96018 0.163629 0.0
0.819909 -0.0091571 0.0
0.828251 -1.59493e-14 0.0
0.85137 -0.0864794 0.0
0.952398 -0.0751618 0.0
0.827906 0.000200182 0.0
0.683535 -0.141224 0.0
0.834441 0.0355471 0.0
0.82824 -1.89756e-05 0.0
0.82825 -2.18081e-06 0.0
0.82051 0.0944161 0.0
0.819676 0.00108045 0.0
0.828034 0.00121149 0.0
0.828328 0.000937132 0.0
1.0173 -0.00495182 0.0
0.906633 -0.102554 0.0
1.03323 -0.12706 0.0
1.00803 0.0184304 0.0
0.680705 0.0558547 0.0
0.942762 0.0631903 0.0
0.847145 -0.0860634 0.0
0.76609 -0.0071481 0.0
1.00007 -0.00638744 0.0
0.849018 -0.087004 0.0
0.871031 -0.00713665 0.0
0.832523 -0.00749284 0.0
0.879598 -0.0725382 0.0
0.847185 -0.00695537 0.0
0.845971 0.00299553 0.0
0.839238 -0.00111366 0.0
0.830705 -0.00118175 0.0
0.911225 -0.068068 0.0
0.835562 -0.00230018 0.0
0.817242 -0.000762647 0.0
0.828352 -0.000477985 0.0
1.02712 -0.0416177 0.0
0.828341 -0.00534259 0.0
0.85102 0.0417398 0.0
0.886147 0.0175154 0.0
0.8021 -0.0903911 0.0
0.81422 -0.0857958 0.0
0.828233 -9.75024e-06 0.0
1.00609 -0.141618 0.0
0.81857 0.00747912 0.0
0.828046 -0.000584563 0.0
0.846864 0.0350619 0.0
0.821993 0.0955612 0.0
0.947652 -0.0513531 0.0
0.899229 -0.113183 0.0
0.866326 0.195058 0.0
0.874147 -0.074692 0.0
0.828109 0.000487454 0.0
1.03286 -0.0191185 0.0
0.828247 -2.01889e-06 0.0
0.929466 -0.0609727 0.0
1.04532 -0.0504447 0.0
0.790913 0.0456306 0.0
0.868208 -0.0435479 0.0
0.82547 -0.00275121 0.0
0.828251 -8.99663e-08 0.0
0.709903 -0.00645069 0.0
0.935659 0.0776404 0.0
0.973944 0.0458774 0.0
0.829077 -0.00826121 0.0
0.888768 -0.207414 0.0
0.828193 -9.06962e-05 0.0
0.827975 -0.00074438 0.0
0.828167 0.000181873 0.0
0.828321 -0.000671406 0.0
0.87175 -0.00672919 0.0
0.828504 6.46103e-05 0.0
0.828251 -5.3656e-09 0.0
0.836872 -0.00183687 0.0
0.828103 9.88917e-05 0.0
0.835427 -0.00230738 0.0
0.902212 -0.0458132 0.0
0.818014 0.00228399 0.0
1.00482 0.0419352 0.0
0.944764 0.0283149 0.0
0.845487 0.277169 0.0
0.842967 -0.0133839 0.0
0.827975 0.000955255 0.0
0.825751 0.000174354 0.0
0.830771 0.0923871 0.0
0.842911 0.0599745 0.0
0.827526 0.00124395 0.0
0.963207 -0.22258 0.0
0.820833 -0.00240288 0.0
0.835739 -0.00478002 0.0
0.374165 0.353101 0.0
0.86937 -0.0320932 0.0
0.828251 7.37062e-12 0.0
0.826425 -0.0106263 0.0
0.936877 -0.0562796 0.0
0.830164 0.00122044 0.0
0.692091 -0.0451883 0.0
0.829936 -0.00117797 0.0
0.902082 -0.0644881 0.0
0.826214 -0.00295238 0.0
0.889656 -0.0741439 0.0
0.833422 -0.0173192 0.0
0.83762 -0.00528145 0.0
0.828251 -9.35154e-12 0.0
1.02724 0.0749234 0.0
0.975209 0.015393 0.0
0.828164 3.28202e-05 0.0
0.828596 -0.000396899 0.0
0.919588 -0.0496066 0.0
0.836187 0.000828088 0.0
0.948139 0.0574231 0.0
0.829665 0.00202505 0.0
0.82764 0.000344071 0.0
0.794671 -0.0829975 0.0
0.797665 0.0982428 0.0
1.01718 0.115999 0.0
0.96266 0.196686 0.0
0.968059 -0.214247 0.0
0.828249 1.02569e-06 0.0
0.769285 -0.0958474 0.0
0.968268 0.194898 0.0
0.883805 0.0466709 0.0
0.875292 -0.0366091 0.0
0.793393 -0.0566161 0.0
0.837235 -0.00133657 0.0
0.828225 6.56991e-06 0.0
0.934905 -0.0547298 0.0
0.799328 0.0879746 0.0
0.849202 0.0263567 0.0
0.982232 0.0339362 0.0
0.828598 -0.000904645 0.0
0.778386 0.100384 0.0
0.779863 0.100008 0.0
0.787362 -0.0953252 0.0
0.821843 -0.00356279 0.0
0.821247 -0.00332191 0.0
0.814961 0.0742458 0.0
0.828251 -1.34711e-07 0.0
0.828155 0.00106266 0.0
0.711815 -0.0316953 0.0
0.828251 1.95375e-14 0.0
0.817046 -0.000819566 0.0
0.807568 -0.0827201 0.0
0.826943 -0.000970647 0.0
0.903473 0.0785401 0.0
0.915608 0.041701 0.0
0.834645 0.000241892 0.0
0.861844 -0.08398 0.0
0.835426 0.000116301 0.0
0.811793 -0.0930588 0.0
1.01109 0.00691579 0.0
0.928013 0.00480962 0.0
0.964164 -0.0406347 0.0
0.873874 -0.0206174 0.0
0.844479 0.00510369 0.0
0.995823 0.0119834 0.0
0.828231 2.7279e-05 0.0
0.716361 -0.0804241 0.0
0.826378 0.00618429 0.0
0.977975 -0.0308033 0.0
0.785593 -0.0936851 0.0
0.792346 -0.0878834 0.0
0.822438 0.0636266 0.0
0.830152 0.000920536 0.0
0.830493 0.00101718 0.0
0.886875 0.0838457 0.0
0.829044 -0.00943585 0.0
0.92024 0.0719645 0.0
0.922097 -0.0640281 0.0
0.948509 0.0593456 0.0
0.828251 4.3475e-09 0.0
0.850566 -0.00183228 0.0
0.827767 -8.98388e-05 0.0
0.910834 -0.0445805 0.0
0.833073 -0.00827482 0.0
0.852641 0.0092693 0.0
0.914625 -0.0521823 0.0
0.680395 -0.115422 0.0
0.938399 0.0651304 0.0
0.923369 -0.0635863 0.0
0.826882 -0.00218905 0.0
0.825285 0.0781828 0.0
0.914872 -0.0667079 0.0
0.907653 0.0277169 0.0
0.828273 -0.000634632 0.0
0.82957 0.00104811 0.0
0.878252 0.0287661 0.0
0.822809 -0.000122298 0.0
0.942395 0.190643 0.0
0.754043 -0.0529274 0.0
0.795105 -0.0190858 0.0
0.848358 -0.087468 0.0
0.887148 0.0829266 0.0
0.82823 1.14454e-05 0.0
0.999249 0.0229315 0.0
0.928942 -0.0610928 0.0
0.835514 -0.0835832 0.0
0.827991 -0.000155495 0.0
0.828624 -0.000727096 0.0
0.903468 0.0508642 0.0
0.828251 -2.18725e-14 0.0
0.907127 -0.0703699 0.0
1.03319 -0.0154951 0.0
0.88058 0.208474 0.0
0.847505 0.0370977 0.0
0.750694 -0.109306 0.0
0.859809 -0.0757147 0.0
0.953537 0.0564321 0.0
0.868145 0.0880854 0.0
0.827328 0.00151107 0.0
0.915886 -0.0554055 0.0
0.828251 -2.12897e-07 0.0
0.840773 0.0934514 0.0
0.918066 0.0437095 0.0
0.822691 -0.00540629 0.0
0.898368 0.0728483 0.0
0.913564 -0.0670037 0.0
0.989542 -0.162168 0.0
0.740892 0.0981495 0.0
1.0121 0.0130868 0.0
0.853692 -0.023669 0.0
0.831603 0.00244091 0.0
0.940871 -0.0505531 0.0
0.782951 -0.027645 0.0
0.830576 0.000903897 0.0
0.878543 -0.0767403 0.0
0.85913 -0.077688 0.0
0.768262 0.0172058 0.0
0.825695 -0.00459879 0.0
0.880351 0.263389 0.0
0.835553 -0.000263247 0.0
0.924877 -0.063056 0.0
0.895286 -0.00508136 0.0
0.825872 0.00184771 0.0
0.819848 -0.000549856 0.0
0.829122 -0.00106819 0.0
0.916431 0.0739186 0.0
0.85441 -0.0762782 0.0
0.876321 -0.057146 0.0
0.827644 -0.000302175 0.0
0.828464 0.000139532 0.0
1.03785 -0.0782919 0.0
0.93483 -0.0556815 0.0
0.922545 -0.0533802 0.0
0.828166 0.00191263 0.0
0.947144 -0.0514387 0.0
0.826179 -0.00240397 0.0
0.827286 5.9121e-05 0.0
0.828432 -0.000216492 0.0
0.827477 -0.000271807 0.0
0.869965 -0.00344741 0.0
0.828251 3.81101e-14 0.0
0.731428 -0.0915652 0.0
0.827887 -0.000655117 0.0
0.827417 -0.000443313 0.0
0.935642 0.066821 0.0
0.828251 -4.32964e-10 0.0
0.950308 -0.0266391 0.0
0.850673 -0.00427422 0.0
0.937502 -0.0560719 0.0
1.01778 0.00788347 0.0
0.925256 -0.0627384 0.0
1.00755 0.00195745 0.0
1.01051 0.0160173 0.0
0.821122 0.00354793 0.0
0.824573 -0.00302302 0.0
0.925687 0.0664807 0.0
0.832666 -0.0451813 0.0
0.827751 -0.000565523 0.0
0.828939 -0.00137425 0.0
0.896628 0.0286471 0.0
1.01481 0.00207735 0.0
0.95125 0.0577412 0.0
0.609801 -0.0638182 0.0
0.825419 0.00115652 0.0
0.856169 -0.0111107 0.0
0.845521 0.0104661 0.0
0.871505 0.0875825 0.0
1.01749 0.10929 0.0
0.963061 0.13871 0.0
1.02378 0.0433033 0.0
0.707117 -0.105672 0.0
1.01919 0.11274 0.0
0.830297 -0.000262787 0.0
0.893172 -0.0752791 0.0
0.827814 0.000369155 0.0
0.816723 -0.00382371 0.0
0.829022 -0.0182529 0.0
0.830078 0.00168943 0.0
0.90007 -0.022825 0.0
0.951955 -0.0445229 0.0
0.970913 -0.036045 0.0
0.867704 0.000353171 0.0
0.838775 0.0078916 0.0
0.790094 -0.091073 0.0
0.846564 0.0807728 0.0
0.82943 -0.0908506 0.0
0.82036 -0.0045732 0.0
0.808213 -0.0171884 0.0
0.822539 -0.00695053 0.0
0.977985 -0.029546 0.0
0.824366 0.00590421 0.0
0.9082 0.0771668 0.0
0.962741 -0.0424795 0.0
0.838928 -0.0142269 0.0
0.908571 -0.0348204 0.0
0.828434 0.000883195 0.0
0.828481 -0.000444848 0.0
0.828251 6.72957e-07 0.0
0.663271 -0.0340242 0.0
0.847897 -0.00915455 0.0
0.829232 0.00268797 0.0
0.843814 -0.000849836 0.0
0.826745 -0.000688403 0.0
0.863464 0.0165901 0.0
0.880111 -0.0794999 0.0
0.829936 7.4608e-06 0.0
0.930988 0.0686882 0.0
0.829466 0.0145772 0.0
0.817013 0.00457796 0.0
0.728373 0.0114808 0.0
0.837765 -0.00350777 0.0
0.828104 -0.00179621 0.0
0.828251 -1.92083e-15 0.0
1.00539 0.00029236 0.0
0.851802 -0.0866126 0.0
1.01863 -0.146872 0.0
0.834832 0.0596704 0.0
0.976085 0.0924965 0.0
0.828259 -0.000309974 0.0
0.828167 0.000798382 0.0
0.963263 8.78636e-05 0.0
0.935453 -0.0520271 0.0
0.794119 -0.00925869 0.0
0.83974 -0.00167444 0.0
0.953864 0.056876 0.0
0.978386 0.0409125 0.0
1.04406 -0.0960313 0.0
0.828463 0.000704261 0.0
0.988118 0.164424 0.0
0.826271 0.00394744 0.0
0.770588 0.0978606 0.0
0.857579 -0.0855265 0.0
1.00718 0.00223875 0.0
0.79224 0.0863952 0.0
0.835304 -0.0195066 0.0
0.827947 -8.20753e-05 0.0
0.772045 0.237419 0.0
0.832668 -0.0122716 0.0
0.778548 0.0664358 0.0
0.826885 -0.000114638 0.0
0.833452 -0.00137595 0.0
0.828251 -6.939e-14 0.0
0.979853 -0.0276524 0.0
0.853637 -0.0100514 0.0
0.815786 0.00375909 0.0
0.923332 -0.0474202 0.0
0.845558 -0.0214442 0.0
0.877025 -0.0790667 0.0
0.818821 -0.00362409 0.0
0.844371 -0.0881901 0.0
0.830954 -0.079725 0.0
0.833817 0.000324658 0.0
0.826612 0.000944286 0.0
0.832211 0.0028965 0.0
0.877202 -0.0798984 0.0
1.03924 -0.0336542 0.0
0.946045 -0.044939 0.0
0.778862 0.00880395 0.0
0.835572 0.0939896 0.0
0.825127 0.0417411 0.0
0.886506 0.025659 0.0
0.885063 -0.0743737 0.0
0.830736 -0.0903099 0.0
0.827895 0.000312568 0.0
0.764751 -0.0852035 0.0
0.967911 -0.0374609 0.0
0.624086 0.407996 0.0
0.806759 0.00560765 0.0
0.826217 -3.66621e-05 0.0
0.915738 -0.0657918 0.0
0.864395 -0.0833409 0.0
0.836458 0.00194921 0.0
0.782621 0.0135552 0.0
0.94124 0.0635877 0.0
0.825009 -0.000288849 0.0
0.820834 -0.091679 0.0
0.804954 -0.0942036 0.0
0.828215 -6.43934e-06 0.0
0.828202 -2.81354e-05 0.0
0.991683 0.0226644 0.0
0.827718 -5.32362e-05 0.0
0.868954 -0.0818012 0.0
0.816276 -0.00334312 0.0
0.819293 -0.0041378 0.0
0.859518 0.0901796 0.0
0.825924 0.0303056 0.0
0.56248 0.367141 0.0
0.966729 0.162483 0.0
0.911665 0.00256772 0.0
0.800323 -0.0947825 0.0
0.828246 -1.09017e-06 0.0
1.0315 -0.011573 0.0
0.942022 0.0634559 0.0
0.511549 0.214249 0.0
0.828446 -0.000376415 0.0
0.808878 -0.026883 0.0
0.875772 -0.19833 0.0
0.950364 0.0317219 0.0
0.989769 0.0263452 0.0
1.03561 -0.0388154 0.0
0.829269 -0.000395505 0.0
0.944466 0.0940881 0.0
0.819938 -0.00307083 0.0
0.724937 -0.0186865 0.0
0.819444 -0.00407973 0.0
0.828783 0.0878029 0.0
1.00935 0.126285 0.0
0.828251 -1.32219e-14 0.0
0.845356 0.0925553 0.0
0.819232 -0.00487705 0.0
1.01795 0.00225331 0.0
0.976005 0.0110948 0.0
0.929289 -0.0608034 0.0
1.02318 -0.140421 0.0
0.828492 -0.000504207 0.0
0.802288 -0.00193779 0.0
0.871138 0.0114058 0.0
0.852508 -0.020046 0.0
0.997502 0.152025 0.0
0.882825 -0.0786647 0.0
0.987533 -0.022467 0.0
0.862217 -0.00207181 0.0
0.803492 -0.0780343 0.0
0.869942 -0.0811012 0.0
0.994592 -0.189167 0.0
0.820394 -0.0043133 0.0
0.834274 0.00295818 0.0
0.809391 0.0812948 0.0
0.649042 0.0197057 0.0
0.832548 -0.00151959 0.0
1.00843 0.00403511 0.0
0.817726 -0.00415207 0.0
0.82802 -0.00345423 0.0
0.940296 0.0634443 0.0
1.02716 0.057717 0.0
0.86786 0.0622886 0.0
0.936597 -0.0536823 0.0
0.957307 -0.00342884 0.0
0.799953 -0.0570022 0.0
0.828138 -0.000211674 0.0
0.844843 -0.00620357 0.0
0.898584 0.0609051 0.0
0.842132 0.0251067 0.0
0.735751 0.0377321 0.0
0.828251 -1.56026e-14 0.0
0.897169 -0.0734616 0.0
0.827876 -0.000331389 0.0
0.823748 -0.0110713 0.0
0.954532 0.00331835 0.0
0.914373 0.0622709 0.0
0.828251 -1.75721e-11 0.0
0.828238 -0.00490571 0.0
0.793565 -0.0896293 0.0
1.0314 -0.132086 0.0
0.51603 0.360001 0.0
0.821998 0.0549836 0.0
0.915433 -0.0457796 0.0
0.827898 5.83351e-06 0.0
0.828209 -0.000500594 0.0
0.90095 0.0798118 0.0
0.987091 0.0276668 0.0
0.947886 -0.237077 0.0
1.01845 0.00855877 0.0
0.644773 -0.0538785 0.0
0.816419 -0.00516546 0.0
0.940881 -0.0357922 0.0
0.81952 -0.00167872 0.0
0.883281 -0.0731382 0.0
0.828095 0.00175891 0.0
0.950513 -0.043696 0.0
1.01987 0.0276303 0.0
0.827808 0.000276544 0.0
0.82825 3.25144e-07 0.0
0.832986 -0.00402158 0.0
0.828251 -7.70474e-11 0.0
0.951447 -0.0491493 0.0
1.00321 -0.00663212 0.0
0.951376 -0.0425207 0.0
0.815385 -0.0126438 0.0
0.944067 -0.0528741 0.0
0.820685 0.000571338 0.0
0.806277 -0.00933478 0.0
0.758708 0.065748 0.0
0.929767 0.0572206 0.0
0.880383 -0.0686929 0.0
0.825818 -0.00158497 0.0
0.823442 0.000726155 0.0
0.820058 0.00391438 0.0
0.9994 -0.0605104 0.0
0.851585 0.0917327 0.0
0.894689 -0.0746416 0.0
0.81021 -0.0879665 0.0
0.785618 -0.0952654 0.0
0.992067 0.0338376 0.0
0.77439 -0.035562 0.0
0.828251 -1.01858e-07 0.0
0.789656 -0.079494 0.0
0.828388 -0.000533185 0.0
0.890474 0.0754611 0.0
0.831728 -0.000109502 0.0
0.828757 0.00531002 0.0
0.828372 0.000642014 0.0
0.958004 0.055571 0.0
0.838768 -0.00111857 0.0
0.834737 -0.00725488 0.0
0.832651 -0.0163811 0.0
0.969281 0.0180071 0.0
0.88604 0.0838251 0.0
0.828451 -0.000410503 0.0
0.818871 0.00278464 0.0
0.947633 0.059588 0.0
0.827589 -0.00287089 0.0
0.837129 -0.0180912 0.0
0.997871 -0.00679132 0.0
1.0411 -0.0353562 0.0
0.850411 0.00329029 0.0
0.712553 0.0724271 0.0
0.823492 -0.00523933 0.0
1.03577 -0.102998 0.0
0.829912 -0.00186516 0.0
0.844226 0.0934278 0.0
0.871977 -0.0243888 0.0
0.828424 0.00178158 0.0
0.833711 -0.00491669 0.0
0.827338 0.000681724 0.0
1.02155 0.101468 0.0
0.944351 0.170031 0.0
1.04715 -0.0677121 0.0
0.82268 0.00476355 0.0
0.829348 0.00218519 0.0
0.821195 0.00102198 0.0
1.02897 -0.00840139 0.0
0.824225 0.00219941 0.0
0.893312 -0.0690047 0.0
0.82545 -0.0881925 0.0
1.02399 0.0453789 0.0
0.994087 -0.0158486 0.0
0.753715 0.00949643 0.0
0.946749 -0.241563 0.0
0.828251 -2.7266e-08 0.0
0.890306 -0.0749973 0.0
0.854605 0.0906612 0.0
0.828251 8.22844e-12 0.0
0.987538 0.169243 0.0
0.976606 0.039637 0.0
0.833065 0.0414982 0.0
0.873044 0.0875934 0.0
0.828251 -7.94504e-13 0.0
1.04592 -0.0486314 0.0
0.827969 0.000227994 0.0
0.695576 0.0719911 0.0
0.828218 2.71173e-05 0.0
0.828167 -1.51304e-05 0.0
0.828249 2.08085e-07 0.0
0.828327 0.000993816 0.0
0.851296 -0.00392925 0.0
0.875916 -0.0427161 0.0
0.82144 0.00397211 0.0
0.770385 -0.0758672 0.0
0.828176 0.00056036 0.0
0.872545 0.0875471 0.0
0.930519 -0.0605912 0.0
0.828596 0.0110092 0.0
0.820283 0.0971436 0.0
0.81519 -0.00347738 0.0
1.01266 0.0137991 0.0
0.903451 -0.0719538 0.0
0.888545 -0.0765459 0.0
0.847119 0.0215918 0.0
0.892516 0.107831 0.0
0.940763 -0.0540143 0.0
0.841985 0.0111224 0.0
0.841257 -0.00569399 0.0
0.85639 -0.0248102 0.0
0.835607 0.00182314 0.0
0.830446 -0.0116152 0.0
0.914942 0.074666 0.0
0.828251 3.54839e-11 0.0
0.953335 -0.0481712 0.0
0.953904 0.208438 0.0
0.827702 0.00458945 0.0
0.828249 -1.17499e-07 0.0
1.02388 0.0553578 0.0
0.827798 0.00150005 0.0
0.864108 0.0592387 0.0
0.857531 0.157811 0.0
0.869863 0.0336813 0.0
0.828251 1.25603e-13 0.0
0.813194 0.00687984 0.0
0.849052 -0.0137591 0.0
0.828016 0.0020948 0.0
0.815195 0.0978724 0.0
0.769324 -0.202568 0.0
0.829738 0.00102503 0.0
0.829304 0.0024873 0.0
0.985989 0.14495 0.0
0.923949 -0.0631592 0.0
0.828911 -0.000385754 0.0
0.827746 0.000116039 0.0
0.825849 0.000328543 0.0
0.825018 -0.0007628 0.0
0.828251 -2.87385e-08 0.0
0.885738 -0.0382894 0.0
0.954856 0.0287212 0.0
0.827224 0.000223806 0.0
1.03626 -0.0324601 0.0
0.983892 0.0347437 0.0
0.827805 -0.000506177 0.0
0.978669 -0.0292561 0.0
0.832355 -0.00941256 0.0
0.81989 -0.00909495 0.0
0.829256 0.00630805 0.0
0.828251 2.73006e-11 0.0
0.812463 -0.0923564 0.0
0.908953 0.0486712 0.0
0.825357 -0.00527491 0.0
0.955711 -0.0467534 0.0
0.849624 0.0926603 0.0
0.989364 0.000765877 0.0
0.831762 0.00655552 0.0
0.9408 -0.0038458 0.0
0.784546 -0.00219543 0.0
0.7937 -0.0903986 0.0
0.828152 -0.000452327 0.0
0.948089 0.0600426 0.0
0.843211 -0.00413429 0.0
0.82867 0.000378217 0.0
0.921016 0.0318656 0.0
0.823085 -0.00163406 0.0
0.787302 0.0158147 0.0
1.00742 0.0190729 0.0
0.942444 0.0635056 0.0
0.833168 0.0958147 0.0
0.818732 0.00535417 0.0
0.882983 -0.0785393 0.0
0.879465 0.0862705 0.0
0.878508 0.0864135 0.0
0.90645 -0.0665658 0.0
0.931749 -0.0595942 0.0
0.828245 -0.000263574 0.0
0.858032 -0.029127 0.0
0.555091 -0.347326 0.0
0.828251 1.87598e-14 0.0
0.75928 0.00659852 0.0
0.931198 -0.0599106 0.0
0.828251 4.65122e-11 0.0
0.830019 -0.0877573 0.0
0.867033 0.0887654 0.0
0.860171 -0.0099187 0.0
0.927826 -0.0589954 0.0
0.879708 -0.0576271 0.0
0.828247 -0.000470873 0.0
0.854212 -0.0829921 0.0
0.799605 -0.0899663 0.0
0.832679 -0.00597986 0.0
0.813029 0.0958525 0.0
1.03072 -0.0106564 0.0
0.99664 0.0258255 0.0
0.991376 0.0116076 0.0
0.836893 -0.0142853 0.0
0.795939 0.0263041 0.0
0.91373 0.0755555 0.0
1.02538 -0.00562134 0.0
0.811401 -0.0265006 0.0
0.820097 0.00162752 0.0
1.02551 0.0488679 0.0
0.838692 4.85074e-05 0.0
1.01978 0.0550468 0.0
0.969802 0.0487541 0.0
0.817989 -0.00314516 0.0
0.915599 -0.0217422 0.0
0.880481 -0.0760796 0.0
0.793907 -0.0698831 0.0
0.816725 -0.00297173 0.0
0.832271 0.00185898 0.0
0.875794 -0.0748553 0.0
0.82964 0.000415647 0.0
0.952179 0.0445784 0.0
0.82782 0.000580757 0.0
0.993205 0.0331289 0.0
0.85318 0.0922093 0.0
0.828251 -3.4825e-14 0.0
0.828084 0.0089635 0.0
0.828461 -0.000473667 0.0
0.827562 0.00130563 0.0
0.826332 0.000148476 0.0
0.939927 0.219238 0.0
0.93955 0.0641487 0.0
0.827721 0.0557586 0.0
0.828217 0.000659408 0.0
1.01757 0.00988278 0.0
0.992642 -0.0240563 0.0
0.852784 -0.0831344 0.0
0.88365 -0.0784358 0.0
0.822772 0.0968459 0.0
0.998538 0.0415319 0.0
0.821346 0.00377512 0.0
0.828424 0.000764102 0.0
0.8603 -0.0346009 0.0
0.820264 0.00493176 0.0
0.81935 -0.00406624 0.0
0.827284 -0.000751367 0.0
0.763486 0.0223286 0.0
0.88356 0.0845132 0.0
0.982841 0.0241585 0.0
0.885191 -0.00936873 0.0
0.983278 -0.0252449 0.0
0.950176 0.0590081 0.0
0.951042 -0.0493063 0.0
0.925965 0.10026 0.0
0.824437 -0.00142685 0.0
0.908125 -0.0399342 0.0
0.689285 -0.252934 0.0
0.974476 0.0458891 0.0
0.828447 -0.0003382 0.0
0.841449 -0.0115239 0.0
1.00416 -0.000866637 0.0
0.828043 -0.000244908 0.0
0.963164 -0.0265221 0.0
0.881411 0.0335237 0.0
0.981328 0.13935 0.0
0.943463 0.0629192 0.0
0.828251 8.76338e-13 0.0
1.01704 -0.155965 0.0
0.828251 -1.06333e-08 0.0
0.874474 -0.0814086 0.0
0.771138 -0.0785527 0.0
0.834029 0.00259477 0.0
0.83053 0.0129437 0.0
0.879392 0.0835252 0.0
0.896685 0.0805866 0.0
0.824007 0.0968172 0.0
0.828251 1.54553e-16 0.0
0.963096 0.102913 0.0
0.810523 -0.00318492 0.0
0.80515 -0.089384 0.0
0.955402 0.0480999 0.0
0.828365 -0.000388635 0.0
0.933815 0.0670809 0.0
0.807741 0.098766 0.0
0.695144 -0.325865 0.0
0.987594 0.0305633 0.0
0.833943 0.00224519 0.0
0.834572 0.00237048 0.0
0.828251 -1.71088e-08 0.0
1.00716 0.0197015 0.0
0.838382 -0.0892187 0.0
0.826724 0.00628579 0.0
0.87301 0.0862295 0.0
0.761823 -0.00150215 0.0
0.890279 -0.0688385 0.0
0.873792 0.00727907 0.0
0.818538 0.00451733 0.0
0.94015 -0.0550422 0.0
0.829105 0.00459322 0.0
0.915494 0.0682372 0.0
0.833134 -0.00246397 0.0
0.827459 -0.00066019 0.0
1.00362 -0.0197182 0.0
0.828251 1.22196e-14 0.0
0.841055 -0.0887839 0.0
0.840306 -0.00681915 0.0
0.816357 0.0847423 0.0
0.822117 0.000533721 0.0
0.974515 -0.0203875 0.0
0.916028 -0.0661899 0.0
0.889476 0.0800653 0.0
0.826999 0.000670186 0.0
0.84798 -0.00581617 0.0
0.835335 -0.0125545 0.0
0.789094 -0.06403 0.0
0.886514 -0.0759208 0.0
0.827055 0.00153591 0.0
0.828251 -1.01983e-09 0.0
1.01394 0.116275 0.0
0.826515 0.0938991 0.0
0.901994 0.0796888 0.0
0.879159 -0.0749256 0.0
0.817187 0.0461388 0.0
0.930818 0.0237382 0.0
0.828251 -4.71727e-13 0.0
0.817784 0.00126514 0.0
0.840498 -0.0145334 0.0
0.8199 0.00824618 0.0
0.981469 0.179466 0.0
0.891395 0.068402 0.0
0.828251 -8.18712e-09 0.0
1.00691 -0.00654088 0.0
0.80346 -0.0365791 0.0
0.856563 -0.0214392 0.0
0.8292 -0.00144194 0.0
0.955172 -0.0438285 0.0
0.82825 -1.87177e-07 0.0
0.828251 2.18769e-09 0.0
0.825965 -0.00148085 0.0
0.850263 0.271782 0.0
0.792254 -0.040647 0.0
0.855064 -0.0779583 0.0
1.00309 0.140122 0.0
0.90064 -0.000675849 0.0
0.828251 -1.55859e-08 0.0
0.897151 0.00269651 0.0
0.897429 -0.0738762 0.0
0.820002 0.00336173 0.0
0.82826 -0.000599376 0.0
1.01277 -0.0438716 0.0
0.996916 0.0293493 0.0
0.963385 -0.0410248 0.0
0.815286 -0.0884564 0.0
0.814026 -0.090151 0.0
0.828045 -0.000498965 0.0
0.828251 7.54566e-15 0.0
0.95718 -0.0463687 0.0
1.01925 0.0247072 0.0
0.815989 0.00357358 0.0
0.839783 0.0243735 0.0
0.790756 -0.0336304 0.0
0.73477 0.00494896 0.0
0.889978 -0.0755612 0.0
0.826401 -0.0167221 0.0
0.808593 -0.0941084 0.0
0.827849 -0.000372126 0.0
0.962579 -0.041946 0.0
0.827457 -0.000313763 0.0
0.902536 0.0034874 0.0
1.00348 0.142619 0.0
0.828192 0.000623612 0.0
0.828251 -4.23473e-11 0.0
0.721821 -0.088885 0.0
0.954346 0.0569338 0.0
0.321996 0.224006 0.0
0.815357 0.00270458 0.0
0.880959 0.000375128 0.0
0.978703 0.0417921 0.0
1.04308 -0.0504774 0.0
0.818029 -0.0594801 0.0
0.910376 -0.0341361 0.0
1.0297 -0.0137198 0.0
0.988582 0.0356727 0.0
0.821554 0.0056063 0.0
0.978166 -0.029226 0.0
0.99858 0.146286 0.0
0.903421 0.0752722 0.0
0.912519 -0.0676675 0.0
0.82823 -0.000502728 0.0
0.824895 0.00648217 0.0
0.828116 -0.0123597 0.0
0.80275 -0.0727261 0.0
0.850813 0.0166921 0.0
0.82875 0.00101383 0.0
0.836034 0.0837231 0.0
0.946875 0.060485 0.0
0.871394 -0.296181 0.0
0.828248 -1.32995e-06 0.0
0.841399 0.0085913 0.0
0.835803 -0.00384512 0.0
0.953575 0.0644411 0.0
0.828251 9.00996e-14 0.0
0.828217 -1.62426e-06 0.0
0.920509 0.0719049 0.0
0.828205 -0.000314145 0.0
0.913416 0.0669548 0.0
0.824629 -0.00072628 0.0
0.997998 -0.158586 0.0
0.829517 0.000153376 0.0
0.822376 -0.000868092 0.0
0.827882 0.000184636 0.0
0.82798 0.000290407 0.0
0.894718 -0.051962 0.0
1.01005 0.131497 0.0
0.956125 0.198321 0.0
0.964835 -0.0404577 0.0
1.01736 0.0322728 0.0
1.01225 0.00849411 0.0
0.990893 0.0343751 0.0
0.841859 0.00359601 0.0
0.716386 0.102865 0.0
1.01511 0.0118681 0.0
0.824274 0.0058986 0.0
0.987699 0.163519 0.0
1.01918 0.022152 0.0
0.992681 0.146584 0.0
1.04069 -0.0342607 0.0
0.973294 0.0203535 0.0
1.03514 -0.0196504 0.0
0.801939 0.0214204 0.0
0.813537 0.00275284 0.0
0.830413 -0.00881882 0.0
0.927767 -0.193176 0.0
0.828251 1.24043e-13 0.0
0.961082 0.0396814 0.0
0.852309 0.00209192 0.0
0.902186 0.078166 0.0
0.929873 0.194307 0.0
0.828251 -9.48591e-14 0.0
0.957963 0.024486 0.0
0.839492 -0.00495265 0.0
0.820995 -0.00483503 0.0
0.831325 -0.0355721 0.0
0.828251 -4.32221e-11 0.0
0.821059 0.00261734 0.0
0.919024 0.0700291 0.0
0.890692 -0.0695273 0.0
0.841053 0.0394005 0.0
1.02569 0.0478962 0.0
0.897555 -0.0739429 0.0
0.827984 -1.36537e-05 0.0
0.822582 -0.00283714 0.0
0.961074 0.0748372 0.0
0.897047 -0.0125227 0.0
1.01345 0.00868276 0.0
0.99517 -0.0132409 0.0
0.831974 0.00248488 0.0
0.828251 -1.42184e-14 0.0
0.874358 -0.0799247 0.0
0.921483 0.0365479 0.0
0.962781 0.0213958 0.0
0.781797 -0.0929517 0.0
0.990921 -0.0163548 0.0
0.824036 0.0160382 0.0
0.82839 -0.000319468 0.0
1.02522 -0.142586 0.0
0.797539 -0.0951663 0.0
0.842312 -3.82082e-05 0.0
0.824948 0.0391134 0.0
0.622104 0.022346 0.0
0.990259 0.0312336 0.0
0.936591 -0.0549503 0.0
1.01081 0.0639376 0.0
0.940756 0.0634712 0.0
0.87545 -0.0741047 0.0
0.815425 -0.0201989 0.0
0.992876 -0.011879 0.0
0.582383 0.0234026 0.0
0.828127 0.000662027 0.0
0.749422 -0.0198169 0.0
0.904587 0.0781478 0.0
0.823679 -0.00126229 0.0
1.01047 0.00676729 0.0
0.828251 -5.23887e-09 0.0
0.853953 -0.0640021 0.0
0.977911 0.0398633 0.0
0.810278 0.0104957 0.0
0.820696 -0.00311944 0.0
0.832351 -0.0152443 0.0
0.850701 -0.00119506 0.0
0.843274 0.00130941 0.0
0.826298 -0.000738492 0.0
0.80988 0.00443152 0.0
0.828769 0.0021792 0.0
1.03382 -0.0841897 0.0
0.958762 0.0552072 0.0
1.01392 0.0125735 0.0
0.827791 -6.36744e-05 0.0
0.828481 -0.000402323 0.0
0.847335 0.0869223 0.0
0.828251 7.97021e-09 0.0
0.828111 -0.000335188 0.0
0.827862 -0.000941035 0.0
0.828251 9.56646e-15 0.0
0.954757 0.0566305 0.0
1.0383 -0.036272 0.0
1.01307 0.00999071 0.0
0.82805 0.000549211 0.0
0.822295 -0.000455263 0.0
0.803974 -0.0830159 0.0
0.828888 0.00136534 0.0
0.774067 0.0105576 0.0
0.828251 -5.82958e-08 0.0
0.75476 0.0276627 0.0
0.801255 -0.00293431 0.0
0.828236 -1.62934e-05 0.0
0.840539 0.00870248 0.0
0.82816 -0.000327764 0.0
0.828248 -1.83079e-06 0.0
1.01818 0.022337 0.0
0.828322 -0.000929082 0.0
0.828251 -1.12702e-07 0.0
0.826375 0.000214861 0.0
0.828088 0.000965174 0.0
0.828052 0.000369266 0.0
0.828416 0.00105009 0.0
0.828576 0.000732251 0.0
0.82845 -6.90455e-05 0.0
0.828251 -3.5167e-10 0.0
0.828407 -0.000209321 0.0
0.828399 0.000548298 0.0
0.87216 -0.0554804 0.0
0.987381 -0.0204463 0.0
0.833364 -0.00936733 0.0
0.815099 0.00134282 0.0
0.834636 -0.00653181 0.0
0.892324 0.0754204 0.0
0.791825 0.0325981 0.0
0.916947 -0.0660064 0.0
0.773407 -0.0875639 0.0
0.966958 -0.0378744 0.0
0.784796 -0.0949976 0.0
0.824127 -0.00141974 0.0
0.828251 -1.83307e-13 0.0
0.828251 1.66009e-15 0.0
0.815888 -0.000232141 0.0
0.827812 0.000150172 0.0
0.829948 0.00256573 0.0
0.88497 -0.0777117 0.0
0.848626 -0.0875918 0.0
0.877974 -0.0739812 0.0
0.838659 -0.0882043 0.0
0.828251 -9.77164e-15 0.0
0.827866 0.00020957 0.0
0.837697 0.0452781 0.0
0.827668 0.000198238 0.0
0.828102 0.000259121 0.0
0.954646 -0.0473806 0.0
0.827255 -0.000858825 0.0
0.826014 0.00168182 0.0
0.828026 0.000282721 0.0
0.962825 -0.0418722 0.0
0.826525 -0.000598867 0.0
0.812497 0.0234355 0.0
1.04716 -0.0549633 0.0
0.828251 8.67584e-10 0.0
0.828471 0.00104975 0.0
0.836935 -0.0108589 0.0
0.828081 -6.43639e-05 0.0
0.827555 -0.00109204 0.0
0.983525 0.0384809 0.0
0.828675 0.00498908 0.0
0.930575 -0.0483841 0.0
0.996695 0.142241 0.0
0.828189 7.19133e-05 0.0
1.01255 0.0177899 0.0
0.883016 -0.0783253 0.0
0.82904 0.00214556 0.0
0.828491 -0.00111034 0.0
0.863595 -0.076959 0.0
0.828251 -1.23802e-07 0.0
0.902794 -0.066478 0.0
0.923379 -0.0633477 0.0
1.02396 0.0923815 0.0
0.891647 0.0217987 0.0
0.769416 0.0898149 0.0
1.01788 0.111684 0.0
0.954844 0.00433128 0.0
0.750839 0.0991545 0.0
0.828017 -2.6717e-05 0.0
0.908807 0.0150689 0.0
0.849261 0.0610417 0.0
0.828165 -0.000255426 0.0
0.989979 0.165069 0.0
0.708577 -0.198857 0.0
0.817025 -0.0373995 0.0
1.02336 0.0619235 0.0
1.0127 0.0110637 0.0
0.891986 0.242266 0.0
0.80043 -0.0931601 0.0
0.867431 -0.0824626 0.0
0.82825 1.42448e-06 0.0
1.02189 0.00250552 0.0
0.828193 -8.96439e-05 0.0
0.520131 0.139894 0.0
0.82819 -0.000752213 0.0
0.828251 -8.50063e-09 0.0
0.828393 -0.000648588 0.0
0.82851 0.00027687 0.0
0.852908 -0.0858946 0.0
1.01549 -0.146292 0.0
0.828251 -1.36409e-14 0.0
0.828756 -0.000286055 0.0
0.828251 -2.51062e-14 0.0
1.01936 0.0245385 0.0
0.828251 1.05681e-12 0.0
0.826438 -0.00628886 0.0
0.826895 -0.00390826 0.0
0.782308 -0.0938076 0.0
0.828251 8.91942e-11 0.0
0.809731 -0.00196586 0.0
0.933429 -0.0510741 0.0
0.950082 0.0565768 0.0
0.828045 0.000611736 0.0
0.826265 0.00145285 0.0
0.829893 0.000228218 0.0
0.928972 -0.0608493 0.0
0.829439 -0.00187661 0.0
1.02817 -0.0199302 0.0
0.889304 -0.0710748 0.0
0.881191 0.0839661 0.0
0.469383 0.363187 0.0
0.883726 -0.0203525 0.0
0.827814 0.000324154 0.0
0.883875 -0.0775447 0.0
1.0251 0.0910931 0.0
0.801313 0.0912062 0.0
0.865135 -0.0260042 0.0
0.828127 -5.24908e-05 0.0
0.846902 -0.00127576 0.0
0.823097 -0.00921464 0.0
0.821242 -0.00241946 0.0
0.775689 -0.0969479 0.0
0.828251 -2.73855e-13 0.0
0.869494 -0.06686 0.0
0.827157 -7.44828e-05 0.0
0.863426 -0.0877263 0.0
0.839107 -0.0891672 0.0
0.852499 -0.00854707 0.0
0.81458 -0.00213665 0.0
0.847875 0.0767442 0.0
0.826838 -7.89891e-06 0.0
0.858051 -0.0852364 0.0
0.824612 -0.00440921 0.0
0.824952 0.000160317 0.0
0.796776 -0.00462375 0.0
0.833073 -0.00514948 0.0
0.828241 1.15834e-05 0.0
0.899979 -0.0719136 0.0
0.830024 -0.00122368 0.0
0.852584 -0.0791019 0.0
0.846612 0.0919533 0.0
0.818032 0.0946355 0.0
0.894645 -0.0667083 0.0
0.798378 0.318797 0.0
0.781974 -0.0952102 0.0
1.00735 0.0189824 0.0
0.793208 -0.284742 0.0
0.827813 0.00129071 0.0
0.864515 0.00766152 0.0
0.840377 0.0914179 0.0
1.01102 0.123598 0.0
0.828166 -5.83919e-06 0.0
0.824462 0.000203934 0.0
0.828037 -0.000412897 0.0
0.814979 0.013274 0.0
0.811314 0.0255899 0.0
1.00598 0.13976 0.0
0.841921 -0.00803955 0.0
0.826013 -0.000304758 0.0
0.758501 0.00331941 0.0
0.831334 -0.00644236 0.0
0.828251 -2.26001e-13 0.0
0.915085 -0.0664473 0.0
1.0147 0.0130034 0.0
0.914587 -0.0661781 0.0
0.801726 0.0252192 0.0
0.822835 0.00866464 0.0
0.81848 -0.00464413 0.0
0.933008 -0.058853 0.0
0.824968 -4.03308e-05 0.0
0.827622 -0.00265285 0.0
1.03769 -0.0270084 0.0
0.913011 -0.0671196 0.0
0.921898 -0.0405616 0.0
0.828251 -2.41898e-10 0.0
0.828237 -2.72482e-06 0.0
0.828251 -2.05403e-12 0.0
0.827824 -0.00137331 0.0
0.906124 -0.0700044 0.0
0.823839 0.00272541 0.0
0.828203 0.000575184 0.0
0.838479 -0.0888896 0.0
0.828251 -9.64611e-13 0.0
0.828251 -1.91176e-09 0.0
0.893554 -0.0749682 0.0
0.827891 0.0003373 0.0
0.771137 0.0872138 0.0
0.8782 -0.08012 0.0
0.952916 -0.0476229 0.0
1.03867 -0.0282552 0.0
0.827944 0.00600102 0.0
0.929537 -0.0607599 0.0
0.799657 0.0932169 0.0
0.824543 -0.0147057 0.0
0.897675 0.0808206 0.0
0.877154 -0.0149947 0.0
0.845862 0.0921932 0.0
0.823022 0.00539966 0.0
0.856418 -0.0411109 0.0
0.838996 -0.00857269 0.0
0.833724 0.00954214 0.0
0.828251 8.24879e-08 0.0
0.830125 0.000868102 0.0
0.988324 0.0366102 0.0
1.01086 -0.174503 0.0
0.602749 -0.350937 0.0
0.827841 -0.000110108 0.0
0.832769 -0.0015223 0.0
0.82723 -0.00800414 0.0
0.816327 -0.0690715 0.0
0.803664 -0.00526936 0.0
1.02737 -0.0207178 0.0
1.02323 0.0716133 0.0
0.721456 -0.0909196 0.0
0.827888 0.000285383 0.0
1.02553 0.0872529 0.0
0.815642 0.0934339 0.0
0.828251 3.99324e-14 0.0
0.931432 -0.0554915 0.0
0.815166 -0.0102718 0.0
0.835585 -0.00361149 0.0
0.947892 0.059725 0.0
0.801457 0.0992727 0.0
0.823162 -0.00302894 0.0
0.961547 -0.0432833 0.0
0.924292 -0.0619796 0.0
1.0454 -0.074532 0.0
0.805223 -0.0460357 0.0
0.893963 -0.0720686 0.0
0.816395 0.00105439 0.0
0.828251 -4.06939e-15 0.0
0.780628 -0.077208 0.0
0.790869 0.0973571 0.0
0.750555 0.100686 0.0
0.974148 0.150306 0.0
0.825964 0.00431582 0.0
0.83302 -0.000870415 0.0
0.828014 -3.02084e-05 0.0
0.891055 0.0777579 0.0
0.93609 -0.056968 0.0
0.8833 -0.0613823 0.0
0.826809 -0.000816763 0.0
0.828276 0.000599415 0.0
0.827316 -0.000547855 0.0
0.82825 -1.12484e-07 0.0
0.820665 -0.00514273 0.0
0.826087 -0.00130114 0.0
0.993715 0.155373 0.0
0.828038 -0.000308055 0.0
1.01187 0.00930597 0.0
0.821645 0.286302 0.0
0.770925 -0.0953716 0.0
0.140039 -0.12631 0.0
0.827623 -0.000818499 0.0
0.828251 2.50052e-13 0.0
0.828064 0.00165293 0.0
0.828251 1.4458e-08 0.0
0.818336 0.0253547 0.0
0.828217 -0.0206704 0.0
0.868556 -0.0814875 0.0
0.828251 -6.67863e-09 0.0
0.827834 7.51706e-05 0.0
0.956102 -0.0422471 0.0
0.828251 3.11221e-14 0.0
0.691016 -0.0186914 0.0
0.813712 -0.0837077 0.0
0.825777 0.00318791 0.0
0.828745 -0.00120999 0.0
0.946555 -0.0319678 0.0
0.83071 -0.00121371 0.0
0.857021 -0.0843386 0.0
0.828251 -6.65941e-10 0.0
0.828346 -0.00171555 0.0
0.828011 -0.000260099 0.0
0.785177 0.0442038 0.0
0.786264 0.0961302 0.0
0.811361 -0.00981951 0.0
0.828251 -2.37415e-14 0.0
0.814153 -0.0876707 0.0
0.828255 -0.000283774 0.0
0.976772 -0.0317799 0.0
0.828047 -0.000379575 0.0
0.857041 0.0603397 0.0
0.828251 2.20669e-08 0.0
0.774633 -0.0895474 0.0
0.727849 0.245677 0.0
0.82838 0.000203831 0.0
0.828251 1.49234e-07 0.0
1.03676 -0.03231 0.0
1.045 -0.0878501 0.0
0.827827 0.00044479 0.0
0.831601 0.00185082 0.0
0.929539 -0.0416008 0.0
0.946662 0.0195425 0.0
0.831823 -0.00145281 0.0
0.828251 1.41733e-08 0.0
0.828251 -1.39983e-09 0.0
0.828597 0.000731302 0.0
1.04135 -0.0899303 0.0
0.986231 0.021147 0.0
0.92929 0.0280815 0.0
0.833114 -0.00197194 0.0
1.04213 -0.0400074 0.0
1.02463 -0.0386187 0.0
0.823764 0.00292281 0.0
0.82832 -0.000471448 0.0
0.828364 -0.000304669 0.0
0.866721 0.0566829 0.0
1.02808 -0.0924956 0.0
0.822552 -0.000229494 0.0
0.828251 -1.24939e-13 0.0
0.931277 0.0684581 0.0
0.824559 -0.0018027 0.0
0.828251 -1.74374e-11 0.0
0.993677 0.00873032 0.0
0.827694 4.81389e-05 0.0
0.897741 -0.0732717 0.0
1.00832 0.0028903 0.0
0.85777 -0.0853608 0.0
0.828061 -0.000212511 0.0
1.04116 -0.0320809 0.0
1.04065 -0.110201 0.0
0.567383 -0.182591 0.0
0.828251 -5.5748e-11 0.0
0.827989 0.000285337 0.0
0.886709 -0.0770751 0.0
0.906612 -0.069908 0.0
0.924932 -0.0628625 0.0
0.918282 0.0464785 0.0
0.825393 -0.00835391 0.0
0.828247 -3.3814e-06 0.0
1.00748 0.0181285 0.0
0.84065 -0.0167809 0.0
0.8278 -0.000254747 0.0
1.01274 -0.149059 0.0
0.917098 -0.0651552 0.0
0.872385 -0.059225 0.0
0.819434 -0.00245087 0.0
0.933229 0.0674344 0.0
0.822301 0.00116437 0.0
0.828093 0.000500152 0.0
0.876457 -0.28892 0.0
0.828251 -1.026e-13 0.0
0.82808 -0.000437842 0.0
0.899512 0.0720241 0.0
1.02427 0.0421377 0.0
0.886002 0.038305 0.0
0.865703 -0.0831387 0.0
0.808273 0.0170416 0.0
0.856073 0.00856542 0.0
0.828471 -0.000368435 0.0
0.828251 -4.55405e-11 0.0
0.828112 0.000541363 0.0
0.828251 -8.48419e-13 0.0
1.00946 0.135298 0.0
0.791219 -0.0274468 0.0
0.827851 -0.000535628 0.0
1.01559 0.0163558 0.0
0.827636 -0.00440043 0.0
0.987328 0.04461 0.0
1.03339 -0.0222683 0.0
0.828251 -3.64665e-08 0.0
0.828062 -0.000162626 0.0
0.714215 -0.0948925 0.0
1.02475 -0.128703 0.0
0.861543 0.0315087 0.0
0.847671 -0.144004 0.0
0.824568 -0.00281535 0.0
0.950949 -0.0474551 0.0
0.910563 0.030367 0.0
0.931948 -0.0572416 0.0
0.996714 -0.012137 0.0
0.827841 -6.43915e-05 0.0
0.826983 0.00125752 0.0
1.03747 -0.101803 0.0
1.02669 0.069548 0.0
0.902129 0.0791803 0.0
0.82785 6.89024e-05 0.0
0.945778 -0.193458 0.0
1.02759 0.0634461 0.0
0.81433 -0.0173598 0.0
0.933356 -0.0588613 0.0
0.812701 0.0320138 0.0
0.824739 0.00115953 0.0
0.828251 3.78622e-14 0.0
0.81852 -0.000927293 0.0
0.885367 -0.0725966 0.0
0.979207 0.01607 0.0
1.02641 0.0625379 0.0
1.03852 -0.029286 0.0
0.873117 0.0839702 0.0
0.768281 -0.0940911 0.0
0.828188 1.26579e-05 0.0
0.934889 -0.0576747 0.0
0.828251 3.75049e-14 0.0
0.827767 0.000209848 0.0
1.0242 0.0953983 0.0
0.835489 -0.000414637 0.0
0.82874 -0.00083817 0.0
0.828251 1.70325e-08 0.0
1.03752 -0.0255166 0.0
0.828234 -8.18357e-06 0.0
0.828251 4.45809e-14 0.0
0.828163 6.38696e-06 0.0
0.863107 -0.0834009 0.0
0.831007 -0.000940477 0.0
0.828251 -6.97307e-14 0.0
0.828251 8.75857e-14 0.0
0.848575 -0.0268415 0.0
0.828251 6.3325e-15 0.0
0.828242 4.62688e-06 0.0
0.826929 0.00379934 0.0
0.917459 0.179475 0.0
1.02407 0.093694 0.0
0.827785 -0.000164762 0.0
1.04591 -0.0533535 0.0
0.963711 0.00925733 0.0
0.828251 -6.84007e-11 0.0
0.979279 0.0418712 0.0
0.828251 -3.38645e-09 0.0
0.818042 0.00486848 0.0
0.975384 0.186522 0.0
0.907163 -0.0700857 0.0
0.87677 0.0761504 0.0
1.0196 0.0282402 0.0
0.828521 0.000843737 0.0
0.816832 -0.00694308 0.0
0.984914 0.0188562 0.0
0.828156 -0.000459725 0.0
0.825612 -0.00257794 0.0
1.02449 0.0411484 0.0
0.875274 -0.00213299 0.0
1.0002 -0.0068399 0.0
0.903267 -0.0632469 0.0
0.865408 -0.00512844 0.0
0.934947 0.0296321 0.0
0.981864 0.167533 0.0
0.828084 0.00125608 0.0
0.828251 -7.68549e-15 0.0
0.860005 0.0889471 0.0
0.828139 -0.000385914 0.0
0.958386 -0.0440902 0.0
0.828251 -4.92278e-10 0.0
0.81453 -0.0925555 0.0
0.987188 -0.0180331 0.0
0.977027 -0.0300681 0.0
0.815619 -0.0022162 0.0
0.718079 -0.0919219 0.0
0.828251 -5.41988e-10 0.0
0.998407 -0.00950015 0.0
1.00702 0.128708 0.0
0.934645 0.0670696 0.0
0.951996 -0.0488634 0.0
0.828011 -0.000639721 0.0
1.02438 0.0726135 0.0
0.987539 0.172554 0.0
0.953264 0.0569566 0.0
1.02555 0.0557992 0.0
0.872705 -0.0812547 0.0
0.932724 -0.0592651 0.0
0.831103 -0.00714241 0.0
1.00374 0.0903475 0.0
0.828406 -0.000360021 0.0
1.02726 0.0780109 0.0
0.824732 -6.6401e-05 0.0
0.828251 -3.22454e-07 0.0
1.01783 0.0201978 0.0
0.972216 0.0468557 0.0
0.828934 -0.000798722 0.0
0.827935 -5.19402e-05 0.0
0.84808 -0.0840913 0.0
1.0105 0.00631278 0.0
0.967751 0.0413875 0.0
0.947922 -0.0510263 0.0
0.939251 0.0342883 0.0
0.823304 0.000271592 0.0
0.985142 -0.0244835 0.0
0.934969 0.0299504 0.0
1.0324 -0.0115758 0.0
0.934727 -0.058024 0.0
0.945488 -0.0521256 0.0
0.913809 -0.0670029 0.0
0.895863 0.0471047 0.0
1.00911 0.133629 0.0
0.834647 -0.00105194 0.0
0.829106 -0.00726992 0.0
1.00731 0.0203046 0.0
0.937902 0.0596506 0.0
0.968791 0.192007 0.0
0.930475 -0.0603697 0.0
0.828332 0.00062207 0.0
0.828353 0.000412094 0.0
0.943293 -0.0531328 0.0
1.02995 -0.00660418 0.0
0.82711 -0.000481972 0.0
0.736463 -0.0956488 0.0
0.789672 0.0947879 0.0
0.79934 0.0975843 0.0
0.905172 -0.0712642 0.0
0.828251 -3.01596e-14 0.0
1.03799 -0.0263923 0.0
0.899637 0.0754683 0.0
1.03275 -0.0339334 0.0
0.897722 -0.0739637 0.0
0.847174 0.0930797 0.0
0.982625 0.0398355 0.0
0.824445 -0.000269231 0.0
0.815003 -0.00444023 0.0
0.827992 -0.00034808 0.0
1.03811 -0.0288312 0.0
1.03979 -0.0307021 0.0
0.828617 -0.000771528 0.0
1.0012 0.0201178 0.0
0.828251 -9.15406e-11 0.0
0.815294 -0.0923309 0.0
0.915805 -0.0662766 0.0
0.97685 0.0437893 0.0
0.974779 0.038308 0.0
0.834732 -0.000942585 0.0
0.975345 -0.0325885 0.0
0.834781 -0.014894 0.0
1.01475 0.0126304 0.0
0.907979 -0.0697897 0.0
0.828432 0.00165104 0.0
0.978966 -0.0287502 0.0
0.848558 -0.0103315 0.0
0.833451 6.28855e-05 0.0
0.890033 0.0832799 0.0
0.899912 -0.0731536 0.0
0.822908 -0.000665235 0.0
0.988311 0.0368506 0.0
1.01114 -0.0168274 0.0
1.03866 -0.104463 0.0
0.828198 0.000631083 0.0
0.828251 1.84592e-14 0.0
0.862821 0.0721002 0.0
0.907638 -0.0696876 0.0
0.828251 3.31457e-15 0.0
0.862388 0.0820018 0.0
0.919947 0.0727397 0.0
0.938916 -0.0551388 0.0
0.828251 -4.71274e-14 0.0
0.828251 -2.43941e-13 0.0
1.0266 0.0595297 0.0
0.936132 0.0664816 0.0
0.864921 0.10251 0.0
0.860255 0.0836 0.0
0.92592 -0.0625273 0.0
0.96493 0.0511253 0.0
0.777013 0.0894617 0.0
1.02102 0.0312619 0.0
0.828024 -0.000397788 0.0
0.895763 -0.0610092 0.0
0.821138 -0.00449789 0.0
0.867014 -0.0796952 0.0
0.970095 -0.0352812 0.0
0.786074 -0.0904113 0.0
0.812279 -0.0926749 0.0
0.968918 0.0489844 0.0
0.900957 0.25479 0.0
0.957431 0.194616 0.0
0.730237 -0.365912 0.0
1.02746 -0.0360214 0.0
0.881958 -0.0561842 0.0
0.890452 -0.0104391 0.0
0.968386 -0.0370749 0.0
0.980266 -0.0277869 0.0
0.828652 0.00198621 0.0
0.965156 -0.0401048 0.0
0.781412 0.269793 0.0
1.02286 0.0976285 0.0
0.897572 0.0810849 0.0
0.848558 0.0928524 0.0
0.830247 -0.00117174 0.0
0.891375 0.0297563 0.0
0.933295 0.0679664 0.0
0.828241 1.9039e-07 0.0
0.828251 -5.01088e-14 0.0
0.828251 -2.36295e-14 0.0
0.828251 9.24242e-10 0.0
1.0062 0.0944276 0.0
0.954034 -0.0477995 0.0
0.968085 0.049476 0.0
0.828251 3.09237e-13 0.0
0.979409 0.0373447 0.0
0.947219 -0.0510657 0.0
0.937218 -0.0569483 0.0
0.828164 0.0006008 0.0
0.937912 -0.0542252 0.0
0.977056 0.0435458 0.0
0.984184 -0.0485115 0.0
0.991661 0.0320599 0.0
0.774915 -0.0616289 0.0
0.912035 -0.0676681 0.0
0.827511 -0.00140093 0.0
0.775618 0.0330941 0.0
0.828251 -1.01012e-08 0.0
0.776277 -0.0585482 0.0
0.88838 0.0803466 0.0
0.393697 -0.412833 0.0
1.02681 0.0581684 0.0
0.787589 0.0969436 0.0
0.934461 0.0673833 0.0
0.992668 0.162428 0.0
0.846456 0.093176 0.0
0.945266 0.0101725 0.0
0.827959 -0.000375623 0.0
0.872456 -0.0819107 0.0
0.963996 -0.0416106 0.0
0.828105 0.000555756 0.0
0.834135 -0.011249 0.0
0.984517 0.0385014 0.0
0.84714 -0.0624042 0.0
0.893393 -0.0704487 0.0
0.875567 -0.081076 0.0
0.827873 -0.000113462 0.0
0.881352 -0.0783842 0.0
0.834022 0.00820321 0.0
0.864993 -0.0834274 0.0
1.02687 0.0546786 0.0
0.821139 -0.00436372 0.0
0.904232 0.0548274 0.0
0.841525 -0.00268428 0.0
0.921238 -0.0642344 0.0
0.828251 8.71062e-10 0.0
0.91564 -0.066151 0.0
1.02347 0.0408805 0.0
0.996079 -0.0118712 0.0
0.867163 -0.0830446 0.0
0.828294 -0.000437065 0.0
0.822791 0.00481668 0.0
0.977729 0.0357138 0.0
0.882709 0.271668 0.0
0.767648 0.0932736 0.0
0.739127 -0.096251 0.0
1.02687 0.078252 0.0
1.00185 -0.00505266 0.0
1.01512 0.124206 0.0
0.800243 -0.0232526 0.0
0.962387 -0.0428688 0.0
0.828251 -9.04324e-10 0.0
0.940866 -0.0548471 0.0
0.968107 0.0498381 0.0
0.828251 -1.06524e-07 0.0
1.03897 -0.0959042 0.0
0.839035 0.0227419 0.0
0.828191 4.9534e-05 0.0
0.931164 0.0595006 0.0
1.00492 -0.0024598 0.0
0.828251 -1.63099e-13 0.0
0.828055 0.000367725 0.0
0.827727 -3.64997e-05 0.0
0.840657 -0.0879726 0.0
0.828251 -2.35936e-14 0.0
0.824078 0.00792224 0.0
0.827904 -0.000179894 0.0
0.828251 -4.76112e-13 0.0
0.855437 0.0884431 0.0
0.827864 0.000272647 0.0
0.807733 -0.0936124 0.0
0.827433 -0.000489278 0.0
0.827886 0.00035308 0.0
0.977071 0.184901 0.0
0.747155 0.100611 0.0
0.82798 -7.53102e-05 0.0
0.884466 -0.0779584 0.0
0.828251 -6.78997e-14 0.0
1.02256 -0.06249 0.0
0.887601 0.082277 0.0
0.828251 -8.84324e-13 0.0
1.04491 -0.0794479 0.0
1.02232 0.104368 0.0
0.948984 -0.0502392 0.0
0.813031 -0.00391712 0.0
0.944084 -0.0520072 0.0
0.991974 0.0299383 0.0
0.953049 -0.0482848 0.0
0.88161 -0.0780532 0.0
0.988099 -0.0228256 0.0
0.804043 -0.0947571 0.0
0.82801 0.000440626 0.0
0.835689 0.000970635 0.0
0.827026 0.000439495 0.0
0.961321 0.053806 0.0
0.828207 -4.91075e-06 0.0
1.0073 -0.174949 0.0
0.829045 0.00142478 0.0
0.828251 -9.82475e-14 0.0
1.00888 0.00417796 0.0
0.833799 -0.00380599 0.0
0.890928 -0.0735476 0.0
0.972273 -0.0337194 0.0
1.00372 -0.00246177 0.0
0.986173 0.036817 0.0
0.828096 0.000557302 0.0
0.812975 0.0855606 0.0
0.835561 0.0018936 0.0
0.838513 -0.00712446 0.0
0.855122 -0.0813694 0.0
0.828251 2.10962e-12 0.0
0.952879 -0.0370958 0.0
0.998684 -0.189303 0.0
1.03975 -0.0297982 0.0
0.827756 0.000211146 0.0
0.997017 0.155317 0.0
0.963796 0.200616 0.0
0.986356 -0.0237505 0.0
0.828252 0.000851717 0.0
0.844651 -0.00890509 0.0
0.857662 0.00415545 0.0
1.04151 -0.0377475 0.0
1.02667 0.0741843 0.0
1.02664 0.081628 0.0
0.828251 -4.85176e-14 0.0
0.843419 -0.0884749 0.0
0.832642 0.00263041 0.0
0.827979 -4.93026e-05 0.0
0.723042 0.0976223 0.0
0.999267 -0.00464038 0.0
0.852365 -0.0868472 0.0
0.832896 -0.00579738 0.0
1.02639 0.058044 0.0
0.837854 -0.0891641 0.0
0.844565 0.0932465 0.0
0.869309 -0.079234 0.0
0.810363 -0.00990984 0.0
0.851635 0.0878525 0.0
0.82824 5.46683e-06 0.0
0.798885 -0.0934545 0.0
0.827917 -0.000316045 0.0
1.027 0.0647876 0.0
0.98042 0.0387831 0.0
1.04633 -0.0657436 0.0
0.97653 0.0337566 0.0
0.963663 -0.0409922 0.0
1.02555 0.0512883 0.0
0.829965 -0.0905663 0.0
1.02236 0.0389723 0.0
0.846545 -0.0877777 0.0
0.825128 -0.00109674 0.0
0.828251 -2.76206e-14 0.0
0.71851 -0.332149 0.0
0.844522 0.0798959 0.0
0.915206 0.00736148 0.0
0.927729 0.0657612 0.0
1.01144 -0.168723 0.0
0.827862 -0.000291424 0.0
0.923802 0.0275241 0.0
1.02455 0.0469505 0.0
1.00983 0.00530056 0.0
0.827867 -0.000368939 0.0
0.828251 -4.5007e-14 0.0
1.01895 0.0264375 0.0
0.828251 3.57117e-14 0.0
0.877727 -0.0805295 0.0
0.859446 -0.0838872 0.0
0.729212 0.0940179 0.0
1.03926 -0.110213 0.0
0.885974 -0.0772992 0.0
0.826854 -0.0870875 0.0
0.786463 0.101015 0.0
0.841047 -0.000281733 0.0
0.827765 -0.000160684 0.0
0.880726 -0.0795529 0.0
0.892209 -0.075467 0.0
0.828251 4.13672e-14 0.0
0.875892 -0.0807117 0.0
0.964281 0.0436524 0.0
0.842014 -0.0163802 0.0
0.828251 -9.1792e-13 0.0
1.02402 0.0427897 0.0
0.854422 -0.0863795 0.0
0.828251 -1.08096e-11 0.0
0.879784 -0.0799224 0.0
0.825989 0.00115183 0.0
0.822378 -0.00522419 0.0
0.84762 -0.0870667 0.0
1.03491 -0.120303 0.0
0.827614 0.00176324 0.0
0.735842 -0.0354958 0.0
0.828251 -4.98587e-16 0.0
1.00442 -0.000302506 0.0
0.861267 -0.0788593 0.0
0.961431 -0.043888 0.0
1.04773 -0.0856005 0.0
0.827435 7.96885e-05 0.0
0.828103 -0.000398223 0.0
0.751958 -0.0954721 0.0
0.827815 -0.000232274 0.0
0.909817 -0.0688694 0.0
0.951109 -0.045669 0.0
1.00918 0.0060274 0.0
0.828251 5.45321e-14 0.0
0.882072 -0.0787553 0.0
0.941383 -0.053774 0.0
0.948238 0.0598055 0.0
0.828619 0.00117364 0.0
0.923226 -0.0636872 0.0
0.834558 -0.0898483 0.0
1.00025 0.142559 0.0
0.819908 -0.00125829 0.0
0.828251 1.69151e-13 0.0
0.861084 -0.0841931 0.0
0.828251 -2.11002e-13 0.0
0.911263 -0.0680407 0.0
1.01258 0.0105932 0.0
0.820182 0.00403789 0.0
0.887661 -0.0767796 0.0
0.831114 0.000695889 0.0
0.817581 0.0155439 0.0
1.02563 0.0505152 0.0
1.01922 0.0283447 0.0
0.822674 -0.00535289 0.0
0.986914 0.0376914 0.0
0.829161 -0.000895323 0.0
0.801189 -0.0896738 0.0
0.828251 7.37942e-13 0.0
0.828251 4.94895e-14 0.0
0.828298 0.000588177 0.0
1.02379 0.0386908 0.0
0.988074 0.170779 0.0
0.822051 -0.0918228 0.0
1.01429 0.0137905 0.0
0.828251 -1.39868e-15 0.0
0.794345 -0.0953702 0.0
0.840072 -0.0889829 0.0
0.915821 -0.0637136 0.0
0.828251 3.016e-14 0.0
0.828251 1.25316e-14 0.0
0.828126 9.60048e-05 0.0
0.828002 -4.13553e-05 0.0
1.00666 0.0214496 0.0
0.868967 0.0276748 0.0
0.976837 -0.0307617 0.0
1.03686 -0.0244731 0.0
0.827972 0.000455694 0.0
0.83616 -0.000822605 0.0
0.865567 -0.0312563 0.0
1.03165 -0.00984292 0.0
0.828251 -8.38712e-15 0.0
0.828251 3.91077e-11 0.0
1.01353 0.0138126 0.0
1.01525 0.0169181 0.0
0.950909 -0.0495954 0.0
0.828251 -1.45397e-15 0.0
0.827727 0.000134796 0.0
1.02217 0.0366245 0.0
0.889098 0.0837202 0.0
0.993736 -0.0130294 0.0
0.827708 -0.000145912 0.0
0.970582 -0.0361721 0.0
0.967565 0.0225678 0.0
0.960727 0.0503362 0.0
0.830434 -0.0911021 0.0
1.04145 -0.106348 0.0
0.827908 -0.000243855 0.0
0.892663 -0.0753053 0.0
0.828251 3.88201e-14 0.0
1.0197 0.00791523 0.0
0.827943 0.000161528 0.0
1.02867 -0.00498513 0.0
0.823362 0.00504187 0.0
1.01585 0.0202162 0.0
0.827838 5.16918e-05 0.0
0.959709 0.0544013 0.0
0.997551 -0.008694 0.0
0.847957 -0.0878444 0.0
0.84424 0.0913468 0.0
0.91907 0.0731274 0.0
0.854327 -0.0803435 0.0
0.994052 -0.149127 0.0
0.828251 9.0997e-13 0.0
0.828251 -1.03239e-13 0.0
0.989571 -0.0330493 0.0
0.786799 -0.0495777 0.0
0.828251 -1.86755e-10 0.0
0.787287 0.0953652 0.0
0.938493 -0.0553567 0.0
0.811102 0.0583292 0.0
0.831512 -0.00269897 0.0
0.974342 -0.0320896 0.0
0.867303 0.0886272 0.0
1.00009 -0.00635814 0.0
1.00618 0.000222224 0.0
0.858101 -0.0810091 0.0
0.896563 0.0813333 0.0
0.941929 0.222763 0.0
0.822868 0.00129101 0.0
0.895483 -0.0747024 0.0
0.920936 -0.064548 0.0
0.821455 0.0792138 0.0
0.908609 -0.0694917 0.0
1.0271 0.079019 0.0
0.828876 0.00433735 0.0
0.976104 0.0443986 0.0
0.955567 0.0563392 0.0
0.828251 -9.70566e-08 0.0
0.997387 0.00638296 0.0
0.828251 -8.89739e-09 0.0
0.908877 -0.254369 0.0
0.827273 -0.000303475 0.0
0.754429 0.0923348 0.0
0.76523 -0.0717846 0.0
0.89005 -0.0762832 0.0
0.828369 -0.000312719 0.0
0.961223 -0.0435344 0.0
0.816175 0.0800164 0.0
1.01364 0.0107244 0.0
0.828637 0.000902884 0.0
1.02183 0.00500686 0.0
0.974517 0.0455135 0.0
0.828585 -0.000681378 0.0
0.901447 0.0796625 0.0
1.04511 -0.0512598 0.0
0.90467 -0.0714324 0.0
0.938832 -0.0558781 0.0
0.966402 0.0516828 0.0
0.921367 -0.0643661 0.0
0.828251 2.11874e-12 0.0
0.828028 -0.000327633 0.0
0.86481 -0.083013 0.0
0.950443 0.058758 0.0
1.04728 -0.0556455 0.0
0.828643 0.00702075 0.0
0.988174 0.0355197 0.0
0.827983 0.00035158 0.0
1.02129 0.107207 0.0
0.959583 -0.0445794 0.0
0.969232 0.0143922 0.0
0.956588 -0.0464833 0.0
0.827337 -0.00225298 0.0
0.827859 0.000217868 0.0
0.828007 0.000261363 0.0
0.834601 0.00242082 0.0
0.828251 2.29381e-14 0.0
0.902087 0.0775064 0.0
1.02274 0.00344795 0.0
0.865452 -0.0829474 0.0
1.03382 -0.126007 0.0
0.828251 -2.02236e-14 0.0
0.862272 -0.0840622 0.0
0.936817 0.0666938 0.0
0.873505 0.0844621 0.0
0.836797 0.000477605 0.0
0.80506 -0.0882751 0.0
0.814089 0.0963116 0.0
0.989178 0.0336411 0.0
0.932513 0.0673012 0.0
0.812629 -0.0932125 0.0
0.78894 -0.0930078 0.0
0.828182 0.000608911 0.0
0.980433 0.0400703 0.0
0.828251 1.51518e-13 0.0
0.828251 -2.99968e-14 0.0
0.893796 0.0811103 0.0
0.771794 -0.0476802 0.0
1.01751 0.00938521 0.0
0.828011 -0.000393285 0.0
0.810008 -0.0938325 0.0
0.872978 0.0872619 0.0
0.850673 0.0928734 0.0
0.882102 -0.0762279 0.0
0.858031 0.0889041 0.0
0.828245 7.17911e-06 0.0
0.89979 0.0802623 0.0
0.827929 -0.000354297 0.0
0.828251 -7.16658e-16 0.0
0.833637 0.0956373 0.0
0.855372 -0.0850331 0.0
0.827887 -0.000320761 0.0
0.982947 0.0400104 0.0
0.828251 -3.98877e-15 0.0
1.0035 -0.00431817 0.0
0.858656 -0.0852356 0.0
0.828251 1.23023e-08 0.0
0.836693 0.0934855 0.0
1.02851 -0.0467702 0.0
0.828112 -0.000328549 0.0
0.942078 -0.0536755 0.0
0.799491 0.261678 0.0
0.760358 -0.0956591 0.0
0.828251 -6.92388e-15 0.0
0.781515 0.099501 0.0
0.951937 0.0579628 0.0
0.826741 -0.0917744 0.0
0.828251 -3.69296e-14 0.0
0.927897 -0.0523694 0.0
0.850202 -0.0873511 0.0
0.836204 -0.089846 0.0
0.826567 0.000948967 0.0
0.846924 -0.0880096 0.0
0.828251 -1.00113e-13 0.0
0.825911 -0.000327797 0.0
0.828251 1.46524e-07 0.0
1.03277 -0.125366 0.0
0.871725 -0.0818401 0.0
0.913926 0.0752921 0.0
0.827927 0.000135232 0.0
0.965988 -0.0400598 0.0
1.04003 -0.0383852 0.0
0.827111 -0.00264647 0.0
0.828251 -1.16547e-14 0.0
0.823406 -0.0919064 0.0
0.828463 0.000671991 0.0
0.680244 -0.388453 0.0
0.844723 0.00185942 0.0
0.86112 0.0898001 0.0
0.992389 0.0334674 0.0
0.864792 -0.082806 0.0
0.924513 -0.060856 0.0
0.859703 -0.0848895 0.0
0.870514 -0.0807066 0.0
1.02016 0.104728 0.0
1.03202 -0.0119671 0.0
0.828251 -4.60194e-08 0.0
0.861447 -0.0843311 0.0
0.900941 -0.0729073 0.0
0.987576 0.0331081 0.0
0.888584 -0.0766255 0.0
0.876439 -0.0780231 0.0
0.890096 0.0758049 0.0
0.732432 -0.0663117 0.0
0.860142 0.0855757 0.0
0.896821 0.081045 0.0
1.01393 0.0135697 0.0
0.828251 -4.33054e-13 0.0
0.827947 1.53683e-05 0.0
0.822775 0.00234015 0.0
0.828251 -1.0214e-09 0.0
1.01566 0.0144689 0.0
0.99266 -0.00580367 0.0
0.826183 0.000457557 0.0
0.907687 0.0458562 0.0
0.793818 -0.0950937 0.0
0.828099 0.000434904 0.0
0.840757 -0.00951174 0.0
0.985675 0.0314559 0.0
1.01071 0.131217 0.0
0.997343 0.153553 0.0
0.822262 -0.00127421 0.0
0.83065 0.000988305 0.0
0.926499 0.0703387 0.0
0.929869 0.0692347 0.0
0.825724 0.0948315 0.0
0.945842 0.186848 0.0
0.875114 -0.0533056 0.0
0.823301 0.0959286 0.0
0.828024 0.00051158 0.0
0.842365 -0.0859952 0.0
0.863088 -0.0259506 0.0
0.807553 -0.0774337 0.0
0.827877 0.000405573 0.0
0.828372 -0.000419459 0.0
0.836477 -0.000194029 0.0
0.856722 0.0815002 0.0
0.768321 -0.0952246 0.0
1.03772 -0.0308059 0.0
1.01682 0.120646 0.0
1.02481 0.0442543 0.0
0.852639 0.0920291 0.0
0.987168 0.0373602 0.0
0.833605 0.00272488 0.0
0.828251 4.63252e-14 0.0
0.828251 5.72163e-14 0.0
0.976638 -0.0305667 0.0
0.794025 -0.0939165 0.0
0.961976 -0.217124 0.0
0.893731 0.0817631 0.0
1.01405 0.00802297 0.0
0.828251 2.34148e-12 0.0
0.828251 2.23024e-15 0.0
0.827768 -0.00012524 0.0
0.981922 0.0351554 0.0
0.827927 3.61272e-05 0.0
0.828251 7.96441e-16 0.0
0.812274 0.0933772 0.0
1.00662 0.0209876 0.0
0.827805 0.00024432 0.0
1.04074 -0.0328566 0.0
0.827872 -0.0002574 0.0
0.828251 -4.8459e-14 0.0
0.8279 0.000444013 0.0
1.02599 -0.000635062 0.0
0.988927 -0.0199077 0.0
1.02347 0.0982691 0.0
0.828251 -3.53244e-15 0.0
0.819608 -0.00352043 0.0
0.813795 0.0911747 0.0
0.941598 -0.05321 0.0
0.233625 -0.340706 0.0
1.02173 0.0353376 0.0
0.827975 0.000110981 0.0
0.951902 -0.0487092 0.0
1.03166 -0.0101884 0.0
0.828251 7.8946e-14 0.0
1.02892 -0.00540366 0.0
0.890743 0.0735628 0.0
0.828251 -3.15474e-10 0.0
0.829411 0.00108078 0.0
0.828245 -0.000485382 0.0
0.932471 -0.0536279 0.0
0.828251 -1.54386e-13 0.0
0.983067 0.0390778 0.0
0.827937 -0.000327373 0.0
0.828251 5.14016e-14 0.0
0.879036 -0.0393307 0.0
1.00335 0.132624 0.0
0.828209 -1.70648e-05 0.0
0.827788 0.000163853 0.0
0.816147 0.00408293 0.0
1.02272 0.00392041 0.0
0.835858 -0.0898275 0.0
0.828249 -6.99561e-07 0.0
1.04514 -0.0493527 0.0
0.828012 -0.00025299 0.0
0.828251 3.15709e-14 0.0
0.943936 -0.052739 0.0
0.976564 0.0385897 0.0
0.828251 -1.17521e-13 0.0
0.922444 -0.0614777 0.0
0.98087 -0.0267198 0.0
0.955292 -0.0469692 0.0
0.828251 -9.13282e-13 0.0
0.970696 0.0445291 0.0
0.745459 0.0967138 0.0
0.982642 0.0370045 0.0
0.828588 -0.000740552 0.0
0.959954 0.053925 0.0
0.828251 -3.26734e-13 0.0
0.93987 -0.0551333 0.0
0.878932 0.0862434 0.0
0.875737 -0.0791475 0.0
0.828251 -1.45375e-13 0.0
0.843138 0.0917461 0.0
0.727386 0.0352037 0.0
0.917217 -0.0168583 0.0
0.72363 -0.093405 0.0
0.966381 0.0514583 0.0
0.828251 -2.79988e-13 0.0
0.827825 0.000314412 0.0
0.828251 2.76761e-14 0.0
0.820686 0.0969442 0.0
0.828251 1.65007e-14 0.0
0.970696 0.0302951 0.0
0.831003 -0.000174349 0.0
0.874734 0.0759263 0.0
0.827988 3.25288e-05 0.0
1.04122 -0.0399927 0.0
0.828251 -1.51017e-13 0.0
0.828251 1.5335e-07 0.0
0.935766 -0.0565844 0.0
0.978798 0.0212579 0.0
0.832114 0.00220059 0.0
0.943392 -0.0530139 0.0
0.922261 -0.0626868 0.0
1.04602 -0.0841876 0.0
0.828251 -1.57381e-14 0.0
0.929464 0.221672 0.0
0.828251 -6.22852e-14 0.0
0.828109 8.848e-05 0.0
0.827816 -0.00018244 0.0
0.930499 0.0686898 0.0
0.857518 0.0879718 0.0
0.799069 -0.0951137 0.0
0.828386 -0.000331068 0.0
0.827931 -9.66192e-05 0.0
0.828251 2.09691e-13 0.0
0.827983 -0.000242966 0.0
0.986942 0.0352754 0.0
0.823011 -0.0909761 0.0
1.02709 0.080507 0.0
1.01883 0.00809126 0.0
0.856033 0.262931 0.0
0.827887 -0.000225181 0.0
0.828245 0.000623562 0.0
0.900846 0.079594 0.0
0.973176 0.0306248 0.0
0.828351 -0.000608601 0.0
0.828042 0.000117444 0.0
0.95502 0.0506033 0.0
0.898983 -0.0733351 0.0
1.03582 -0.0433019 0.0
1.03012 -0.0498858 0.0
1.0433 -0.03761 0.0
0.896356 0.0556171 0.0
0.828051 0.00045804 0.0
0.725658 -0.10135 0.0
0.827772 -0.000117037 0.0
0.827585 -0.00421871 0.0
1.0062 0.00117576 0.0
0.82844 0.0828155 0.0
0.965609 0.0453644 0.0
1.02253 0.00433943 0.0
0.845597 0.0901384 0.0
0.933371 0.067186 0.0
1.03783 -0.045669 0.0
0.87233 -0.0808926 0.0
0.827903 2.52673e-05 0.0
0.875022 -0.0804913 0.0
0.827996 0.000466356 0.0
0.826662 -0.00045217 0.0
0.827963 0.00021178 0.0
0.979526 0.0309085 0.0
0.827963 0.000368024 0.0
0.844596 -0.0883738 0.0
0.817423 0.0102433 0.0
0.993018 0.0328822 0.0
0.895436 0.0740597 0.0
1.00228 -0.00471564 0.0
0.801775 -0.0923594 0.0
0.966565 -0.220469 0.0
0.883744 -0.0782253 0.0
0.828251 -2.83981e-13 0.0
0.875278 0.0820569 0.0
0.829349 0.00083469 0.0
0.994475 -0.184919 0.0
0.879507 0.085794 0.0
0.828251 1.02909e-12 0.0
1.0187 0.0613225 0.0
0.955102 0.20851 0.0
0.82808 -5.1823e-06 0.0
0.944456 0.070294 0.0
0.817392 -0.0919692 0.0
0.844302 -0.0880936 0.0
0.828106 2.71153e-05 0.0
0.980616 0.0330605 0.0
0.822163 1.98148e-05 0.0
0.864528 0.0885639 0.0
0.823942 -0.0920862 0.0
0.768164 0.0833682 0.0
0.806938 -0.092878 0.0
0.994397 0.00488447 0.0
0.898538 -0.0737141 0.0
0.827796 -0.000223222 0.0
0.929901 -0.0607103 0.0
0.828067 -7.84698e-05 0.0
0.828251 -1.43986e-14 0.0
0.82825 -2.08915e-07 0.0
0.828251 -4.67623e-13 0.0
0.828251 -2.85654e-14 0.0
0.966028 0.0473601 0.0
0.974466 0.0216763 0.0
0.882318 0.257498 0.0
1.0047 -0.00162394 0.0
0.828251 -3.06558e-13 0.0
0.828684 -0.000565623 0.0
0.870604 -0.0821268 0.0
0.827895 -0.000183978 0.0
0.827901 -0.000114659 0.0
0.85661 -0.0825014 0.0
1.04076 -0.0368133 0.0
0.943283 0.0627377 0.0
0.895175 -0.0742119 0.0
0.737969 -0.0921087 0.0
0.919348 0.227212 0.0
0.963498 -0.0327792 0.0
1.01201 0.0105977 0.0
0.828251 -3.50915e-12 0.0
0.827848 -0.000263743 0.0
0.828251 1.0674e-13 0.0
0.982452 0.0385247 0.0
0.828001 -0.000338331 0.0
0.827738 0.000100303 0.0
1.00308 -0.00261647 0.0
0.827846 -6.64879e-05 0.0
0.82644 -0.000715597 0.0
0.932904 -0.0592705 0.0
0.909844 -0.068756 0.0
1.02129 0.0302986 0.0
0.827904 0.000241146 0.0
0.828134 1.05639e-05 0.0
0.828001 6.1329e-05 0.0
0.828114 -2.99653e-05 0.0
0.813537 0.306543 0.0
0.828189 -0.000485101 0.0
0.827863 0.000381003 0.0
0.98799 0.0367522 0.0
0.828251 4.52321e-13 0.0
0.828251 -2.7637e-14 0.0
0.828251 -2.50532e-14 0.0
0.828072 -0.000231015 0.0
0.892501 -0.0751942 0.0
0.831202 -0.0892212 0.0
0.974283 0.0258647 0.0
0.671831 0.341624 0.0
0.961825 0.0508383 0.0
0.828251 -1.83392e-14 0.0
0.786821 -0.0958221 0.0
0.828251 -4.27441e-15 0.0
0.919791 0.0726157 0.0
0.999406 0.027025 0.0
0.930894 -0.060223 0.0
0.827669 -0.00231501 0.0
0.791619 -0.0936547 0.0
0.991781 0.011041 0.0
0.827925 -0.000275411 0.0
1.03256 -0.122485 0.0
0.839071 -0.0124595 0.0
1.00329 -0.00349038 0.0
0.79521 -0.0884221 0.0
0.828251 1.84812e-14 0.0
0.827786 1.29745e-05 0.0
0.828423 -0.000945077 0.0
0.828251 -2.21226e-13 0.0
0.828091 -5.52652e-05 0.0
1.0053 0.0154716 0.0
1.01901 -0.15536 0.0
0.828208 -0.000252505 0.0
0.828052 -0.000574881 0.0
0.903778 -0.0715781 0.0
0.959218 0.0550059 0.0
0.826607 0.0138249 0.0
0.896243 -0.0737 0.0
0.827938 0.000111433 0.0
0.82812 0.000106236 0.0
1.02174 0.0332739 0.0
0.828841 0.00118354 0.0
0.908767 -0.0691403 0.0
0.825837 -0.000681532 0.0
0.913843 -0.0670736 0.0
1.03645 -0.0914838 0.0
0.914525 -0.0668703 0.0
0.834911 0.0935977 0.0
0.827963 0.000389978 0.0
0.956118 0.0553452 0.0
0.828097 -0.000291745 0.0
0.828119 -0.00022858 0.0
0.84893 0.0926186 0.0
0.827817 0.000217692 0.0
0.67739 -0.353711 0.0
0.956372 0.0558825 0.0
0.764574 0.0820898 0.0
0.626024 0.330852 0.0
0.828251 -4.19059e-14 0.0
0.827931 -1.66327e-05 0.0
1.04111 -0.106438 0.0
0.828137 -2.21202e-05 0.0
0.828251 -1.29283e-13 0.0
0.828251 1.56129e-08 0.0
0.827826 -0.000160517 0.0
1.04674 -0.0852005 0.0
0.955185 -0.0471281 0.0
0.827894 -7.13988e-05 0.0
0.818706 -0.0926616 0.0
0.894593 0.0802981 0.0
0.824466 -0.000528702 0.0
0.828251 -5.20196e-09 0.0
1.02115 0.0307523 0.0
0.827884 0.000113098 0.0
0.828074 0.000357945 0.0
1.00589 -0.000387103 0.0
1.04632 -0.0945075 0.0
0.827767 0.000109504 0.0
0.826438 0.00131846 0.0
0.829695 -0.000903933 0.0
0.830265 -0.0899757 0.0
0.946319 0.109626 0.0
0.952125 -0.0484736 0.0
0.819585 0.0103817 0.0
0.827994 -0.000186731 0.0
0.82814 -6.2548e-05 0.0
0.908414 -0.069669 0.0
0.82806 -3.03207e-05 0.0
0.828034 5.1595e-05 0.0
0.975768 -0.0326351 0.0
1.0304 -0.0569851 0.0
1.04324 -0.0996354 0.0
0.827913 9.73971e-05 0.0
0.827836 0.000113619 0.0
0.827978 0.000318368 0.0
0.828251 1.0115e-13 0.0
0.828251 8.47841e-14 0.0
0.983985 -0.0249391 0.0
0.827923 0.000423591 0.0
0.828251 -1.17492e-14 0.0
1.01485 0.0122603 0.0
0.828042 0.000173544 0.0
0.941461 -0.184214 0.0
0.831638 0.0914636 0.0
0.92523 -0.0598037 0.0
0.828251 4.97475e-15 0.0
0.828251 7.03178e-14 0.0
1.03083 -0.0116668 0.0
0.826421 0.0885098 0.0
0.827952 0.000140845 0.0
0.815919 -0.0261644 0.0
0.827806 0.000153859 0.0
0.82825 -2.21159e-07 0.0
0.772858 0.0929337 0.0
0.955223 -0.0470137 0.0
0.828251 -4.50423e-14 0.0
0.987375 0.158286 0.0
0.901691 0.0790118 0.0
0.828181 -4.03353e-06 0.0
0.827749 -8.70295e-05 0.0
0.927269 -0.0618013 0.0
0.965419 -0.00568558 0.0
0.828 0.000471665 0.0
0.828015 -6.38576e-05 0.0
1.00467 -0.00252903 0.0
0.827859 -0.000186817 0.0
0.805434 0.00280523 0.0
0.932461 0.0669879 0.0
0.828251 4.1521e-14 0.0
0.75734 0.1001 0.0
0.758005 0.0894433 0.0
0.850845 0.0925198 0.0
0.828251 -1.40585e-14 0.0
0.931159 0.0679979 0.0
0.95219 -0.0462747 0.0
0.827807 0.000261986 0.0
0.953408 0.0573012 0.0
0.957548 0.0529069 0.0
0.815713 0.0975995 0.0
0.837314 -0.0411948 0.0
0.82783 -1.16822e-05 0.0
0.729553 0.102105 0.0
0.90423 -0.0715418 0.0
0.828112 -1.29763e-05 0.0
0.810405 0.0906202 0.0
0.963742 -0.0417909 0.0
0.953283 -0.0479379 0.0
0.828047 0.00157092 0.0
0.828068 -0.000116846 0.0
0.959933 0.0528193 0.0
1.02235 0.00368832 0.0
0.77807 0.0163646 0.0
0.827872 0.000182296 0.0
0.827991 -0.000108368 0.0
0.82801 0.000257669 0.0
0.936882 0.0662964 0.0
0.814911 -0.0929831 0.0
0.831091 0.00126034 0.0
0.863299 0.0640784 0.0
0.850202 0.0923994 0.0
0.828159 1.54604e-05 0.0
0.828055 8.13446e-05 0.0
1.02489 0.0649256 0.0
0.828157 9.38569e-06 0.0
0.828817 -0.0853762 0.0
0.86749 0.0664518 0.0
0.987427 0.0362263 0.0
0.822931 0.0447981 0.0
0.961606 0.0356806 0.0
0.999322 -0.0113555 0.0
0.828005 3.0186e-05 0.0
0.874656 -0.0812145 0.0
0.871549 -0.078548 0.0
1.01042 0.00853354 0.0
0.915918 0.0738904 0.0
0.828251 -2.47132e-13 0.0
0.828251 -3.9144e-13 0.0
0.828251 -1.43784e-13 0.0
0.82808 5.89514e-05 0.0
1.00585 0.0175079 0.0
0.828173 4.20393e-05 0.0
0.842477 0.00737016 0.0
0.828008 0.000178945 0.0
0.953898 -0.0475941 0.0
1.02591 -0.132193 0.0
0.828251 -6.32515e-12 0.0
0.828047 -5.12107e-05 0.0
0.897188 0.078771 0.0
0.828251 -2.51528e-14 0.0
0.869454 -0.0808721 0.0
0.828067 1.06016e-06 0.0
0.82797 0.000188504 0.0
0.973813 0.0456725 0.0
0.969188 -0.0374114 0.0
0.828147 -3.75637e-05 0.0
0.822993 0.0947169 0.0
0.82803 -0.00017581 0.0
0.888541 -0.0764939 0.0
0.828183 1.10836e-05 0.0
0.828119 -3.47941e-06 0.0
0.87368 0.0864458 0.0
0.827978 4.02222e-06 0.0
0.780292 0.0853242 0.0
0.828251 -1.44498e-13 0.0
0.82814 3.92359e-05 0.0
0.831508 -0.00171326 0.0
0.828159 -1.81752e-05 0.0
0.8282 -2.34471e-06 0.0
0.828083 1.43266e-05 0.0
0.839539 -0.0877651 0.0
0.828081 0.000152803 0.0
0.823208 0.00263231 0.0
0.828251 -9.99808e-15 0.0
0.770975 0.0956138 0.0
0.828165 -2.48598e-05 0.0
0.78312 0.0941035 0.0
0.82818 2.75655e-06 0.0
0.832968 0.000644497 0.0
0.828108 -0.000105119 0.0
0.828174 2.07361e-05 0.0
0.828127 5.65409e-05 0.0
0.89932 0.0690868 0.0
0.981425 -0.0275497 0.0
0.828184 2.40065e-05 0.0
1.03486 -0.0490975 0.0
0.828251 -1.62954e-14 0.0
0.92818 0.069262 0.0
0.828107 -2.9295e-06 0.0
0.82811 1.62614e-06 0.0
0.89657 0.0798086 0.0
1.02644 0.0595098 0.0
0.828164 -2.13388e-05 0.0
0.828251 5.31315e-10 0.0
0.828181 -5.86385e-06 0.0
0.840171 -0.087176 0.0
0.968117 0.0455317 0.0
0.828196 1.34564e-05 0.0
0.828212 1.13003e-05 0.0
0.828251 -5.99519e-14 0.0
0.828251 -6.56344e-14 0.0
0.828251 -6.72101e-14 0.0
0.828207 1.07691e-05 0.0
0.828211 -6.13168e-07 0.0
0.828251 -6.50557e-12 0.0
0.828199 -1.46355e-05 0.0
1.00267 0.0139219 0.0
0.969366 0.0269823 0.0
0.828171 -5.51298e-05 0.0
0.828193 -2.98173e-05 0.0
0.82815 -0.000264281 0.0
0.828159 1.81781e-05 0.0
0.828191 2.47557e-05 0.0
0.827716 6.63661e-05 0.0
0.777729 -0.0967703 0.0
0.82822 6.38032e-06 0.0
0.855537 -0.0860822 0.0
0.799847 -0.0942973 0.0
0.889971 0.082404 0.0
0.895161 0.0794643 0.0
0.988844 -0.00282069 0.0
0.897607 0.0775825 0.0
0.828157 -1.00422e-05 0.0
0.907371 0.0773425 0.0
0.828208 -1.03834e-05 0.0
0.828212 2.52938e-05 0.0
0.828211 1.25094e-05 0.0
0.828228 7.54804e-06 0.0
0.828251 -3.00923e-14 0.0
0.828174 5.58768e-05 0.0
0.820874 0.0379381 0.0
0.828215 -8.9951e-06 0.0
0.984115 0.0381434 0.0
0.955181 0.0528215 0.0
0.828149 9.14994e-05 0.0
0.661498 0.074894 0.0
0.906134 -0.0645124 0.0
0.484116 -0.297784 0.0
0.827809 0.000284442 0.0
0.899175 -0.0706916 0.0
0.824924 -0.00506723 0.0
0.827971 -0.000143472 0.0
0.828196 4.64668e-05 0.0
0.887193 -0.075435 0.0
0.804327 -0.0937263 0.0
0.828224 8.93899e-06 0.0
0.898206 0.0760682 0.0
0.927844 -0.06111 0.0
0.828225 2.06823e-05 0.0
0.828233 8.93055e-06 0.0
0.828234 9.71668e-06 0.0
0.828251 -2.54356e-07 0.0
0.828251 1.04856e-14 0.0
0.828251 2.54565e-07 0.0
0.82821 -9.65288e-06 0.0
0.828244 -6.90783e-06 0.0
0.82824 7.60737e-06 0.0
0.828245 -2.90789e-06 0.0
0.828247 3.65743e-06 0.0
0.828249 -2.28382e-06 0.0
0.82825 -1.55082e-06 0.0
0.828251 4.62668e-07 0.0
0.828243 5.24795e-06 0.0
0.828236 -7.06984e-06 0.0
0.82825 -5.49615e-07 0.0
0.828251 -1.53123e-14 0.0
0.82825 5.98288e-07 0.0
0.828213 3.64594e-05 0.0
0.82824 -2.64136e-06 0.0
0.828248 -1.25966e-06 0.0
0.828251 3.65549e-14 0.0
0.828251 3.7609e-07 0.0
0.828251 7.52235e-14 0.0
0.828251 -3.81237e-07 0.0
0.828242 -2.97567e-06 0.0
0.828249 3.84923e-06 0.0
0.828245 6.12762e-07 0.0
0.828223 2.85344e-05 0.0
0.828251 2.90862e-13 0.0
0.828135 0.000137504 0.0
0.828249 2.71175e-06 0.0
0.828251 1.17798e-13 0.0
0.828249 -5.52922e-07 0.0
0.828251 -7.4362e-07 0.0
0.828203 -3.78509e-05 0.0
0.828246 -1.11865e-06 0.0
0.828238 1.19777e-05 0.0
0.828182 -4.59496e-05 0.0
0.828241 5.93725e-07 0.0
0.828251 9.85709e-07 0.0
0.828228 -2.10307e-06 0.0
0.82822 -5.54484e-06 0.0
0.828237 -1.89462e-06 0.0
0.828241 -1.11784e-06 0.0
0.828245 -3.11134e-06 0.0
0.828239 2.24394e-05 0.0
0.82825 -1.04248e-06 0.0
0.828247 -4.31702e-06 0.0
0.828251 8.90644e-14 0.0
0.828251 2.26843e-13 0.0
0.828248 -1.05703e-06 0.0
0.828154 0.000114403 0.0
0.828234 5.59589e-07 0.0
0.828225 -2.41142e-05 0.0
0.828245 -5.97847e-06 0.0
0.82822 -9.42381e-06 0.0
0.828244 -1.83546e-06 0.0
0.82824 -4.31664e-06 0.0
0.828248 1.6404e-06 0.0
0.828245 9.05279e-06 0.0
0.828104 0.000203199 0.0
0.828236 -1.34963e-06 0.0
0.828235 3.92421e-06 0.0
0.828251 2.3504e-13 0.0
0.828065 0.000317834 0.0
0.828215 -2.92013e-05 0.0
0.828196 6.05041e-05 0.0
0.828246 1.81687e-08 0.0
0.828223 -1.26943e-05 0.0
0.828236 -8.01168e-06 0.0
0.828212 0.000422076 0.0
0.828251 5.28193e-14 0.0
0.828251 7.4289e-14 0.0
0.828251 3.65113e-13 0.0
0.82818 7.482e-05 0.0
0.828228 4.97301e-05 0.0
0.82825 -6.23503e-07 0.0
0.828251 -2.37835e-07 0.0
0.828249 -9.37225e-07 0.0
0.828212 -2.57509e-05 0.0
0.828248 -1.24421e-06 0.0
0.828247 6.63849e-06 0.0
0.828212 9.97108e-05 0.0
0.828232 -4.82947e-06 0.0
0.828229 -1.66597e-05 0.0
0.828247 -1.763e-06 0.0
0.82825 1.15104e-06 0.0
0.828199 0.000182722 0.0
0.828158 -7.82106e-05 0.0
0.828095 0.000238065 0.0
0.828196 0.000297503 0.0
0.828241 1.6964e-05 0.0
0.828233 1.57554e-05 0.0
0.828251 2.98326e-13 0.0
0.82813 -9.21916e-05 0.0
0.82823 3.88464e-05 0.0
0.828239 0.000523918 0.0
0.828238 5.09471e-06 0.0
0.828245 9.49916e-07 0.0
0.828213 8.01882e-05 0.0
0.828191 0.000151594 0.0
0.828099 -0.000142576 0.0
0.828172 0.000255631 0.0
0.828247 3.07465e-06 0.0
0.82824 -5.05373e-07 0.0
0.828251 -8.30119e-15 0.0
0.828251 5.36788e-16 0.0
0.828071 -0.000164724 0.0
0.828165 0.0003851 0.0
0.828173 0.000492838 0.0
0.828201 0.000571315 0.0
0.828226 -4.69454e-06 0.0
0.828242 1.07226e-06 0.0
0.828247 1.23636e-06 0.0
0.82824 -9.86144e-06 0.0
0.828241 -8.68562e-07 0.0
0.828176 -0.00023648 0.0
0.828244 -1.58811e-05 0.0
0.828157 -0.000105987 0.0
0.828217 -2.03433e-05 0.0
0.82812 -0.000194622 0.0
0.828201 -0.000173175 0.0
0.82821 -0.000372613 0.0
0.828234 -1.27246e-05 0.0
0.828236 -2.10841e-06 0.0
0.828243 1.3187e-06 0.0
0.828142 -0.000129709 0.0
0.828199 -0.000270842 0.0
0.828189 -0.000144686 0.0
0.828203 -8.85933e-05 0.0
0.828245 7.68615e-07 0.0
0.828221 1.8759e-06 0.0
0.828257 -0.000428357 0.0
0.828245 -7.97427e-06 0.0
0.828169 -0.0003427 0.0
0.82825 1.26969e-06 0.0
0.82821 -0.000432415 0.0
0.828177 -0.000485316 0.0
0.828177 -6.05601e-05 0.0
0.828225 -4.50951e-05 0.0
0.828209 -4.89505e-05 0.0
0.82824 4.47219e-06 0.0
0.828251 1.0049e-13 0.0
0.828224 7.28743e-07 0.0
0.828233 4.33087e-06 0.0
0.828249 1.35591e-06 0.0
0.828235 -2.15957e-05 0.0
0.828229 -7.72101e-05 0.0
0.828228 2.99718e-06 0.0
0.828246 1.72064e-06 0.0
0.828248 3.47853e-08 0.0
0.828249 -2.73578e-06 0.0
0.828247 -5.97294e-06 0.0
0.828251 3.45806e-14 0.0
0.828239 -4.17531e-05 0.0
0.828249 5.88079e-07 0.0
0.828245 3.91962e-06 0.0
0.828245 2.65123e-06 0.0
0.82825 9.79816e-07 0.0
0.828251 -7.62612e-14 0.0
0.828251 -1.0819e-13 0.0
0.828245 8.8924e-07 0.0
0.82825 -2.19597e-06 0.0
0.828192 -7.54419e-06 0.0
0.984378 -0.0237019 0.0
0.859587 0.0868117 0.0
0.828251 9.21521e-15 0.0
0.828251 8.03172e-12 0.0
0.828251 1.63114e-08 0.0
0.869494 -0.0814306 0.0
0.827957 0.000244907 0.0
0.926612 0.0465196 0.0
1.03705 -0.024769 0.0
1.00333 0.0243511 0.0
0.415321 -0.34625 0.0
0.977034 0.043385 0.0
0.851922 0.020835 0.0
0.893031 0.0771522 0.0
0.808207 -0.0863182 0.0
0.828005 0.000350146 0.0
0.968246 0.0107164 0.0
0.937218 -0.174701 0.0
1.00321 -0.00179858 0.0
0.841739 0.00167062 0.0
0.889491 0.0829979 0.0
0.828251 -2.02705e-11 0.0
0.959689 -0.0446513 0.0
1.01676 0.0205154 0.0
0.82825 -8.1436e-07 0.0
0.805584 -0.0945548 0.0
0.854106 -0.0281958 0.0
0.83503 0.00287348 0.0
0.827182 -0.000455939 0.0
0.730433 0.0958917 0.0
0.907212 0.0182357 0.0
0.823362 0.0966403 0.0
0.908374 0.0649756 0.0
1.01728 0.11804 0.0
0.880193 0.0723776 0.0
0.981902 0.0404054 0.0
0.944772 0.0348263 0.0
0.827895 -0.000424008 0.0
0.901494 0.0781288 0.0
1.04329 -0.084363 0.0
0.820629 0.00489667 0.0
0.974485 0.0456795 0.0
0.816733 0.000530969 0.0
0.875327 0.0358262 0.0
1.01906 0.0256287 0.0
0.833005 0.00307067 0.0
0.921652 0.0715228 0.0
0.827987 0.000434207 0.0
0.820255 -0.0187336 0.0
0.852299 -0.0819756 0.0
0.891371 0.0819737 0.0
0.7634 0.0965026 0.0
0.776649 0.0869696 0.0
0.875506 0.0832975 0.0
0.949039 0.0592632 0.0
0.941381 -0.0522553 0.0
0.766265 -0.0966717 0.0
0.982012 0.177142 0.0
0.86872 -0.0826212 0.0
1.04392 -0.0539547 0.0
0.895354 0.0783565 0.0
0.828418 -0.000435048 0.0
0.984783 0.0285799 0.0
0.868227 -0.0784147 0.0
0.794937 -0.0872369 0.0
0.890029 0.0709912 0.0
1.03416 -0.11329 0.0
0.846148 0.0910682 0.0
0.881167 0.0771727 0.0
0.828216 0.000617487 0.0
0.867039 -0.0272012 0.0
0.82825 2.50188e-07 0.0
0.985022 0.0349609 0.0
0.827978 -0.000144381 0.0
1.00577 0.00282089 0.0
1.03732 -0.0261493 0.0
0.824721 -0.00491142 0.0
0.843628 0.0899514 0.0
0.999245 0.149159 0.0
0.935419 -0.0449511 0.0
0.835292 0.0659244 0.0
0.916697 -0.0660353 0.0
1.00501 -0.0106949 0.0
0.872922 0.0241406 0.0
0.918991 0.237287 0.0
1.02212 0.104496 0.0
0.789348 -0.0940473 0.0
0.998062 -0.00183731 0.0
0.963119 -0.0424865 0.0
0.775219 -0.00983691 0.0
0.831571 0.00996469 0.0
0.98541 -0.0231634 0.0
0.998688 0.0121668 0.0
0.806767 0.0929216 0.0
1.04281 -0.0379109 0.0
0.820192 -0.0288783 0.0
1.03491 -0.0341929 0.0
0.847544 0.0019219 0.0
0.827651 0.000185296 0.0
0.95549 0.204348 0.0
1.00374 -0.00135273 0.0
1.01192 0.0092267 0.0
0.990861 -0.0288332 0.0
0.9707 0.189043 0.0
0.962397 -0.0424787 0.0
0.459645 -0.0246775 0.0
0.938198 -0.0437133 0.0
0.936172 -0.057251 0.0
0.939577 -0.0554555 0.0
0.948272 -0.0471578 0.0
0.828251 -1.75263e-10 0.0
0.933808 -0.0577781 0.0
0.982052 -0.0268885 0.0
1.00817 0.00601895 0.0
0.636539 0.294479 0.0
0.924562 0.0706397 0.0
0.915735 -0.0663353 0.0
0.808931 -0.0939352 0.0
1.02253 0.065466 0.0
0.941608 -0.0337599 0.0
0.932867 -0.0548958 0.0
0.828251 -1.37639e-07 0.0
0.830077 0.00207153 0.0
0.824719 0.0832269 0.0
0.791002 0.0987187 0.0
0.887937 0.0336333 0.0
0.727184 -0.0942263 0.0
0.819294 0.00565586 0.0
1.01886 0.000349475 0.0
0.876936 -0.0795697 0.0
0.800138 -0.0193389 0.0
0.820959 -0.0801184 0.0
0.907506 -0.0679236 0.0
1.0076 -0.15178 0.0
0.332876 -0.236948 0.0
1.01669 0.0578576 0.0
1.00764 0.01227 0.0
0.8443 0.0189726 0.0
0.828302 -0.000352053 0.0
1.00515 0.0103495 0.0
0.792448 0.0927871 0.0
0.999927 0.0271991 0.0
0.867907 -0.0601987 0.0
0.535686 -0.0097916 0.0
0.828259 -0.000470225 0.0
0.828251 -9.77589e-09 0.0
0.823896 -0.00337566 0.0
0.828821 0.0024538 0.0
0.89749 0.0805364 0.0
1.02571 -0.00255515 0.0
0.988113 0.0166796 0.0
1.04169 -0.0518705 0.0
0.912965 -0.0674329 0.0
1.01629 0.017574 0.0
1.02238 0.0328796 0.0
0.905104 -0.0708531 0.0
0.990597 0.0210271 0.0
0.713168 0.0621035 0.0
0.987552 -0.0203803 0.0
0.947931 -0.0507384 0.0
0.82812 1.93446e-05 0.0
0.926909 -0.0622263 0.0
0.949354 -0.0503252 0.0
0.830826 0.0936619 0.0
0.827992 -0.000183996 0.0
1.00057 0.0084241 0.0
1.02194 0.090035 0.0
0.721711 -0.0684598 0.0
0.984649 0.0368448 0.0
0.95291 0.0576262 0.0
0.847383 0.0832318 0.0
0.864911 0.0877365 0.0
0.880537 0.0689642 0.0
0.915424 0.0742835 0.0
1.01536 -0.00398146 0.0
0.909732 -0.0686727 0.0
1.01356 0.0142492 0.0
0.906799 -0.0628497 0.0
1.01007 -0.169153 0.0
0.836345 -0.0255253 0.0
0.826741 -0.000311491 0.0
0.895828 0.0771708 0.0
0.963684 -0.0301318 0.0
0.606127 0.404761 0.0
1.00672 0.0147649 0.0
0.828251 -5.77584e-10 0.0
1.01176 0.00178038 0.0
0.761286 -0.096363 0.0
1.00328 0.00293203 0.0
1.02618 -0.0096639 0.0
0.807067 -0.0920181 0.0
0.828251 -1.9228e-08 0.0
0.993279 0.0308979 0.0
0.861494 0.212739 0.0
0.903316 0.0769835 0.0
0.806278 0.0909364 0.0
1.0233 0.0594909 0.0
1.03883 -0.0474705 0.0
0.823051 0.00100304 0.0
0.894928 0.0169553 0.0
0.89342 -0.0746073 0.0
0.967108 -0.00975816 0.0
0.82855 0.00100278 0.0
1.0216 0.00422248 0.0
0.983151 -0.0266597 0.0
0.821335 0.011558 0.0
0.803233 0.0982229 0.0
1.02272 -0.0717573 0.0
0.870438 0.0856079 0.0
0.935677 0.046921 0.0
0.93738 -0.244528 0.0
0.849869 -0.00705715 0.0
0.869302 -0.0824686 0.0
1.00569 -0.0174925 0.0
0.81145 -0.0841393 0.0
0.988658 0.036166 0.0
0.966712 -0.0395408 0.0
0.838422 0.0761302 0.0
0.811955 -0.091853 0.0
0.824922 -0.087194 0.0
0.855703 0.090318 0.0
1.01979 0.0256708 0.0
0.977254 0.181063 0.0
0.818575 -0.000244323 0.0
0.964435 -0.040718 0.0
0.901722 -0.0725454 0.0
0.906978 0.0620681 0.0
0.892281 -0.0751824 0.0
0.973051 -0.033747 0.0
0.828251 -1.72963e-15 0.0
1.01791 0.0224517 0.0
0.82237 0.0926134 0.0
0.823313 -0.00347267 0.0
1.02395 0.0397687 0.0
0.821737 0.000964037 0.0
0.840817 -0.0885908 0.0
0.929717 0.216465 0.0
1.02505 0.0402067 0.0
0.799422 -0.0918191 0.0
1.02633 0.0594187 0.0
0.905619 0.0587562 0.0
0.966794 0.0506221 0.0
0.914819 -0.066763 0.0
0.847655 -0.0876293 0.0
0.939224 -0.0538317 0.0
0.825425 0.000749453 0.0
0.989578 -0.0180718 0.0
0.827902 -0.0859589 0.0
0.803193 -0.0887393 0.0
1.02394 -0.0955807 0.0
0.934209 0.0665704 0.0
0.719196 -0.349834 0.0
1.01322 0.00981808 0.0
0.803133 -0.0137096 0.0
0.898097 0.0805715 0.0
0.943145 0.060384 0.0
0.828965 -0.000652692 0.0
0.788439 0.320523 0.0
1.01385 0.0124943 0.0
1.02714 0.076114 0.0
0.880552 0.0820977 0.0
0.82816 -0.000291718 0.0
0.776247 -0.0967355 0.0
0.827372 -0.000571778 0.0
1.03959 -0.0529787 0.0
0.828138 -0.000326284 0.0
0.943986 0.0609357 0.0
0.830307 -0.00493198 0.0
1.04312 -0.0932368 0.0
0.969744 0.0339708 0.0
0.919994 -0.248536 0.0
0.973281 0.0366838 0.0
0.926016 -0.0541318 0.0
0.883497 -0.0775187 0.0
0.828251 -8.81505e-13 0.0
1.04448 -0.096296 0.0
0.887397 0.0787799 0.0
0.797977 -0.0950452 0.0
0.995836 -0.168721 0.0
1.00333 -0.00433759 0.0
0.93432 0.0657329 0.0
0.837529 0.0907157 0.0
0.931224 -0.0243651 0.0
0.968726 -0.0362933 0.0
1.04661 -0.0830755 0.0
0.942363 0.0592403 0.0
0.910566 -0.0679139 0.0
0.873339 -0.081156 0.0
0.817531 0.0513047 0.0
0.733348 -0.013728 0.0
0.842402 0.093046 0.0
0.999286 0.026039 0.0
0.890302 0.0814827 0.0
0.822038 -0.000572602 0.0
0.946447 0.0440011 0.0
0.828241 4.86862e-07 0.0
0.882269 -0.0722952 0.0
0.888842 -0.0754792 0.0
0.828534 -0.00067273 0.0
1.0217 0.0592775 0.0
0.828251 -2.79991e-14 0.0
1.03449 -0.0279966 0.0
0.83215 0.0904238 0.0
0.983357 -0.0257293 0.0
0.820737 0.00404025 0.0
0.825681 -0.000589267 0.0
0.954093 -0.0475506 0.0
0.894999 0.0723059 0.0
0.900655 0.0755083 0.0
0.828008 -0.00019359 0.0
0.7669 -0.0957155 0.0
0.984073 -0.192853 0.0
1.04585 -0.0563142 0.0
0.821556 0.00212406 0.0
0.94904 0.213772 0.0
0.828251 1.7043e-09 0.0
0.821822 -0.0915353 0.0
0.823596 -0.0884041 0.0
0.819539 -0.0895265 0.0
0.858302 0.0814055 0.0
0.966423 -0.0351261 0.0
0.825268 -0.00443768 0.0
0.834129 0.0823405 0.0
0.954338 0.0563651 0.0
0.825205 -0.00106285 0.0
0.989625 0.0348524 0.0
0.827802 -0.000166645 0.0
0.807021 0.0986997 0.0
0.839314 -0.0890645 0.0
0.87782 -0.0800233 0.0
0.835391 -0.0891402 0.0
0.875199 -0.0605731 0.0
0.802618 0.0964781 0.0
0.791983 -0.00230233 0.0
0.916276 0.0654982 0.0
0.798469 -0.00326244 0.0
0.989524 0.162302 0.0
0.938053 -0.000435308 0.0
0.899232 0.0778873 0.0
0.790068 0.00274962 0.0
0.94925 -0.0475794 0.0
0.942769 -0.0467597 0.0
0.939 -0.0557088 0.0
0.828083 0.000126312 0.0
1.00763 0.0147984 0.0
0.917952 0.0609993 0.0
0.963576 0.0080235 0.0
1.02458 -0.00478465 0.0
0.847436 0.0915855 0.0
0.864695 -0.082395 0.0
0.828133 -0.000399466 0.0
0.828661 0.00105989 0.0
1.00932 0.0111705 0.0
0.884932 -0.0776785 0.0
0.911735 -0.03719 0.0
1.0396 -0.0480513 0.0
0.940491 0.058436 0.0
0.817971 -0.00340645 0.0
0.987186 0.160046 0.0
0.99823 -0.0102767 0.0
0.799132 -0.0330484 0.0
0.835849 0.000373352 0.0
0.828251 4.73563e-14 0.0
0.83316 -0.00321962 0.0
0.828251 -1.33418e-07 0.0
0.962942 -0.0336167 0.0
0.863088 -0.0827607 0.0
0.897229 -0.0712965 0.0
0.9241 -0.0626218 0.0
0.947133 -0.0295741 0.0
0.828226 0.00571616 0.0
0.96936 -0.0372382 0.0
0.950379 -0.036114 0.0
0.991817 -0.0145687 0.0
0.835793 0.0883606 0.0
0.973487 0.0453357 0.0
0.833531 -0.0898476 0.0
0.831036 0.00201668 0.0
1.01076 0.100323 0.0
0.938144 -0.0532134 0.0
0.822127 -0.00231035 0.0
1.03735 -0.0278434 0.0
0.827323 -0.000585577 0.0
1.01535 -0.0245306 0.0
0.920012 -0.0629652 0.0
0.942222 0.0632128 0.0
0.98131 -0.0279526 0.0
1.02543 -0.0227971 0.0
0.815609 0.00664746 0.0
0.725544 0.094647 0.0
0.820076 0.000450335 0.0
0.995035 -0.01377 0.0
0.86538 0.086695 0.0
0.928173 -0.0578026 0.0
0.728253 0.126076 0.0
0.772059 0.0969576 0.0
0.901346 0.0775572 0.0
1.03746 -0.0270142 0.0
0.840363 0.0895152 0.0
0.808143 -0.0906184 0.0
1.02411 -0.0325731 0.0
1.01487 0.0157515 0.0
0.983617 0.0300684 0.0
1.00932 0.0137659 0.0
0.81249 0.0885054 0.0
0.828251 -4.82507e-11 0.0
0.781589 -0.0962952 0.0
0.966008 -0.0387118 0.0
0.988223 0.0365061 0.0
1.01451 0.012224 0.0
0.877734 -0.079872 0.0
0.826386 -0.000288159 0.0
1.01511 -0.00885806 0.0
1.01096 0.0112672 0.0
0.926026 -0.0623504 0.0
1.0407 -0.0327513 0.0
0.879257 -0.0103943 0.0
0.705468 0.0103168 0.0
0.830577 0.00118311 0.0
1.00918 -0.0102709 0.0
1.00336 0.0234961 0.0
0.890172 0.0831512 0.0
0.962526 -0.042469 0.0
1.03366 -0.0154565 0.0
0.826527 0.00110049 0.0
0.963675 0.0491183 0.0
0.931754 0.0680816 0.0
0.965045 -0.0398024 0.0
0.751471 0.100362 0.0
0.751282 0.09117 0.0
1.04517 -0.0903887 0.0
1.04151 -0.0755537 0.0
0.863822 0.0667318 0.0
1.03634 -0.0256038 0.0
0.930597 -0.060161 0.0
0.969106 -0.0376257 0.0
0.932482 0.0680507 0.0
1.02394 0.0878072 0.0
0.842897 0.00416711 0.0
0.790176 0.019093 0.0
0.897671 0.0809066 0.0
0.913973 -0.0669343 0.0
0.920073 0.0726378 0.0
1.0153 0.00946061 0.0
1.00707 0.0199558 0.0
0.984243 0.0386785 0.0
0.932805 -0.0589931 0.0
0.34813 -0.24732 0.0
0.938969 -0.0549502 0.0
0.977655 0.0427626 0.0
1.02004 0.0322871 0.0
0.924951 0.0705728 0.0
0.986859 0.0373838 0.0
0.951871 -0.0477813 0.0
0.919579 -0.0641735 0.0
1.03185 -0.0121707 0.0
0.831993 -0.0904392 0.0
0.885228 0.0726827 0.0
0.905242 -0.0628839 0.0
0.94342 -0.0529718 0.0
0.934767 -0.0577867 0.0
0.896711 0.0812097 0.0
1.02147 0.0376766 0.0
0.915972 -0.066166 0.0
0.968313 -0.0368321 0.0
0.97702 0.0432939 0.0
1.00789 0.00671975 0.0
0.920975 0.0720649 0.0
0.832672 0.0021547 0.0
0.897869 -0.0738249 0.0
1.02313 0.093554 0.0
0.975964 0.0440907 0.0
1.02954 -0.00715316 0.0
0.881688 -0.077185 0.0
0.886638 -0.0770788 0.0
0.973043 0.0460216 0.0
0.945548 -0.0518859 0.0
0.912194 -0.0676046 0.0
0.905283 -0.0710747 0.0
0.84336 0.00257072 0.0
0.856725 -0.0847807 0.0
0.886658 0.0825102 0.0
1.0167 -0.0980862 0.0
0.776325 -0.0741481 0.0
0.881346 -0.0703482 0.0
0.770186 -0.00888528 0.0
0.828247 -6.30619e-07 0.0
0.908127 -0.0696821 0.0
0.927706 -0.061867 0.0
0.954107 -0.0476193 0.0
0.955187 0.0554432 0.0
0.94796 -0.0508178 0.0
1.02448 0.0857594 0.0
0.903151 0.0785349 0.0
0.890567 -0.000915864 0.0
0.894723 -0.0710779 0.0
0.955292 0.0469247 0.0
0.898372 0.0790018 0.0
0.980275 -0.0285243 0.0
0.900163 -0.0730746 0.0
0.828802 -0.000699236 0.0
1.00306 0.0680812 0.0
0.924991 -0.0610412 0.0
0.826705 0.00094258 0.0
0.828249 -1.10303e-06 0.0
0.82777 0.00215144 0.0
0.200472 -0.0887976 0.0
0.808173 -0.0137837 0.0
0.424631 0.422659 0.0
1.01326 0.0133632 0.0
0.937764 -0.0562546 0.0
0.995548 -0.0103962 0.0
1.03621 -0.0251403 0.0
0.77928 -0.0936408 0.0
0.889195 0.0835249 0.0
0.861436 0.0825977 0.0
0.917902 -0.0653951 0.0
0.961877 -0.0424942 0.0
0.865415 -0.0830353 0.0
0.962346 -0.0423052 0.0
0.827787 -0.000219832 0.0
0.826495 -0.00065142 0.0
0.919126 0.0729609 0.0
1.00349 -0.0032809 0.0
0.890803 0.082431 0.0
0.834085 -0.0890267 0.0
0.960843 0.053863 0.0
0.98836 0.169017 0.0
0.976941 0.0432068 0.0
0.831907 0.278423 0.0
0.933485 0.0676111 0.0
0.921472 -0.0642057 0.0
0.961154 -0.0432141 0.0
0.884632 -0.0778569 0.0
0.766598 0.000102291 0.0
0.934214 -0.058526 0.0
0.97079 0.0473064 0.0
1.00641 0.0210197 0.0
0.912699 -0.0676733 0.0
1.00257 -0.00351517 0.0
1.01385 0.0129701 0.0
0.981633 -0.0160065 0.0
0.967693 -0.0387558 0.0
0.969155 -0.0360708 0.0
0.980317 -0.0273018 0.0
0.982964 0.0390105 0.0
0.868147 -0.0813767 0.0
1.04441 -0.0477362 0.0
0.809235 -0.000784545 0.0
1.02422 0.0542207 0.0
0.961143 0.0496196 0.0
0.775605 0.0988418 0.0
1.02534 0.0609136 0.0
0.886185 -0.0767259 0.0
0.997276 0.0288448 0.0
0.966795 -0.0381317 0.0
0.935151 -0.0576441 0.0
0.939132 0.0654389 0.0
0.886978 -0.0769401 0.0
0.838845 0.00663829 0.0
0.941128 -0.0543917 0.0
0.836189 -0.0882852 0.0
0.885523 0.0807979 0.0
0.93022 0.0482673 0.0
0.95806 0.0556872 0.0
0.868459 0.0882037 0.0
1.03111 -0.0104691 0.0
0.937497 0.0662979 0.0
0.991663 0.159461 0.0
0.853611 -0.0865557 0.0
0.847728 0.092806 0.0
0.960514 0.0544977 0.0
0.882628 -0.0779696 0.0
0.967695 0.0339892 0.0
0.935738 0.0669986 0.0
1.02826 -0.00556003 0.0
0.955699 0.0569069 0.0
0.941471 0.0642577 0.0
0.942995 0.0629419 0.0
0.977273 0.0427727 0.0
0.97139 -0.0345519 0.0
0.905571 0.0745231 0.0
0.962389 0.0535096 0.0
0.957449 0.0559967 0.0
0.939726 0.065148 0.0
0.553801 -0.283653 0.0
0.953289 0.0579742 0.0
0.859781 0.0877474 0.0
1.02519 0.0679185 0.0
0.969103 0.0500121 0.0
0.955003 0.0571217 0.0
0.853247 0.0924655 0.0
0.969771 -0.0357219 0.0
0.987306 0.0369549 0.0
0.967146 0.0511056 0.0
1.01627 0.0104199 0.0
1.03082 -0.114047 0.0
0.888732 -0.0764866 0.0
1.02014 0.0305273 0.0
0.941881 0.0639167 0.0
1.0396 -0.0315721 0.0
0.939537 -0.0553891 0.0
0.960113 0.054813 0.0
0.896847 -0.0717987 0.0
0.96499 0.0521543 0.0
0.952615 0.0581511 0.0
1.00001 -0.00537552 0.0
0.94965 0.0594046 0.0
0.907897 -0.0696177 0.0
0.945457 0.0617313 0.0
0.94752 0.0603563 0.0
1.03779 -0.0293059 0.0
0.969343 0.049603 0.0
0.949131 0.0596605 0.0
0.947092 0.0606114 0.0
0.945735 0.0613598 0.0
0.826775 0.000258677 0.0
0.963002 0.0531878 0.0
0.834579 -0.0882889 0.0
0.851524 0.0927036 0.0
0.852556 -0.204079 0.0
0.894186 0.0818872 0.0
0.943548 0.0630705 0.0
0.973449 -0.0329963 0.0
0.875761 -0.0809475 0.0
1.01924 0.00669893 0.0
0.827723 -0.00203879 0.0
0.940736 0.0205981 0.0
0.872703 -0.0818002 0.0
0.880883 -0.079362 0.0
1.01856 0.00867441 0.0
0.828979 -0.0805808 0.0
1.01665 -0.15703 0.0
0.988638 0.0362277 0.0
0.898235 0.0808406 0.0
0.995299 0.0311056 0.0
1.02075 0.00648436 0.0
0.849723 0.0929462 0.0
0.966121 0.0420971 0.0
0.971889 -0.0341924 0.0
1.0234 0.00250096 0.0
0.943953 0.0627057 0.0
0.821407 -0.0905437 0.0
0.971072 0.0484471 0.0
0.855464 0.0920196 0.0
0.977361 0.0430318 0.0
0.904095 0.0792309 0.0
0.893352 -0.0749515 0.0
0.973711 0.0462505 0.0
0.912846 0.0744048 0.0
0.865211 -0.0833526 0.0
0.971638 0.0480252 0.0
0.975253 0.045002 0.0
0.89568 0.0814728 0.0
0.973317 0.0467164 0.0
0.861551 -0.285169 0.0
0.744748 0.0997561 0.0
0.923712 0.0706562 0.0
1.02063 0.0313881 0.0
0.892234 -0.0747425 0.0
0.927812 0.032385 0.0
0.830815 -0.0048527 0.0
1.01377 0.0126051 0.0
0.984551 0.0375271 0.0
0.853792 0.0924272 0.0
0.998522 -0.00712081 0.0
0.924655 0.0705432 0.0
0.88544 -0.0774913 0.0
0.808046 0.0993107 0.0
0.978898 0.0416606 0.0
0.660178 0.154596 0.0
0.974014 -0.0326439 0.0
0.983624 -0.0248432 0.0
0.998824 0.0279695 0.0
0.81211 -0.086539 0.0
0.828251 -4.08946e-13 0.0
1.01146 -0.0230618 0.0
0.983853 -0.0243694 0.0
0.974817 0.0372171 0.0
0.935915 0.0602134 0.0
0.985494 0.0382312 0.0
0.89712 0.0808228 0.0
0.968333 -0.0371466 0.0
0.989772 -0.0191512 0.0
1.0463 -0.0797326 0.0
0.891475 0.0826766 0.0
0.893686 0.0819614 0.0
0.867411 -0.0829669 0.0
0.988265 0.0362917 0.0
0.942106 -0.0534441 0.0
0.811222 0.0990205 0.0
1.0038 0.0187349 0.0
0.904688 0.0790591 0.0
0.598049 0.249796 0.0
0.856098 0.0919007 0.0
1.01579 0.0110345 0.0
1.01935 0.007444 0.0
0.994973 -0.0110385 0.0
0.908373 0.0778047 0.0
0.990589 0.0348701 0.0
1.01632 0.0318627 0.0
0.987011 -0.0211448 0.0
1.0229 0.0415583 0.0
0.936888 0.0664919 0.0
0.980967 0.0403408 0.0
0.986723 -0.0216886 0.0
0.859976 0.091087 0.0
0.894022 -0.0738324 0.0
0.892925 0.0812988 0.0
1.04652 -0.0866469 0.0
0.944353 -0.0525 0.0
0.694462 0.0004411 0.0
0.748258 0.100248 0.0
0.955931 0.0558221 0.0
0.851476 -0.0869882 0.0
0.759253 0.0995132 0.0
0.873851 0.0833144 0.0
0.996294 -0.0095166 0.0
0.93158 -0.0596925 0.0
1.01755 0.023782 0.0
0.963718 0.0404406 0.0
0.989054 -0.0188803 0.0
1.0452 -0.0878646 0.0
0.947987 -0.0507772 0.0
0.981795 0.0190609 0.0
0.995833 0.0305792 0.0
0.920305 0.0724835 0.0
0.933836 0.0677309 0.0
0.985136 -0.020622 0.0
0.890159 0.082928 0.0
0.964548 -0.0404663 0.0
1.04656 -0.0860932 0.0
0.817563 -0.0788518 0.0
0.981548 0.0404303 0.0
1.04634 -0.0836593 0.0
1.01191 0.0279991 0.0
0.966368 0.0513527 0.0
0.975663 0.0190973 0.0
0.808808 0.0993433 0.0
0.991378 -0.0152675 0.0
0.964185 0.0481982 0.0
0.804868 0.0995855 0.0
1.0121 0.00937794 0.0
0.906387 0.0785597 0.0
0.891097 0.0828242 0.0
0.875149 0.273605 0.0
0.946879 -0.0513092 0.0
0.983486 0.0393589 0.0
0.908914 0.0776085 0.0
0.989073 -0.0194317 0.0
1.02306 -0.00614492 0.0
0.951426 0.0580248 0.0
0.889849 0.0774299 0.0
0.816901 0.0980459 0.0
0.829726 -0.0869678 0.0
0.993547 0.0326477 0.0
0.899804 0.244393 0.0
0.850892 0.0927304 0.0
0.857907 0.0915644 0.0
0.811889 0.0989411 0.0
0.94834 -0.0148625 0.0
0.962783 0.0531813 0.0
1.00021 -0.00598996 0.0
0.860465 0.0909315 0.0
0.930277 0.069127 0.0
1.01048 0.0162641 0.0
0.965077 0.0308332 0.0
0.973434 0.0352135 0.0
0.985112 0.0213669 0.0
0.904302 0.0662572 0.0
0.99147 -0.0158809 0.0
0.929738 0.0693112 0.0
0.923697 0.0716292 0.0
0.926917 0.0704694 0.0
1.01207 0.0145805 0.0
0.957343 0.0378645 0.0
0.906879 0.0784487 0.0
0.910505 0.0770126 0.0
0.994637 -0.0115489 0.0
0.955503 0.0542258 0.0
0.926359 0.0705754 0.0
0.889742 0.0217467 0.0
0.888184 0.083951 0.0
1.03511 -0.0208425 0.0
0.921697 0.0722844 0.0
0.92322 0.0717391 0.0
0.879097 -0.0800378 0.0
0.967617 0.0506472 0.0
0.916562 0.074301 0.0
0.912721 0.0761488 0.0
0.817384 0.0979673 0.0
0.910574 -0.0682703 0.0
0.905488 -0.0683376 0.0
0.931058 -0.0569039 0.0
1.03942 -0.030604 0.0
0.993083 0.0331307 0.0
0.918265 0.0733626 0.0
0.826798 -0.0856627 0.0
0.921112 0.0723695 0.0
0.858427 0.0915368 0.0
0.958406 0.0450174 0.0
0.91698 0.0740162 0.0
0.955018 -0.0470244 0.0
1.03573 -0.0233054 0.0
0.804643 -0.0859606 0.0
1.04024 -0.0334592 0.0
0.914809 0.0752704 0.0
0.948946 -0.0506136 0.0
0.825975 0.00258541 0.0
0.911141 0.0768357 0.0
0.86222 0.0904825 0.0
0.965166 0.0517744 0.0
0.983658 -0.0136635 0.0
0.769787 -0.0935343 0.0
0.805571 0.0996101 0.0
1.00806 0.0183442 0.0
0.930206 0.0688779 0.0
0.77256 0.0884287 0.0
0.899872 0.080409 0.0
0.870617 0.087459 0.0
0.884549 0.0851672 0.0
0.81726 0.260019 0.0
0.977796 -0.0293543 0.0
0.913188 0.0759204 0.0
0.848799 0.0867912 0.0
0.886631 0.0845125 0.0
0.915272 0.0750827 0.0
0.913044 -0.0672089 0.0
0.871871 0.0858972 0.0
1.02317 0.0433949 0.0
1.01746 0.0230403 0.0
1.00301 0.0246536 0.0
0.893027 0.0745264 0.0
0.846703 0.0923355 0.0
0.814101 0.0985253 0.0
1.00984 0.0167117 0.0
0.98076 -0.000843612 0.0
0.875701 0.0872952 0.0
0.842683 -0.0885371 0.0
0.997937 0.0290768 0.0
0.979964 -0.0281999 0.0
0.992705 -0.0137375 0.0
0.883892 0.0852733 0.0
0.875087 0.087373 0.0
0.93377 -0.058439 0.0
0.902551 0.0797788 0.0
0.94676 -0.0307976 0.0
0.882188 0.0857103 0.0
1.02111 0.0359729 0.0
0.864175 0.089937 0.0
0.87951 0.0864713 0.0
0.881621 0.0858651 0.0
0.963683 0.0528082 0.0
0.880027 0.0863629 0.0
0.886276 0.084666 0.0
1.02133 0.004801 0.0
0.952849 -0.0482117 0.0
0.842041 0.00633399 0.0
0.877422 0.0868976 0.0
0.90901 -0.069153 0.0
0.857937 -0.0851775 0.0
0.887879 -0.0760408 0.0
0.871523 0.0881307 0.0
0.982901 0.0397074 0.0
0.877974 0.0868257 0.0
1.02237 0.00342151 0.0
0.873505 0.0877768 0.0
0.819194 0.0976016 0.0
0.862675 0.0903952 0.0
0.869401 0.0885331 0.0
0.986768 0.0361277 0.0
0.882195 0.0760813 0.0
0.870917 0.0881801 0.0
0.847983 0.0932256 0.0
0.962545 0.00323189 0.0
0.866205 0.0892616 0.0
0.860908 -0.0844335 0.0
1.0351 -0.0200261 0.0
0.868798 0.0885824 0.0
0.876959 -0.0806655 0.0
0.859884 -0.0847322 0.0
1.00764 0.0188094 0.0
0.798202 0.0678397 0.0
0.826761 0.0969863 0.0
0.845062 -0.0875617 0.0
0.873049 0.0878535 0.0
0.904619 -0.0714584 0.0
0.938348 -0.055532 0.0
0.864733 0.089781 0.0
0.965585 -0.0403946 0.0
1.04711 -0.0782983 0.0
0.884941 0.0845717 0.0
0.873511 0.0868544 0.0
0.842283 -0.00796762 0.0
1.0009 0.0269324 0.0
1.03328 -0.0160291 0.0
1.00338 0.0240243 0.0
0.816098 0.00191695 0.0
1.03761 -0.0305745 0.0
1.02279 0.00278079 0.0
1.02133 0.0992652 0.0
0.814707 0.0984306 0.0
0.957489 0.0509696 0.0
0.960838 0.0536632 0.0
0.866594 0.0891141 0.0
1.00736 -0.171293 0.0
0.940226 -0.0549034 0.0
0.972504 0.182378 0.0
0.843262 0.0938815 0.0
0.818229 -0.0900598 0.0
0.867238 -0.081468 0.0
1.03295 -0.0168194 0.0
0.88129 -0.0788998 0.0
0.837557 0.0932077 0.0
0.941379 -0.0540031 0.0
0.84377 0.0938234 0.0
0.970384 -0.0365285 0.0
0.819773 0.0976013 0.0
0.998748 0.027946 0.0
0.919408 0.0630137 0.0
0.930868 0.0682419 0.0
0.871437 0.0833735 0.0
0.897273 0.0791349 0.0
0.873646 0.0854583 0.0
0.898119 -0.0733678 0.0
0.827426 0.0969178 0.0
1.00536 0.0222667 0.0
0.899894 -0.0730775 0.0
0.998754 0.028546 0.0
0.839771 0.0949169 0.0
1.03973 -0.0436958 0.0
0.845372 0.0936242 0.0
1.03669 -0.026563 0.0
0.789842 0.0150806 0.0
0.925026 -0.0595461 0.0
0.975715 -0.031332 0.0
1.04186 -0.0336872 0.0
0.908613 -0.0696258 0.0
1.03295 -0.0152997 0.0
0.890259 -0.0754369 0.0
0.898931 -0.0733965 0.0
0.92884 0.0694149 0.0
1.01863 0.0262547 0.0
0.876499 0.0868082 0.0
0.900386 0.0798767 0.0
0.860302 -0.0803121 0.0
0.911038 -0.0669658 0.0
0.894757 0.257289 0.0
0.956421 0.0564791 0.0
0.9779 0.0343317 0.0
0.952911 0.0576339 0.0
0.943188 -0.0522488 0.0
0.920304 -0.0526126 0.0
1.00068 -0.00460053 0.0
0.955576 0.0567233 0.0
0.935299 0.0664052 0.0
0.955368 -0.0469337 0.0
0.942529 0.0628654 0.0
0.858842 -0.0850555 0.0
0.900642 -0.0729524 0.0
1.01108 0.0158106 0.0
0.922261 0.0719335 0.0
1.02553 -0.000885749 0.0
0.889471 0.0830637 0.0
0.8651 0.0892136 0.0
0.933527 0.211996 0.0
0.950907 -0.0466402 0.0
0.79674 -0.0929494 0.0
1.03634 -0.0274377 0.0
0.841811 0.0942817 0.0
0.821619 0.0974046 0.0
1.02562 -0.00161967 0.0
0.9876 0.0024244 0.0
0.846115 -0.0880483 0.0
0.988018 0.0342083 0.0
1.00143 0.0264148 0.0
0.845896 0.0936585 0.0
0.828251 -4.80128e-10 0.0
0.999865 -0.00590652 0.0
0.829447 0.0966894 0.0
0.999944 0.0274849 0.0
0.83927 0.094984 0.0
1.00858 0.0181633 0.0
1.04599 -0.0743762 0.0
0.972032 0.0476066 0.0
0.990672 0.0324606 0.0
1.03031 -0.00877994 0.0
1.02687 -0.00382921 0.0
0.925479 0.0705918 0.0
0.919612 0.0726067 0.0
0.8137 -0.0896531 0.0
0.843647 0.0197563 0.0
1.04254 -0.0383836 0.0
0.935254 0.224862 0.0
0.862486 -0.0839526 0.0
0.911877 -0.0677477 0.0
0.936326 0.0660938 0.0
0.989022 0.0318327 0.0
0.864358 0.0893826 0.0
0.97129 0.0480726 0.0
0.824853 0.0972828 0.0
0.985751 0.0378393 0.0
0.869307 0.0881224 0.0
0.898007 0.0781062 0.0
0.870075 0.0880481 0.0
0.832039 0.0963368 0.0
0.941083 -0.0540629 0.0
0.884148 0.0846684 0.0
1.02388 0.0476206 0.0
0.979629 0.0362649 0.0
0.82841 -0.000586894 0.0
0.943437 0.0624166 0.0
0.830123 0.0967217 0.0
0.976795 0.0324022 0.0
0.895264 -0.074656 0.0
0.834485 0.0959544 0.0
1.02041 0.00593372 0.0
1.03158 -0.012703 0.0
0.837465 0.0953738 0.0
1.02728 0.0677195 0.0
1.04531 -0.0914578 0.0
1.01256 0.0142164 0.0
0.875672 0.0869204 0.0
0.832615 0.0962705 0.0
1.01745 0.113869 0.0
0.841379 0.0944458 0.0
1.01021 0.0163222 0.0
0.910298 0.0761124 0.0
0.980689 0.0378909 0.0
0.991223 0.0343733 0.0
0.925261 0.0689749 0.0
1.00801 0.0188027 0.0
1.01694 -0.0607653 0.0
0.835106 0.0958961 0.0
0.919946 -0.0620918 0.0
0.901268 0.079283 0.0
0.95374 0.0574988 0.0
0.899072 0.0803089 0.0
1.00429 0.0232723 0.0
0.82805 -0.0865605 0.0
0.914851 -0.0665085 0.0
0.926718 -0.0619542 0.0
0.984502 0.17494 0.0
0.938169 -0.0475648 0.0
0.79098 0.079306 0.0
1.00543 0.0218741 0.0
0.985867 -0.0228463 0.0
0.964121 0.0523861 0.0
0.981067 -0.0279293 0.0
1.04194 -0.0362653 0.0
0.909634 -0.0688548 0.0
0.91677 -0.0661098 0.0
0.863029 0.269408 0.0
0.797162 -0.0911897 0.0
1.04704 -0.0731861 0.0
0.892523 -0.0730175 0.0
0.836885 0.0955155 0.0
1.04085 -0.0332876 0.0
0.921688 0.0720062 0.0
0.950007 0.0588463 0.0
0.891451 0.0429489 0.0
0.86985 -0.0821948 0.0
0.87883 0.0776294 0.0
0.945535 0.0614149 0.0
0.988069 -0.0220208 0.0
1.04578 -0.0693945 0.0
0.93507 -0.0578464 0.0
0.980799 0.0392868 0.0
0.912432 0.0758649 0.0
0.929315 0.0688688 0.0
0.980005 0.163431 0.0
0.86359 0.0885949 0.0
0.916014 -0.0662031 0.0
1.04468 -0.0617484 0.0
0.921644 -0.0625691 0.0
0.93095 -0.0599342 0.0
0.824233 0.0972435 0.0
0.957504 -0.0457301 0.0
0.84817 -0.0877201 0.0
1.00833 0.00319283 0.0
0.803087 -0.0947035 0.0
0.813837 -0.0924577 0.0
0.986028 0.0338586 0.0
0.87164 -0.0818448 0.0
0.891977 0.0823216 0.0
0.897614 -0.072591 0.0
0.926177 0.0700182 0.0
1.02241 0.00326311 0.0
0.932933 -0.0586826 0.0
0.875065 -0.080728 0.0
0.91422 -0.066922 0.0
1.01208 0.00751734 0.0
0.933304 0.0679547 0.0
0.939468 0.0650279 0.0
0.85679 -0.0841726 0.0
0.964964 -0.215188 0.0
0.91178 0.0764102 0.0
0.981742 0.0396083 0.0
0.946238 0.0394772 0.0
0.918237 0.0728603 0.0
0.973762 -0.0328097 0.0
1.02203 0.0395986 0.0
0.940345 0.064751 0.0
1.04565 -0.0606362 0.0
0.545636 0.328387 0.0
1.00369 0.013572 0.0
1.04687 -0.0681246 0.0
1.02458 0.0519504 0.0
0.840322 -0.0888867 0.0
0.73408 -0.0903757 0.0
0.963326 0.0500289 0.0
0.891481 0.0824701 0.0
0.989047 0.0345908 0.0
1.04335 -0.0424881 0.0
0.927943 0.0692345 0.0
1.04251 -0.0392977 0.0
0.944053 0.0621613 0.0
0.940627 -0.0534506 0.0
0.875737 -0.0797856 0.0
0.94901 0.0591694 0.0
0.998249 0.0285926 0.0
0.837505 -0.0873453 0.0
0.999534 0.0280286 0.0
0.828277 -0.000668035 0.0
0.914767 -0.0668638 0.0
0.970776 0.0279147 0.0
0.92028 0.072241 0.0
1.00891 -0.019992 0.0
0.771103 -0.0969562 0.0
0.897586 -0.0595566 0.0
0.869751 0.0876177 0.0
1.04355 -0.0436988 0.0
0.828732 -0.0834669 0.0
0.996615 0.00427047 0.0
0.889497 -0.0761967 0.0
0.71989 0.098096 0.0
0.865562 0.0886009 0.0
0.889342 -0.0761039 0.0
0.930412 -0.0534005 0.0
0.986289 0.0372595 0.0
0.896864 -0.0741282 0.0
0.850416 -0.0872067 0.0
0.824641 -0.00103398 0.0
1.01122 0.00723765 0.0
0.989837 -0.0199027 0.0
0.912964 -0.0675008 0.0
0.82227 0.0973946 0.0
0.887851 -0.07658 0.0
0.94259 0.0623631 0.0
0.744989 -0.0931029 0.0
0.849408 0.0918916 0.0
0.880448 0.0854389 0.0
0.830581 0.0960462 0.0
0.928798 0.0676388 0.0
0.941105 0.0609931 0.0
1.00187 -0.00532257 0.0
0.900022 0.0766854 0.0
0.921924 -0.0614658 0.0
1.02441 0.00045778 0.0
0.914034 -0.0671623 0.0
0.910975 0.0766039 0.0
0.991419 -0.00618859 0.0
0.907933 -0.0698184 0.0
0.850317 0.0917481 0.0
0.920615 0.0649974 0.0
0.891658 -0.0755627 0.0
0.901999 0.0798878 0.0
1.00327 0.0239876 0.0
0.902205 0.0786012 0.0
1.03129 -0.0359085 0.0
0.954535 -0.047334 0.0
0.887383 0.0737538 0.0
1.01976 0.0767779 0.0
0.829338 -0.0898551 0.0
0.928542 0.0685712 0.0
0.962566 0.0464845 0.0
0.89914 0.0565984 0.0
1.03042 -0.00903674 0.0
0.974743 -0.0330569 0.0
0.860217 0.0906136 0.0
0.898477 0.076823 0.0
0.893174 0.081893 0.0
0.908006 -0.0697825 0.0
0.899924 0.0797079 0.0
0.966819 0.050888 0.0
1.01567 0.0207412 0.0
0.970095 0.189074 0.0
0.888519 -0.0762092 0.0
1.02696 -0.00411721 0.0
0.820204 -0.00589128 0.0
0.917815 0.0672111 0.0
0.867047 0.0883067 0.0
0.990793 0.00835742 0.0
0.955337 0.0516446 0.0
0.864742 0.0887853 0.0
0.993443 -0.015532 0.0
0.922685 -0.0601725 0.0
0.908715 -0.0693776 0.0
1.02819 -0.12653 0.0
0.967595 0.0500423 0.0
0.777992 -0.0942222 0.0
0.926707 0.0695529 0.0
0.881781 0.0853511 0.0
1.01123 0.00890761 0.0
0.861389 -0.0831662 0.0
0.981546 -0.027495 0.0
1.00296 -0.00226641 0.0
0.993782 0.0322444 0.0
0.926778 -0.0622596 0.0
0.943577 0.0618373 0.0
0.949396 -0.0501831 0.0
0.903346 -0.0717149 0.0
1.01905 0.0288824 0.0
0.845748 -0.0877633 0.0
0.946054 0.0611499 0.0
0.834374 -0.0896784 0.0
1.03193 -0.0834828 0.0
1.00341 -0.00166853 0.0
1.03939 -0.0307184 0.0
1.04011 -0.0416096 0.0
0.866562 0.0871472 0.0
1.01079 0.0154424 0.0
0.890006 0.0825363 0.0
0.99258 -0.0157941 0.0
0.893455 0.0805078 0.0
0.856339 0.0898055 0.0
1.04388 -0.0764085 0.0
0.988041 -0.0212228 0.0
1.00255 0.0174612 0.0
0.911591 0.0760878 0.0
0.882451 0.0852435 0.0
1.02096 0.00103596 0.0
0.837248 -0.0891673 0.0
1.01488 0.017372 0.0
1.01292 0.0101311 0.0
0.97453 -0.0327057 0.0
0.95849 -0.0450809 0.0
0.836457 -0.0896829 0.0
1.01781 0.108408 0.0
0.895999 0.0810912 0.0
0.987283 -0.0214252 0.0
0.760231 0.0981696 0.0
0.830721 -0.0909684 0.0
0.855675 0.0914714 0.0
0.829872 0.0960337 0.0
0.991163 0.0192849 0.0
0.92274 -0.0636897 0.0
0.949872 -0.0498843 0.0
0.962177 0.0439595 0.0
0.847429 0.0924007 0.0
1.00308 0.024525 0.0
0.937994 0.0637509 0.0
0.967838 0.0322732 0.0
0.963318 0.0526921 0.0
1.00744 0.00286723 0.0
0.916798 0.0740104 0.0
0.871501 -0.0809324 0.0
0.863899 -0.0828228 0.0
1.02094 0.00530245 0.0
1.02521 0.0588416 0.0
0.939219 -0.0554741 0.0
0.905752 0.0780499 0.0
0.825755 -0.000568387 0.0
1.03783 -0.0926088 0.0
1.00519 0.000195519 0.0
1.01383 0.0143411 0.0
0.870423 -0.0796824 0.0
0.919019 0.0727103 0.0
1.00459 -0.000792077 0.0
0.806915 -0.0874841 0.0
0.873062 -0.0800135 0.0
0.856634 0.0913425 0.0
0.937831 0.0647066 0.0
0.860348 -0.0842858 0.0
0.975359 -0.0323041 0.0
0.994202 0.155079 0.0
1.04503 -0.0468031 0.0
0.988031 -0.0208429 0.0
1.00759 0.00345426 0.0
0.967006 -0.0383628 0.0
0.900439 0.0803017 0.0
0.908472 -0.0689827 0.0
0.860903 0.0905032 0.0
0.874539 0.0715217 0.0
0.898916 -0.0733962 0.0
1.01893 0.00738338 0.0
0.993796 0.0321031 0.0
0.980478 0.0402637 0.0
1.01243 0.0111122 0.0
0.90483 0.0781809 0.0
0.638322 -0.396799 0.0
0.981206 -0.0270491 0.0
1.02616 0.0560046 0.0
0.958891 0.202549 0.0
0.876468 0.0727655 0.0
0.995493 0.0308554 0.0
1.00928 0.00651719 0.0
0.874703 0.0861058 0.0
1.03138 -0.0436079 0.0
0.859267 0.0886625 0.0
0.950374 -0.0498725 0.0
1.02478 -0.000277769 0.0
0.894188 -0.0696334 0.0
0.928718 -0.0577322 0.0
1.00189 0.0251714 0.0
0.96959 0.0243233 0.0
1.00394 0.0237224 0.0
0.983499 0.174867 0.0
1.02899 -0.0100937 0.0
0.902337 0.0635499 0.0
0.951997 -0.0490257 0.0
0.900573 0.0790717 0.0
0.930136 0.0683247 0.0
0.867986 -0.0792139 0.0
0.752967 0.100742 0.0
0.917396 0.0737484 0.0
0.936336 0.0652326 0.0
0.884295 -0.0778284 0.0
1.02572 0.0607659 0.0
0.846748 -0.0870745 0.0
0.96063 0.0448848 0.0
1.04505 -0.0496213 0.0
0.93574 0.0659338 0.0
0.975299 -0.0323187 0.0
0.880839 0.0848917 0.0
0.988183 -0.0214055 0.0
0.861732 -0.0838052 0.0
0.97292 -0.034043 0.0
0.90924 0.0763551 0.0
0.91909 -0.0606251 0.0
0.873296 -0.0782395 0.0
0.889085 0.082555 0.0
0.939741 -0.0525088 0.0
1.00552 0.000859294 0.0
1.01927 0.0321124 0.0
1.03945 -0.107682 0.0
0.768089 -0.0836848 0.0
1.00768 -0.176373 0.0
0.972432 0.0472109 0.0
0.971626 0.0475791 0.0
0.831965 -0.0890331 0.0
0.879926 0.084858 0.0
0.900717 -0.0726104 0.0
0.912376 -0.0675831 0.0
0.905439 0.24022 0.0
0.827162 -0.0916252 0.0
0.922429 -0.0637908 0.0
0.908781 0.077439 0.0
0.961466 0.0519273 0.0
1.01549 0.0162516 0.0
0.979707 -0.0293862 0.0
0.919055 -0.064997 0.0
1.01012 0.00631952 0.0
0.999656 0.0158933 0.0
0.942595 -0.0536014 0.0
0.927198 0.0688971 0.0
1.02574 0.0655597 0.0
0.721546 -0.091341 0.0
0.775094 0.00368048 0.0
1.02086 0.00476752 0.0
0.975909 0.0231955 0.0
0.852475 -0.0801858 0.0
0.855129 0.0870287 0.0
1.02213 0.0964049 0.0
0.950595 0.0581879 0.0
0.837004 0.0948965 0.0
1.04648 -0.0515375 0.0
0.902766 -0.0721 0.0
0.972429 0.186854 0.0
0.972284 -0.0342949 0.0
1.03313 -0.0152557 0.0
1.0208 -0.146105 0.0
1.02145 0.0315936 0.0
1.00864 -0.170474 0.0
0.93643 -0.0557473 0.0
0.933064 -0.057669 0.0
0.967221 0.0496158 0.0
0.904399 0.078779 0.0
0.913274 -0.0671652 0.0
0.861158 0.0847476 0.0
0.841513 -0.0873209 0.0
0.841637 0.0939355 0.0
0.916905 -0.0535735 0.0
0.881541 0.0100653 0.0
1.01511 0.0080578 0.0
0.844891 -0.0882138 0.0
0.917386 0.073217 0.0
0.911327 -0.0678527 0.0
0.936898 0.065512 0.0
0.823103 -0.091673 0.0
1.02401 0.0426538 0.0
0.91439 0.0743456 0.0
0.961414 -0.0429096 0.0
0.835583 -0.0896294 0.0
0.909572 -0.0686773 0.0
1.04611 -0.052672 0.0
1.02204 0.0378867 0.0
0.847424 0.0932893 0.0
0.947318 0.060299 0.0
1.02542 0.0795802 0.0
0.985464 0.0359425 0.0
0.915384 0.0741764 0.0
0.941634 0.0639198 0.0
1.0131 -0.158651 0.0
1.02616 0.060804 0.0
0.87484 0.0853111 0.0
0.958719 0.0523845 0.0
1.02343 0.0929268 0.0
0.936195 -0.0574425 0.0
0.843688 -0.0880203 0.0
1.00313 0.0221465 0.0
0.748381 -0.0940745 0.0
0.945922 -0.051921 0.0
0.85192 -0.0828223 0.0
0.779985 0.0264971 0.0
0.90128 0.0604079 0.0
1.00587 0.000877361 0.0
0.838023 0.0939474 0.0
0.941614 -0.0538572 0.0
0.90338 -0.0653724 0.0
0.988927 0.0249155 0.0
0.987207 -0.0231512 0.0
0.905581 -0.0709777 0.0
0.893654 0.0786809 0.0
0.909126 -0.068375 0.0
0.80678 -0.0934305 0.0
1.02571 0.0702935 0.0
0.76495 -0.0916393 0.0
0.909489 0.0772707 0.0
0.93622 0.0643816 0.0
1.02563 0.0598167 0.0
0.901718 -0.0723919 0.0
0.975806 0.0439177 0.0
0.927547 0.067977 0.0
0.962072 -0.0430519 0.0
0.954894 0.0557589 0.0
0.842239 0.0938784 0.0
0.889541 -0.0760222 0.0
0.916571 -0.0659637 0.0
0.95156 -0.238201 0.0
0.867078 0.079618 0.0
1.02696 -0.00467619 0.0
0.965104 -0.0405015 0.0
0.835294 -0.0872313 0.0
0.827364 0.00103093 0.0
0.848136 -0.086393 0.0
0.837926 0.0947667 0.0
1.01792 -0.151857 0.0
0.996137 0.0303427 0.0
1.02013 0.00295252 0.0
0.926169 -0.0619864 0.0
0.999737 0.00117475 0.0
0.984483 0.172348 0.0
0.893708 0.0796556 0.0
0.942835 -0.0531052 0.0
1.01825 0.0270392 0.0
0.910876 -0.068301 0.0
1.01689 0.0100233 0.0
0.857267 0.0886985 0.0
0.886683 0.233025 0.0
1.04149 -0.040798 0.0
1.02489 0.0564988 0.0
0.98712 -0.022064 0.0
0.855788 -0.0859583 0.0
0.830935 -0.0847672 0.0
1.02203 0.0962399 0.0
0.950588 0.0574489 0.0
0.943852 -0.0530736 0.0
0.905331 0.0786347 0.0
1.01165 0.124987 0.0
0.982598 -0.0270669 0.0
0.964345 0.0167365 0.0
0.855322 -0.0823874 0.0
0.980491 0.0408858 0.0
0.977612 -0.0306025 0.0
1.03189 -0.0127827 0.0
1.02516 0.0749726 0.0
0.772699 -0.093812 0.0
0.884728 -0.0773502 0.0
1.00306 0.000275324 0.0
0.961636 -0.0429142 0.0
0.995575 0.0144426 0.0
1.00861 0.00718355 0.0
0.993737 -0.012971 0.0
1.00313 0.0108119 0.0
0.896766 0.0746648 0.0
0.967197 0.048688 0.0
0.910685 -0.0684413 0.0
0.976952 0.0264108 0.0
1.02313 0.0399554 0.0
0.599268 0.104318 0.0
1.02558 0.0633186 0.0
0.856778 -0.0857145 0.0
0.790676 -0.0933451 0.0
0.92325 -0.0634985 0.0
0.94127 0.0418304 0.0
0.744607 0.100314 0.0
0.986087 0.0379046 0.0
0.998944 -0.00850402 0.0
0.976391 0.0426739 0.0
0.870698 0.0860083 0.0
0.896153 -0.0741558 0.0
0.738959 0.0998353 0.0
0.982811 -0.0255338 0.0
0.942185 -0.22787 0.0
0.821591 -0.0894412 0.0
1.0295 -0.00972163 0.0
0.989912 -0.013674 0.0
0.971137 0.0318288 0.0
0.901587 -0.0720812 0.0
0.870903 -0.0817995 0.0
1.04443 -0.0480215 0.0
0.83331 0.0928845 0.0
1.02459 0.0826664 0.0
1.02154 0.094833 0.0
0.974535 0.0450827 0.0
0.976138 -0.0319681 0.0
1.02366 0.0418238 0.0
0.856543 0.0878925 0.0
0.949732 0.201009 0.0
1.01569 0.00945977 0.0
1.00826 0.0170469 0.0
0.856091 -0.0847598 0.0
0.875284 -0.0780452 0.0
0.982516 -0.0267826 0.0
1.03855 -0.111586 0.0
0.942812 -0.0533974 0.0
0.946959 -0.0517427 0.0
1.02523 0.051732 0.0
0.824386 -0.0557365 0.0
0.789705 0.0964749 0.0
0.812938 -0.093075 0.0
1.02811 -0.134448 0.0
0.821477 -0.0885172 0.0
0.815268 -0.09291 0.0
0.826977 0.0963017 0.0
0.902487 -0.071919 0.0
0.987265 0.0139847 0.0
0.965801 -0.0397397 0.0
0.828604 -0.000502592 0.0
0.881962 -0.0780433 0.0
0.805903 -0.0925068 0.0
0.82366 -0.0852655 0.0
0.960161 -0.0440422 0.0
0.838328 -0.0859598 0.0
1.00307 -0.0132726 0.0
0.944668 0.0595192 0.0
0.977401 -0.031058 0.0
0.810341 -0.093588 0.0
0.921277 0.0683641 0.0
0.931271 0.0654319 0.0
0.973428 0.0463948 0.0
0.823753 -0.0345328 0.0
0.988908 0.0291662 0.0
1.03525 -0.0285013 0.0
0.873865 0.0873014 0.0
0.954736 -0.0450522 0.0
0.91849 0.0591792 0.0
0.916342 0.0642212 0.0
0.802455 0.099912 0.0
0.861437 0.0883483 0.0
0.883412 -0.0766795 0.0
0.880899 0.0830174 0.0
0.853385 -0.0812894 0.0
0.943982 0.0584986 0.0
0.976999 -0.0309361 0.0
0.993165 -0.0152973 0.0
1.00755 0.00216334 0.0
0.91199 -0.0673798 0.0
0.987096 -0.0223388 0.0
0.942687 -0.051446 0.0
0.821959 0.0076022 0.0
0.827598 -0.000281035 0.0
0.866609 -0.0825014 0.0
0.999557 0.145152 0.0
0.88855 -0.0752086 0.0
0.8737 0.0826172 0.0
0.808455 0.0712812 0.0
1.0336 -0.0161249 0.0
0.942295 0.0604252 0.0
0.943936 0.0624646 0.0
1.00926 0.0127117 0.0
0.97568 0.0418735 0.0
0.919031 -0.0651643 0.0
0.949375 0.0593061 0.0
1.04305 -0.0715349 0.0
0.967112 -0.0393386 0.0
1.04581 -0.0568016 0.0
0.988551 -0.0206235 0.0
0.86833 -0.0824523 0.0
0.949541 0.0586317 0.0
0.97019 -0.0351184 0.0
0.766706 0.263829 0.0
0.799638 -0.0873415 0.0
1.03564 -0.0211419 0.0
0.993845 0.157289 0.0
0.826425 -0.00061022 0.0
1.04437 -0.0529415 0.0
0.752652 0.0957903 0.0
1.00173 -0.00432684 0.0
1.02015 0.0272113 0.0
0.861304 0.0891633 0.0
1.01778 0.0450666 0.0
0.827829 0.0962379 0.0
1.04605 -0.0900866 0.0
0.882281 -0.078309 0.0
1.01472 0.0133611 0.0
1.03649 -0.0269358 0.0
0.952506 0.0545929 0.0
0.888629 0.0831299 0.0
0.849617 0.091131 0.0
0.933221 0.0467869 0.0
0.99801 -0.00890277 0.0
0.935137 -0.0576479 0.0
0.813975 0.0927691 0.0
1.03076 -0.132694 0.0
0.918147 0.0660138 0.0
0.752822 0.0983977 0.0
0.851022 -0.314719 0.0
0.812007 0.0902705 0.0
0.90431 -0.0709794 0.0
0.817056 -0.0916271 0.0
0.794814 -0.0951758 0.0
1.01375 0.0108983 0.0
0.894387 -0.0744513 0.0
0.921247 -0.0598123 0.0
0.898374 -0.0731067 0.0
0.837581 -0.088934 0.0
0.976069 -0.0318268 0.0
0.992238 -0.0151221 0.0
0.824341 -0.0919575 0.0
1.00195 -0.00341774 0.0
0.817372 -0.0927856 0.0
0.993513 -0.0134468 0.0
0.961 -0.221632 0.0
0.902726 -0.0707024 0.0
0.847822 0.0881983 0.0
0.98945 0.0357555 0.0
1.04118 -0.0348168 0.0
0.983384 -0.0261456 0.0
0.940864 -0.0461996 0.0
1.0084 0.0187988 0.0
1.0151 0.0169061 0.0
0.869046 0.0857591 0.0
0.931749 -0.0596371 0.0
0.980121 0.0415414 0.0
0.933521 0.0535427 0.0
0.85659 -0.0858752 0.0
1.00224 -0.00451606 0.0
1.02363 -0.00122114 0.0
0.919752 -0.0648944 0.0
0.925388 -0.0624316 0.0
0.98993 -0.0197207 0.0
0.968068 -0.0386848 0.0
1.02003 0.00581066 0.0
0.889578 -0.0763431 0.0
0.945255 0.0602991 0.0
0.957589 -0.0453684 0.0
0.978551 -0.0304711 0.0
1.0463 -0.0542976 0.0
0.984383 -0.0256953 0.0
0.974122 0.040941 0.0
0.850747 0.0910392 0.0
1.00012 -0.00769881 0.0
1.00327 -0.00256467 0.0
1.02162 -0.149019 0.0
0.997039 -0.00926069 0.0
0.964799 -0.0401069 0.0
0.999507 0.0260109 0.0
0.928551 -0.0612911 0.0
1.01864 0.106519 0.0
0.855582 -0.0841082 0.0
1.00271 -0.176941 0.0
0.810068 -0.0857736 0.0
0.989163 0.0355897 0.0
0.90639 0.0735132 0.0
0.909188 -0.0692287 0.0
1.03596 -0.024085 0.0
0.919487 0.0689958 0.0
0.98991 -0.0191695 0.0
0.997781 -0.00858807 0.0
1.02801 -0.00575984 0.0
0.994239 -0.0147882 0.0
0.984816 -0.0243687 0.0
1.04501 -0.0984898 0.0
0.770286 0.153406 0.0
0.9917 -0.018817 0.0
0.889078 -0.0757369 0.0
0.984142 -0.024857 0.0
0.934379 0.0674588 0.0
1.00605 0.00135312 0.0
0.973295 -0.212579 0.0
0.968555 -0.0336393 0.0
0.937061 -0.0393483 0.0
1.02196 0.00141334 0.0
0.809156 -0.0904524 0.0
0.822597 -0.0905172 0.0
0.893801 0.0775909 0.0
0.896155 -0.073007 0.0
0.930541 0.055211 0.0
1.03368 -0.111173 0.0
0.971832 0.0399202 0.0
0.933038 0.06492 0.0
0.875098 0.0844146 0.0
1.02629 0.0690171 0.0
0.89669 -0.0708113 0.0
0.837134 0.0939631 0.0
1.00334 -0.00347197 0.0
0.964477 0.190785 0.0
0.961087 0.0541013 0.0
0.942627 0.0573658 0.0
0.82646 0.094703 0.0
1.02453 0.045779 0.0
0.965429 -0.032003 0.0
0.817472 0.00206563 0.0
0.833933 0.0871275 0.0
0.890265 -0.279378 0.0
0.933333 -0.0588757 0.0
0.843534 -0.0844412 0.0
0.922603 -0.0639022 0.0
0.921092 -0.0583509 0.0
0.835044 -0.0816551 0.0
0.937657 0.0658296 0.0
0.936168 0.0554611 0.0
1.00943 0.00579123 0.0
0.835119 -0.0888893 0.0
0.935674 0.0672246 0.0
0.965405 0.0283442 0.0
0.845026 -0.0873665 0.0
0.99071 0.0352379 0.0
1.02448 -0.0107214 0.0
0.737098 0.0990813 0.0
0.99885 -0.0082688 0.0
0.914331 0.0717509 0.0
0.91022 -0.0679833 0.0
0.773508 -0.0968077 0.0
0.856867 -0.0806537 0.0
0.819012 -0.0925147 0.0
1.04513 -0.0626325 0.0
1.04675 -0.0885898 0.0
0.968301 -0.0383662 0.0
0.898675 0.0807352 0.0
0.951889 -0.0489608 0.0
0.906005 0.0756642 0.0
0.975562 0.0443968 0.0
1.00454 -0.00145484 0.0
0.991401 0.0344105 0.0
0.883965 0.0810276 0.0
0.80307 0.09994 0.0
0.81545 0.0957031 0.0
1.04531 -0.0622151 0.0
1.02166 0.00531065 0.0
0.972768 0.0429472 0.0
1.04697 -0.073199 0.0
0.962406 -0.0426602 0.0
0.79839 -0.0898511 0.0
0.848452 0.0932317 0.0
0.937903 0.0659945 0.0
1.03198 -0.0410784 0.0
0.7628 -0.0936374 0.0
0.901965 -0.0721915 0.0
1.00146 -0.00546197 0.0
0.866049 0.0879414 0.0
0.958643 0.0553299 0.0
0.883341 -0.077444 0.0
0.963557 0.0527552 0.0
1.02031 0.0622409 0.0
0.831776 0.0930308 0.0
0.863068 0.0890303 0.0
0.94563 -0.0518955 0.0
0.853601 0.0586083 0.0
0.969675 0.0384466 0.0
0.843613 0.0934932 0.0
0.849512 0.0930842 0.0
0.997852 -0.0101353 0.0
0.962438 0.0538245 0.0
0.899748 0.0805733 0.0
1.00208 -0.0041194 0.0
0.804481 0.0997451 0.0
0.991014 -0.0171454 0.0
0.929984 0.0638527 0.0
1.04261 -0.0355254 0.0
1.00721 0.00225057 0.0
1.01621 0.0196624 0.0
0.940181 0.0648105 0.0
0.959249 0.0542536 0.0
0.974332 0.043868 0.0
0.956084 0.0565574 0.0
1.02594 -0.0686284 0.0
0.864254 -0.0835337 0.0
0.963424 0.19711 0.0
1.02078 0.0324758 0.0
0.936768 -0.0565048 0.0
1.0226 0.0347971 0.0
1.01485 0.118518 0.0
0.962437 -0.227278 0.0
0.807824 -0.0924148 0.0
1.03043 -0.124675 0.0
0.984866 -0.0247063 0.0
0.943896 -0.0478733 0.0
1.02061 0.0286026 0.0
0.915042 0.072098 0.0
0.939108 0.0657262 0.0
0.942424 0.0635744 0.0
0.953693 0.0576604 0.0
0.831447 0.0941719 0.0
0.830351 -0.0891675 0.0
0.898773 0.080461 0.0
0.866427 0.088777 0.0
0.955056 -0.0464642 0.0
0.832663 0.0941459 0.0
0.913325 0.0732603 0.0
1.02211 0.0371438 0.0
0.967634 0.050674 0.0
1.02759 -0.0181386 0.0
0.94442 0.0623623 0.0
0.960081 0.0550619 0.0
1.04322 -0.0999747 0.0
1.01605 0.0198845 0.0
0.895813 0.0789084 0.0
1.04678 -0.0910787 0.0
0.898497 0.074357 0.0
0.891193 -0.0753577 0.0
0.858782 0.0875506 0.0
0.965018 0.0524617 0.0
0.880156 0.0859384 0.0
0.927214 -0.0604796 0.0
0.953981 0.0513284 0.0
0.950163 0.0591322 0.0
0.877909 0.0864908 0.0
0.99365 0.0325168 0.0
1.02646 -0.00469446 0.0
0.798131 -0.0927773 0.0
0.945981 -0.0509586 0.0
0.947092 0.060813 0.0
0.89606 0.0777656 0.0
0.969929 0.0491053 0.0
0.822573 -0.0867573 0.0
0.991878 -0.0179027 0.0
1.00727 0.0106744 0.0
0.957441 0.0562837 0.0
0.863302 0.088272 0.0
0.947975 0.0600817 0.0
0.974289 0.0457072 0.0
0.941447 0.0645327 0.0
0.958893 0.0439738 0.0
1.04561 -0.0606894 0.0
0.91655 0.0715023 0.0
0.806252 0.0996756 0.0
0.972024 0.0475464 0.0
0.920412 -0.0646048 0.0
0.977804 0.0425627 0.0
0.954994 0.0574008 0.0
0.800956 -0.091628 0.0
1.02914 -0.0309939 0.0
0.902375 0.0750985 0.0
1.04333 -0.085121 0.0
1.02589 0.0535981 0.0
1.02292 0.00272484 0.0
0.88534 0.242569 0.0
0.857902 -0.0796496 0.0
0.857365 0.0897397 0.0
0.955839 0.0544074 0.0
0.943546 0.0633081 0.0
1.02001 0.0272763 0.0
1.01704 0.00960932 0.0
1.01839 0.0240465 0.0
0.904253 -0.0704117 0.0
0.952569 0.0583678 0.0
0.915085 -0.0665987 0.0
0.852044 0.0927404 0.0
0.836787 0.000320776 0.0
0.951395 0.0589102 0.0
0.757648 -0.0944719 0.0
1.0422 -0.104379 0.0
0.851375 0.0900664 0.0
1.02077 0.028734 0.0
0.807666 0.0994695 0.0
0.958958 -0.0360703 0.0
0.96163 0.0532557 0.0
0.945495 0.0620488 0.0
1.043 -0.0423628 0.0
0.946924 -0.0466106 0.0
0.949107 0.0598737 0.0
0.969127 0.0503376 0.0
0.815548 0.0968571 0.0
0.893075 -0.074606 0.0
1.04529 -0.08259 0.0
0.894467 0.0806376 0.0
0.946129 0.0610301 0.0
0.93062 0.0512633 0.0
0.85395 0.0903682 0.0
0.958439 0.0549488 0.0
0.895137 0.079902 0.0
0.898077 0.0705659 0.0
0.868711 0.0866178 0.0
0.889711 -0.0761674 0.0
0.806503 -0.0913519 0.0
1.03431 -0.1219 0.0
0.981562 0.0407295 0.0
0.881977 -0.0789855 0.0
0.804022 0.0831649 0.0
0.853958 0.0918673 0.0
0.837597 -0.0822914 0.0
1.03554 -0.0244776 0.0
0.885262 0.0819603 0.0
0.902929 0.0796291 0.0
1.0111 0.00706227 0.0
1.00936 0.119383 0.0
1.03401 -0.117837 0.0
1.02998 -0.126811 0.0
0.853047 0.0925864 0.0
0.971951 -0.0350567 0.0
0.964274 0.0284117 0.0
0.97118 0.0487853 0.0
0.89246 -0.0755476 0.0
0.836597 -0.0889078 0.0
0.912759 -0.0665398 0.0
0.978938 0.0422862 0.0
0.839608 0.0933956 0.0
0.956936 -0.0459791 0.0
1.0157 -7.855e-05 0.0
0.966279 -0.039905 0.0
1.00682 -0.0127038 0.0
0.84254 0.0925102 0.0
0.975411 0.0453606 0.0
0.894526 0.0817784 0.0
0.973415 0.0471314 0.0
1.02246 0.101545 0.0
1.02237 0.0374677 0.0
0.897654 0.230076 0.0
0.764648 0.0917782 0.0
0.92727 0.0531569 0.0
0.880637 -0.0780291 0.0
0.904801 -0.0710404 0.0
0.9974 -0.00835976 0.0
0.809468 0.099455 0.0
0.957396 0.155383 0.0
0.95308 0.0558854 0.0
1.02415 0.0433685 0.0
1.03562 -0.112738 0.0
0.903994 0.0794436 0.0
0.902662 0.0793172 0.0
0.988221 -0.0148941 0.0
0.832874 -0.0882463 0.0
0.859161 -0.0788303 0.0
1.002 0.0122734 0.0
0.99415 -0.00577462 0.0
0.994061 0.0320242 0.0
0.996584 -0.00675394 0.0
1.0259 0.0501573 0.0
0.79147 0.0939214 0.0
0.85421 0.092382 0.0
0.89554 0.0816234 0.0
0.913018 0.0757962 0.0
1.0043 0.00853843 0.0
0.972632 -0.02322 0.0
0.856284 0.0717375 0.0
0.866271 -0.0831128 0.0
0.810036 0.0841955 0.0
0.9268 -0.0618656 0.0
0.872003 -0.0813038 0.0
0.82693 -0.000585366 0.0
1.01624 0.0106349 0.0
0.942103 -0.241754 0.0
0.91263 0.0619748 0.0
0.905584 0.0720258 0.0
1.02226 0.0351159 0.0
0.883457 0.0806135 0.0
1.04523 -0.0609915 0.0
0.790986 0.100189 0.0
0.905133 0.078886 0.0
1.01653 0.0206852 0.0
0.796912 0.0999531 0.0
1.01881 0.00913137 0.0
0.877962 0.080786 0.0
0.810872 0.0992388 0.0
0.871555 0.0839548 0.0
0.950315 0.0555659 0.0
1.03243 -0.0255376 0.0
0.740508 -0.0958708 0.0
0.969178 0.047837 0.0
0.876211 0.0696694 0.0
0.885904 0.0794337 0.0
0.914674 -0.0659738 0.0
0.896624 0.0763698 0.0
0.855281 0.0922149 0.0
0.983095 0.0359345 0.0
1.00809 0.00410465 0.0
0.961078 0.054103 0.0
1.02038 0.102582 0.0
1.04625 -0.0689595 0.0
0.99874 -0.00759893 0.0
0.797673 0.100147 0.0
0.886832 -0.0771072 0.0
0.962369 0.0536909 0.0
1.00487 0.0140474 0.0
1.04065 -0.0646737 0.0
1.03021 -0.0107952 0.0
1.00802 0.00498956 0.0
0.892679 0.0822092 0.0
1.02018 -0.150235 0.0
1.03548 -0.0202296 0.0
0.880812 0.0807259 0.0
0.799513 -0.0949601 0.0
0.906245 0.0786999 0.0
0.857764 -0.0831976 0.0
0.832749 -0.0903472 0.0
1.00429 0.0217601 0.0
0.928468 0.0645289 0.0
0.860694 -0.0845568 0.0
0.851454 0.092161 0.0
0.8125 0.098946 0.0
0.963697 0.0527429 0.0
0.863642 0.0872481 0.0
1.02334 0.0699287 0.0
0.833312 0.0912989 0.0
0.858266 -0.084045 0.0
0.912041 0.0731328 0.0
0.907609 0.0752638 0.0
0.98239 -0.0262754 0.0
0.856585 0.0918581 0.0
0.991897 0.0338462 0.0
0.907249 0.0782571 0.0
0.967295 0.0460712 0.0
0.995497 0.0316052 0.0
0.887622 0.0830618 0.0
0.843867 -0.0833745 0.0
0.997771 0.0106412 0.0
1.02572 0.0501713 0.0
0.893562 0.0820771 0.0
0.779372 -0.0254536 0.0
0.948667 0.0597045 0.0
0.85692 0.0868269 0.0
1.04696 -0.0814591 0.0
0.965931 -0.0391432 0.0
0.854242 -0.0850219 0.0
0.95268 0.0567411 0.0
0.883118 0.0829608 0.0
0.984113 0.038886 0.0
1.0332 -0.0297413 0.0
0.829021 0.00202059 0.0
0.927083 -0.0620373 0.0
0.813809 0.0987266 0.0
0.857687 0.0916871 0.0
0.863903 0.0878075 0.0
0.887885 -0.0767308 0.0
0.964989 0.0522645 0.0
0.996499 0.0299056 0.0
0.908303 0.0780473 0.0
1.03641 -0.0658317 0.0
0.824236 0.0945669 0.0
0.891784 0.082492 0.0
0.995858 0.029745 0.0
0.84518 -0.0863607 0.0
0.824119 -0.0908402 0.0
0.909346 0.0773978 0.0
0.839401 0.0907079 0.0
1.00343 -0.17784 0.0
1.03232 -0.123312 0.0
0.990152 -0.19342 0.0
1.01497 0.119984 0.0
1.02107 0.0457351 0.0
0.957124 0.0540319 0.0
0.80724 -0.0897602 0.0
0.894669 0.0810238 0.0
0.839529 -0.0846565 0.0
0.974584 0.0451037 0.0
1.03883 -0.10786 0.0
0.948436 -0.0506249 0.0
0.858832 0.0914725 0.0
0.998733 -0.184929 0.0
0.815356 0.0984473 0.0
1.02731 -0.0522185 0.0
0.912651 0.0721012 0.0
0.917632 -0.0393344 0.0
0.966842 -0.0384048 0.0
0.853425 -0.0867069 0.0
1.01604 0.0114883 0.0
0.774228 0.097219 0.0
1.02482 -0.0452298 0.0
0.891384 -0.0741316 0.0
0.930792 0.0688641 0.0
0.99453 0.0243701 0.0
0.925258 0.0697482 0.0
0.997155 0.0290043 0.0
0.955148 0.200249 0.0
1.03903 -0.0280975 0.0
0.979847 -0.0224499 0.0
1.01789 0.020803 0.0
0.993233 0.0334883 0.0
0.947425 0.059993 0.0
0.831829 -0.0830786 0.0
1.02558 0.0799074 0.0
0.911489 0.0766618 0.0
0.975737 -0.0208978 0.0
0.979917 0.024074 0.0
0.996609 -0.0099732 0.0
1.03561 -0.109252 0.0
0.966779 -0.0387623 0.0
0.959297 0.0546889 0.0
0.878777 0.0812221 0.0
0.910418 0.0771972 0.0
0.879918 -0.0797755 0.0
1.03587 -0.0235985 0.0
0.985584 0.0385652 0.0
0.927281 0.0702484 0.0
0.98102 -0.0270034 0.0
0.977232 -0.024989 0.0
0.859827 0.0912876 0.0
1.01098 -0.165208 0.0
0.79427 0.0999542 0.0
0.972424 -0.0347688 0.0
0.928395 -0.0614897 0.0
1.02278 0.0767783 0.0
1.01087 0.0155026 0.0
0.833559 0.0850525 0.0
1.01803 0.0232615 0.0
0.970517 -0.0360927 0.0
0.885605 0.0703175 0.0
1.03548 -0.0219073 0.0
0.923996 0.071406 0.0
0.816614 0.0982217 0.0
0.909101 0.0762872 0.0
0.865436 -0.082874 0.0
0.903896 0.0762415 0.0
0.913669 0.0756871 0.0
1.04394 -0.0441468 0.0
0.890994 0.0830171 0.0
0.999105 0.00621487 0.0
0.967725 0.0504655 0.0
1.02795 -0.00625493 0.0
0.880456 -0.0773662 0.0
0.970905 -0.0354647 0.0
1.02629 0.0540864 0.0
1.00184 -0.00614827 0.0
0.977021 -0.00437086 0.0
0.886268 0.063126 0.0
0.969722 0.0491288 0.0
0.932099 0.0686442 0.0
0.860922 0.0908093 0.0
0.973892 -0.0337547 0.0
0.93325 0.0681706 0.0
0.905805 -0.0705255 0.0
0.91562 0.0748336 0.0
0.998119 0.0295017 0.0
0.842718 -0.0873025 0.0
0.921978 0.0721211 0.0
1.0159 0.048852 0.0
0.912636 0.0764027 0.0
0.902964 0.0739425 0.0
1.0133 -0.158043 0.0
0.918234 0.0735335 0.0
0.929643 0.0694994 0.0
0.8854 -0.0773113 0.0
0.818952 0.0977332 0.0
0.830559 -0.00138547 0.0
0.999222 0.0279296 0.0
0.7479 -0.0911751 0.0
0.928466 0.0700213 0.0
0.971806 0.0468498 0.0
0.969051 0.0500889 0.0
0.999988 -0.0199801 0.0
0.97106 0.0486284 0.0
0.362771 0.313056 0.0
1.02568 0.052118 0.0
0.809283 -0.0845623 0.0
0.999771 0.0247223 0.0
0.926224 0.0707124 0.0
0.895597 -0.0745877 0.0
0.925094 0.0711982 0.0
0.98555 -0.201764 0.0
0.956819 -0.0258289 0.0
0.881799 -0.0791582 0.0
0.837618 -0.087976 0.0
0.845809 -0.0881491 0.0
0.862024 0.0906259 0.0
0.91296 -0.067396 0.0
0.914742 0.0754693 0.0
0.887081 0.0843342 0.0
1.00971 0.129097 0.0
0.975675 -0.0330451 0.0
0.844178 -0.0862987 0.0
0.917728 0.0733469 0.0
0.945099 0.0547778 0.0
0.758794 0.301311 0.0
0.978378 -0.0297928 0.0
0.923088 0.0719037 0.0
0.889605 -0.074173 0.0
0.863106 0.0903099 0.0
0.855946 0.0760863 0.0
0.817911 0.0979339 0.0
0.832597 0.0957716 0.0
0.916563 0.0745852 0.0
0.920982 0.0725135 0.0
0.984239 -0.000382516 0.0
0.696852 -0.0980036 0.0
0.857915 -0.0846679 0.0
0.828472 -0.0894912 0.0
1.00854 0.0176362 0.0
0.906075 0.0768043 0.0
0.917386 0.0737545 0.0
1.0272 -0.00732596 0.0
0.994826 -0.0119965 0.0
0.969235 -0.0363548 0.0
0.884935 0.0850764 0.0
0.881669 0.0833867 0.0
0.991925 -0.0163301 0.0
0.875264 -0.079008 0.0
1.01231 0.0150485 0.0
0.97632 -0.0317813 0.0
0.967105 0.038448 0.0
0.885313 -0.0776586 0.0
0.882569 -0.0774314 0.0
0.888091 0.0841443 0.0
0.780875 0.101166 0.0
0.790242 0.100297 0.0
0.882658 0.0856069 0.0
0.841901 -0.0847839 0.0
0.876126 0.0872033 0.0
1.02582 0.0515974 0.0
0.740306 0.31676 0.0
0.929565 0.0688268 0.0
0.939834 -0.0546621 0.0
0.864045 0.0901147 0.0
0.873913 0.0876703 0.0
0.820286 0.0976832 0.0
0.880439 0.0862612 0.0
0.841433 -0.087963 0.0
0.878436 0.0867707 0.0
0.865093 0.0897052 0.0
0.982969 0.037628 0.0
1.00198 0.0257225 0.0
0.955327 -0.0472081 0.0
0.754488 0.101448 0.0
1.02286 -0.00279219 0.0
0.893823 0.0811572 0.0
0.981339 -0.0276555 0.0
1.01918 0.00652193 0.0
1.04748 -0.0825234 0.0
1.03394 -0.0171361 0.0
0.896713 -0.0742933 0.0
0.859745 0.0779372 0.0
0.972328 0.0410701 0.0
0.787181 -0.0956363 0.0
0.955668 -0.0464099 0.0
0.886098 0.0848528 0.0
1.00103 0.0274038 0.0
1.02331 0.00186724 0.0
0.903455 -0.0715954 0.0
0.921147 0.174248 0.0
0.821363 0.0975461 0.0
0.988071 -0.008858 0.0
1.02259 0.0775477 0.0
1.03255 -0.0520183 0.0
0.909824 0.0766708 0.0
1.04182 -0.104556 0.0
0.94649 -0.0509668 0.0
0.871954 0.0881272 0.0
0.87724 0.087042 0.0
0.874931 0.0875195 0.0
1.03631 -0.022593 0.0
0.88374 0.0854276 0.0
0.900879 0.0801954 0.0
0.86107 0.0808191 0.0
0.759389 -0.0947065 0.0
0.913468 -0.0643941 0.0
0.995619 0.0292505 0.0
0.856662 -0.083094 0.0
0.946344 0.0609375 0.0
0.986419 -0.0225009 0.0
1.04658 -0.0749465 0.0
0.952611 0.0581691 0.0
0.785836 0.093846 0.0
1.04696 -0.0763203 0.0
0.879377 0.0866106 0.0
0.980848 -0.0285021 0.0
0.881496 0.0860836 0.0
1.04012 -0.0573282 0.0
0.863129 -0.083919 0.0
0.902939 -0.0682601 0.0
0.97582 0.042839 0.0
0.838723 0.033429 0.0
0.766668 0.0960083 0.0
0.869721 0.0884869 0.0
1.01964 0.00657011 0.0
0.8502 0.0902778 0.0
1.02628 -0.00258146 0.0
0.866071 0.0894752 0.0
0.903861 0.0770064 0.0
0.970233 0.0400476 0.0
1.0309 -0.0116292 0.0
1.00855 0.0174962 0.0
1.03213 -0.0139991 0.0
0.867805 0.0888207 0.0
0.966686 0.0496836 0.0
0.992961 -0.0141568 0.0
0.715699 -0.0592314 0.0
0.798545 -0.0911586 0.0
0.872892 0.0879805 0.0
0.971453 -0.0349 0.0
1.01008 0.017193 0.0
0.83175 -0.00292714 0.0
1.0327 -0.0451737 0.0
0.756999 0.101062 0.0
1.00407 0.0232105 0.0
0.87691 0.0861092 0.0
1.03998 -0.0867577 0.0
1.01397 0.0117017 0.0
1.02532 0.0581657 0.0
1.00901 0.132002 0.0
0.866413 -0.0823135 0.0
0.870747 0.0883396 0.0
0.901879 0.0800291 0.0
0.819968 -0.0926032 0.0
0.886481 0.0714893 0.0
0.905165 0.0731081 0.0
0.840234 -0.0856131 0.0
0.821855 -0.00457855 0.0
0.976342 0.0442001 0.0
0.931532 -0.0599203 0.0
0.978637 -0.020831 0.0
0.843102 0.094011 0.0
0.868668 0.088715 0.0
1.04062 -0.0619019 0.0
0.881736 0.0735257 0.0
0.847304 0.0908762 0.0
0.944944 0.0616372 0.0
0.866999 0.0890488 0.0
0.840754 -0.0861571 0.0
0.916883 -0.0658505 0.0
0.841728 0.0925109 0.0
0.907883 0.0766692 0.0
1.02086 0.0335126 0.0
0.826151 -0.0848877 0.0
0.90533 0.0756487 0.0
0.974498 0.041981 0.0
0.981983 -0.0227744 0.0
0.955813 -0.0468792 0.0
0.845153 0.0937159 0.0
0.936758 0.0660579 0.0
0.942047 -0.0537023 0.0
0.910475 -0.0683941 0.0
1.01366 -0.00585514 0.0
1.03475 -0.0775565 0.0
0.947104 0.0606341 0.0
0.991735 -0.0163413 0.0
0.983727 -0.0252352 0.0
0.825351 0.0973388 0.0
0.94617 0.0610094 0.0
0.985656 0.0383446 0.0
1.00331 0.0252344 0.0
0.964423 0.0976312 0.0
0.905458 0.0765115 0.0
0.835916 -0.088011 0.0
0.940421 0.0647618 0.0
0.91109 0.0753129 0.0
0.944979 0.0585208 0.0
0.842224 0.0941899 0.0
1.03564 -0.0193809 0.0
1.04695 -0.0711578 0.0
0.990948 -0.0175789 0.0
0.942582 0.0561231 0.0
1.00798 0.0193185 0.0
0.9186 0.0687358 0.0
0.951038 0.0566984 0.0
0.827508 -0.0895098 0.0
0.899995 -0.0701086 0.0
0.844209 0.0938441 0.0
0.985868 -0.0232396 0.0
0.837071 -0.0820063 0.0
0.860376 0.0861816 0.0
0.914773 -0.0667109 0.0
0.943169 0.0611573 0.0
0.84745 0.0896866 0.0
0.864064 -0.0836728 0.0
1.01883 -0.0106322 0.0
0.875915 0.0812682 0.0
0.986948 -0.0221539 0.0
0.910894 -0.0650341 0.0
0.986684 0.0130908 0.0
0.973565 -0.0333431 0.0
0.991861 0.0262219 0.0
0.881574 0.0811784 0.0
0.826507 0.0971835 0.0
0.989255 -0.0198766 0.0
0.910403 -0.0670153 0.0
0.91696 -0.065957 0.0
0.94141 0.0643977 0.0
1.02462 0.00127602 0.0
0.846222 0.09363 0.0
0.860746 -0.0831469 0.0
1.01511 0.0289052 0.0
0.943873 0.0573922 0.0
0.946107 0.056254 0.0
1.04438 -0.0925673 0.0
0.793682 0.0888816 0.0
0.917809 -0.0656856 0.0
0.952856 -0.0485423 0.0
1.04168 -0.0368096 0.0
0.840209 0.0948584 0.0
1.03511 -0.0177092 0.0
0.950995 0.0573819 0.0
0.912642 -0.0642578 0.0
0.827971 0.0969723 0.0
0.860305 0.0713924 0.0
0.974972 0.0442662 0.0
0.978141 0.0425037 0.0
0.888036 0.0839252 0.0
0.962004 -0.0366094 0.0
0.955021 0.0572067 0.0
0.820355 -0.0659226 0.0
0.878836 -0.080203 0.0
0.802081 -0.0876641 0.0
1.00459 0.0226078 0.0
1.02587 -0.000352735 0.0
0.851195 -0.0870635 0.0
0.902313 -0.0718431 0.0
0.965613 0.0511539 0.0
0.911264 0.0574777 0.0
0.971482 0.0477412 0.0
0.793358 0.0999953 0.0
0.996338 0.0246874 0.0
0.839288 -0.0869775 0.0
0.847239 0.0934876 0.0
0.777537 0.101351 0.0
0.918196 -0.0655405 0.0
1.01813 0.0278378 0.0
0.953945 0.0574819 0.0
0.863072 0.0899603 0.0
0.957458 0.056136 0.0
1.02738 -0.00316402 0.0
1.00563 0.0227497 0.0
0.853965 -0.305961 0.0
0.865541 0.087173 0.0
0.898801 -0.0736117 0.0
0.962997 -0.0422035 0.0
0.829151 0.0968044 0.0
0.884748 -0.0774425 0.0
0.82532 -0.0919752 0.0
0.944366 0.0620089 0.0
0.812294 0.098159 0.0
1.01267 0.0135893 0.0
0.98083 -0.0271358 0.0
1.03356 -0.0145723 0.0
0.944337 -0.052728 0.0
0.984154 0.0387902 0.0
0.957882 -0.0457912 0.0
0.830541 0.0967487 0.0
1.02405 0.044834 0.0
0.956386 0.056462 0.0
0.908934 -0.069391 0.0
1.02671 0.0707834 0.0
1.02012 -0.0132665 0.0
0.84121 0.0946492 0.0
0.806033 -0.0942925 0.0
0.887729 0.0780698 0.0
0.97581 -0.0316857 0.0
1.00322 0.0248436 0.0
0.83073 0.0849322 0.0
0.869247 0.0879952 0.0
0.837959 0.0953186 0.0
1.03197 -0.118959 0.0
0.887074 0.08424 0.0
1.00804 0.0160501 0.0
0.913678 -0.0671993 0.0
0.933753 -0.0586671 0.0
0.912274 -0.0675226 0.0
0.919269 -0.0652572 0.0
0.896346 0.0733235 0.0
0.845872 0.0882505 0.0
0.962243 -0.229731 0.0
0.951516 -0.0490756 0.0
0.840998 -0.0828153 0.0
0.947058 0.0574637 0.0
0.839907 -0.0819542 0.0
0.843479 -0.0826615 0.0
0.900944 -0.072843 0.0
1.04499 -0.0634885 0.0
0.880562 0.074738 0.0
0.972672 0.0469633 0.0
0.822836 0.0975031 0.0
0.845372 0.090858 0.0
0.945406 0.0614892 0.0
0.940716 0.064282 0.0
0.833153 0.0962774 0.0
1.03082 -0.00810639 0.0
0.86397 0.0897867 0.0
0.831756 0.0965358 0.0
0.97385 0.0463313 0.0
0.902089 -0.0724885 0.0
0.93577 -0.0574245 0.0
0.967879 -0.0384238 0.0
0.906135 -0.0707766 0.0
0.858784 -0.0845728 0.0
1.00858 0.0178018 0.0
0.936754 -0.0567487 0.0
0.77295 0.101258 0.0
0.764415 -0.0956005 0.0
0.987608 0.0225182 0.0
0.673607 0.200988 0.0
0.914815 0.0559366 0.0
1.0138 0.010019 0.0
1.02749 0.0691949 0.0
0.861121 0.0906355 0.0
0.920327 -0.064818 0.0
0.839047 0.0951271 0.0
0.925293 -0.0623308 0.0
0.945418 0.0594476 0.0
0.875944 0.0862546 0.0
0.787474 0.0999019 0.0
0.824844 0.093341 0.0
0.823946 0.0973551 0.0
0.82396 0.0954666 0.0
0.84167 -0.0843108 0.0
0.98516 -0.0244714 0.0
0.913808 -0.0668877 0.0
0.835613 0.0959218 0.0
0.994246 0.0316496 0.0
0.865176 0.088095 0.0
1.03176 -0.0135606 0.0
0.995705 0.0306611 0.0
1.00879 0.0165458 0.0
0.992598 -0.0171403 0.0
0.868764 0.0885192 0.0
1.012 0.0249734 0.0
1.01009 0.0167992 0.0
0.921082 -0.0641538 0.0
0.972525 0.146261 0.0
0.822309 0.0959483 0.0
0.883751 0.0850991 0.0
0.939305 0.0650446 0.0
1.04438 -0.0470187 0.0
1.04821 -0.0772707 0.0
0.834251 0.0960994 0.0
0.88232 0.0846019 0.0
0.83053 0.0816918 0.0
0.864119 0.0892741 0.0
0.866066 0.0853465 0.0
0.918634 -0.0651251 0.0
0.977319 -0.0165132 0.0
1.02167 0.000444986 0.0
0.954693 -0.047624 0.0
0.874411 0.0869685 0.0
0.882741 0.0853003 0.0
0.946796 -0.051542 0.0
0.929052 -0.0567175 0.0
0.870879 0.088111 0.0
0.781677 0.101183 0.0
0.882773 0.0838924 0.0
0.950334 -0.0497816 0.0
0.787633 0.100704 0.0
0.837525 -0.0893725 0.0
0.870129 0.0881874 0.0
0.850339 0.0820256 0.0
0.881164 0.0849902 0.0
0.945336 -0.0524987 0.0
1.03586 -0.0625339 0.0
0.824956 0.0964791 0.0
0.964276 0.0497628 0.0
0.959169 -0.0450175 0.0
0.91885 -0.0589409 0.0
0.879499 -0.0779548 0.0
0.905577 -0.0708896 0.0
0.994969 -0.191507 0.0
0.836687 0.0957272 0.0
0.773816 0.0996691 0.0
0.776509 0.101244 0.0
0.835923 -0.085928 0.0
0.784876 0.100871 0.0
0.81955 0.0969956 0.0
0.862074 0.090317 0.0
1.00669 -0.171341 0.0
0.876718 -0.0807985 0.0
0.8373 -0.08954 0.0
0.916036 0.0735363 0.0
0.927363 -0.0607416 0.0
0.948639 0.21056 0.0
0.875387 0.0867167 0.0
0.861995 0.0886699 0.0
0.950178 -0.0497467 0.0
0.917173 0.0732213 0.0
0.935765 0.0651559 0.0
0.937177 0.0654003 0.0
0.866534 0.0885402 0.0
0.865774 0.0887699 0.0
0.996425 0.0298928 0.0
0.85283 0.0904589 0.0
0.926928 0.0686936 0.0
0.873428 -0.0817432 0.0
0.866064 -0.083266 0.0
1.02362 -0.144146 0.0
0.875105 0.0872986 0.0
1.00891 0.0172962 0.0
0.944091 0.0617427 0.0
0.926234 0.0701105 0.0
1.04318 -0.0406947 0.0
1.04458 -0.0451553 0.0
0.935519 0.0660198 0.0
1.02636 0.0565423 0.0
1.01785 0.0249297 0.0
1.02181 0.0366867 0.0
1.01508 0.0889481 0.0
0.880774 0.0855635 0.0
0.844134 -0.0865431 0.0
1.00408 -0.000820287 0.0
0.932953 0.0515926 0.0
0.938137 0.0654758 0.0
0.952691 0.0569418 0.0
0.856924 0.0915946 0.0
0.949074 -0.0504429 0.0
0.917047 0.0737276 0.0
1.00401 0.023446 0.0
1.04822 -0.0720758 0.0
0.858212 0.0905412 0.0
0.945865 0.0610588 0.0
0.933675 0.0673005 0.0
0.874167 0.0874607 0.0
0.868415 0.0853778 0.0
0.831663 0.002213 0.0
1.02569 0.0783301 0.0
0.891186 0.0790387 0.0
0.842401 -0.088655 0.0
0.959854 0.0535897 0.0
0.997385 0.0280402 0.0
0.995427 -0.0129489 0.0
0.86812 -0.0829331 0.0
0.721604 -0.0893622 0.0
0.861583 -0.084222 0.0
0.751817 -0.0927392 0.0
0.827578 -0.0905565 0.0
1.00764 0.00238365 0.0
0.91097 -0.0682536 0.0
1.01259 0.0148507 0.0
1.03999 -0.0298959 0.0
0.849076 -0.0876001 0.0
1.0252 0.0471697 0.0
1.02379 0.0670059 0.0
0.901438 -0.0724632 0.0
0.86921 -0.0827042 0.0
1.00981 0.0171454 0.0
0.891029 0.082827 0.0
0.868671 -0.237255 0.0
0.936185 -0.0573795 0.0
1.00551 0.0225949 0.0
0.943769 0.0622448 0.0
0.881648 0.0852624 0.0
1.0078 0.0193969 0.0
0.984502 -0.0251679 0.0
0.991416 -0.0724927 0.0
1.00999 0.0145023 0.0
0.939893 0.0645084 0.0
0.822097 0.0968105 0.0
0.964737 0.192467 0.0
0.926538 0.0694895 0.0
0.984885 -0.0250275 0.0
0.961737 0.0528615 0.0
0.881609 0.0841546 0.0
0.921203 0.072337 0.0
0.771677 0.101119 0.0
0.960224 -0.044351 0.0
0.81605 -0.0929176 0.0
0.998275 -0.00223907 0.0
0.876035 0.0837018 0.0
0.967497 -0.0321068 0.0
0.889162 0.0834458 0.0
0.994815 -0.00758172 0.0
0.875302 0.0855988 0.0
1.04263 -0.0815875 0.0
1.02226 0.0307286 0.0
0.910053 0.076788 0.0
1.04349 -0.057532 0.0
0.725389 -0.111234 0.0
0.927647 -0.0617551 0.0
0.807169 -0.0942469 0.0
0.997244 0.0282369 0.0
0.760614 0.100626 0.0
0.857732 0.0912797 0.0
0.854214 0.0885112 0.0
0.941143 0.0595666 0.0
0.904347 -0.0704646 0.0
0.917516 0.0736858 0.0
0.850395 -0.0818354 0.0
0.916663 0.0693731 0.0
0.981624 0.0402162 0.0
1.04778 -0.0671628 0.0
0.973004 -0.0349247 0.0
0.943835 -0.0529219 0.0
0.895246 -0.0737308 0.0
0.928914 0.069295 0.0
0.918359 0.0733991 0.0
0.978636 -0.204115 0.0
0.753732 0.0868373 0.0
0.828808 0.00121744 0.0
0.903134 0.078933 0.0
0.896797 -0.0735932 0.0
0.958848 0.0514257 0.0
0.920315 0.0725594 0.0
1.04285 -0.0483065 0.0
1.01634 0.0173286 0.0
0.985912 -0.0240397 0.0
1.03077 -0.0241995 0.0
0.888623 0.0829589 0.0
1.00846 0.0177257 0.0
0.957874 -0.045415 0.0
0.814563 0.0968565 0.0
0.908475 0.0730121 0.0
0.816358 0.0904785 0.0
0.835929 -0.321075 0.0
0.994137 0.0319186 0.0
0.828251 2.34651e-11 0.0
1.04698 -0.0646118 0.0
0.955799 -0.0452351 0.0
0.910951 0.0765993 0.0
0.998098 0.0293082 0.0
1.01119 0.0154723 0.0
0.778354 -0.0964855 0.0
0.995538 0.158109 0.0
0.828251 -1.72658e-12 0.0
0.925757 0.0704991 0.0
0.966878 -0.0390289 0.0
0.761695 0.100722 0.0
0.93923 0.0586486 0.0
1.00709 0.0198478 0.0
1.04221 -0.0557641 0.0
0.935035 0.0669583 0.0
0.837845 -0.0883362 0.0
1.02992 -0.0166993 0.0
0.899994 0.0794869 0.0
1.04675 -0.0596388 0.0
0.870978 -0.0783746 0.0
0.890303 0.0830724 0.0
0.768893 0.0948954 0.0
1.01518 -0.153859 0.0
0.82825 -1.19406e-07 0.0
0.907533 0.0765177 0.0
0.827992 -0.0916872 0.0
1.02516 0.0491217 0.0
1.0241 0.0870732 0.0
0.780933 -0.0950782 0.0
1.01591 0.0161683 0.0
0.935702 0.0539138 0.0
1.02249 0.000301504 0.0
0.896295 -0.0742508 0.0
1.03309 -0.0994633 0.0
1.02298 0.0360191 0.0
0.871161 0.0850919 0.0
0.862209 0.0876174 0.0
0.931493 0.150224 0.0
0.962726 0.0532075 0.0
0.904325 0.0786684 0.0
0.891088 -0.0739601 0.0
1.01949 0.111437 0.0
0.767535 0.100805 0.0
0.966535 0.0504473 0.0
0.839409 -0.0873468 0.0
0.969953 0.0480153 0.0
0.950172 -0.0415155 0.0
1.01365 0.0229216 0.0
0.841208 -0.0888244 0.0
1.01656 0.0218778 0.0
0.912055 -0.0676334 0.0
0.893151 0.0793141 0.0
0.783547 -0.0962333 0.0
0.982435 0.0388306 0.0
0.893115 0.0784073 0.0
0.919349 0.0729481 0.0
0.876471 0.0852087 0.0
0.768424 0.101199 0.0
0.907954 0.0712582 0.0
0.899752 0.0745622 0.0
1.01694 0.0263167 0.0
1.02345 0.0386457 0.0
0.970184 -0.0338001 0.0
1.02374 0.0418586 0.0
0.909585 0.0772605 0.0
0.950345 -0.0496839 0.0
0.981413 0.00416216 0.0
1.02302 0.0017526 0.0
1.03291 -0.0144516 0.0
0.81145 0.0980708 0.0
1.04415 -0.0415238 0.0
0.823052 0.0934448 0.0
0.827737 -1.61364e-05 0.0
0.989027 0.00926411 0.0
1.01021 0.0154945 0.0
1.02116 0.00572542 0.0
0.159658 0.197057 0.0
0.945879 -0.05191 0.0
1.04588 -0.045936 0.0
0.869366 -0.0824522 0.0
1.03238 -0.122755 0.0
0.839063 0.0947073 0.0
0.914699 0.0738678 0.0
0.794316 0.0985688 0.0
0.96538 -0.0408782 0.0
0.912534 -0.0666089 0.0
0.829184 -0.0913896 0.0
0.89291 0.0810575 0.0
0.89147 0.0797299 0.0
0.983939 -0.0256289 0.0
1.01144 0.00954344 0.0
0.963994 0.0362663 0.0
0.896165 0.0709905 0.0
0.976554 -0.031554 0.0
0.9953 0.0312625 0.0
0.942621 -0.0535222 0.0
0.847178 -0.0878784 0.0
0.81205 -0.0896084 0.0
1.02487 0.0926962 0.0
0.843865 -0.0874335 0.0
0.982776 -0.0260311 0.0
1.01454 0.0130101 0.0
0.978831 -0.0301026 0.0
0.832702 -0.0840472 0.0
0.910567 0.0770295 0.0
0.79557 0.0922669 0.0
1.02624 -0.00245339 0.0
0.981356 -0.0268096 0.0
1.02077 0.00535497 0.0
0.994066 -0.0152862 0.0
1.01581 0.0104885 0.0
0.996541 0.0159849 0.0
1.03074 -0.00825777 0.0
1.02392 0.0757206 0.0
0.726748 0.0955404 0.0
0.908724 0.0769216 0.0
0.960136 -0.0330817 0.0
0.838286 0.0950492 0.0
1.00179 0.0242344 0.0
0.972873 -0.0337318 0.0
0.975152 -0.0320665 0.0
0.760712 0.0991432 0.0
0.836757 -0.0891695 0.0
0.804927 -0.0913283 0.0
0.875668 0.0847401 0.0
1.02475 0.000812111 0.0
1.02927 -0.00744267 0.0
0.843162 0.0937805 0.0
1.02733 -0.00322645 0.0
0.992417 -0.0174492 0.0
0.889015 0.0815287 0.0
1.02019 0.048581 0.0
0.883872 0.0822828 0.0
0.84193 0.0891149 0.0
0.886894 -0.0765852 0.0
0.850725 0.0920168 0.0
0.881726 -0.286429 0.0
0.827176 -1.37492e-05 0.0
1.01558 0.0184332 0.0
0.993575 -0.0127298 0.0
0.989494 0.157596 0.0
0.85955 -0.0833719 0.0
1.01987 0.0301111 0.0
0.97628 0.0435629 0.0
0.980384 0.040851 0.0
0.882305 0.0848675 0.0
0.827989 -1.93045e-05 0.0
0.879221 -0.0797776 0.0
0.785376 -0.0960297 0.0
0.993096 -0.0670125 0.0
0.857059 0.0906158 0.0
0.75017 -0.0942474 0.0
0.977182 -0.0309607 0.0
0.855497 0.0912673 0.0
0.905485 0.0787524 0.0
0.966458 0.147753 0.0
0.923686 0.0705064 0.0
0.854491 0.0914965 0.0
0.851179 -0.0867215 0.0
0.909451 -0.0692111 0.0
0.990682 0.0350336 0.0
1.02833 -0.0100109 0.0
0.894545 -0.282889 0.0
0.831618 -0.0909108 0.0
0.989422 -0.0196751 0.0
1.02729 -0.00350211 0.0
1.0318 -0.0981045 0.0
0.943859 -0.0530893 0.0
0.987947 -0.0205115 0.0
0.973126 0.0466658 0.0
0.89565 0.0813802 0.0
0.856444 0.0783271 0.0
1.01116 0.00568631 0.0
0.977445 0.0283893 0.0
0.91577 -0.0649358 0.0
1.00652 0.0204571 0.0
0.839136 0.0919616 0.0
0.842427 0.0940174 0.0
1.04544 -0.049717 0.0
0.829009 0.00128068 0.0
0.933719 0.0649959 0.0
0.971136 -0.0347637 0.0
1.02556 0.053472 0.0
0.919827 -0.0643529 0.0
0.973959 -0.0333634 0.0
0.975709 0.0446045 0.0
0.867759 0.265717 0.0
0.983428 -0.0258465 0.0
1.01686 0.0107139 0.0
0.899542 0.0800752 0.0
0.916673 -0.0657319 0.0
0.754592 -0.0964118 0.0
0.851032 0.0913338 0.0
0.86142 0.0871388 0.0
0.870028 0.0765684 0.0
1.00325 -0.00279338 0.0
1.00353 0.022525 0.0
0.96056 0.0462433 0.0
0.832787 -0.0907221 0.0
0.842777 -0.0875902 0.0
0.993291 0.0178967 0.0
0.785579 0.10093 0.0
0.826726 0.000648298 0.0
1.0269 -0.086852 0.0
0.829468 -0.0895843 0.0
1.00033 0.0174844 0.0
0.885713 -0.0775004 0.0
0.820643 0.0923803 0.0
0.906359 0.0783661 0.0
0.962447 0.0475991 0.0
0.828172 0.0965646 0.0
1.00357 0.0234037 0.0
1.0161 0.0387088 0.0
0.919009 0.072178 0.0
1.00552 -0.000313401 0.0
0.818984 -0.000614712 0.0
0.975888 -0.0315528 0.0
1.00918 0.00444701 0.0
0.722839 -0.0926489 0.0
1.01907 0.0250535 0.0
0.995472 0.0305449 0.0
0.833463 0.0768504 0.0
0.908443 0.0676087 0.0
0.869922 0.0865697 0.0
1.04729 -0.0719131 0.0
0.90996 0.0756349 0.0
0.909382 0.0631466 0.0
1.02316 0.00202643 0.0
0.974462 -0.0335816 0.0
1.01494 0.0154193 0.0
0.953562 0.0376149 0.0
1.03573 -0.0218681 0.0
0.877171 0.0843464 0.0
1.0252 0.045542 0.0
0.849321 -0.0874351 0.0
0.993402 -0.0140135 0.0
0.994464 0.00196679 0.0
0.90629 -0.0706374 0.0
0.814436 0.0978431 0.0
0.924594 -0.0630386 0.0
0.828036 -0.000201271 0.0
1.0343 -0.0183661 0.0
1.04772 -0.0573879 0.0
0.921089 0.0711887 0.0
1.04631 -0.0704289 0.0
1.01305 0.0106656 0.0
0.894718 0.0814959 0.0
1.02054 0.0292624 0.0
0.911005 -0.0684071 0.0
0.974289 0.0446716 0.0
0.829196 0.0964165 0.0
0.825329 0.000291675 0.0
0.965778 -0.0394941 0.0
0.707847 -0.0199657 0.0
0.995358 -0.00346298 0.0
1.01894 -0.00315131 0.0
1.01931 0.0433087 0.0
0.882546 -0.0766909 0.0
0.770388 0.0920264 0.0
1.0059 0.00174067 0.0
0.83867 0.0871731 0.0
0.887806 0.0690343 0.0
0.79666 0.0897677 0.0
1.03614 -0.0231724 0.0
0.856163 0.0907494 0.0
0.938697 0.0575249 0.0
1.01989 0.0260003 0.0
1.01078 0.0203318 0.0
1.0136 0.01215 0.0
0.772253 0.0995149 0.0
0.93056 0.0651835 0.0
1.04303 -0.0392385 0.0
0.966795 0.0477843 0.0
0.79299 0.0986268 0.0
0.940831 -0.054567 0.0
1.04322 -0.0933247 0.0
0.933367 -0.0589889 0.0
1.02808 -0.00685973 0.0
0.852193 0.0910685 0.0
1.00831 0.00440283 0.0
1.02873 -0.0164112 0.0
0.84556 -0.317719 0.0
0.95884 -0.0122199 0.0
1.00871 0.0130197 0.0
0.802543 -0.0948384 0.0
1.01162 0.00902462 0.0
0.924216 -0.0630435 0.0
1.0031 0.0185609 0.0
1.0102 0.00754404 0.0
0.887371 -0.0769872 0.0
0.829452 -0.0911858 0.0
0.982312 -0.024345 0.0
0.721893 -0.0908648 0.0
0.952241 0.0575088 0.0
1.0175 0.00874279 0.0
0.906819 0.0777744 0.0
0.896037 0.0756891 0.0
0.893179 0.0802205 0.0
0.982403 -0.0263918 0.0
0.867803 0.070397 0.0
0.993902 0.0306635 0.0
0.8046 0.0978409 0.0
1.00005 -0.00715152 0.0
0.881229 0.0790871 0.0
0.992245 -0.0147156 0.0
0.828696 -0.089765 0.0
0.86924 -0.0806852 0.0
0.994581 0.0272445 0.0
0.914613 0.0727457 0.0
0.825667 -0.0918423 0.0
0.779803 -0.0965445 0.0
0.811366 -0.0935134 0.0
0.813789 -0.0930336 0.0
1.01417 0.0137388 0.0
0.873233 -0.0797568 0.0
1.00108 -0.000333901 0.0
0.887619 -0.0760613 0.0
0.891976 0.0725195 0.0
0.860442 -0.0833099 0.0
1.02121 0.00610697 0.0
1.02867 -0.137099 0.0
1.04736 -0.0505963 0.0
0.961408 0.0333785 0.0
0.848889 0.0923255 0.0
0.938005 -0.056402 0.0
1.02691 -0.00844682 0.0
0.902622 -0.0721067 0.0
0.923427 -0.0634452 0.0
0.824425 -0.0911848 0.0
0.820427 -0.0913027 0.0
0.964515 -0.0415104 0.0
1.03206 -0.0138401 0.0
0.788246 -0.0955554 0.0
0.760714 -0.0926535 0.0
0.780847 0.0984309 0.0
0.977356 -0.0125273 0.0
1.01398 -0.00180963 0.0
0.836952 -0.0868399 0.0
0.828233 2.85454e-06 0.0
0.727323 0.095013 0.0
0.917842 -0.0644265 0.0
0.844721 0.089917 0.0
0.872056 -0.0806859 0.0
0.998805 0.146679 0.0
1.01278 0.0919224 0.0
1.03372 -0.0239866 0.0
1.007 0.00197987 0.0
0.767074 -0.0964867 0.0
0.903423 0.0776394 0.0
0.807927 0.0900974 0.0
0.917086 -0.0645433 0.0
0.847799 0.0925593 0.0
0.876292 0.0822441 0.0
0.98064 -0.0256725 0.0
0.937062 -0.0570772 0.0
0.864528 0.0866948 0.0
1.02963 -0.00832786 0.0
1.01791 -0.0557987 0.0
1.02637 0.0603097 0.0
0.905703 -0.0710163 0.0
1.0217 -0.138397 0.0
0.968544 -0.038182 0.0
1.01526 0.0112119 0.0
0.515225 -0.397482 0.0
1.04739 -0.0543267 0.0
0.935524 0.064157 0.0
1.04638 -0.0834403 0.0
0.901404 -0.0725981 0.0
0.800768 -0.0949596 0.0
0.997036 -0.0098555 0.0
0.883946 0.0838991 0.0
1.04707 -0.0565943 0.0
0.822786 -0.0892863 0.0
0.979123 0.0411759 0.0
1.02112 0.0892615 0.0
0.887878 0.07995 0.0
1.04533 -0.0866829 0.0
1.03103 -0.129904 0.0
1.01523 0.0171657 0.0
0.820772 -0.0891011 0.0
1.03564 -0.0193628 0.0
1.03983 -0.0961625 0.0
0.789947 -0.0954592 0.0
0.875913 -0.0804239 0.0
0.928524 0.0659634 0.0
0.958267 -0.0455206 0.0
0.979597 0.029053 0.0
1.01894 0.0262421 0.0
1.01737 0.117289 0.0
0.922032 0.0685082 0.0
1.00278 0.00425477 0.0
0.763792 -0.0965256 0.0
0.993795 -0.0142002 0.0
0.915845 0.0734366 0.0
0.963646 0.0215262 0.0
0.977888 0.0426044 0.0
0.855231 0.0855309 0.0
0.933581 -0.0586738 0.0
0.91782 -0.0654196 0.0
0.965194 -0.0396737 0.0
0.997062 -0.00873172 0.0
1.01767 0.0192277 0.0
0.817737 -0.0926209 0.0
0.92606 -0.0584228 0.0
0.965373 -0.0375786 0.0
1.0183 0.030058 0.0
0.869929 -0.0361492 0.0
0.864125 -0.0822409 0.0
0.991213 -0.0185255 0.0
0.898489 0.0802197 0.0
0.861794 0.0893682 0.0
0.810388 -0.0916846 0.0
0.845109 -0.0867863 0.0
1.02656 -0.00364134 0.0
0.727026 0.106029 0.0
0.88476 0.0830297 0.0
1.02645 -0.0142147 0.0
0.995323 0.0296571 0.0
1.00195 0.145506 0.0
0.939627 -0.054911 0.0
0.84417 0.0928531 0.0
0.907568 -0.0701317 0.0
0.911322 0.0595922 0.0
1.00466 -0.00349331 0.0
0.953133 0.0560327 0.0
0.881001 -0.079176 0.0
0.86841 0.0876154 0.0
0.846025 -0.0868788 0.0
0.913761 0.0752262 0.0
1.03104 -0.0289563 0.0
1.02667 0.0671609 0.0
0.946043 -0.0517887 0.0
0.835264 0.0151918 0.0
0.974267 -0.0189998 0.0
0.922151 0.0708604 0.0
0.768756 -0.0968519 0.0
0.894378 -0.0744465 0.0
0.761777 -0.090238 0.0
0.930463 0.0631889 0.0
1.00763 0.000978045 0.0
0.869444 0.087302 0.0
1.02427 0.0564042 0.0
0.883189 0.0817635 0.0
1.02238 0.0434108 0.0
1.0248 0.0898042 0.0
0.836528 0.0945802 0.0
1.03255 -0.016001 0.0
0.993189 -0.014541 0.0
0.871126 0.086721 0.0
0.804532 0.0961819 0.0
0.810807 -0.0900899 0.0
0.995902 -0.0103774 0.0
0.992029 -0.00173235 0.0
1.02069 -0.00365027 0.0
0.816934 0.0929128 0.0
0.990874 -0.197637 0.0
0.930573 -0.0603612 0.0
0.899555 0.062917 0.0
0.809362 0.0921972 0.0
0.999595 0.0249834 0.0
1.00484 0.0196686 0.0
0.944481 -0.0525394 0.0
0.928525 0.0697753 0.0
0.877981 0.0820578 0.0
1.02131 0.0300655 0.0
0.961037 -0.0343222 0.0
0.843145 -0.0883863 0.0
0.888509 0.0789005 0.0
1.01661 0.118898 0.0
0.762816 -0.091499 0.0
0.933684 0.0666388 0.0
1.0077 0.000848723 0.0
1.03825 -0.0551151 0.0
1.024 0.0379767 0.0
0.853627 -0.0854726 0.0
0.92629 -0.0624666 0.0
1.0132 0.0126925 0.0
0.934949 0.229863 0.0
1.02174 -0.144727 0.0
0.843948 0.0924439 0.0
0.868722 0.0828664 0.0
0.839847 0.0857556 0.0
1.04459 -0.0453103 0.0
0.861989 -0.0834861 0.0
1.03515 -0.0222561 0.0
0.914305 -0.0667573 0.0
1.02701 0.0655049 0.0
1.03313 -0.0551418 0.0
0.906026 0.0749627 0.0
1.02179 -0.00206391 0.0
0.936203 -0.0572852 0.0
0.823123 -0.0879628 0.0
1.0434 -0.0415641 0.0
0.863405 -0.0831647 0.0
0.793477 0.0977216 0.0
0.889992 -0.0759205 0.0
1.0466 -0.0942335 0.0
0.925176 0.0709385 0.0
1.02504 0.0413393 0.0
0.928549 -0.0608959 0.0
0.781491 0.0955893 0.0
0.972847 -0.0345424 0.0
0.901494 0.0653669 0.0
0.950915 0.0581293 0.0
0.98186 0.0239153 0.0
0.847109 -0.0854195 0.0
0.959366 0.0485799 0.0
1.00936 0.005522 0.0
0.847104 -0.0874961 0.0
0.881886 -0.0786778 0.0
0.895396 -0.073856 0.0
1.0255 -0.1427 0.0
1.00617 -0.00151656 0.0
0.916504 0.226951 0.0
1.04418 -0.102124 0.0
0.89547 -0.0741537 0.0
1.03886 -0.0602642 0.0
0.86678 0.085691 0.0
0.905549 -0.0681037 0.0
0.872761 -0.0814835 0.0
1.02019 0.029509 0.0
1.02677 0.0719268 0.0
0.854939 0.0800385 0.0
1.00654 0.0159265 0.0
0.869597 0.0835569 0.0
0.754457 0.0312736 0.0
0.960061 -0.0223057 0.0
1.0138 0.034882 0.0
1.01789 0.022387 0.0
0.657674 -0.384451 0.0
0.957043 0.0475205 0.0
1.03212 -0.0134204 0.0
0.870955 -0.0804915 0.0
0.967506 0.0350436 0.0
1.02727 -0.138363 0.0
1.02288 -0.0143965 0.0
1.005 0.00460621 0.0
0.824642 -0.086502 0.0
0.851088 -0.0809995 0.0
0.962415 -0.0402782 0.0
0.959181 0.0530168 0.0
1.04623 -0.0577089 0.0
1.0275 0.0680191 0.0
1.00183 -0.00518163 0.0
1.01598 0.01598 0.0
0.842882 0.0926598 0.0
0.801802 0.0998375 0.0
1.01468 0.0128114 0.0
0.753637 -0.0948576 0.0
1.01336 0.0115262 0.0
0.79603 -0.0951797 0.0
0.88716 -0.0766358 0.0
1.02676 0.0767079 0.0
0.877306 -0.0787807 0.0
0.899836 -0.0693318 0.0
1.01586 0.0178195 0.0
0.761501 -0.0936316 0.0
1.02596 0.0485972 0.0
1.00176 0.0251629 0.0
0.917945 0.0725408 0.0
0.964231 -0.0352017 0.0
1.04636 -0.097265 0.0
0.838712 0.0384721 0.0
1.0068 0.137184 0.0
1.01645 0.0213644 0.0
0.795267 -0.322395 0.0
0.884616 0.0798081 0.0
0.998625 -0.00764322 0.0
0.889236 -0.076404 0.0
0.973235 0.0441291 0.0
0.81152 0.0199319 0.0
1.0218 -0.0521946 0.0
1.03238 -0.131351 0.0
1.01442 0.0145692 0.0
0.727565 0.345359 0.0
0.779232 0.0978036 0.0
0.985291 0.175828 0.0
0.895639 -0.0728808 0.0
0.867368 -0.0822495 0.0
1.01685 0.020061 0.0
0.811314 -0.0908685 0.0
0.881107 -0.077062 0.0
0.657126 0.043734 0.0
0.882916 0.0840593 0.0
1.0364 -0.0229738 0.0
0.891686 0.0812593 0.0
1.02579 0.0848101 0.0
0.919457 -0.0639606 0.0
1.02008 0.0268667 0.0
0.881416 0.0823561 0.0
1.04508 -0.046234 0.0
1.01583 0.0180275 0.0
0.447898 0.338436 0.0
0.883891 -0.078236 0.0
0.762117 -0.0961635 0.0
0.894568 0.063071 0.0
1.0452 -0.0802732 0.0
0.847208 -0.0868077 0.0
0.971859 -0.0350071 0.0
0.968376 0.0469425 0.0
1.02551 0.0527624 0.0
0.740746 0.100967 0.0
0.921672 0.0714366 0.0
0.997178 -0.0111028 0.0
0.927479 0.0699783 0.0
0.874963 0.0742451 0.0
0.912389 0.0735825 0.0
0.930863 0.0662448 0.0
0.86717 -0.0812544 0.0
1.02218 0.0388815 0.0
1.04578 -0.0543515 0.0
1.02543 -0.0168553 0.0
0.818837 -0.335643 0.0
0.74355 0.100637 0.0
0.89854 -0.0719751 0.0
0.938806 0.0648559 0.0
0.951357 0.0586666 0.0
0.784408 0.0968244 0.0
0.937653 0.0625682 0.0
0.944031 -0.0511102 0.0
1.01372 0.010747 0.0
0.924866 0.0687139 0.0
0.820529 -0.0879372 0.0
0.797621 -0.0886836 0.0
0.825509 0.0918983 0.0
1.03575 -0.0209905 0.0
0.743225 0.0895051 0.0
1.04442 -0.0446916 0.0
0.851479 0.0854133 0.0
0.846035 -0.0874762 0.0
0.990643 -0.015854 0.0
1.00464 0.00852846 0.0
1.03418 -0.116653 0.0
0.861933 0.0791707 0.0
0.865361 -0.0818243 0.0
0.853611 0.0738327 0.0
0.841291 0.091796 0.0
0.832654 -0.0892535 0.0
1.00596 0.0210711 0.0
0.924193 0.0711401 0.0
0.876663 0.0856853 0.0
0.72695 0.120199 0.0
1.01745 0.021307 0.0
0.966421 0.0486744 0.0
0.583481 0.317058 0.0
0.950516 -0.0496274 0.0
0.94051 -0.049402 0.0
0.851975 -0.0849766 0.0
1.03121 -0.0144578 0.0
0.939815 0.0644453 0.0
1.01784 -0.0474882 0.0
0.978521 -0.0072896 0.0
0.843736 -0.0884334 0.0
1.04255 -0.059957 0.0
0.817404 -0.0906908 0.0
0.948228 0.217494 0.0
0.874643 -0.0810029 0.0
0.857353 0.0850417 0.0
1.02462 0.00125188 0.0
0.953695 0.0549681 0.0
0.884922 0.084126 0.0
0.803504 -0.0922087 0.0
0.878932 0.0795551 0.0
0.818053 0.0964602 0.0
1.01649 0.018995 0.0
0.875205 -0.0802604 0.0
0.854628 -0.0861992 0.0
0.828283 0.0955486 0.0
0.942947 -0.247509 0.0
1.0437 -0.103139 0.0
1.02916 -0.134151 0.0
0.994923 0.000259819 0.0
0.900311 -0.0722968 0.0
0.917089 0.070713 0.0
0.81164 -0.0933184 0.0
1.01517 -0.0276385 0.0
1.02247 0.0385488 0.0
0.862156 -0.0828234 0.0
0.967169 -0.036472 0.0
1.04584 -0.0593924 0.0
0.948972 -0.0488492 0.0
0.850775 -0.087122 0.0
0.993805 -0.0165028 0.0
0.903453 -0.068585 0.0
1.01251 0.127861 0.0
1.02402 0.0442668 0.0
1.00442 -0.18155 0.0
0.863097 -0.0825439 0.0
0.861299 -0.0841012 0.0
0.75884 -0.0925766 0.0
0.940419 0.0639228 0.0
0.931205 0.0665978 0.0
0.999297 -0.008387 0.0
0.993816 0.155547 0.0
0.9369 -0.0566359 0.0
0.896542 -0.0743082 0.0
0.862664 -0.083678 0.0
0.830886 -0.0906894 0.0
0.937074 -0.0566684 0.0
0.97323 0.0469513 0.0
0.97221 0.0474285 0.0
1.02226 0.0439725 0.0
0.746946 -0.0925795 0.0
0.783973 0.0109089 0.0
0.890692 0.0796291 0.0
1.03585 -0.0221183 0.0
0.858034 -0.0832951 0.0
0.944326 0.0622024 0.0
0.86543 0.0784297 0.0
0.870188 0.0722651 0.0
1.04539 -0.0457727 0.0
0.826864 0.0906339 0.0
0.975431 0.0452052 0.0
0.919691 -0.0645059 0.0
1.01756 -0.00102665 0.0
0.732662 0.0958703 0.0
0.945284 0.0618783 0.0
0.847873 0.0912392 0.0
1.042 -0.0442557 0.0
1.01397 -0.161942 0.0
0.922306 0.0709055 0.0
0.94938 0.0459886 0.0
0.845498 0.0918528 0.0
0.827096 -0.0910451 0.0
0.728879 -0.094085 0.0
0.995261 -0.0126199 0.0
0.875013 0.0863209 0.0
0.750182 0.0953602 0.0
0.810976 -0.0929491 0.0
0.982265 0.0395528 0.0
0.731391 -0.0951919 0.0
1.04547 -0.0578479 0.0
1.01102 -0.157391 0.0
0.95916 0.206796 0.0
0.973227 -0.0332633 0.0
0.917672 -0.06578 0.0
1.02226 0.0333714 0.0
0.857607 0.0874001 0.0
0.870036 0.0868668 0.0
0.955913 0.188741 0.0
0.895992 -0.0719634 0.0
0.801417 0.0999804 0.0
0.837772 -0.0855208 0.0
1.04627 -0.0593698 0.0
0.978488 -0.208907 0.0
0.938177 -0.0563921 0.0
0.949138 0.0596698 0.0
0.294633 -0.189176 0.0
0.919019 -0.0651881 0.0
0.936167 -0.0572122 0.0
0.982562 -0.0263756 0.0
0.991135 0.0285496 0.0
0.797577 -0.0863266 0.0
1.02216 0.00269333 0.0
1.04243 -0.0356942 0.0
0.870737 -0.0813541 0.0
0.972826 0.190623 0.0
0.812502 -0.0908545 0.0
0.990107 0.166472 0.0
1.0258 0.0529264 0.0
0.824687 -0.207924 0.0
0.932188 0.0683876 0.0
1.02659 0.0663217 0.0
0.989259 -0.199397 0.0
0.850233 0.0884893 0.0
1.00895 0.133867 0.0
0.976715 0.181506 0.0
0.871872 0.0821121 0.0
0.938038 0.0657161 0.0
0.743452 -0.0916107 0.0
1.02338 0.00185147 0.0
0.873824 0.0684837 0.0
0.864207 0.118757 0.0
1.01443 0.0159674 0.0
0.735696 0.0994302 0.0
0.802798 0.0988681 0.0
0.947708 0.0522745 0.0
0.877765 -0.295668 0.0
1.00933 -0.165576 0.0
0.850597 0.0864761 0.0
0.935975 0.0631657 0.0
0.898886 -0.0726905 0.0
0.891355 0.0818865 0.0
0.972916 -0.0341462 0.0
1.0464 -0.0580797 0.0
1.03323 -0.0145515 0.0
1.03538 -0.0234916 0.0
0.955627 -0.236037 0.0
0.817956 0.0975897 0.0
0.845552 0.0824729 0.0
0.939086 0.0655406 0.0
0.883535 0.0832983 0.0
0.882072 -0.0760035 0.0
0.860008 -0.0845712 0.0
1.02544 0.0864694 0.0
0.936273 0.0496903 0.0
0.926624 -0.0613225 0.0
0.808856 0.098305 0.0
1.02587 0.080921 0.0
0.802118 0.0974944 0.0
1.01895 0.00865793 0.0
1.03562 -0.0571199 0.0
0.903149 -0.277952 0.0
0.947539 0.0595171 0.0
0.845202 -0.0880353 0.0
0.875852 0.0861406 0.0
1.01805 0.0194829 0.0
0.992076 -0.01697 0.0
0.809154 0.0890798 0.0
1.01985 0.0286262 0.0
0.858312 0.0858522 0.0
1.03664 -0.115337 0.0
0.818948 0.0972935 0.0
0.928 -0.0617841 0.0
0.948588 0.0539674 0.0
1.04368 -0.101432 0.0
0.929121 0.0666829 0.0
0.877147 0.0848037 0.0
0.849043 -0.0825972 0.0
0.806434 -0.0854996 0.0
0.756187 0.0990687 0.0
0.824472 -0.0915824 0.0
0.886302 0.0801348 0.0
0.921223 0.0667232 0.0
0.750313 -0.0908876 0.0
0.931846 -0.0594322 0.0
1.03536 -0.0209529 0.0
1.02451 0.0851272 0.0
0.921841 -0.0635479 0.0
0.794963 0.100246 0.0
0.824657 -0.0826415 0.0
0.746292 -0.0967285 0.0
1.00066 -0.00465659 0.0
0.947207 0.0564453 0.0
1.02373 0.0862736 0.0
0.892856 0.0821028 0.0
0.79643 0.100074 0.0
0.839821 0.0922863 0.0
0.798249 0.10031 0.0
0.867833 0.0886802 0.0
0.835285 0.0857564 0.0
0.958287 -0.0455072 0.0
1.036 -0.116176 0.0
1.02681 0.0569211 0.0
0.958102 0.0544018 0.0
0.848776 0.0888781 0.0
0.916606 0.0588164 0.0
0.946703 -0.0497454 0.0
0.911164 -0.0660517 0.0
0.799778 0.100123 0.0
1.02377 0.0946855 0.0
0.846489 0.0857221 0.0
0.90329 -0.071013 0.0
1.04356 -0.0636121 0.0
0.890309 0.0786803 0.0
0.814125 -0.0929539 0.0
0.858928 0.0910903 0.0
0.949599 -0.0501932 0.0
0.945445 0.0610065 0.0
1.02497 0.0874465 0.0
0.980802 0.0316387 0.0
1.02657 0.0621738 0.0
0.766518 -0.288258 0.0
0.801335 0.0958678 0.0
0.846622 0.261822 0.0
1.00009 -0.00753645 0.0
0.983042 0.0395328 0.0
0.85619 -0.0856857 0.0
0.932666 -0.0487666 0.0
0.845526 0.0876816 0.0
0.990352 -0.0194331 0.0
0.852476 -0.0860694 0.0
0.836747 -0.0895023 0.0
0.984833 -0.023771 0.0
0.931863 0.06698 0.0
0.904828 -0.0708119 0.0
0.813235 -0.0927816 0.0
0.954088 -0.0473959 0.0
0.782157 -0.0961434 0.0
0.918701 -0.06474 0.0
0.930886 0.0672887 0.0
0.945391 0.200893 0.0
0.834106 -0.0879519 0.0
1.02682 0.0688832 0.0
0.826622 0.0958983 0.0
0.859754 0.090946 0.0
0.820047 0.0911148 0.0
0.813279 0.0950003 0.0
1.00202 0.0230914 0.0
0.989973 -0.0182647 0.0
1.00626 0.0176986 0.0
0.946317 0.0550591 0.0
0.84089 0.0930008 0.0
1.02267 0.091793 0.0
1.036 -0.120466 0.0
1.03888 -0.0725043 0.0
1.0214 0.0504425 0.0
0.81603 0.0950511 0.0
0.853975 0.0846063 0.0
0.966322 0.183938 0.0
1.02599 0.062027 0.0
0.835621 0.0929486 0.0
0.87074 0.0845369 0.0
0.975361 -0.0148891 0.0
0.810384 -0.0932925 0.0
0.771415 -0.0942899 0.0
1.01478 0.00637659 0.0
1.01339 -0.163458 0.0
0.73954 0.0972658 0.0
0.854314 0.0919895 0.0
0.956088 -0.0463659 0.0
0.949335 0.0554151 0.0
0.728767 0.0989142 0.0
0.88603 0.0844089 0.0
0.868442 0.0863117 0.0
0.80783 0.0974323 0.0
0.971278 0.184347 0.0
0.961082 0.202015 0.0
0.819043 -0.0921748 0.0
0.844605 0.0919115 0.0
0.848157 0.0902257 0.0
1.00193 -0.182929 0.0
0.751793 -0.356095 0.0
0.967669 -0.0221438 0.0
1.00074 -0.00638806 0.0
0.886116 -0.074571 0.0
0.885183 0.0846947 0.0
0.805401 0.092296 0.0
0.852039 0.0921854 0.0
0.849279 0.0908467 0.0
1.02744 0.0671844 0.0
0.849264 0.0799812 0.0
0.845576 -0.0856056 0.0
0.911186 0.217397 0.0
0.79497 -0.0948152 0.0
0.759652 -0.0901573 0.0
0.831836 -0.090027 0.0
0.964021 0.0379242 0.0
1.03395 -0.0168508 0.0
0.865318 0.0893659 0.0
1.04327 -0.102981 0.0
0.871454 0.270747 0.0
1.02034 -0.000363071 0.0
0.790685 -0.0926716 0.0
0.994017 0.0319796 0.0
0.85519 0.0918612 0.0
1.03645 -0.116418 0.0
1.00523 -0.149203 0.0
0.822135 0.0940162 0.0
0.923236 0.0716496 0.0
0.968429 -0.0378795 0.0
1.01992 0.00686554 0.0
0.866878 0.0833875 0.0
0.865972 0.0891417 0.0
0.918991 0.0675285 0.0
0.992677 0.158579 0.0
0.881344 0.0857731 0.0
0.880459 0.0859277 0.0
0.903831 -0.0671489 0.0
0.971903 0.044814 0.0
0.995208 0.0315569 0.0
0.884111 0.0791941 0.0
0.976601 -0.0281862 0.0
0.922298 0.0719126 0.0
0.896526 -0.0692034 0.0
0.945405 0.0534494 0.0
0.888671 0.0654952 0.0
0.793029 0.100216 0.0
0.867343 -0.301133 0.0
0.994604 -0.0148808 0.0
1.02165 -0.148034 0.0
0.87653 0.0869634 0.0
0.849636 0.0897948 0.0
0.877393 0.0867993 0.0
1.04343 -0.0495131 0.0
0.91347 0.0739275 0.0
0.339063 0.405675 0.0
0.825573 0.0960813 0.0
0.930133 0.0681702 0.0
0.485503 -0.328667 0.0
0.828251 -1.11982e-10 0.0
0.641154 0.32513 0.0
1.03414 -0.0383886 0.0
1.04605 -0.0677734 0.0
0.892114 0.0823775 0.0
0.919769 0.0617393 0.0
0.791775 0.100453 0.0
1.01484 0.0190915 0.0
1.00986 0.013017 0.0
0.892968 0.254769 0.0
0.827488 0.0954625 0.0
1.0067 0.00872447 0.0
0.722125 -0.09073 0.0
0.843554 0.0882729 0.0
0.872153 0.0872695 0.0
0.936043 -0.047063 0.0
0.949225 0.0403561 0.0
0.840104 0.0881757 0.0
0.726181 0.0905606 0.0
1.02 -0.149755 0.0
0.91571 0.0745757 0.0
1.00189 0.0256702 0.0
0.907401 0.0779897 0.0
0.742868 -0.0964885 0.0
0.916464 0.0743974 0.0
0.947682 0.0601874 0.0
0.846583 -0.085822 0.0
1.04498 -0.05964 0.0
0.999483 0.0279366 0.0
0.782097 0.0989399 0.0
0.791791 0.316787 0.0
1.04365 -0.0615832 0.0
1.03637 -0.0226383 0.0
0.914691 0.0751172 0.0
0.977417 -0.210538 0.0
0.798027 0.0911597 0.0
1.04584 -0.0693349 0.0
0.970777 -0.0198846 0.0
0.903973 0.0791722 0.0
0.992213 -0.00984428 0.0
0.812814 0.0985001 0.0
0.979511 0.00138695 0.0
1.01022 0.0145101 0.0
0.938712 0.0519908 0.0
0.867379 0.076824 0.0
0.911788 0.0764423 0.0
0.821669 -0.0862041 0.0
0.809127 0.0973612 0.0
0.908292 0.0778247 0.0
0.919867 0.21908 0.0
0.941778 0.0639316 0.0
0.771787 -0.0967239 0.0
0.858903 -0.0849623 0.0
0.971231 0.0482333 0.0
1.0208 0.0915796 0.0
0.968033 0.1932 0.0
0.935143 0.066571 0.0
0.903474 -0.0711142 0.0
0.873449 0.265639 0.0
0.912594 0.0761932 0.0
0.823903 0.0916289 0.0
0.838936 -0.0839974 0.0
0.828559 0.0863029 0.0
1.00292 0.0252321 0.0
1.03915 -0.106698 0.0
0.918597 0.0730965 0.0
1.02285 0.097238 0.0
0.974876 -0.0105387 0.0
0.940183 -0.24931 0.0
0.897508 0.0660109 0.0
0.945828 0.0603221 0.0
0.834087 0.0934578 0.0
0.928603 0.0685999 0.0
1.00085 0.0272429 0.0
0.989524 -0.0199153 0.0
0.850911 0.0806998 0.0
0.916423 0.0705311 0.0
0.935392 -0.0579106 0.0
0.949995 0.206757 0.0
0.813787 0.0982354 0.0
0.825381 -0.0151587 0.0
0.808238 -0.0917994 0.0
0.914995 0.0709717 0.0
0.817761 0.0917195 0.0
0.841936 -0.0885653 0.0
0.940782 0.0641698 0.0
0.83142 -0.090361 0.0
0.727437 0.0955215 0.0
0.999215 0.027223 0.0
0.84614 -0.0843326 0.0
0.785862 -0.0958136 0.0
1.03569 -0.0217532 0.0
1.04638 -0.0703695 0.0
0.806002 -0.0938081 0.0
1.03589 -0.114217 0.0
0.804313 0.0900026 0.0
1.02232 0.0342535 0.0
1.02813 -0.135595 0.0
0.749334 0.0984343 0.0
1.02019 0.0347321 0.0
0.915993 -0.261259 0.0
0.949344 0.21063 0.0
0.965553 -0.0389601 0.0
0.930551 0.0673058 0.0
0.900956 -0.0707909 0.0
0.827445 0.278284 0.0
0.903052 0.0792964 0.0
0.923034 0.0688861 0.0
0.99554 0.0284241 0.0
0.834527 -0.086731 0.0
0.908354 0.0603182 0.0
0.878051 0.0861682 0.0
0.969267 0.0467676 0.0
0.796337 0.0991734 0.0
0.788421 0.100778 0.0
0.804985 -0.0929985 0.0
0.968774 -0.0369542 0.0
0.793203 0.0948495 0.0
0.39599 0.41067 0.0
0.931088 0.0640254 0.0
0.846045 -0.0869837 0.0
0.911638 0.0743226 0.0
0.723922 -0.117334 0.0
0.943946 0.0529337 0.0
0.686403 0.388649 0.0
0.924458 0.0625242 0.0
0.851863 0.0889728 0.0
0.953935 -0.198086 0.0
0.860904 -0.00572075 0.0
0.952054 0.0522002 0.0
0.845256 0.0932926 0.0
0.877178 0.0863423 0.0
0.94703 -0.0433656 0.0
0.773286 -0.0927368 0.0
1.02012 0.101825 0.0
0.995131 -0.0119016 0.0
1.01078 0.0148782 0.0
1.01913 0.0396181 0.0
0.821741 0.0962632 0.0
0.78988 0.100523 0.0
0.994272 -0.0151988 0.0
0.835624 0.0953675 0.0
0.89327 0.0816951 0.0
1.00028 -0.179532 0.0
1.03058 -0.0811 0.0
0.836509 0.0952673 0.0
0.932574 0.0634654 0.0
1.02319 0.0889185 0.0
0.988241 -0.021594 0.0
1.02272 0.0978552 0.0
0.962143 0.0518855 0.0
1.0021 -0.00397853 0.0
0.897379 0.0679282 0.0
0.841112 0.0942602 0.0
1.01266 -0.010425 0.0
0.99391 -0.012509 0.0
1.03457 -0.0249694 0.0
0.841631 -0.0881782 0.0
0.90644 -0.183178 0.0
0.821864 -0.327264 0.0
0.778479 -0.35474 0.0
0.866441 0.0862565 0.0
0.851867 0.0831177 0.0
0.917777 0.0733043 0.0
0.827389 -0.0822832 0.0
0.778423 0.101727 0.0
0.861471 0.0899974 0.0
0.892594 -0.0754037 0.0
0.777647 -0.0957181 0.0
0.822649 -0.0840231 0.0
0.83435 0.0957382 0.0
0.966803 -0.038432 0.0
0.840258 0.0944353 0.0
0.890527 0.0819337 0.0
0.795206 0.0993928 0.0
1.02433 -0.0182122 0.0
0.959666 0.0521488 0.0
1.04233 -0.0376579 0.0
0.830931 0.0963007 0.0
0.967968 0.184818 0.0
0.789505 0.0997507 0.0
0.984499 0.17144 0.0
0.780244 0.101411 0.0
0.882281 0.0706967 0.0
0.924558 0.0662404 0.0
0.941166 0.0544849 0.0
1.0116 -0.160436 0.0
0.819134 0.096475 0.0
0.831811 0.0961228 0.0
0.922179 0.0671926 0.0
0.997327 0.0272632 0.0
0.922866 0.0713828 0.0
0.984692 0.00524994 0.0
0.913932 0.0750776 0.0
1.00453 0.141074 0.0
0.832853 -0.0868391 0.0
1.01972 0.025462 0.0
0.937573 0.0555678 0.0
1.00604 0.020648 0.0
0.977585 -0.0304192 0.0
0.938009 0.0648506 0.0
0.957038 -0.0461899 0.0
1.02603 0.0758226 0.0
0.898955 -0.0727475 0.0
0.731386 0.0987437 0.0
0.933588 0.0635259 0.0
0.902408 -0.0705826 0.0
0.826361 0.0967006 0.0
0.92634 -0.0612964 0.0
0.980025 0.0413873 0.0
0.810708 0.0936669 0.0
0.999304 -0.182022 0.0
0.847617 -0.0815155 0.0
0.4309 -0.399204 0.0
0.993964 0.159901 0.0
0.960784 0.0269162 0.0
0.578074 0.233017 0.0
0.773811 0.101788 0.0
0.971176 -0.0352987 0.0
1.02463 -0.0124165 0.0
0.929325 0.0677528 0.0
0.774963 -0.0488466 0.0
0.810965 0.0976065 0.0
0.897702 -0.0728762 0.0
0.93841 0.062703 0.0
0.997331 -0.0101855 0.0
0.753786 -0.0923858 0.0
0.892231 0.0818542 0.0
0.782837 0.09712 0.0
0.825429 0.0968064 0.0
0.998274 -0.00832577 0.0
0.978554 -0.0297901 0.0
0.933962 -0.058765 0.0
0.998929 -0.00738612 0.0
0.750224 -0.344326 0.0
0.775754 0.101468 0.0
0.995952 -0.182016 0.0
1.01401 0.121985 0.0
0.814546 0.0875317 0.0
0.873945 -0.0806539 0.0
0.732953 0.0860373 0.0
0.718349 -0.055158 0.0
0.982358 0.178431 0.0
0.813785 -0.0920781 0.0
0.820641 0.0964149 0.0
0.987044 -0.0221907 0.0
0.857452 0.090811 0.0
0.913243 0.0757022 0.0
0.927889 -0.0612886 0.0
0.942506 0.0479907 0.0
0.904751 0.231022 0.0
0.938459 0.0640425 0.0
1.00754 0.016538 0.0
1.00172 0.0259889 0.0
0.788262 0.0921307 0.0
0.605453 -0.384039 0.0
0.82504 0.000749743 0.0
0.942633 -0.0480137 0.0
1.00227 -0.179846 0.0
0.853054 -0.085139 0.0
0.617212 -0.391895 0.0
0.831511 -0.00468597 0.0
1.04744 -0.0534014 0.0
0.859344 -0.0831493 0.0
1.01168 0.0117547 0.0
0.935319 0.0629129 0.0
0.828547 0.00188186 0.0
1.01276 -0.160627 0.0
0.72824 0.0965085 0.0
0.792797 0.0968015 0.0
0.980574 0.167447 0.0
0.958576 -0.0448712 0.0
1.04763 -0.0723328 0.0
0.912409 0.0759389 0.0
0.913033 0.0752723 0.0
0.985219 -0.197205 0.0
1.02694 -0.0246317 0.0
0.970681 -0.0352132 0.0
0.759869 0.100983 0.0
1.02613 -0.00834462 0.0
0.99765 -0.00818319 0.0
0.831787 -0.312907 0.0
0.72308 -0.0923275 0.0
0.813938 0.0972936 0.0
0.988618 -0.195506 0.0
0.917997 0.242483 0.0
0.764917 0.101118 0.0
0.782399 0.100344 0.0
0.823661 -0.0897569 0.0
0.984052 -0.188233 0.0
1.04722 -0.0824495 0.0
0.782534 0.101354 0.0
0.762869 0.101242 0.0
0.899564 -0.280794 0.0
0.769271 0.101514 0.0
0.783877 0.0999013 0.0
0.766812 0.100921 0.0
0.947955 0.20703 0.0
0.77105 0.101304 0.0
0.881884 0.079728 0.0
0.971776 -0.0348536 0.0
0.992064 -0.184243 0.0
0.942502 -0.0534963 0.0
0.854353 0.0825736 0.0
0.849003 0.0916116 0.0
0.909688 0.0752552 0.0
0.915665 -0.0666329 0.0
0.776782 -0.092774 0.0
0.784324 0.101079 0.0
0.848 0.0917144 0.0
0.961051 -0.0318511 0.0
0.899463 -0.0734796 0.0
0.814699 -0.091542 0.0
0.906164 0.0781334 0.0
0.764437 0.100048 0.0
0.723558 0.0598578 0.0
0.913756 -0.0673167 0.0
0.805615 0.0971708 0.0
0.765568 -0.0951306 0.0
0.96978 -0.0363134 0.0
0.825757 0.000496434 0.0
1.02026 0.105309 0.0
0.874311 -0.29858 0.0
0.843568 0.0932263 0.0
1.03207 -0.0668279 0.0
0.941186 0.0559473 0.0
1.00571 0.0215384 0.0
0.977332 0.0432326 0.0
0.809705 0.0979468 0.0
0.861906 -0.082196 0.0
0.909904 0.246795 0.0
0.942322 -0.0540096 0.0
0.941241 0.208906 0.0
0.866549 -0.0815617 0.0
0.810866 0.0949237 0.0
0.999334 0.148004 0.0
0.927266 0.0550031 0.0
0.801468 -0.0943733 0.0
0.738491 -0.319885 0.0
0.969547 -0.0240275 0.0
1.00609 -0.166493 0.0
0.92541 -0.0625773 0.0
0.842789 0.093386 0.0
0.959176 0.189134 0.0
0.874792 0.0806064 0.0
1.02009 0.0363422 0.0
0.727134 0.311295 0.0
0.791908 -0.0919207 0.0
0.953122 -0.0483716 0.0
0.913334 0.0600547 0.0
0.989555 -0.0109658 0.0
0.842635 0.085019 0.0
0.91286 0.0751729 0.0
0.944545 -0.0526278 0.0
0.783854 -0.0953845 0.0
0.769041 -0.0921992 0.0
0.845216 -0.0852785 0.0
0.979523 -0.0293451 0.0
0.828972 0.0901136 0.0
0.942236 0.0629763 0.0
0.804635 0.0991959 0.0
0.91202 0.0753818 0.0
1.00703 0.138608 0.0
1.03398 -0.0604249 0.0
1.00456 0.0223173 0.0
0.921198 0.0637962 0.0
1.01214 0.00832064 0.0
0.910477 0.0745926 0.0
0.825357 0.094029 0.0
0.72787 0.0966153 0.0
0.804479 -0.0946187 0.0
1.02408 -0.00617924 0.0
0.941249 -0.0543445 0.0
0.773536 0.0947316 0.0
0.727131 0.0958814 0.0
0.958197 -0.040951 0.0
0.853494 0.0897106 0.0
0.838655 0.0942691 0.0
0.985581 -0.0232454 0.0
0.908348 0.0756206 0.0
0.647989 0.343809 0.0
1.0477 -0.0773271 0.0
1.01603 0.0239532 0.0
1.0227 0.0399194 0.0
1.0468 -0.0812511 0.0
0.807799 -0.335841 0.0
0.823236 0.0276419 0.0
0.868182 -0.0803386 0.0
1.04287 -0.0404259 0.0
0.897604 -0.0698014 0.0
1.01836 0.0274823 0.0
0.816393 -0.0927907 0.0
0.97427 -0.0253308 0.0
0.966451 0.0503768 0.0
0.788638 -0.0949261 0.0
1.03519 -0.017708 0.0
0.980068 0.0411433 0.0
0.962672 0.052605 0.0
0.938314 0.0502572 0.0
1.01043 -0.163412 0.0
0.829573 -0.00102028 0.0
0.850637 0.0891299 0.0
0.812687 0.0974978 0.0
1.04346 -0.0412424 0.0
1.01636 0.0113104 0.0
0.821479 0.0971703 0.0
1.04684 -0.0646835 0.0
1.00168 0.0240784 0.0
1.04163 -0.0390207 0.0
0.778669 0.0939879 0.0
0.905432 0.207682 0.0
0.774357 -0.0966072 0.0
1.03049 -0.0630235 0.0
0.871879 -0.0794711 0.0
0.512451 0.333827 0.0
0.807112 0.0967029 0.0
0.858853 -0.298186 0.0
1.02097 0.0331905 0.0
0.966268 0.0369478 0.0
0.892686 0.263146 0.0
0.867152 0.086409 0.0
1.03602 -0.0720281 0.0
0.910545 -0.0686415 0.0
0.970346 -0.0360951 0.0
0.825336 -0.000312108 0.0
1.03365 -0.0744577 0.0
0.810279 -0.320398 0.0
0.877389 -0.0777138 0.0
0.987303 -0.0220102 0.0
0.901928 0.0737 0.0
0.866506 -0.0829337 0.0
1.04122 -0.0344294 0.0
0.945144 0.0611281 0.0
0.902196 -0.0722583 0.0
0.918138 -0.265962 0.0
0.797067 0.0936651 0.0
1.00614 0.00183985 0.0
1.02895 -0.0258287 0.0
0.84815 0.0750425 0.0
0.807769 -0.0223418 0.0
1.01635 0.0189214 0.0
1.04661 -0.0755847 0.0
0.951419 0.0586786 0.0
0.887611 0.0816759 0.0
0.961528 -0.007118 0.0
0.851824 -0.297982 0.0
1.04243 -0.101159 0.0
0.80266 -0.085906 0.0
1.0095 0.00487623 0.0
0.843944 -0.0852006 0.0
1.00843 0.00420939 0.0
0.761822 -0.095349 0.0
0.849553 -0.0873303 0.0
0.770919 0.100215 0.0
0.66687 0.323754 0.0
0.831979 0.307126 0.0
1.00777 0.00255485 0.0
1.01827 0.0246101 0.0
0.885546 0.0834302 0.0
1.01949 0.00733667 0.0
1.0085 -0.145424 0.0
0.792383 0.0982361 0.0
1.01191 0.0140546 0.0
0.912015 0.075255 0.0
1.04202 -0.10293 0.0
0.839315 0.0939091 0.0
1.0065 -0.00145117 0.0
0.871832 0.279006 0.0
1.01201 -0.163151 0.0
0.684072 0.330156 0.0
0.829427 -0.00417749 0.0
0.847005 0.296325 0.0
0.783933 0.0982174 0.0
1.02104 0.0406784 0.0
1.02725 -0.137805 0.0
1.01984 0.0258496 0.0
0.85938 0.289049 0.0
0.855182 0.0834474 0.0
0.769235 0.100408 0.0
0.824235 0.000585687 0.0
1.01372 0.0115681 0.0
0.989661 -0.0203796 0.0
1.02635 0.0742976 0.0
0.997386 0.0271589 0.0
1.01555 0.018028 0.0
0.873573 -0.0816044 0.0
0.965931 0.051195 0.0
1.01484 0.0147679 0.0
0.82713 -0.000170113 0.0
1.00002 0.0263498 0.0
0.973295 -0.0341192 0.0
0.872225 0.0869726 0.0
0.874184 -0.0786478 0.0
1.01903 0.0253138 0.0
0.924084 -0.0629144 0.0
0.980793 -0.0286372 0.0
0.26354 0.0847235 0.0
0.878183 -0.0781325 0.0
0.871338 0.0870632 0.0
0.964651 0.0516429 0.0
0.825093 0.0865634 0.0
0.899789 -0.07267 0.0
0.912851 -0.0654476 0.0
0.989282 0.16345 0.0
0.945719 -0.0501432 0.0
0.875983 -0.0774463 0.0
0.998643 -0.00945039 0.0
0.979185 0.177757 0.0
0.817855 -0.0923733 0.0
0.732867 -0.0950129 0.0
0.76649 0.0995799 0.0
0.83897 0.00411992 0.0
0.989702 0.0354845 0.0
0.938411 0.0648042 0.0
0.986331 -0.0229938 0.0
0.764574 -0.0963414 0.0
1.03946 -0.0317867 0.0
1.0464 -0.0910275 0.0
0.911081 0.0754871 0.0
0.816538 0.0977192 0.0
0.574084 0.417341 0.0
1.04512 -0.0629866 0.0
0.874298 0.0869022 0.0
0.978933 0.0421895 0.0
0.739631 -0.0946016 0.0
0.860507 -0.0823661 0.0
1.00056 0.0237536 0.0
0.986994 -0.0133272 0.0
0.878781 -0.0797234 0.0
0.819322 -0.0912696 0.0
0.948528 -0.0509361 0.0
0.833279 -0.0897298 0.0
0.791505 -0.089026 0.0
1.03399 -0.0170496 0.0
0.937938 0.0654903 0.0
1.04639 -0.0507786 0.0
0.909138 0.0718093 0.0
0.89053 -0.0713843 0.0
0.989906 -0.0185306 0.0
1.02679 -0.0299718 0.0
1.02007 0.0380925 0.0
0.837306 -0.0076259 0.0
0.879831 -0.0769436 0.0
0.944712 0.0617317 0.0
0.952676 0.0536564 0.0
0.758642 0.0971972 0.0
0.892298 0.0823018 0.0
1.00177 0.0256225 0.0
1.02807 -0.0125621 0.0
0.969227 -0.0365548 0.0
0.884935 0.254734 0.0
0.97536 0.0446661 0.0
0.848482 -0.290204 0.0
1.01922 0.0829859 0.0
0.851857 0.0871405 0.0
0.997152 -0.0110337 0.0
0.728998 -0.304278 0.0
0.741653 0.0864972 0.0
0.93987 -0.0544777 0.0
0.991565 -0.0170459 0.0
0.917685 0.0723435 0.0
1.00533 -0.0013182 0.0
0.842539 -0.0880171 0.0
0.938285 -0.0492613 0.0
0.864119 -0.0814908 0.0
1.04116 -0.0702243 0.0
0.951584 0.0583411 0.0
0.972158 -0.0159945 0.0
0.974055 0.176129 0.0
0.965847 -0.0388427 0.0
0.926775 0.204511 0.0
0.916499 0.0727629 0.0
0.935411 -0.0504068 0.0
0.961274 0.052855 0.0
0.799013 0.0953362 0.0
0.976333 0.0433433 0.0
0.799643 0.0992918 0.0
0.97848 -0.0262036 0.0
0.853176 -0.0864268 0.0
0.832162 0.0951265 0.0
1.02768 -0.0113908 0.0
0.857457 0.0830787 0.0
0.927179 -0.0618125 0.0
0.899291 -0.0726237 0.0
0.919413 0.0712974 0.0
1.00466 0.00016095 0.0
0.764037 -0.0887871 0.0
0.831012 0.0954756 0.0
0.872854 0.0808243 0.0
0.840094 0.00265626 0.0
0.97752 -0.0315992 0.0
0.893628 0.0761107 0.0
0.736668 0.0978295 0.0
0.99773 -0.0098312 0.0
0.786919 0.0979841 0.0
0.932174 0.0684191 0.0
1.02893 -0.136199 0.0
0.779959 -0.0957814 0.0
0.475737 -0.388806 0.0
0.919032 0.0723286 0.0
0.928538 0.0697744 0.0
0.886177 -0.0772602 0.0
0.803485 0.0995008 0.0
0.87259 0.0827169 0.0
0.927649 0.0489913 0.0
0.925165 0.0709673 0.0
0.991317 -0.017322 0.0
1.00354 0.0221285 0.0
0.999969 0.0015743 0.0
0.86179 -0.0825444 0.0
0.518841 0.420628 0.0
0.990345 -0.0175874 0.0
0.998443 -0.00963703 0.0
0.886477 0.0672431 0.0
1.01766 0.0515694 0.0
0.858934 -0.0847664 0.0
0.982261 -0.025895 0.0
0.959321 -0.039862 0.0
0.897416 -0.276035 0.0
0.85979 -0.0846239 0.0
0.869763 0.256646 0.0
0.972572 -0.01188 0.0
0.868072 0.0884681 0.0
1.01873 0.0228504 0.0
0.99652 -0.010341 0.0
0.976772 -0.0305009 0.0
0.850158 -0.086722 0.0
0.8958 -0.0744357 0.0
0.918474 -0.0654619 0.0
0.980015 0.0406832 0.0
0.837602 -0.301859 0.0
0.946896 0.0504597 0.0
0.866158 -0.0808874 0.0
0.973291 0.0461755 0.0
0.900762 -0.0725544 0.0
1.01739 0.0218855 0.0
0.809676 0.0960575 0.0
0.870164 -0.0796511 0.0
0.852081 -0.307393 0.0
0.824164 0.0877143 0.0
0.720103 -0.0898375 0.0
0.757086 -0.0389508 0.0
0.833717 -0.0888041 0.0
0.834234 0.092 0.0
0.923372 -0.175094 0.0
0.992782 -0.0165272 0.0
0.851124 -0.0840597 0.0
0.851681 0.0904212 0.0
0.852703 -0.0867287 0.0
0.870912 0.0747255 0.0
1.03849 -0.0287506 0.0
0.951742 0.0533925 0.0
0.902845 0.0726497 0.0
0.838829 0.0831235 0.0
0.809478 0.0986774 0.0
0.758331 0.0914191 0.0
0.971089 -0.0357844 0.0
0.852597 0.0902377 0.0
0.867433 0.0889207 0.0
0.817569 0.0959086 0.0
0.736518 -0.0904586 0.0
0.939674 0.217713 0.0
1.03129 -0.0129501 0.0
0.860384 -0.0838919 0.0
1.03463 -0.0182821 0.0
0.888299 0.0836036 0.0
0.885468 -0.0769071 0.0
0.734209 0.0980221 0.0
0.935607 0.0581454 0.0
0.863275 -0.0838005 0.0
0.900369 -0.0707954 0.0
1.02254 -0.135285 0.0
1.0018 -0.00365909 0.0
0.754472 0.0993878 0.0
0.854087 0.0773729 0.0
0.810662 0.0985277 0.0
0.540645 0.278094 0.0
1.02733 0.05493 0.0
1.02423 0.000647115 0.0
0.807581 -0.0940803 0.0
0.840844 -0.311462 0.0
0.749156 0.0880622 0.0
1.02052 0.0341215 0.0
0.99071 -0.0171413 0.0
1.02621 0.0533765 0.0
0.900792 -0.068373 0.0
0.869998 0.0687146 0.0
0.867938 -0.0818139 0.0
0.985709 -0.0228451 0.0
0.967104 -0.0383451 0.0
0.869902 0.0822214 0.0
1.00458 0.138796 0.0
0.993539 0.0315756 0.0
0.332635 -0.360456 0.0
0.700344 -0.0115436 0.0
0.88542 -0.0772144 0.0
0.85033 0.0848716 0.0
0.917078 -0.0657554 0.0
0.891229 0.19767 0.0
0.974879 0.0447858 0.0
0.980333 0.0413552 0.0
0.813735 0.299064 0.0
1.00122 -0.00643604 0.0
1.0462 -0.0669842 0.0
1.02504 0.0470915 0.0
0.918473 0.0715834 0.0
1.00621 -0.00033462 0.0
0.91856 0.0730967 0.0
0.664559 0.14647 0.0
1.02363 0.039556 0.0
0.798436 0.0995385 0.0
0.951596 -0.0488814 0.0
0.623433 0.307466 0.0
0.816601 -0.321333 0.0
0.969688 -0.0184962 0.0
0.936116 0.0620898 0.0
0.918387 -0.0654094 0.0
0.986093 -0.0231944 0.0
0.95646 -0.0461296 0.0
1.04465 -0.0637581 0.0
1.04561 -0.0920861 0.0
1.0316 -0.0131727 0.0
0.838207 0.0847579 0.0
0.806313 0.099059 0.0
0.90111 -0.0726558 0.0
1.03335 -0.0681557 0.0
0.919359 -0.0650748 0.0
0.904739 0.0718628 0.0
0.758382 -0.327783 0.0
0.985447 -0.0216215 0.0
0.956277 -0.0460459 0.0
0.935778 -0.0571443 0.0
0.957874 -0.0454735 0.0
1.02298 0.0355959 0.0
0.95035 -0.0495029 0.0
0.909889 -0.0686871 0.0
0.743356 -0.0951868 0.0
0.853336 0.0891561 0.0
0.823107 0.0847932 0.0
0.824864 -0.0896297 0.0
0.937414 0.0575261 0.0
0.796895 0.0956203 0.0
0.945961 0.193836 0.0
0.871752 -0.0798543 0.0
0.885709 0.0781325 0.0
0.911961 -0.0679289 0.0
0.957666 -0.0458192 0.0
0.854232 0.0879007 0.0
0.999033 -0.00837176 0.0
0.864716 -0.0789233 0.0
0.950136 -0.0496466 0.0
1.04627 -0.0768148 0.0
0.92539 0.0649515 0.0
0.85502 -0.0860122 0.0
0.826875 -0.285564 0.0
0.949092 -0.0501702 0.0
0.808278 0.0960554 0.0
0.877933 -0.0804101 0.0
1.04624 -0.0655451 0.0
0.940053 0.0543655 0.0
0.763274 -0.355237 0.0
0.956605 -0.0462073 0.0
1.04424 -0.0647369 0.0
0.949649 0.0543287 0.0
1.02992 -0.11242 0.0
0.887551 0.0811094 0.0
0.747406 0.0990776 0.0
0.884946 0.0770746 0.0
0.903843 0.0778354 0.0
0.739247 0.0902885 0.0
0.993434 -0.0137358 0.0
0.959204 -0.0447633 0.0
0.888203 0.0835013 0.0
0.995924 0.150737 0.0
0.74322 0.0942788 0.0
0.868313 -0.0828302 0.0
0.88707 0.0780224 0.0
0.91748 -0.0655927 0.0
0.944324 0.0514041 0.0
1.02323 0.0363341 0.0
0.828998 0.0798834 0.0
0.94337 0.0507818 0.0
0.855691 -0.0854847 0.0
0.927324 0.0642563 0.0
0.724381 -0.0981681 0.0
0.971568 -0.0348042 0.0
1.04342 -0.0462243 0.0
0.988107 -0.0218537 0.0
0.858511 0.0839354 0.0
0.841491 -0.0886925 0.0
0.780382 -0.0963286 0.0
0.635176 0.0128235 0.0
0.897807 0.223912 0.0
0.934182 0.206006 0.0
1.00639 0.00351503 0.0
0.8899 0.248361 0.0
1.00464 -0.00251921 0.0
0.463694 -0.265421 0.0
0.955618 -0.0213662 0.0
1.02325 0.0455734 0.0
0.842519 0.0874782 0.0
0.911851 0.074675 0.0
0.910147 -0.0689122 0.0
0.970323 -0.0138907 0.0
1.01259 0.00911265 0.0
0.824354 0.00230809 0.0
1.01879 0.101236 0.0
1.00589 -0.000393696 0.0
0.818506 -0.0918401 0.0
1.02621 0.0734888 0.0
0.899059 0.0708957 0.0
1.03856 -0.0669386 0.0
0.788759 0.258364 0.0
0.852301 0.0893531 0.0
0.92504 -0.0626573 0.0
0.828229 -0.0915268 0.0
1.04689 -0.0581683 0.0
0.852667 0.0880596 0.0
0.940513 0.0524465 0.0
1.00034 -0.00721008 0.0
0.795547 -0.0937168 0.0
0.358719 -0.397551 0.0
0.739782 0.35802 0.0
0.839339 -0.0807178 0.0
0.95932 0.0536732 0.0
0.644091 0.154302 0.0
0.830302 0.269286 0.0
1.01178 0.00818271 0.0
0.913622 -0.0655561 0.0
0.78417 -0.0959821 0.0
0.763149 -0.348015 0.0
0.773748 -0.0956782 0.0
0.915354 -0.0649927 0.0
0.976122 0.0441332 0.0
0.972583 -0.0343286 0.0
0.826184 0.0923939 0.0
0.789844 0.306023 0.0
0.959493 -0.231392 0.0
0.886149 -0.0770725 0.0
0.835463 0.0944755 0.0
1.00173 0.00605652 0.0
0.909726 -0.0688609 0.0
0.769555 -0.0966401 0.0
0.0493082 -0.137402 0.0
0.722524 0.0863802 0.0
0.0682417 -0.113862 0.0
0.932736 0.0677848 0.0
0.884181 0.0845819 0.0
0.844103 0.0862242 0.0
1.02414 0.037296 0.0
0.869098 0.0847236 0.0
0.709474 0.106633 0.0
0.886139 -0.0771618 0.0
0.748026 0.0966906 0.0
0.854959 -0.0847001 0.0
0.675571 -0.301507 0.0
0.844849 0.0889969 0.0
0.831869 -0.0907518 0.0
0.850556 0.0781406 0.0
0.947613 0.03678 0.0
0.346235 -0.177725 0.0
0.908332 -0.0690791 0.0
0.920858 0.0709877 0.0
0.854108 0.0864206 0.0
0.832338 0.111342 0.0
1.0469 -0.0785607 0.0
0.886651 0.0821121 0.0
1.00558 0.0220529 0.0
0.81901 -0.0908627 0.0
1.01925 0.0243449 0.0
0.871106 0.234501 0.0
1.03354 -0.0176069 0.0
0.922204 0.069126 0.0
1.00413 0.0229389 0.0
0.838934 0.089098 0.0
1.01199 0.0130368 0.0
0.855545 -0.0795603 0.0
1.02433 0.049864 0.0
0.919678 0.071399 0.0
1.04549 -0.089595 0.0
0.998315 0.0287793 0.0
0.796536 -0.0950745 0.0
0.740601 0.0932374 0.0
0.809121 -0.0913419 0.0
1.01501 0.0640378 0.0
0.859482 -0.0840163 0.0
1.02403 0.0507308 0.0
0.724328 -0.0926549 0.0
0.704112 0.150887 0.0
0.86637 -0.0821959 0.0
0.862583 -0.0831435 0.0
0.928283 0.0666828 0.0
0.795408 0.0965229 0.0
0.860938 -0.0834535 0.0
0.909225 -0.0691082 0.0
0.85235 -0.08537 0.0
0.942669 -0.0501817 0.0
0.842731 0.0895595 0.0
0.931861 0.0681567 0.0
0.780499 -0.0943834 0.0
0.950976 0.0516506 0.0
0.865904 -0.0812626 0.0
1.00613 0.0204806 0.0
0.915039 0.0729386 0.0
0.968914 -0.0370049 0.0
0.747514 -0.276636 0.0
1.00978 0.0343845 0.0
0.924147 0.0643686 0.0
0.828816 -0.0880989 0.0
0.569444 -0.380757 0.0
0.801522 0.315201 0.0
1.0244 -0.0273199 0.0
0.901759 0.0721086 0.0
0.978038 0.0420044 0.0
0.854015 0.11199 0.0
0.927781 0.060699 0.0
1.01043 0.00806951 0.0
0.886045 0.0813152 0.0
0.858749 -0.0822135 0.0
1.04621 -0.05501 0.0
0.953841 0.0467446 0.0
0.964739 -0.0241122 0.0
0.882403 0.0778283 0.0
0.801284 -0.0947803 0.0
1.02371 0.0379244 0.0
0.970751 -0.0354621 0.0
0.969941 -0.0357843 0.0
0.902768 0.0706381 0.0
0.757811 0.346125 0.0
0.913624 0.209311 0.0
0.485443 -0.118542 0.0
0.819595 -0.00234083 0.0
0.904725 0.0700212 0.0
0.914456 0.0738138 0.0
0.788736 -0.0954237 0.0
0.792433 0.099245 0.0
0.845428 -0.0815286 0.0
0.788528 0.0993776 0.0
1.00787 0.0307996 0.0
0.971772 -0.0355717 0.0
0.816219 0.096099 0.0
0.921768 0.0653987 0.0
0.905812 0.0708204 0.0
0.824713 0.0951635 0.0
1.03277 -0.0184686 0.0
0.842419 -0.0883184 0.0
1.00454 0.0215206 0.0
1.02058 -0.0324192 0.0
0.697253 0.328927 0.0
0.840956 0.0824345 0.0
0.951552 0.141675 0.0
0.756964 -0.0933886 0.0
0.799746 -0.0869302 0.0
0.955551 -0.0396679 0.0
0.943313 0.00416465 0.0
1.00727 0.099545 0.0
0.964714 0.0234282 0.0
0.917935 -0.065452 0.0
1.03235 -0.0170555 0.0
0.884111 0.0841131 0.0
0.88496 0.0837773 0.0
0.848963 -0.0808076 0.0
0.755115 -0.0937727 0.0
0.953519 -0.0478063 0.0
0.791927 -0.0943416 0.0
1.02548 -0.139777 0.0
0.942547 0.219951 0.0
0.968851 -0.0365339 0.0
0.916315 0.0725893 0.0
0.791254 0.0994637 0.0
0.903138 -0.0695536 0.0
0.866297 -0.0826499 0.0
0.918655 -0.0619275 0.0
0.965223 0.0518088 0.0
0.64428 -0.368629 0.0
1.0227 0.0346982 0.0
0.874072 -0.0790259 0.0
0.757734 -0.0914438 0.0
0.835832 0.0803676 0.0
1.04556 -0.0952295 0.0
0.904766 -0.0691346 0.0
0.991235 -0.0175419 0.0
0.867915 -0.0806494 0.0
0.930104 -0.0512774 0.0
0.983651 -0.00894477 0.0
0.763127 -0.0948479 0.0
0.863912 -0.0818864 0.0
0.99231 -0.0166504 0.0
0.86042 -0.0841865 0.0
0.916449 -0.0625142 0.0
0.990133 0.0349337 0.0
1.02481 0.0464058 0.0
0.885769 0.0831559 0.0
0.960846 0.0512125 0.0
0.945062 0.0492763 0.0
0.966029 0.179989 0.0
0.948856 0.0526917 0.0
0.850644 -0.083336 0.0
0.871871 0.0862451 0.0
0.963442 -0.0222717 0.0
1.04441 -0.0562523 0.0
0.884111 -0.0778494 0.0
1.03232 -0.0738194 0.0
0.776963 0.332086 0.0
0.907107 -0.0692316 0.0
0.82054 0.0952239 0.0
0.794141 0.0960885 0.0
0.860253 -0.0820547 0.0
0.884792 0.0833308 0.0
0.998566 -0.00958411 0.0
0.912331 0.2439 0.0
0.848127 0.0846593 0.0
0.827215 0.0949115 0.0
0.975596 0.0448774 0.0
0.498231 -0.397366 0.0
1.02198 0.0345373 0.0
0.85004 -0.0870768 0.0
0.935011 0.0593655 0.0
0.910425 0.0762348 0.0
0.947909 -0.0481034 0.0
0.817895 -0.0909879 0.0
0.734829 0.0948378 0.0
0.466512 0.411047 0.0
0.963451 0.0524547 0.0
0.833866 0.095158 0.0
0.832449 -0.0896242 0.0
0.781523 -0.0919114 0.0
1.04035 -0.104352 0.0
0.911399 0.0759282 0.0
0.112159 -0.23511 0.0
0.96736 -0.0193017 0.0
0.981238 -0.0118258 0.0
0.974739 0.0451929 0.0
0.849136 -0.0833283 0.0
0.812081 0.0947031 0.0
0.946043 -0.048944 0.0
0.862936 -0.0814909 0.0
0.867042 0.0879514 0.0
0.921718 0.0717718 0.0
0.775827 0.100334 0.0
0.788577 -0.000969168 0.0
0.86499 0.246723 0.0
1.04116 -0.0350454 0.0
0.994184 0.0309752 0.0
0.916027 0.0740507 0.0
0.820911 -0.0902721 0.0
0.97682 -0.0318737 0.0
0.859257 -0.0846542 0.0
0.946161 -0.0346552 0.0
0.625932 -0.367012 0.0
0.774413 0.100462 0.0
0.948107 0.0509387 0.0
0.891331 0.0822695 0.0
0.796535 -0.0904108 0.0
0.737741 0.0949684 0.0
0.885611 0.0823587 0.0
1.01862 0.10426 0.0
0.836586 0.0108015 0.0
1.02111 -0.0235768 0.0
0.950485 0.0498238 0.0
1.02538 0.0726813 0.0
1.02579 0.077507 0.0
0.755791 -0.0913008 0.0
0.90141 0.0697668 0.0
0.985356 -0.00361216 0.0
0.75784 0.100744 0.0
0.932926 -0.0502129 0.0
0.919232 0.072557 0.0
0.388146 -0.333357 0.0
0.779532 -0.0928802 0.0
0.871152 -0.0816044 0.0
0.964277 -0.0397306 0.0
0.889776 0.0807069 0.0
0.951272 -0.0490595 0.0
0.758077 0.0954319 0.0
0.81842 -0.0921393 0.0
0.964093 0.0522537 0.0
0.803792 0.0945249 0.0
0.921622 0.0702742 0.0
0.906205 -0.0703391 0.0
0.870685 -0.0775873 0.0
0.901283 0.238694 0.0
0.829482 0.0955197 0.0
0.88277 0.0675298 0.0
0.55505 0.173419 0.0
0.905428 -0.0693974 0.0
0.866735 0.0874286 0.0
0.986469 0.168048 0.0
0.845265 0.0232288 0.0
0.944504 -0.0521608 0.0
0.738094 0.0839753 0.0
0.852654 -0.0844655 0.0
0.779828 -0.0931013 0.0
0.828481 0.0957243 0.0
0.6248 -0.102896 0.0
1.04499 -0.0716113 0.0
0.956808 0.0557051 0.0
0.922707 0.0699957 0.0
0.995438 0.0302798 0.0
0.917544 -0.0651733 0.0
1.02487 0.000241022 0.0
1.04249 -0.0363561 0.0
0.944355 -0.0491562 0.0
0.973279 0.170815 0.0
0.915351 -0.0663802 0.0
0.936305 -0.0422298 0.0
0.85565 -0.0837686 0.0
0.907113 -0.0690733 0.0
0.342671 -0.132881 0.0
0.915219 -0.0622631 0.0
0.858755 0.278304 0.0
0.72873 0.0837098 0.0
0.954108 -0.038146 0.0
1.02924 -0.0090112 0.0
0.986212 -0.0237133 0.0
0.996579 -0.010827 0.0
0.991062 -0.0184717 0.0
0.800254 0.099936 0.0
1.04162 -0.0658335 0.0
0.855336 -0.0857448 0.0
0.992875 0.0274383 0.0
1.03008 -0.0692796 0.0
0.828391 -0.00395069 0.0
1.0195 0.0994512 0.0
0.838848 0.0800354 0.0
1.01812 -0.0288657 0.0
0.872831 -0.0787121 0.0
0.809705 0.0943225 0.0
0.866815 -0.0802946 0.0
0.705913 -0.289605 0.0
0.912956 -0.0628652 0.0
0.863149 0.0846573 0.0
0.678426 0.00156972 0.0
0.867711 -0.0826643 0.0
0.863425 0.0827212 0.0
0.832625 0.0785549 0.0
0.960028 0.0547144 0.0
0.853804 -0.0842312 0.0
0.953779 0.18519 0.0
0.714675 0.308186 0.0
0.973642 -0.033278 0.0
0.735843 0.0802315 0.0
1.03481 -0.117669 0.0
0.828095 0.0922218 0.0
0.864569 0.083386 0.0
0.811282 -0.329066 0.0
0.957864 0.042992 0.0
0.925269 0.0635569 0.0
0.93185 0.0612676 0.0
0.922931 0.0701881 0.0
0.898328 0.0589917 0.0
0.781682 0.0928242 0.0
0.217719 0.143807 0.0
0.123214 0.276069 0.0
0.771243 -0.091274 0.0
0.744083 -0.0962487 0.0
0.91607 -0.0663787 0.0
0.570261 0.288104 0.0
0.857966 -0.081915 0.0
0.965865 0.0442714 0.0
0.861149 0.27345 0.0
0.541722 0.375307 0.0
0.713523 -0.0449901 0.0
0.29004 0.0950645 0.0
0.958145 -0.038619 0.0
0.790999 0.0916226 0.0
0.835016 0.298851 0.0
0.870709 0.0876827 0.0
0.841357 0.0810103 0.0
1.00871 0.0170179 0.0
0.774954 -0.0919243 0.0
0.724093 0.0765167 0.0
0.899845 -0.0731287 0.0
0.956919 -0.0365084 0.0
0.795634 0.0943138 0.0
0.300491 0.306262 0.0
0.815784 -0.082774 0.0
1.04096 -0.0447572 0.0
0.778581 -0.095267 0.0
0.722395 0.0920919 0.0
0.732689 0.0984071 0.0
0.946188 -0.0518903 0.0
0.900194 0.0781036 0.0
0.740593 -0.0924503 0.0
0.703296 0.113693 0.0
1.02147 -0.0264905 0.0
0.990949 -0.0175678 0.0
0.869106 -0.079657 0.0
0.869665 0.0811229 0.0
0.981222 -0.00740291 0.0
0.955479 0.204486 0.0
0.874972 0.257508 0.0
0.950864 0.0582583 0.0
0.902697 0.249262 0.0
0.0467793 0.0649086 0.0
0.850974 0.290883 0.0
0.884795 0.265406 0.0
0.816055 0.0972657 0.0
0.825007 0.0956718 0.0
0.82936 -0.0887174 0.0
0.853661 -0.0845998 0.0
0.959788 -0.0373 0.0
0.868991 0.0735409 0.0
0.790704 0.000962263 0.0
0.996705 -0.0120962 0.0
1.00193 0.144925 0.0
0.756251 0.0977368 0.0
1.02887 -0.123486 0.0
0.912953 0.244814 0.0
0.825188 -0.09012 0.0
0.864725 -0.0808663 0.0
1.00596 0.0252494 0.0
0.86686 0.0846297 0.0
0.862042 0.281512 0.0
0.939345 0.213527 0.0
0.77827 -0.0920725 0.0
0.888017 0.0767901 0.0
0.868612 0.0843142 0.0
0.952446 -0.0483077 0.0
0.916999 0.0717376 0.0
0.710178 0.0905056 0.0
0.918268 0.0711934 0.0
0.755538 0.0945976 0.0
0.716398 0.0857467 0.0
0.819984 -0.0902167 0.0
0.795823 -0.0922337 0.0
0.866119 0.088174 0.0
0.978229 0.161398 0.0
0.685017 -0.105807 0.0
0.905365 0.0688501 0.0
0.785023 -0.31792 0.0
0.786212 0.10023 0.0
0.812962 -0.0912194 0.0
1.03531 -0.106426 0.0
0.918301 0.0728584 0.0
1.04126 -0.0466001 0.0
0.766844 -0.0909247 0.0
0.913496 0.0744912 0.0
0.741612 -0.0941024 0.0
0.914266 0.0743667 0.0
0.725679 -0.276793 0.0
0.685251 0.130346 0.0
0.961797 -0.0391101 0.0
0.561275 -0.178962 0.0
0.974718 -0.0330012 0.0
0.867595 0.0818327 0.0
1.01765 0.0873828 0.0
0.751639 -0.300614 0.0
0.865569 -0.0821645 0.0
0.866308 0.0829871 0.0
0.722938 -0.0720601 0.0
0.829103 0.0950719 0.0
0.68949 0.0918456 0.0
0.764061 0.100871 0.0
0.797237 0.294966 0.0
1.00229 0.0226174 0.0
1.02345 0.00130255 0.0
0.709802 0.0751985 0.0
0.852096 -0.0841829 0.0
0.89709 -0.0678896 0.0
1.02805 -0.00769843 0.0
0.728682 0.0968887 0.0
0.829831 0.0912705 0.0
0.963267 -0.0379427 0.0
0.830987 0.0913201 0.0
1.03077 -0.0153512 0.0
0.754247 0.0979355 0.0
0.81187 0.0823652 0.0
1.0127 0.00896142 0.0
0.843304 0.0831611 0.0
0.950757 0.0477329 0.0
0.890629 0.0824932 0.0
0.744427 0.342835 0.0
0.865993 0.0842112 0.0
0.920772 0.0720399 0.0
0.954154 0.045013 0.0
0.479589 -0.0668862 0.0
1.02196 -0.0861463 0.0
1.03122 -0.117715 0.0
0.902375 -0.0724324 0.0
0.947601 0.214718 0.0
0.892798 0.0611486 0.0
0.818295 0.0829579 0.0
1.01192 -0.0551678 0.0
0.704642 0.086284 0.0
0.899267 0.0783289 0.0
0.78385 -0.00495826 0.0
0.776707 0.317863 0.0
0.764981 0.329762 0.0
1.01979 0.0230033 0.0
0.720678 -0.00925053 0.0
1.00401 0.0203958 0.0
0.706034 0.325791 0.0
0.745491 0.085134 0.0
0.848534 0.247801 0.0
1.02051 0.0679381 0.0
0.872152 0.249281 0.0
0.880692 -0.0764032 0.0
0.918674 -0.0649141 0.0
0.854436 -0.0837084 0.0
1.01694 0.116704 0.0
0.993881 -0.0133399 0.0
1.00236 0.142305 0.0
0.803401 -0.268 0.0
0.557661 0.411245 0.0
0.887769 -0.0766204 0.0
0.806829 0.0980044 0.0
0.814257 -0.0909669 0.0
0.765233 0.0902646 0.0
0.748866 0.348897 0.0
0.524293 0.0111718 0.0
1.0064 0.0370904 0.0
0.717285 0.0960495 0.0
0.991781 -0.0160823 0.0
0.765764 0.334523 0.0
0.302722 -0.159596 0.0
1.00716 0.136707 0.0
0.830588 -0.0886634 0.0
0.968658 -0.0376228 0.0
0.731822 0.0742053 0.0
0.951403 -0.0491767 0.0
0.907045 -0.0702833 0.0
0.718755 0.0730353 0.0
0.723302 -0.250405 0.0
0.50652 0.4106 0.0
0.80237 0.0948776 0.0
0.810283 0.0966427 0.0
1.03435 -0.0195894 0.0
0.597633 0.0963328 0.0
0.965669 -0.0388389 0.0
0.138379 -0.191491 0.0
0.913574 -0.0579107 0.0
0.848618 -0.0796592 0.0
0.722553 -0.0907435 0.0
0.826381 -0.0901432 0.0
0.878487 -0.0777316 0.0
0.838992 -0.0885282 0.0
1.01782 0.0797127 0.0
0.688843 -0.00511632 0.0
0.752467 0.331797 0.0
0.732258 0.309331 0.0
0.99011 -0.00927853 0.0
0.670159 -0.0882639 0.0
0.665499 0.0323691 0.0
0.96265 0.0181147 0.0
0.333907 -0.33041 0.0
0.966787 0.0143261 0.0
0.788395 0.0985812 0.0
0.404046 0.297349 0.0
1.00016 -0.00602862 0.0
0.612148 0.273121 0.0
0.396156 0.237358 0.0
0.976488 0.00196325 0.0
0.826261 -0.0799721 0.0
0.805937 0.288837 0.0
0.790932 0.0901494 0.0
0.776098 -0.0911393 0.0
0.912733 0.0747463 0.0
0.778028 -0.0906842 0.0
0.865701 -0.0819381 0.0
0.985395 0.154592 0.0
0.860586 0.0687475 0.0
0.772078 -0.0899895 0.0
0.723525 0.276438 0.0
0.814929 0.0817288 0.0
0.857287 0.0947355 0.0
0.794713 -0.000452385 0.0
0.66205 0.0223928 0.0
0.727984 0.0677961 0.0
0.738974 -0.0889971 0.0
0.234827 -0.271086 0.0
0.700953 -0.14226 0.0
0.705571 -0.366802 0.0
0.792253 -0.339123 0.0
0.906769 -0.268596 0.0
0.828247 1.32859e-06 0.0
0.828609 -0.000444999 0.0
0.828515 -0.000406867 0.0
0.828743 -0.000477535 0.0
0.828542 -0.000392402 0.0
0.82491 0.00332303 0.0
0.829148 -0.000813909 0.0
0.82959 0.00151552 0.0
0.829808 0.00172573 0.0
0.828251 1.87473e-08 0.0
0.82825 5.05463e-08 0.0
0.82839 0.0014171 0.0
0.828384 -0.000488044 0.0
0.828249 3.76407e-07 0.0
0.828251 8.64561e-10 0.0
0.828251 -8.61955e-10 0.0
0.827929 3.29141e-05 0.0
0.831221 -0.00210344 0.0
0.83092 0.00236145 0.0
0.830251 -0.00262937 0.0
0.818782 0.00311509 0.0
0.82617 -0.000239324 0.0
0.830904 -0.00345483 0.0
0.826934 0.00212062 0.0
0.83024 0.00307588 0.0
0.840643 0.000681058 0.0
0.840238 -0.00271693 0.0
0.842017 -0.00158318 0.0
0.829225 0.00343027 0.0
0.825286 0.00192748 0.0
0.82899 -0.00252278 0.0
0.817326 -0.00181908 0.0
0.831059 0.00449665 0.0
0.822768 0.00157689 0.0
0.840091 -0.00530007 0.0
0.834193 0.00415429 0.0
0.834107 0.00575928 0.0
0.816661 0.00319465 0.0
0.838572 0.00476414 0.0
0.814153 0.000811848 0.0
0.96939 0.0496452 0.0
0.837862 0.0170318 0.0
0.814365 -0.000860374 0.0
0.827592 -0.0124085 0.0
0.886731 0.0841803 0.0
0.862668 0.0900238 0.0
0.820663 -0.0135118 0.0
0.817239 -0.00131877 0.0
0.816402 -0.00757576 0.0
0.967531 -0.037905 0.0
0.873345 -0.0812677 0.0
0.837518 0.293118 0.0
0.849846 0.0094807 0.0
0.927112 0.0700754 0.0
0.906097 -0.0706077 0.0
0.878909 0.0857823 0.0
0.831751 -0.0266598 0.0
0.790891 0.0196963 0.0
0.898153 0.0802075 0.0
0.867917 0.0875878 0.0
0.969118 0.0490675 0.0
0.812185 -0.0179697 0.0
0.835585 -0.0342656 0.0
0.964396 0.0514747 0.0
0.802327 0.00833242 0.0
0.789067 0.0050184 0.0
0.791222 0.0487177 0.0
0.958044 -0.0453397 0.0
0.878139 0.0838203 0.0
0.978227 -0.0307199 0.0
0.871358 -0.0331736 0.0
0.924538 0.0700297 0.0
0.893468 -0.0252584 0.0
0.793912 0.0101695 0.0
1.01915 0.00792357 0.0
1.02009 0.0076371 0.0
0.873224 0.0160885 0.0
0.825242 -0.0912799 0.0
0.863304 0.0857904 0.0
0.931264 -0.0597872 0.0
0.84003 -0.042199 0.0
0.784024 -0.00718255 0.0
0.82646 0.0220486 0.0
0.991677 0.0337632 0.0
0.817507 0.0973449 0.0
1.02659 0.0646099 0.0
1.01454 0.0123784 0.0
0.853053 -0.0419449 0.0
0.947142 -0.0512832 0.0
0.909556 -0.0123082 0.0
0.991995 0.0337621 0.0
0.992448 0.0329041 0.0
0.830574 0.0951815 0.0
0.772212 -0.0175221 0.0
0.896361 0.0900422 0.0
0.924109 -0.0162489 0.0
0.779525 -0.0389274 0.0
0.876301 -0.0804494 0.0
0.97131 0.0437662 0.0
0.925544 -0.00655339 0.0
0.960206 -0.0438319 0.0
0.772503 -0.0370146 0.0
1.02588 -0.00140051 0.0
0.838153 -0.0542761 0.0
0.949078 -0.0501278 0.0
0.91079 -0.0683559 0.0
0.842565 0.0914091 0.0
0.859953 0.0247409 0.0
0.919442 -0.064952 0.0
1.02168 0.0320152 0.0
0.805469 0.0988337 0.0
0.930466 -0.0153117 0.0
0.812073 0.0972321 0.0
0.752508 0.121497 0.0
0.768949 0.137261 0.0
0.934833 -0.00125619 0.0
0.810747 -0.0630129 0.0
0.973886 -0.0305107 0.0
0.971605 -0.0297836 0.0
0.85374 -0.0862362 0.0
1.01874 0.0228023 0.0
0.775244 -0.0954066 0.0
0.836674 0.0925068 0.0
0.879746 -0.0795245 0.0
0.961558 0.0425193 0.0
0.892115 -0.0481361 0.0
0.935345 -0.0368586 0.0
0.937972 0.0114332 0.0
1.02483 -0.000881168 0.0
0.940812 -0.0163677 0.0
0.848491 -0.0868438 0.0
0.741669 -0.0131749 0.0
0.726865 0.0152852 0.0
1.04639 -0.0790778 0.0
0.805403 -0.0674743 0.0
0.808206 -0.128014 0.0
0.856381 -0.0594592 0.0
0.585968 -0.0370116 0.0
0.928813 -0.0333259 0.0
0.873221 0.0798501 0.0
1.02504 0.083997 0.0
0.795144 0.195978 0.0
0.953356 -0.0175091 0.0
0.759639 0.0458687 0.0
1.04631 -0.0742496 0.0
1.047 -0.074133 0.0
0.929733 -0.0601702 0.0
0.929645 -0.0598697 0.0
0.800111 -0.156316 0.0
0.940109 -0.0264271 0.0
0.785437 0.0994742 0.0
0.771929 0.0582365 0.0
0.780024 0.0602714 0.0
0.999689 0.0215129 0.0
0.737843 0.05546 0.0
0.851401 0.0510694 0.0
0.807425 -0.0722033 0.0
0.814164 -0.0745584 0.0
0.810076 -0.0745727 0.0
1.02393 0.0892197 0.0
0.940267 0.140021 0.0
0.931757 -0.0388036 0.0
0.747342 -0.0531875 0.0
0.785481 0.0988174 0.0
0.834931 -0.085177 0.0
0.903825 -0.268952 0.0
0.910223 -0.259707 0.0
0.799825 -0.182315 0.0
0.49214 -0.0918526 0.0
0.421207 -0.0478646 0.0
0.539739 -0.129391 0.0
0.56834 -0.135504 0.0
0.232078 0.163038 0.0
0.662173 -0.00986938 0.0
0.937604 0.159118 0.0
0.926214 0.0613549 0.0
0.970663 -0.00721214 0.0
0.848605 -0.0736119 0.0
0.928341 0.0380923 0.0
0.314098 0.204527 0.0
0.777731 0.0997583 0.0
0.891522 -0.0575516 0.0
0.861148 -0.0683429 0.0
1.0261 0.0843268 0.0
1.04502 -0.0692148 0.0
0.967417 -0.0173505 0.0
0.76872 0.0768429 0.0
0.835389 0.0723799 0.0
0.918349 0.192992 0.0
0.67068 -0.0733582 0.0
0.954727 -0.0268272 0.0
0.366024 -0.0851033 0.0
0.994339 0.100875 0.0
0.660821 0.0925612 0.0
1.04262 -0.0427387 0.0
0.796051 -0.335387 0.0
0.975863 0.00354403 0.0
0.993275 0.123649 0.0
0.932098 0.0438852 0.0
0.933639 0.0418679 0.0
0.700392 0.291138 0.0
0.894542 0.0665025 0.0
0.581859 0.0515664 0.0
0.978451 -0.03525 0.0
0.972048 -0.0827096 0.0
0.999348 0.129327 0.0
0.893076 -0.0741996 0.0
0.893111 -0.0738051 0.0
1.02583 0.079869 0.0
0.698429 -0.0899537 0.0
0.99787 0.0307727 0.0
0.874384 -0.071511 0.0
0.985091 -0.0900514 0.0
0.848894 -0.223505 0.0
0.740185 -0.0809955 0.0
0.785409 0.0900246 0.0
0.865444 -0.0741708 0.0
1.02385 0.0834712 0.0
0.873641 -0.0805552 0.0
0.73694 -0.0855519 0.0
0.714002 -0.0900079 0.0
0.716797 -0.0921996 0.0
0.731914 -0.0863156 0.0
0.767992 -0.0892947 0.0
0.766003 -0.0883745 0.0
0.75504 -0.0893483 0.0
0.753182 -0.0894873 0.0
0.998712 -0.0360727 0.0
0.820506 -0.303043 0.0
0.995801 -0.108034 0.0
0.780211 -0.0904939 0.0
0.867751 -0.0764675 0.0
0.890958 -0.248547 0.0
1.00879 -0.0385962 0.0
1.01878 -0.0807183 0.0
1.04167 -0.0986421 0.0
0.974721 -0.19111 0.0
1.00028 -0.174596 0.0
SCALARS mach double 1
LOOKUP_TABLE default
0.595991
0.833921
0.825502
0.699964
0.762332
0.730853
0.790548
0.702517
0.668171
0.767167
0.886984
0.714432
0.69015
0.713046
0.855436
0.62685
0.724669
0.418157
0.723905
0.826749
0.735646
0.7
0.709687
0.699988
0.803857
0.825156
0.610246
0.701305
0.699288
0.890995
0.699857
0.793468
0.778004
0.853698
0.758886
0.726697
0.793038
0.813146
0.718104
0.84887
0.697601
0.697254
0.878803
0.865116
0.643653
0.719688
0.672512
0.70597
0.724632
0.889496
0.700587
0.830602
0.731782
0.890149
0.816043
0.82295
0.708852
0.71148
0.698509
0.733835
0.870052
0.836817
0.699687
0.810784
0.720755
0.869226
0.707833
0.814678
0.556847
0.700408
0.776216
0.735465
0.672016
0.669936
0.708839
0.882604
0.699582
0.613212
0.702035
0.761643
0.824647
0.688116
0.721286
0.779839
0.656583
0.700676
0.71932
0.718228
0.7
0.7
0.742112
0.770417
0.639228
0.834661
0.886235
0.676049
0.892481
0.798426
0.703377
0.864256
0.724351
0.836534
0.827379
0.87867
0.775914
0.854388
0.567364
0.878542
0.805571
0.662872
0.699998
0.69591
0.638768
0.701825
0.913226
0.699953
0.862498
0.702997
0.832237
0.699867
0.69916
0.861327
0.745057
0.699169
0.87502
0.628088
0.875581
0.611698
0.825743
0.886431
0.801335
0.891565
0.733987
0.649955
0.718955
0.789126
0.758185
0.700375
0.684241
0.499662
0.618884
0.702537
0.761162
0.795285
0.699652
0.758057
0.667336
0.817834
0.698661
0.737212
0.771326
0.822968
0.768103
0.675032
0.699722
0.698985
0.859339
0.785939
0.705601
0.644811
0.704378
0.858239
0.671808
0.29352
0.666801
0.880714
0.640363
0.89575
0.701684
0.696478
0.700737
0.675769
0.700205
0.897622
0.648542
0.641759
0.630531
0.702091
0.699178
0.607504
0.865354
0.468616
0.855074
0.818541
0.627612
0.704536
0.695089
0.867282
0.84235
0.703191
0.676527
0.710564
0.670827
0.843753
0.674681
0.569627
0.71819
0.722875
0.575222
0.77702
0.619019
0.793309
0.582559
0.701189
0.780482
0.728895
0.690635
0.805473
0.67368
0.825569
0.883531
0.7
0.583554
0.83704
0.783063
0.656752
0.783452
0.743342
0.758876
0.799827
0.670413
0.183469
0.754119
0.69505
0.883753
0.859131
0.875763
0.681025
0.780411
0.798656
0.858235
0.825154
0.749569
0.806892
0.69784
0.7
0.779462
0.699999
0.698897
0.677123
0.69394
0.670183
0.758133
0.896413
0.70065
0.703047
0.800939
0.700875
0.818363
0.712103
0.662208
0.834819
0.690888
0.748056
0.758156
0.727782
0.699422
0.773131
0.702171
0.6882
0.681281
0.896896
0.60647
0.881314
0.709299
0.700355
0.742723
0.647478
0.806552
0.728711
0.781651
0.696641
0.714776
0.700155
0.843497
0.29871
0.723619
0.783871
0.635632
0.618113
0.815465
0.814309
0.706928
0.842239
0.745854
0.785326
0.702719
0.702295
0.69936
0.7
0.710537
0.792189
0.810145
0.683818
0.789114
0.640043
0.846047
0.67088
0.74638
0.83899
0.735583
0.850584
0.619223
0.557509
0.631326
0.631006
0.718868
0.573611
0.793426
0.740554
0.701918
0.88268
0.805108
0.866503
0.701234
0.704606
0.693608
0.737866
0.714964
0.793169
0.699994
0.868387
0.722376
0.699312
0.821953
0.661528
0.744821
0.715569
0.792673
0.699151
0.715651
0.700004
0.7
0.700711
0.632813
0.791738
0.104329
0.741211
0.704143
0.88184
0.698924
0.689986
0.699986
0.679366
0.699999
0.876775
0.678892
0.700757
0.771222
0.775935
0.642435
0.687194
0.8919
0.820302
0.773816
0.90723
0.69362
0.0944208
0.669198
0.881044
0.7
0.689837
0.700767
0.701463
0.702753
0.683243
0.795795
0.733599
0.694524
0.7
0.686583
0.7
0.680387
0.732648
0.679911
0.700584
0.726669
0.706469
0.721147
0.738366
0.78229
0.699833
0.618566
0.884028
0.735828
0.831299
0.685302
0.696441
0.730354
0.879912
0.739002
0.754268
0.815962
0.700495
0.807833
0.770487
0.862052
0.810156
0.813514
0.844273
0.734984
0.628636
0.807686
0.698675
0.7462
0.892345
0.713596
0.67815
0.810834
0.686134
0.655847
0.773308
0.678731
0.700043
0.618941
0.700721
0.697926
0.861501
0.652064
0.7
0.775464
0.686913
0.727891
0.734115
0.700604
0.751715
0.894275
0.7
0.700302
0.805608
0.863232
0.700544
0.737911
0.700938
0.702104
0.750141
0.888086
0.724313
0.66937
0.793018
0.826197
0.670862
0.740456
0.703322
0.617144
0.694695
0.757953
0.660058
0.806972
0.684876
0.697106
0.845074
0.697975
0.699208
0.744017
0.708
0.702044
0.697404
0.855177
0.675056
0.687993
0.324545
0.699924
0.62291
0.693851
0.677437
0.727929
0.734398
0.694391
0.850305
0.594928
0.792658
0.658409
0.424981
0.6998
0.7
0.847943
0.667855
0.768009
0.874853
0.810933
0.789721
0.895635
0.660416
0.644898
0.699592
0.697406
0.85517
0.73254
0.693308
0.686815
0.698594
0.768596
0.816489
0.891969
0.835488
0.629202
0.70234
0.864781
0.689385
0.602834
0.7
0.85422
0.753068
0.771378
0.80668
0.847867
0.652073
0.807805
0.633027
0.69717
0.720412
0.900473
0.692704
0.778632
0.828984
0.891061
0.780146
0.699815
0.846371
0.700447
0.586487
0.699499
0.815726
0.825544
0.699604
0.707603
0.749257
0.799167
0.736865
0.771252
0.6999
0.699712
0.875774
0.840094
0.718512
0.795719
0.735922
0.849456
0.776454
0.668719
0.881472
0.885687
0.75702
0.869111
0.491684
0.697311
0.723289
0.697722
0.686381
0.694054
0.613855
0.764407
0.70378
0.771466
0.888093
0.695894
0.699943
0.514919
0.701227
0.694644
0.7
0.596976
0.507216
0.827274
0.840567
0.889069
0.762952
0.7012
0.707421
0.710569
0.865332
0.646658
0.694734
0.760331
0.696272
0.877926
0.784693
0.764069
0.877878
0.507473
0.639738
0.7
0.766603
0.739026
0.625252
0.797707
0.707235
0.792337
0.668617
0.879225
0.749351
0.412696
0.679524
0.699938
0.708891
0.750978
0.757107
0.648358
0.890049
0.885644
0.717845
0.788697
0.87805
0.600465
0.754012
0.441817
0.855232
0.7
0.697937
0.775854
0.759663
0.886442
0.674899
0.711959
0.781524
0.80165
0.884062
0.882681
0.746146
0.66152
0.691371
0.694434
0.795249
0.703744
0.7
0.887234
0.599216
0.846541
0.466676
0.772202
0.716052
0.687196
0.696088
0.72478
0.612573
0.875176
0.802584
0.643009
0.7
0.73147
0.746945
0.783817
0.69972
0.699394
0.748885
0.750699
0.7
0.492526
0.595124
0.699245
0.699233
0.820424
0.621826
0.730515
0.788689
0.653225
0.68696
0.730383
0.806958
0.753772
0.67829
0.700325
0.710451
0.873392
0.688316
0.614877
0.707441
0.790618
0.830149
0.763034
0.699725
0.800733
0.819784
0.795261
0.525108
0.69649
0.704614
0.711037
0.7519
0.699578
0.69173
0.728685
0.909034
0.667572
0.700033
0.74073
0.867908
0.723834
0.864713
0.690178
0.69539
0.729971
0.7
0.796777
0.604592
0.7
0.729194
0.693895
0.673853
0.873764
0.791116
0.665752
0.706454
0.726272
0.711669
0.562113
0.702859
0.7
0.762803
0.699495
0.719426
0.819314
0.735014
0.626646
0.813611
0.834774
0.854689
0.771246
0.759243
0.824938
0.710921
0.747752
0.77091
0.696064
0.700036
0.852745
0.709382
0.651956
0.668465
0.599064
0.64457
0.790039
0.7
0.699707
0.777707
0.64781
0.7
0.747991
0.598107
0.9097
0.689493
0.736947
0.807254
0.804898
0.699499
0.702193
0.756277
0.816564
0.797697
0.79176
0.820255
0.699832
0.689475
0.7
0.86973
0.718392
0.843626
0.732889
0.749674
0.761793
0.700123
0.697902
0.82348
0.876788
0.718164
0.892343
0.771205
0.720477
0.771713
0.7
0.7
0.857232
0.859957
0.69024
0.82663
0.844671
0.770174
0.578806
0.756524
0.752667
0.805463
0.814025
0.571106
0.61647
0.874961
0.705209
0.699192
0.68893
0.698659
0.661104
0.793015
0.637256
0.883328
0.840131
0.662263
0.794748
0.768311
0.891895
0.632177
0.708054
0.658442
0.715748
0.756809
0.675188
0.855507
0.843964
0.734584
0.481093
0.792853
0.748813
0.746052
0.807999
0.706942
0.854684
0.833288
0.697071
0.870622
0.667163
0.740252
0.686698
0.7
0.887173
0.720003
0.825117
0.792879
0.777205
0.786713
0.762089
0.732003
0.709526
0.5736
0.789692
0.739046
0.681481
0.427837
0.831474
0.722511
0.701261
0.577832
0.740267
0.704089
0.386132
0.69332
0.699528
0.856293
0.849495
0.700019
0.699871
0.802211
0.710895
0.815605
0.785029
0.694171
0.618673
0.7
0.693614
0.889219
0.733797
0.835746
0.69847
0.748503
0.645714
0.788155
0.699966
0.867652
0.672156
0.867806
0.699376
0.780536
0.768445
0.687894
0.294504
0.881534
0.700835
0.702151
0.772503
0.715442
0.714478
0.882195
0.700037
0.726168
0.691065
0.693992
0.699471
0.737854
0.777781
0.716997
0.892537
0.634935
0.683643
0.700146
0.722405
0.437346
0.870857
0.686623
0.804761
0.880765
0.776653
0.7
0.712115
0.742448
0.642102
0.7
0.704117
0.671508
0.703036
0.717263
0.884366
0.878428
0.686318
0.709253
0.698677
0.699888
0.322864
0.615245
0.750008
0.700505
0.445514
0.5373
0.860207
0.827708
0.706814
0.687125
0.765727
0.684899
0.588652
0.548427
0.755557
0.672286
0.690745
0.833206
0.690582
0.71054
0.711524
0.453024
0.699622
0.759221
0.658359
0.780263
0.705355
0.708993
0.739285
0.858107
0.861341
0.823206
0.774655
0.830024
0.771956
0.818097
0.704124
0.605099
0.701194
0.819221
0.814641
0.699958
0.850372
0.743027
0.625325
0.849321
0.844541
0.736859
0.760953
0.699965
0.662322
0.700468
0.69999
0.702307
0.604007
0.645884
0.525726
0.826504
0.81235
0.690464
0.72816
0.80172
0.640874
0.828961
0.7
0.768766
0.701887
0.809971
0.624166
0.694097
0.798416
0.7
0.4954
0.6512
0.633497
0.699403
0.761648
0.823682
0.699912
0.858728
0.661989
0.558459
0.614197
0.709956
0.684141
0.737228
0.725138
0.764617
0.892026
0.62842
0.751126
0.826538
0.665998
0.793196
0.68644
0.703917
0.724977
0.700366
0.699993
0.669333
0.725488
0.602917
0.688568
0.7
0.731716
0.704168
0.877253
0.860859
0.752817
0.839527
0.818628
0.786604
0.69458
0.761757
0.572198
0.718689
0.738164
0.688945
0.881699
0.792637
0.663864
0.638858
0.771116
0.858981
0.629564
0.636035
0.700247
0.654469
0.894856
0.848503
0.698391
0.707665
0.802665
0.696052
0.761479
0.700161
0.676805
0.873747
0.700303
0.791559
0.909974
0.700418
0.884621
0.783445
0.716678
0.699756
0.700669
0.684011
0.689188
0.712856
0.744852
0.653417
0.670153
0.634221
0.736991
0.636936
0.763794
0.709199
0.700353
0.700462
0.709527
0.708154
0.848198
0.879458
0.697197
0.709718
0.750424
0.607223
0.770678
0.843839
0.699965
0.880902
0.665567
0.724161
0.778301
0.644419
0.883717
0.86869
0.779158
0.69047
0.741707
0.763999
0.833153
0.700006
0.693089
0.699796
0.810623
0.722268
0.729929
0.705616
0.692847
0.673162
0.695608
0.772137
0.747153
0.736633
0.879246
0.838414
0.80259
0.663585
0.701648
0.672345
0.709031
0.744294
0.808051
0.751398
0.805235
0.705747
0.819733
0.736758
0.652465
0.707691
0.834189
0.69983
0.84702
0.8426
0.738828
0.853891
0.707007
0.735084
0.739799
0.790197
0.696244
0.699831
0.699257
0.699886
0.706454
0.63861
0.605065
0.660249
0.795194
0.701494
0.729557
0.707262
0.877444
0.353546
0.898391
0.650573
0.851458
0.69218
0.714744
0.814222
0.891728
0.700053
0.726572
0.697006
0.699638
0.788943
0.696255
0.755805
0.796653
0.87341
0.696585
0.874439
0.69619
0.819208
0.868191
0.517022
0.696775
0.730169
0.76143
0.556273
0.742305
0.698804
0.700525
0.356522
0.676643
0.831019
0.750851
0.673412
0.69553
0.687786
0.747646
0.826206
0.666449
0.648328
0.757079
0.714882
0.801789
0.778108
0.761927
0.680661
0.735161
0.638616
0.708757
0.690525
0.779634
0.649166
0.700048
0.637218
0.700048
0.838675
0.706924
0.800388
0.748223
0.860348
0.656175
0.656016
0.67733
0.798181
0.798242
0.792101
0.889516
0.775544
0.730421
0.890929
0.548292
0.799138
0.701782
0.68685
0.684534
0.866222
0.724002
0.817945
0.795383
0.689706
0.728903
0.705634
0.625269
0.768026
0.715514
0.700141
0.755657
0.844504
0.848653
0.699755
0.848663
0.868647
0.822807
0.848408
0.697997
0.651201
0.699945
0.7
0.686844
0.777384
0.7179
0.703349
0.643819
0.700124
0.702228
0.883192
0.879481
0.672891
0.759891
0.856376
0.597982
0.791893
0.697158
0.705092
0.697892
0.738945
0.641946
0.892863
0.670302
0.872798
0.71824
0.70235
0.824028
0.772587
0.694696
0.635476
0.601515
0.715831
0.700188
0.684087
0.699997
0.843529
0.7
0.7
0.67829
0.700258
0.605232
0.701115
0.685313
0.66784
0.702279
0.680976
0.757457
0.690589
0.672304
0.687199
0.699787
0.690811
0.700125
0.844109
0.696454
0.715051
0.643595
0.837002
0.78952
0.69248
0.78966
0.724524
0.666177
0.827039
0.788977
0.690852
0.690488
0.57492
0.675286
0.654198
0.392939
0.801609
0.824139
0.812816
0.754115
0.758554
0.682664
0.70222
0.700008
0.658429
0.760024
0.696954
0.844892
0.831796
0.619074
0.725418
0.782305
0.319002
0.638869
0.701503
0.805958
0.735672
0.7647
0.775246
0.822125
0.850332
0.698428
0.664177
0.699943
0.700104
0.626049
0.800317
0.862774
0.671906
0.8576
0.695155
0.752129
0.707888
0.790885
0.879044
0.1647
0.774164
0.694378
0.617427
0.799566
0.584648
0.700974
0.62503
0.75331
0.7
0.692971
0.872982
0.699976
0.62892
0.642264
0.62036
0.761034
0.85349
0.699422
0.878076
0.831031
0.873996
0.72392
0.796339
0.606066
0.632659
0.645444
0.755386
0.62735
0.706734
0.64796
0.702466
0.853229
0.675529
0.819263
0.801038
0.7
0.761343
0.807608
0.699172
0.69966
0.620695
0.709625
0.739212
0.789101
0.847393
0.695882
0.697458
0.779212
0.678305
0.700082
0.821716
0.7
0.704793
0.416872
0.696619
0.701705
0.698416
0.6947
0.695433
0.701068
0.595285
0.883473
0.766974
0.66836
0.635668
0.703178
0.672307
0.854178
0.361962
0.659152
0.623019
0.688188
0.699674
0.744685
0.673826
0.812616
0.659013
0.696069
0.69175
0.700096
0.698516
0.701654
0.73795
0.688191
0.656146
0.688588
0.744328
0.642119
0.885796
0.767207
0.701548
0.741163
0.764528
0.812228
0.867507
0.855179
0.677959
0.718805
0.838775
0.761004
0.699989
0.884985
0.88922
0.697939
0.719276
0.74804
0.887248
0.691699
0.674646
0.859686
0.872096
0.676914
0.710754
0.862658
0.320461
0.726811
0.776324
0.671751
0.7293
0.699959
0.671719
0.680006
0.650525
0.543515
0.699854
0.648679
0.828172
0.804694
0.743731
0.703242
0.7
0.703304
0.705025
0.693437
0.713872
0.543456
0.858925
0.766997
0.699921
0.893887
0.693283
0.878622
0.703905
0.79971
0.697329
0.699204
0.842116
0.734084
0.699942
0.649797
0.710458
0.7
0.748308
0.829043
0.841259
0.69159
0.688868
0.793288
0.698398
0.696857
0.692923
0.719546
0.678803
0.758931
0.700657
0.649766
0.705266
0.772875
0.824802
0.856893
0.700275
0.760608
0.720687
0.699997
0.697489
0.700142
0.698253
0.638451
0.7
0.641517
0.834296
0.70364
0.700602
0.615872
0.88998
0.671742
0.792483
0.691608
0.695843
0.706086
0.873778
0.523439
0.835
0.824062
0.717738
0.701207
0.88098
0.693107
0.513023
0.662861
0.700121
0.897211
0.692311
0.817194
0.770814
0.816211
0.701037
0.885421
0.696616
0.698675
0.828294
0.854864
0.894151
0.7
0.681633
0.741941
0.759411
0.843172
0.719903
0.775899
0.635631
0.699991
0.630669
0.889444
0.750273
0.728215
0.700342
0.709496
0.682599
0.664327
0.893702
0.699941
0.585975
0.857228
0.75155
0.700234
0.863123
0.70056
0.752177
0.716416
0.879213
0.7
0.89266
0.700048
0.750358
0.792807
0.872098
0.618388
0.669655
0.703686
0.730329
0.678014
0.7
0.756031
0.775496
0.874298
0.880275
0.875158
0.589545
0.701849
0.688181
0.635481
0.697771
0.678521
0.623443
0.797952
0.86955
0.839753
0.696645
0.707678
0.476516
0.832663
0.698242
0.772428
0.695331
0.812746
0.704627
0.698317
0.79246
0.808888
0.681692
0.833978
0.62256
0.699341
0.859296
0.847004
0.7
0.692768
0.699731
0.589582
0.65754
0.874924
0.691193
0.715198
0.847776
0.772009
0.80791
0.695764
0.708899
0.881865
0.746104
0.717222
0.731187
0.677396
0.708918
0.830076
0.879103
0.648615
0.660109
0.714669
0.771199
0.749677
0.870871
0.683829
0.706885
0.849975
0.743451
0.809279
0.617912
0.550186
0.780646
0.806829
0.633426
0.686884
0.758703
0.785524
0.699998
0.746462
0.792531
0.563831
0.6722
0.872461
0.841017
0.807319
0.876262
0.689602
0.59625
0.699976
0.673357
0.742371
0.883177
0.699937
0.754325
0.685844
0.846574
0.7
0.687068
0.871855
0.777121
0.710557
0.775967
0.631345
0.692609
0.763829
0.609838
0.703175
0.671575
0.702639
0.90821
0.763418
0.851252
0.711163
0.674781
0.688427
0.714583
0.89176
0.672294
0.75977
0.775629
0.46051
0.692837
0.864267
0.666715
0.718348
0.60749
0.801
0.678814
0.75029
0.670703
0.688882
0.756399
0.784372
0.699296
0.910917
0.7
0.73063
0.672251
0.700995
0.674757
0.810209
0.630191
0.776523
0.640182
0.699681
0.788167
0.659689
0.720645
0.801521
0.698585
0.691494
0.700906
0.87935
0.68925
0.651222
0.763662
0.689296
0.610438
0.699851
0.869823
0.524074
0.706352
0.781425
0.65959
0.764608
0.700041
0.79485
0.740581
0.737249
0.689319
0.839382
0.665874
0.796844
0.892774
0.659273
0.690652
0.700054
0.658755
0.765551
0.77713
0.76932
0.700132
0.728737
0.848596
0.706755
0.709146
0.582269
0.712979
0.864707
0.698868
0.881289
0.655143
0.672089
0.654845
0.69911
0.73546
0.687637
0.688805
0.695699
0.761288
0.561953
0.700174
0.679764
0.789637
0.699987
0.622511
0.632126
0.657744
0.659058
0.692141
0.900884
0.76026
0.776099
0.873599
0.75082
0.628652
0.70008
0.77636
0.634403
0.865171
0.671264
0.66857
0.713395
0.805579
0.692696
0.699671
0.743558
0.761247
0.836393
0.696316
0.911375
0.731558
0.688011
0.861512
0.746665
0.69448
0.598572
0.680778
0.69627
0.718761
0.679113
0.755558
0.719992
0.561937
0.708427
0.733167
0.795039
0.711827
0.850125
0.699552
0.710245
0.786196
0.791055
0.359261
0.696141
0.512237
0.880614
0.894037
0.847003
0.688043
0.563709
0.700922
0.70444
0.657992
0.860837
0.856595
0.684702
0.762496
0.702474
0.787884
0.856473
0.704322
0.728374
0.722674
0.880044
0.692255
0.879468
0.864077
0.66088
0.893633
0.853829
0.484194
0.798651
0.700768
0.741831
0.870989
0.708048
0.542285
0.725985
0.829847
0.699782
0.699892
0.672986
0.82748
0.873378
0.746255
0.700011
0.757228
0.827907
0.739031
0.842341
0.692001
0.795068
0.727709
0.700693
0.745777
0.804055
0.815464
0.718209
0.696337
0.755304
0.815829
0.73634
0.703979
0.63202
0.687095
0.690482
0.702499
0.7
0.872002
0.853196
0.87826
0.701791
0.888561
0.725177
0.756985
0.757866
0.60413
0.75427
0.696435
0.887544
0.66056
0.680688
0.841005
0.732612
0.663895
0.71069
0.862286
0.888021
0.696602
0.845136
0.636575
0.889924
0.692565
0.819448
0.7
0.735712
0.655805
0.804028
0.662881
0.78338
0.890738
0.695534
0.699583
0.773474
0.861209
0.685265
0.677914
0.735114
0.690766
0.699376
0.795008
0.787573
0.664848
0.713139
0.664461
0.812828
0.688092
0.67902
0.794703
0.808115
0.703878
0.700616
0.787264
0.61355
0.667165
0.676636
0.82142
0.768804
0.834115
0.693302
0.709484
0.672344
0.7
0.823085
0.701161
0.686156
0.887151
0.69984
0.714379
0.717721
0.699821
0.682821
0.677069
0.663814
0.813726
0.721439
0.644838
0.805594
0.619558
0.700159
0.699979
0.7
0.700211
0.69967
0.860745
0.69366
0.82342
0.827269
0.790572
0.761031
0.697303
0.75464
0.789485
0.699579
0.700369
0.74923
0.697839
0.698597
0.703184
0.766885
0.592985
0.588694
0.765352
0.646565
0.669608
0.691644
0.680181
0.857415
0.769846
0.69998
0.699762
0.867604
0.829379
0.881606
0.67059
0.68598
0.824256
0.754967
0.704702
0.736188
0.671971
0.74244
0.673097
0.728563
0.884598
0.770249
0.886454
0.700988
0.900523
0.823209
0.701954
0.72723
0.887539
0.6969
0.73365
0.757103
0.629676
0.693105
0.832572
0.889715
0.894904
0.737679
0.676696
0.81653
0.679761
0.746924
0.736683
0.687927
0.771974
0.888984
0.700718
0.674372
0.678152
0.699977
0.726342
0.815418
0.699203
0.752981
0.828143
0.770494
0.88877
0.679111
0.702854
0.888504
0.694667
0.854621
0.849713
0.780049
0.696556
0.696867
0.777305
0.706634
0.752721
0.656511
0.797442
0.726266
0.689408
0.739305
0.782441
0.683494
0.871408
0.680411
0.788903
0.699351
0.699432
0.748197
0.696832
0.887563
0.823868
0.7
0.699996
0.877339
0.790216
0.701091
0.733739
0.897897
0.7
0.733932
0.691799
0.740711
0.838925
0.861542
0.661691
0.695072
0.687805
0.702252
0.657114
0.683984
0.825853
0.701895
0.699998
0.705822
0.887578
0.808929
0.848392
0.665946
0.714462
0.678071
0.58711
0.699997
0.69051
0.882728
0.814309
0.807416
0.753638
0.820695
0.691151
0.594372
0.881158
0.760303
0.738176
0.700092
0.657119
0.879472
0.82408
0.68704
0.689397
0.754865
0.697035
0.72053
0.68017
0.862186
0.850932
0.828214
0.677234
0.706045
0.730155
0.735253
0.694223
0.625684
0.699711
0.709622
0.71059
0.861311
0.69617
0.661915
0.878637
0.699135
0.777617
0.834838
0.832206
0.67397
0.648304
0.85826
0.690891
0.88878
0.735454
0.889632
0.620467
0.736157
0.790393
0.745395
0.730591
0.617483
0.694689
0.88402
0.799839
0.699816
0.698797
0.642756
0.663012
0.699667
0.632334
0.701042
0.666566
0.832665
0.699919
0.583438
0.70008
0.824906
0.873512
0.699371
0.695319
0.777463
0.774738
0.789368
0.683783
0.827367
0.780516
0.891001
0.760628
0.693054
0.783281
0.838557
0.724775
0.545
0.654701
0.893524
0.856179
0.741091
0.727101
0.689422
0.905701
0.727685
0.684125
0.700006
0.850576
0.699968
0.554183
0.732716
0.784509
0.788971
0.715272
0.7
0.769908
0.667594
0.885552
0.699999
0.692228
0.757849
0.70644
0.68127
0.711876
0.779871
0.838171
0.83181
0.84548
0.876418
0.795381
0.695648
0.832175
0.718567
0.690967
0.717138
0.769909
0.70095
0.804174
0.758712
0.679617
0.862722
0.781421
0.699823
0.853274
0.653844
0.699728
0.827083
0.771904
0.882368
0.705715
0.85716
0.678819
0.825402
0.702245
0.874108
0.683466
0.706323
0.76264
0.641244
0.677627
0.7465
0.870064
0.666642
0.62118
0.764151
0.691882
0.700375
0.675161
0.761311
0.859018
0.688892
0.731787
0.884647
0.699999
0.899959
0.545565
0.745386
0.699999
0.748827
0.850859
0.82737
0.639655
0.699829
0.745102
0.699986
0.901931
0.585604
0.772704
0.743059
0.793592
0.697068
0.91065
0.683633
0.7
0.701887
0.762311
0.689513
0.717712
0.720862
0.862373
0.474698
0.70009
0.560886
0.751765
0.799701
0.780322
0.682665
0.7962
0.786883
0.691263
0.618625
0.769332
0.807856
0.799167
0.813437
0.721363
0.66623
0.753079
0.784373
0.676502
0.720935
0.690347
0.694311
0.582704
0.878713
0.710343
0.80735
0.776178
0.75159
0.690122
0.674719
0.869457
0.748957
0.503543
0.667547
0.751458
0.659688
0.720346
0.699965
0.895347
0.699854
0.843913
0.703957
0.577954
0.766119
0.641501
0.699221
0.859763
0.873412
0.691441
0.80777
0.693907
0.309735
0.78294
0.670646
0.698878
0.702856
0.765175
0.626772
0.699981
0.608687
0.384311
0.645661
0.697478
0.881098
0.699999
0.85261
0.694733
0.726093
0.699562
0.698654
0.769631
0.70085
0.886268
0.9022
0.725854
0.629732
0.773917
0.770351
0.88519
0.897633
0.726527
0.893902
0.912494
0.716556
0.858908
0.906495
0.776036
0.802636
0.863575
0.787568
0.77092
0.787683
0.774562
0.715945
0.675934
0.888686
0.809482
0.864793
0.890453
0.687382
0.700979
0.809989
0.825916
0.750605
0.696954
0.7
0.871802
0.710371
0.694666
0.682116
0.747251
0.891753
0.750446
0.675061
0.755603
0.747663
0.737265
0.685163
0.887448
0.705334
0.705131
0.804656
0.689175
0.701383
0.731044
0.794681
0.825254
0.693857
0.845156
0.752675
0.75005
0.700771
0.698417
0.867577
0.754408
0.89322
0.891611
0.412566
0.678922
0.700515
0.749956
0.69999
0.856973
0.658285
0.822852
0.865506
0.75518
0.671807
0.634459
0.718648
0.764355
0.755215
0.884993
0.879718
0.677058
0.797326
0.816121
0.692626
0.808641
0.718082
0.508599
0.641713
0.699745
0.664226
0.665635
0.712609
0.646721
0.690434
0.754442
0.766904
0.699975
0.676302
0.67016
0.88135
0.736942
0.83346
0.719424
0.887335
0.522998
0.743507
0.597405
0.854124
0.673592
0.774929
0.788091
0.750834
0.859673
0.818294
0.542894
0.692112
0.760693
0.758593
0.700172
0.665869
0.351707
0.796718
0.724203
0.849412
0.556131
0.888434
0.87521
0.823791
0.791692
0.843786
0.694473
0.692251
0.613357
0.554301
0.72834
0.791602
0.866803
0.762379
0.694171
0.704443
0.595244
0.759274
0.746033
0.867985
0.680008
0.77949
0.80474
0.537247
0.700149
0.760575
0.781116
0.7
0.70023
0.866786
0.780515
0.699932
0.676685
0.810247
0.903398
0.735653
0.889252
0.699285
0.698793
0.770578
0.761519
0.856397
0.7162
0.778359
0.698724
0.693565
0.699929
0.651686
0.890897
0.780977
0.809721
0.681803
0.748635
0.722024
0.811853
0.621972
0.854183
0.784127
0.843847
0.637475
0.725792
0.699883
0.778422
0.7
0.700946
0.711731
0.701385
0.842327
0.720911
0.744155
0.720768
0.861243
0.690714
0.681358
0.7
0.709196
0.823549
0.853031
0.699027
0.847255
0.814805
0.7221
0.778019
0.760578
0.776154
0.770065
0.707166
0.837241
0.740095
0.883526
0.610765
0.665017
0.727694
0.700127
0.721162
0.764705
0.842214
0.76334
0.701153
0.684229
0.698073
0.759973
0.760083
0.71268
0.855972
0.704133
0.904409
0.887409
0.803287
0.761508
0.803915
0.672379
0.517151
0.651045
0.843064
0.560959
0.7
0.72827
0.612992
0.736668
0.629677
0.678479
0.690162
0.846406
0.757132
0.701131
0.697547
0.818135
0.674923
0.695495
0.845107
0.76333
0.716222
0.65494
0.69905
0.7
0.695736
0.682013
0.673352
0.706653
0.679489
0.694321
0.698346
0.695785
0.691007
0.868887
0.75014
0.692739
0.742285
0.77786
0.694451
0.698866
0.702899
0.692641
0.723156
0.852984
0.754134
0.840915
0.820188
0.897966
0.656776
0.708196
0.855883
0.864267
0.620348
0.876603
0.785299
0.819005
0.702901
0.701335
0.656176
0.814281
0.692045
0.881626
0.873733
0.732103
0.693308
0.840606
0.629449
0.700103
0.695485
0.631505
0.753861
0.836775
0.710107
0.824448
0.791206
0.699994
0.693853
0.780669
0.698725
0.7
0.823921
0.694005
0.695566
0.749084
0.840255
0.891656
0.697648
0.84099
0.74002
0.773767
0.68893
0.699485
0.800158
0.689603
0.756283
0.690115
0.878144
0.87371
0.708515
0.817829
0.701013
0.700629
0.864056
0.733282
0.847147
0.696587
0.692825
0.699556
0.811993
0.63258
0.81632
0.685726
0.709728
0.804671
0.807214
0.774697
0.6977
0.801745
0.700158
0.833211
0.7
0.700071
0.804453
0.834545
0.641709
0.761825
0.686706
0.733221
0.849907
0.759797
0.69875
0.743106
0.820039
0.866698
0.693917
0.686678
0.681211
0.891756
0.81735
0.696956
0.659561
0.736635
0.674319
0.807206
0.601524
0.678394
0.555435
0.773158
0.702672
0.756665
0.892966
0.820345
0.716932
0.792755
0.793843
0.700341
0.699202
0.710675
0.71857
0.669075
0.764544
0.657899
0.71275
0.589265
0.792468
0.639164
0.714172
0.731185
0.770039
0.705373
0.794356
0.700101
0.789079
0.751541
0.703622
0.879837
0.800962
0.722842
0.746048
0.617215
0.889126
0.694426
0.699562
0.69939
0.692366
0.682963
0.702548
0.71938
0.680293
0.580096
0.666687
0.625783
0.707189
0.675374
0.76616
0.694272
0.653268
0.704767
0.8481
0.736015
0.692952
0.70728
0.832358
0.834322
0.716047
0.730899
0.699714
0.703834
0.752803
0.621604
0.697955
0.843478
0.893577
0.805638
0.813455
0.695068
0.731884
0.68433
0.744216
0.848555
0.826249
0.717893
0.7
0.698188
0.704807
0.779475
0.703826
0.642383
0.542288
0.788373
0.692707
0.761249
0.689761
0.699964
0.700268
0.699857
0.702242
0.699772
0.701525
0.719347
0.662929
0.755742
0.873143
0.700037
0.815038
0.749757
0.723758
0.878336
0.884474
0.708193
0.704585
0.69591
0.870473
0.806579
0.704929
0.821944
0.700576
0.67249
0.755938
0.79942
0.767922
0.881857
0.891783
0.912651
0.669048
0.699918
0.703826
0.829701
0.77588
0.796466
0.74333
0.699207
0.769654
0.727307
0.700185
0.818693
0.858594
0.7
0.831579
0.699353
0.764584
0.809544
0.624168
0.701502
0.805101
0.759572
0.686363
0.779029
0.683825
0.699929
0.703408
0.706982
0.710135
0.699997
0.61129
0.700643
0.697838
0.639434
0.76678
0.698656
0.873294
0.699241
0.892276
0.814062
0.768498
0.768747
0.699993
0.717803
0.708333
0.788151
0.685972
0.591407
0.772831
0.797188
0.620198
0.703406
0.68899
0.849827
0.709374
0.699611
0.616678
0.818319
0.733239
0.699978
0.769564
0.717549
0.69629
0.684325
0.777507
0.756604
0.694761
0.701433
0.688018
0.655104
0.699422
0.715879
0.700454
0.701341
0.713208
0.698641
0.781433
0.791643
0.696615
0.70541
0.701182
0.75796
0.675755
0.68831
0.89291
0.724444
0.745569
0.785163
0.805065
0.743362
0.688562
0.692201
0.799438
0.71094
0.744811
0.600973
0.729191
0.765145
0.761975
0.704418
0.686299
0.733121
0.722592
0.819505
0.737504
0.768143
0.702927
0.838922
0.871927
0.859569
0.700326
0.700787
0.890461
0.871352
0.700373
0.693127
0.775353
0.7
0.698976
0.707895
0.699459
0.879439
0.699996
0.645539
0.702425
0.158237
0.695908
0.683601
0.775048
0.749076
0.902176
0.652932
0.701929
0.79518
0.79898
0.701379
0.840874
0.843662
0.911025
0.735827
0.702177
0.891892
0.705324
0.814437
0.721426
0.6967
0.702838
0.78477
0.79426
0.701387
0.698719
0.689739
0.709021
0.716128
0.586808
0.698397
0.828952
0.82227
0.661729
0.7
0.708648
0.700363
0.700061
0.71431
0.853894
0.772476
0.700485
0.669542
0.650868
0.699803
0.274159
0.783146
0.766201
0.746709
0.709851
0.708246
0.836797
0.693441
0.706834
0.800918
0.699996
0.621259
0.826389
0.830958
0.714439
0.880362
0.708079
0.782384
0.824923
0.710669
0.885036
0.698289
0.652077
0.699537
0.818032
0.767684
0.824949
0.644481
0.680583
0.619636
0.644413
0.87373
0.700628
0.71729
0.699325
0.69981
0.817018
0.666682
0.845054
0.71056
0.68622
0.707932
0.730876
0.789354
0.690709
0.707572
0.690502
0.660949
0.708872
0.781161
0.79143
0.681827
0.699609
0.764186
0.680635
0.639484
0.877947
0.793621
0.702055
0.631965
0.844453
0.780256
0.829395
0.861744
0.663055
0.699858
0.699643
0.699947
0.743786
0.690265
0.903018
0.698732
0.897371
0.514021
0.700147
0.800754
0.820519
0.688575
0.813902
0.797969
0.648696
0.828694
0.71571
0.713966
0.849252
0.7
0.840665
0.715733
0.708566
0.72875
0.842674
0.732383
0.62037
0.892195
0.703876
0.720707
0.691137
0.708708
0.692348
0.890652
0.828809
0.686384
0.699934
0.742266
0.64829
0.876467
0.684382
0.881657
0.901039
0.708271
0.754181
0.773672
0.684561
0.713773
0.709308
0.697148
0.702162
0.70491
0.595525
0.68152
0.895463
0.783085
0.692341
0.700907
0.700101
0.811191
0.754616
0.685512
0.748012
0.884292
0.611794
0.699933
0.834488
0.779184
0.770112
0.703223
0.662322
0.822259
0.698286
0.76489
0.713472
0.692869
0.814155
0.7
0.64139
0.89771
0.732585
0.728844
0.78804
0.69999
0.830191
0.645856
0.699764
0.707921
0.700706
0.590684
0.694772
0.844405
0.7
0.818004
0.856564
0.688848
0.699787
0.700476
0.666358
0.849537
0.699991
0.613051
0.823867
0.837264
0.725692
0.736977
0.699837
0.867631
0.861247
0.713811
0.843045
0.756438
0.898883
0.692194
0.681942
0.71781
0.858924
0.855763
0.698083
0.679345
0.696402
0.69813
0.886017
0.711858
0.785004
0.69107
0.76899
0.687754
0.890863
0.704275
0.83253
0.852255
0.7
0.62876
0.835789
0.70798
0.75134
0.860548
0.7
0.699691
0.843964
0.857402
0.749428
0.799214
0.648449
0.704404
0.700575
0.707403
0.771333
0.624183
0.699984
0.703187
0.701685
0.704131
0.702559
0.892212
0.775736
0.711643
0.825284
0.69353
0.694311
0.887868
0.728498
0.711714
0.818595
0.700558
0.8214
0.686893
0.812988
0.699242
0.842502
0.878282
0.850318
0.652316
0.702235
0.757581
0.659851
0.883271
0.727216
0.67063
0.701202
0.701637
0.688231
0.729513
0.838216
0.692538
0.7
0.725145
0.820825
0.699715
0.580899
0.706634
0.699988
0.699998
0.697163
0.691787
0.699725
0.700026
0.881127
0.778321
0.903328
0.871436
0.567823
0.809373
0.721189
0.643124
0.864048
0.722995
0.740226
0.704219
0.750762
0.71765
0.71658
0.710141
0.702331
0.779991
0.706938
0.689448
0.700112
0.891973
0.700079
0.72235
0.754642
0.680125
0.690868
0.699983
0.878979
0.691108
0.699781
0.718327
0.698607
0.813935
0.773556
0.754239
0.745824
0.6999
0.896423
0.699996
0.797014
0.909325
0.667028
0.738612
0.697215
0.7
0.591363
0.804888
0.83866
0.70075
0.777211
0.699939
0.699699
0.699907
0.700036
0.740906
0.700233
0.7
0.708207
0.699851
0.706656
0.771032
0.690362
0.86979
0.811159
0.755499
0.71379
0.699678
0.697547
0.706505
0.716058
0.699332
0.850203
0.692842
0.707073
0.420049
0.739252
0.7
0.698451
0.803832
0.701805
0.577444
0.701574
0.77154
0.697905
0.760115
0.704978
0.708787
0.7
0.893253
0.840837
0.699913
0.700326
0.78762
0.707531
0.814575
0.701322
0.699466
0.672792
0.676597
0.887153
0.845711
0.85314
0.699998
0.650889
0.850576
0.753409
0.745074
0.669668
0.708355
0.699974
0.802111
0.677343
0.719951
0.847037
0.70025
0.659285
0.660632
0.667178
0.693792
0.693239
0.690988
0.699999
0.699933
0.594538
0.7
0.689608
0.68461
0.698692
0.772981
0.783724
0.705946
0.734675
0.706767
0.689256
0.87487
0.794289
0.829486
0.743118
0.715148
0.860634
0.699979
0.601749
0.698367
0.842604
0.665418
0.671003
0.6972
0.701742
0.702098
0.757755
0.701031
0.78852
0.790094
0.814648
0.7
0.720766
0.699626
0.779325
0.704552
0.722781
0.783014
0.574468
0.806341
0.791316
0.698542
0.700761
0.783407
0.775484
0.69994
0.701249
0.747115
0.694744
0.825762
0.633618
0.669692
0.722448
0.757957
0.699979
0.863361
0.796469
0.710411
0.699771
0.70032
0.772417
0.7
0.776295
0.896111
0.771576
0.718292
0.636698
0.732522
0.820578
0.74055
0.699142
0.784408
0.7
0.715626
0.785919
0.694939
0.768608
0.782156
0.86542
0.625297
0.875581
0.724206
0.7031
0.807702
0.658607
0.702161
0.749911
0.73192
0.644479
0.697375
0.783478
0.706913
0.792734
0.763156
0.697657
0.691931
0.700805
0.784906
0.727508
0.746666
0.699397
0.700199
0.903859
0.802045
0.790451
0.699911
0.813463
0.69789
0.699133
0.700176
0.699246
0.738952
0.7
0.616451
0.699573
0.699223
0.802795
0.7
0.816457
0.721038
0.80436
0.881106
0.793034
0.871329
0.873826
0.693105
0.696378
0.79373
0.705262
0.699455
0.700577
0.764952
0.878769
0.817215
0.507302
0.697317
0.726278
0.716048
0.743639
0.886762
0.836877
0.888242
0.596674
0.888584
0.701873
0.763392
0.699617
0.689106
0.701099
0.70174
0.768455
0.818057
0.835958
0.736981
0.709858
0.669186
0.72068
0.705237
0.692359
0.681905
0.694893
0.842666
0.696242
0.777342
0.828252
0.710134
0.776441
0.700198
0.700183
0.7
0.551639
0.718471
0.700919
0.714511
0.698484
0.732903
0.751436
0.701501
0.798435
0.701461
0.689827
0.609132
0.709018
0.699721
0.7
0.869164
0.725557
0.891127
0.708255
0.845989
0.699985
0.69994
0.828787
0.80273
0.668486
0.710812
0.819713
0.842908
0.911057
0.700222
0.864545
0.697973
0.652054
0.730881
0.870975
0.670809
0.706703
0.699735
0.679073
0.704386
0.657208
0.698712
0.704907
0.7
0.844448
0.723842
0.688101
0.79116
0.716186
0.748506
0.691143
0.718789
0.705859
0.705309
0.698384
0.703733
0.748731
0.902755
0.812632
0.654123
0.710898
0.698421
0.755368
0.75591
0.706369
0.699719
0.645789
0.833012
0.619101
0.680314
0.698051
0.784245
0.737022
0.707789
0.658072
0.807938
0.696893
0.69738
0.683092
0.699965
0.69995
0.856483
0.699487
0.741161
0.688636
0.6916
0.732686
0.698552
0.556391
0.844126
0.778954
0.678912
0.699995
0.894519
0.808694
0.454873
0.700153
0.682678
0.764795
0.816625
0.854555
0.899617
0.700895
0.814904
0.692004
0.605428
0.691514
0.704491
0.880636
0.7
0.719788
0.691333
0.88164
0.841721
0.796768
0.894831
0.700192
0.675694
0.740136
0.722896
0.872082
0.753907
0.851854
0.731656
0.680459
0.742057
0.874237
0.692376
0.705725
0.686183
0.538078
0.704073
0.872238
0.689908
0.699751
0.807248
0.892355
0.73922
0.803674
0.822942
0.675906
0.699898
0.715604
0.768343
0.713173
0.615786
0.7
0.767028
0.699623
0.696081
0.820223
0.783357
0.7
0.699932
0.672331
0.902196
0.517875
0.696125
0.783433
0.699696
0.699997
0.770665
0.85193
0.838715
0.881512
0.536479
0.689211
0.807671
0.691631
0.754188
0.699835
0.816915
0.883823
0.699565
0.699999
0.704368
0.7
0.817575
0.867852
0.817613
0.688387
0.810651
0.692733
0.679962
0.638588
0.79788
0.751293
0.697576
0.695329
0.692135
0.866585
0.725474
0.764807
0.68736
0.665615
0.855996
0.650994
0.7
0.66799
0.700074
0.760944
0.703253
0.700484
0.700144
0.823668
0.709927
0.70602
0.704354
0.835275
0.756944
0.700154
0.69145
0.813907
0.699307
0.708577
0.862498
0.904771
0.720746
0.598169
0.695646
0.903867
0.701492
0.718785
0.741348
0.700024
0.704988
0.699084
0.889918
0.823537
0.912167
0.69452
0.700878
0.693227
0.89192
0.696064
0.763473
0.701387
0.888619
0.858117
0.632086
0.838573
0.7
0.760778
0.728191
0.7
0.864485
0.841687
0.705907
0.745081
0.7
0.909966
0.699716
0.582116
0.699967
0.699919
0.699998
0.700091
0.72158
0.745517
0.693363
0.650118
0.699964
0.744598
0.79796
0.700636
0.697108
0.687609
0.875841
0.772891
0.759103
0.717932
0.766039
0.807488
0.713005
0.712142
0.726712
0.706956
0.70223
0.78356
0.7
0.819246
0.839161
0.699548
0.699998
0.889014
0.69957
0.735908
0.740168
0.739745
0.7
0.686315
0.71961
0.699759
0.692517
0.66933
0.701413
0.701002
0.860465
0.791782
0.700617
0.699612
0.697685
0.696968
0.7
0.755152
0.821075
0.699008
0.900183
0.849594
0.699542
0.843225
0.704121
0.692315
0.701013
0.7
0.689796
0.777537
0.697194
0.821524
0.723731
0.854518
0.703375
0.806985
0.658982
0.672421
0.699952
0.814339
0.714003
0.700393
0.788182
0.695034
0.662329
0.870688
0.809105
0.708827
0.690864
0.754061
0.750988
0.750097
0.775732
0.799054
0.699984
0.728349
0.539172
0.7
0.635867
0.798545
0.7
0.705535
0.739558
0.729753
0.795613
0.750328
0.700026
0.727573
0.677812
0.704206
0.690377
0.893709
0.860697
0.856235
0.708072
0.670724
0.782443
0.88855
0.68518
0.692183
0.890264
0.709844
0.884892
0.834758
0.690567
0.782971
0.751704
0.671072
0.689006
0.703832
0.747418
0.701294
0.818862
0.699625
0.8571
0.726984
0.7
0.700109
0.700161
0.699257
0.698151
0.828266
0.806451
0.701362
0.700009
0.880667
0.858108
0.726212
0.754698
0.699361
0.864395
0.693681
0.700194
0.730832
0.692744
0.691667
0.699005
0.641402
0.754668
0.848267
0.753319
0.847813
0.816304
0.817216
0.796977
0.696283
0.776375
0.612611
0.83923
0.700159
0.712451
0.867918
0.699825
0.828877
0.750657
0.854585
0.810056
0.7
0.891034
0.7
0.746327
0.65086
0.705446
0.702414
0.750934
0.766721
0.700502
0.7
0.834348
0.683597
0.682838
0.821821
0.700119
0.801042
0.685801
0.639928
0.85232
0.705335
0.705907
0.7
0.870591
0.713344
0.698661
0.745058
0.638181
0.760579
0.742937
0.691249
0.806902
0.700773
0.784409
0.704694
0.699214
0.868319
0.7
0.715767
0.711358
0.692948
0.694067
0.839901
0.784419
0.760202
0.698861
0.718313
0.706739
0.665952
0.757285
0.698762
0.7
0.884065
0.702637
0.771653
0.75039
0.691469
0.797645
0.7
0.690459
0.711571
0.692375
0.860626
0.761975
0.7
0.871628
0.677895
0.726768
0.700856
0.821185
0.699999
0.7
0.697748
0.75806
0.66798
0.728085
0.876069
0.768364
0.7
0.764774
0.767334
0.692092
0.699948
0.878269
0.860599
0.828773
0.691996
0.69098
0.699788
0.7
0.822973
0.883369
0.688885
0.711033
0.666156
0.614393
0.760424
0.698584
0.686454
0.699631
0.828034
0.69927
0.769985
0.876315
0.699989
0.7
0.607588
0.820177
0.318177
0.687698
0.749635
0.843153
0.907535
0.692376
0.778126
0.893018
0.852706
0.693554
0.842785
0.872556
0.77313
0.78119
0.70001
0.697081
0.700173
0.67933
0.721005
0.700498
0.710933
0.813137
0.782838
0.699996
0.712431
0.70712
0.821439
0.7
0.699967
0.788712
0.699939
0.78254
0.696557
0.873411
0.701158
0.694345
0.699673
0.699763
0.764261
0.881894
0.839707
0.830126
0.881389
0.875929
0.85481
0.712663
0.604246
0.878225
0.696345
0.864356
0.883168
0.866634
0.904078
0.838721
0.898248
0.676146
0.68664
0.702237
0.811471
0.7
0.82724
0.722612
0.77186
0.814045
0.7
0.823896
0.710584
0.693255
0.703604
0.7
0.693377
0.787639
0.760935
0.712472
0.890386
0.767452
0.699742
0.69453
0.829228
0.76488
0.877275
0.859147
0.703498
0.7
0.746103
0.789069
0.828649
0.662013
0.854929
0.696344
0.700107
0.89719
0.676468
0.713118
0.6977
0.514084
0.854608
0.803734
0.876589
0.807573
0.746993
0.688528
0.857137
0.480053
0.699903
0.628386
0.774034
0.695584
0.874317
0.7
0.726538
0.842612
0.683702
0.692678
0.704096
0.720858
0.714015
0.698113
0.682794
0.700476
0.900275
0.824402
0.877761
0.699658
0.700204
0.721469
0.7
0.699859
0.699555
0.7
0.820546
0.901996
0.876834
0.699876
0.694276
0.681222
0.700626
0.649563
0.7
0.633154
0.674913
0.699984
0.711491
0.699899
0.699997
0.882102
0.700031
0.7
0.698246
0.699806
0.699835
0.700106
0.700268
0.700179
0.7
0.700131
0.700151
0.743104
0.851765
0.704782
0.68748
0.706024
0.762949
0.667155
0.785298
0.653684
0.832135
0.664821
0.695998
0.7
0.7
0.688803
0.699665
0.701542
0.75585
0.722687
0.749399
0.713535
0.7
0.699625
0.71019
0.699482
0.699851
0.820511
0.698991
0.697772
0.699764
0.828189
0.698276
0.685839
0.911467
0.7
0.700227
0.708318
0.699836
0.699268
0.847732
0.700379
0.797991
0.870007
0.699939
0.876587
0.754074
0.700774
0.700134
0.736068
0.7
0.772296
0.791319
0.891717
0.759795
0.650267
0.887315
0.820435
0.63434
0.699774
0.776167
0.721307
0.699915
0.866401
0.614488
0.6905
0.889087
0.876183
0.788536
0.678895
0.739775
0.699999
0.885129
0.699942
0.441819
0.699917
0.7
0.700108
0.700224
0.726527
0.888089
0.7
0.700465
0.7
0.88339
0.7
0.698467
0.698585
0.662449
0.7
0.683149
0.801099
0.816467
0.699783
0.698153
0.7015
0.796478
0.701046
0.89197
0.759822
0.752531
0.487396
0.752013
0.699678
0.754783
0.892387
0.679482
0.734698
0.699878
0.717353
0.695333
0.693564
0.656814
0.7
0.741111
0.698947
0.73693
0.714036
0.722735
0.686981
0.721611
0.698621
0.731241
0.696366
0.696835
0.670763
0.704534
0.69999
0.769761
0.701644
0.725891
0.720901
0.694922
0.764604
0.725901
0.662312
0.87073
0.711834
0.699597
0.733968
0.715207
0.88209
0.699919
0.696253
0.699859
0.687857
0.684457
0.878687
0.712793
0.697766
0.636053
0.702888
0.7
0.783551
0.878481
0.783126
0.676001
0.695171
0.690603
0.800229
0.696752
0.69923
0.900986
0.781618
0.789417
0.7
0.699986
0.7
0.699501
0.775392
0.695699
0.699981
0.713394
0.7
0.7
0.763733
0.699744
0.651578
0.749681
0.818985
0.901941
0.699788
0.797033
0.678059
0.696671
0.767649
0.745931
0.720202
0.695055
0.726926
0.709966
0.705187
0.7
0.70175
0.852403
0.888097
0.577669
0.699682
0.704263
0.699211
0.69192
0.677524
0.891502
0.889363
0.607381
0.699737
0.892594
0.692688
0.7
0.798879
0.688019
0.706815
0.814041
0.680127
0.695007
0.827041
0.792296
0.91106
0.679757
0.764182
0.688972
0.7
0.659592
0.670305
0.634359
0.849304
0.697639
0.704521
0.699771
0.761727
0.803146
0.753792
0.698593
0.700048
0.699082
0.699999
0.692638
0.697886
0.868683
0.699834
0.875855
0.737464
0.65234
0.151674
0.699336
0.7
0.699707
0.7
0.691384
0.700118
0.740767
0.7
0.699696
0.822022
0.7
0.574586
0.690249
0.697746
0.700381
0.813022
0.702308
0.730213
0.7
0.69994
0.699816
0.661653
0.666001
0.684652
0.7
0.690946
0.699986
0.841501
0.699855
0.729128
0.7
0.655129
0.642966
0.700115
0.7
0.900283
0.911478
0.699632
0.703201
0.79698
0.812803
0.703386
0.7
0.7
0.700345
0.908267
0.851318
0.796296
0.704506
0.905749
0.889118
0.695888
0.700082
0.700109
0.737966
0.895871
0.694605
0.7
0.798683
0.69646
0.7
0.858225
0.699579
0.767554
0.872048
0.731012
0.69982
0.904601
0.909262
0.49053
0.7
0.699819
0.75743
0.775757
0.792738
0.786339
0.69759
0.699995
0.871037
0.711743
0.699556
0.885629
0.785512
0.743461
0.691911
0.8005
0.694295
0.699897
0.784917
0.7
0.699892
0.769596
0.888757
0.755404
0.738205
0.681808
0.726006
0.700177
0.7
0.699927
0.7
0.881249
0.666002
0.69962
0.87941
0.699378
0.85352
0.896907
0.7
0.699809
0.601587
0.895414
0.731276
0.728532
0.696351
0.818212
0.778389
0.799323
0.860694
0.699695
0.698705
0.90503
0.89243
0.771783
0.699699
0.829379
0.892991
0.687267
0.800633
0.686645
0.696614
0.7
0.690852
0.756198
0.844457
0.891729
0.901932
0.745223
0.649814
0.699938
0.801933
0.7
0.699635
0.891927
0.706868
0.700441
0.7
0.900698
0.699984
0.7
0.699915
0.735785
0.702559
0.7
0.7
0.719188
0.7
0.699991
0.698573
0.799936
0.891832
0.699641
0.910008
0.829285
0.7
0.843745
0.7
0.690214
0.855836
0.776266
0.7486
0.883529
0.700282
0.689665
0.84984
0.699951
0.697333
0.888996
0.74428
0.864025
0.772522
0.734754
0.802041
0.859083
0.699845
0.7
0.733156
0.699941
0.824244
0.7
0.691714
0.852257
0.841699
0.688019
0.60457
0.7
0.862346
0.878655
0.801818
0.818082
0.699715
0.89075
0.86526
0.81914
0.890514
0.744622
0.80005
0.70266
0.871159
0.700133
0.893831
0.696536
0.7
0.881808
0.837127
0.700614
0.699739
0.721986
0.874167
0.833486
0.814253
0.805979
0.695174
0.849402
0.801408
0.895565
0.801897
0.811957
0.782408
0.76495
0.880683
0.706041
0.700834
0.870733
0.805365
0.850391
0.797951
0.700094
0.700097
0.809886
0.893086
0.698896
0.621362
0.669069
0.678055
0.774504
0.7
0.901433
0.769613
0.897133
0.767633
0.721492
0.846982
0.696269
0.687836
0.699819
0.90146
0.903147
0.700304
0.865271
0.7
0.692389
0.78427
0.841453
0.840175
0.706125
0.840194
0.706223
0.877985
0.777055
0.700163
0.843731
0.719167
0.704944
0.76068
0.769651
0.695048
0.852502
0.87612
0.906643
0.69997
0.7
0.735303
0.776726
0.7
0.735256
0.788201
0.80576
0.7
0.7
0.891841
0.803219
0.739186
0.733385
0.793705
0.830183
0.65713
0.885053
0.69985
0.765504
0.693082
0.739315
0.835141
0.665547
0.689637
0.834017
0.7997
0.840113
0.685138
0.892053
0.752327
0.758588
0.833519
0.844779
0.700395
0.830491
0.697812
0.89063
0.767619
0.722752
0.701859
0.759869
0.8006
0.69999
0.7
0.7
0.7
0.874294
0.820017
0.833156
0.7
0.844409
0.813524
0.804191
0.69997
0.804932
0.841712
0.85041
0.855759
0.652876
0.780762
0.699214
0.652402
0.7
0.654171
0.759148
0.467067
0.891937
0.667271
0.801688
0.86885
0.720815
0.811394
0.699792
0.744477
0.829546
0.699915
0.705677
0.848731
0.719329
0.76362
0.747323
0.699691
0.752514
0.705472
0.737617
0.891918
0.693471
0.773437
0.712444
0.789254
0.7
0.784073
0.887784
0.860049
0.739622
0.700051
0.694968
0.843043
0.787488
0.648941
0.623894
0.893165
0.865663
0.885779
0.674618
0.827923
0.7
0.807603
0.83316
0.7
0.906444
0.710458
0.699939
0.799129
0.868707
0.7
0.699847
0.699494
0.715367
0.7
0.696306
0.699721
0.7
0.728956
0.699662
0.685598
0.699197
0.699728
0.857312
0.63131
0.699738
0.755423
0.7
0.888321
0.758365
0.7
0.910968
0.891133
0.815121
0.686047
0.810715
0.856238
0.819009
0.752768
0.852385
0.682362
0.699822
0.706979
0.698883
0.826764
0.699956
0.884374
0.700769
0.7
0.872598
0.705249
0.761221
0.837205
0.867712
0.85039
0.69991
0.68991
0.706859
0.709641
0.728394
0.7
0.819238
0.878551
0.903119
0.699631
0.87182
0.847328
0.850667
0.700021
0.715225
0.727611
0.905136
0.892713
0.893241
0.7
0.717972
0.704103
0.699806
0.60938
0.863395
0.726147
0.704252
0.891473
0.71285
0.719073
0.741397
0.683583
0.72546
0.699989
0.677467
0.699748
0.892448
0.845127
0.911156
0.841933
0.828988
0.890301
0.705678
0.886596
0.720799
0.697081
0.7
0.66231
0.718716
0.782716
0.795701
0.887679
0.699714
0.790979
0.889091
0.873613
0.69961
0.7
0.882795
0.7
0.749303
0.73245
0.614415
0.907598
0.756782
0.702591
0.666725
0.711979
0.699634
0.752039
0.762494
0.7
0.747574
0.830196
0.712926
0.7
0.888401
0.728017
0.7
0.751182
0.697807
0.694338
0.721725
0.904213
0.699268
0.615698
0.7
0.868156
0.734019
0.827012
0.914203
0.699278
0.699906
0.635223
0.699671
0.778738
0.817381
0.872918
0.7
0.753237
0.807992
0.81445
0.700368
0.791152
0.709839
0.873645
0.692005
0.7
0.733996
0.7
0.780055
0.87634
0.692604
0.758335
0.702721
0.690441
0.890453
0.88319
0.694576
0.851153
0.700835
0.679253
0.7
0.7
0.700053
0.888201
0.865646
0.698504
0.878085
0.7
0.673585
0.714915
0.784419
0.7
0.7
0.699875
0.699814
0.870122
0.738719
0.841556
0.900234
0.699813
0.707418
0.735685
0.894795
0.7
0.7
0.876779
0.879074
0.817029
0.7
0.699605
0.88642
0.75984
0.857772
0.699511
0.835577
0.833245
0.826548
0.706225
0.909638
0.699732
0.762908
0.7
0.882864
0.699729
0.891785
0.695154
0.879724
0.699636
0.825223
0.861486
0.72213
0.718707
0.787392
0.727647
0.868433
0.7
0.7
0.855062
0.663396
0.7
0.666888
0.805292
0.685791
0.703085
0.839168
0.73979
0.863988
0.869976
0.731104
0.766683
0.830807
0.694799
0.765532
0.789017
0.697404
0.777588
0.893494
0.700586
0.840809
0.821347
0.699999
0.862294
0.7
0.805787
0.699054
0.636913
0.645065
0.760521
0.700095
0.826814
0.69246
0.877578
0.700395
0.884892
0.839223
0.700285
0.771127
0.909227
0.773973
0.805694
0.831716
0.789464
0.7
0.699852
0.737348
0.816531
0.911692
0.700523
0.85232
0.699797
0.890113
0.825198
0.834845
0.822441
0.698982
0.699717
0.699792
0.705997
0.7
0.7718
0.885782
0.737934
0.904214
0.7
0.735127
0.803967
0.745465
0.708061
0.68268
0.69141
0.853384
0.799814
0.690057
0.668397
0.699986
0.84496
0.7
0.7
0.764049
0.649425
0.880563
0.699835
0.687724
0.745001
0.72476
0.753133
0.731308
0.699994
0.769609
0.699771
0.7
0.709239
0.728759
0.699734
0.847342
0.7
0.867295
0.731862
0.7
0.711897
0.893146
0.699915
0.808802
0.710594
0.64277
0.7
0.662054
0.817886
0.702889
0.7
0.795423
0.724175
0.711423
0.698358
0.721187
0.7
0.697742
0.7
0.902688
0.74373
0.782593
0.699742
0.831249
0.903894
0.698764
0.7
0.699754
0.700222
0.655498
0.715391
0.734155
0.856277
0.737362
0.792494
0.732807
0.74252
0.889
0.895068
0.7
0.734375
0.77058
0.852011
0.7592
0.74797
0.760858
0.614795
0.733319
0.766866
0.877103
0.7
0.699776
0.694772
0.7
0.879546
0.857728
0.698031
0.776192
0.673008
0.699913
0.711852
0.850387
0.882233
0.872053
0.694268
0.702115
0.794265
0.797405
0.701927
0.828385
0.745632
0.699795
0.699855
0.716818
0.733045
0.6842
0.699729
0.70008
0.707713
0.730015
0.649949
0.901327
0.887064
0.889456
0.726465
0.851298
0.705022
0.7
0.7
0.841518
0.673111
0.847592
0.764017
0.877656
0.7
0.7
0.699639
0.846801
0.699761
0.7
0.68959
0.870006
0.699665
0.904431
0.699716
0.7
0.699749
0.889015
0.853097
0.891461
0.7
0.692047
0.690861
0.808392
0.332818
0.885859
0.699796
0.81793
0.894687
0.7
0.89192
0.761561
0.7
0.700987
0.700015
0.799877
0.7
0.847337
0.699779
0.7
0.748621
0.87551
0.699959
0.699658
0.688465
0.885864
0.711046
0.699998
0.909156
0.69983
0.7
0.810428
0.841556
0.7
0.79049
0.845423
0.821101
0.7
0.836011
0.629195
0.847235
0.700247
0.825462
0.7
0.806637
0.750475
0.747316
0.7
0.717689
0.609064
0.784091
0.609651
0.831617
0.7
0.699677
0.7
0.697447
0.7
0.83635
0.702552
0.746651
0.699805
0.905116
0.7
0.7
0.802979
0.84415
0.703647
0.810032
0.790356
0.912076
0.7
0.819045
0.7
0.699901
0.699679
0.798
0.730833
0.677858
0.700098
0.699762
0.7
0.699815
0.851233
0.699324
0.893727
0.882004
0.760661
0.699737
0.70001
0.770594
0.838842
0.700021
0.699847
0.821384
0.768726
0.90013
0.894969
0.907112
0.765857
0.699867
0.612564
0.699641
0.699363
0.869932
0.704
0.831496
0.88558
0.719968
0.800644
0.902206
0.744255
0.699715
0.746718
0.699823
0.698425
0.699751
0.844821
0.6998
0.719063
0.690236
0.856913
0.76586
0.866142
0.67999
0.853549
0.754734
0.7
0.747169
0.701037
0.873173
0.750979
0.7
0.884188
0.840631
0.699876
0.812545
0.69426
0.718731
0.699896
0.845788
0.694141
0.737249
0.700341
0.648692
0.684801
0.859091
0.768357
0.699661
0.797354
0.69987
0.7
0.699999
0.7
0.7
0.831513
0.839854
0.783289
0.868493
0.7
0.700371
0.742736
0.699738
0.699746
0.729779
0.904388
0.809811
0.765194
0.622298
0.810505
0.829349
0.875624
0.7
0.699705
0.7
0.846898
0.699818
0.699616
0.866836
0.699703
0.698247
0.800201
0.778703
0.885528
0.699732
0.699913
0.699821
0.699903
0.735555
0.699919
0.69972
0.852127
0.7
0.7
0.7
0.699883
0.762744
0.70674
0.839759
0.630579
0.827463
0.7
0.666769
0.7
0.788028
0.863167
0.798279
0.699413
0.670918
0.856538
0.699766
0.902299
0.71025
0.86709
0.673641
0.7
0.699654
0.700085
0.7
0.699881
0.869303
0.8932
0.699946
0.699734
0.773142
0.824822
0.698717
0.766134
0.699722
0.699909
0.886069
0.700583
0.7777
0.697669
0.782379
0.903763
0.783038
0.710262
0.699804
0.821942
0.699898
0.699915
0.723061
0.69966
0.636635
0.822075
0.645165
0.587979
0.7
0.699766
0.90904
0.699914
0.7
0.7
0.699684
0.912978
0.821022
0.699736
0.695578
0.764833
0.696359
0.7
0.88511
0.699734
0.699887
0.869666
0.913326
0.69964
0.698306
0.701349
0.705942
0.818168
0.818181
0.692041
0.699818
0.699921
0.777436
0.69986
0.699839
0.840492
0.895915
0.910605
0.699749
0.699667
0.699776
0.7
0.7
0.848364
0.699759
0.7
0.87869
0.699852
0.82291
0.707196
0.793083
0.7
0.7
0.894067
0.702364
0.699787
0.68886
0.699669
0.699999
0.653621
0.821038
0.7
0.863209
0.771385
0.699949
0.699622
0.794905
0.830754
0.699837
0.699832
0.868444
0.6997
0.67836
0.799828
0.7
0.640277
0.639904
0.724843
0.7
0.798598
0.818341
0.699674
0.81925
0.823451
0.692954
0.709128
0.699685
0.615916
0.773604
0.699898
0.687683
0.829152
0.819285
0.699804
0.69987
0.825596
0.885434
0.653732
0.699721
0.699808
0.699832
0.803949
0.692119
0.702716
0.735183
0.724231
0.699933
0.699861
0.890688
0.699933
0.704296
0.739373
0.851541
0.696555
0.8277
0.86413
0.699818
0.746446
0.743429
0.874409
0.784472
0.7
0.7
0.7
0.699873
0.869456
0.699946
0.713223
0.699826
0.819728
0.897091
0.7
0.699849
0.767282
0.7
0.741576
0.699867
0.6998
0.838605
0.834331
0.699927
0.699391
0.699843
0.759117
0.699949
0.699903
0.745606
0.699796
0.659675
0.7
0.699922
0.703036
0.699935
0.699962
0.699881
0.714296
0.69988
0.69513
0.7
0.652133
0.699936
0.662997
0.699947
0.704445
0.699899
0.699944
0.699909
0.769372
0.845886
0.69995
0.899712
0.7
0.795791
0.699894
0.699896
0.766688
0.89166
0.699937
0.7
0.699948
0.714843
0.833473
0.699959
0.699973
0.7
0.7
0.7
0.699968
0.699971
0.7
0.699964
0.867001
0.834938
0.699943
0.699958
0.699916
0.699932
0.699956
0.699599
0.658645
0.699978
0.729031
0.678463
0.760585
0.765406
0.853723
0.767751
0.699909
0.776623
0.699969
0.699972
0.69997
0.699984
0.7
0.699946
0.694425
0.699975
0.848394
0.82146
0.699928
0.553126
0.775361
0.466315
0.699674
0.768923
0.696767
0.699801
0.699961
0.757851
0.682495
0.699981
0.768308
0.795372
0.699981
0.699987
0.699987
0.7
0.7
0.7
0.699969
0.699995
0.699992
0.699995
0.699997
0.699998
0.699999
0.7
0.699994
0.69999
0.699999
0.7
0.699999
0.699974
0.699992
0.699998
0.7
0.7
0.7
0.7
0.699994
0.699999
0.699996
0.69998
0.7
0.699921
0.699999
0.7
0.699998
0.7
0.699966
0.699996
0.699991
0.699952
0.699992
0.7
0.699983
0.699977
0.69999
0.699993
0.699996
0.699992
0.699999
0.699997
0.7
0.7
0.699997
0.699932
0.699988
0.699982
0.699996
0.699977
0.699995
0.699992
0.699998
0.699996
0.699898
0.699989
0.699988
0.7
0.699873
0.699975
0.699961
0.699996
0.699979
0.699989
0.699992
0.7
0.7
0.7
0.699952
0.699985
0.699999
0.7
0.699999
0.699972
0.699998
0.699997
0.699976
0.699986
0.699984
0.699997
0.699999
0.69997
0.699934
0.699897
0.699972
0.699993
0.699987
0.7
0.699915
0.699985
0.700017
0.69999
0.699996
0.699973
0.699957
0.699893
0.699945
0.699997
0.699992
0.7
0.7
0.699874
0.699942
0.699951
0.699975
0.699981
0.699993
0.699997
0.699992
0.699992
0.699947
0.699996
0.699934
0.699976
0.69991
0.699971
0.699986
0.699988
0.699989
0.699994
0.699925
0.699973
0.699955
0.699964
0.699996
0.699978
0.700029
0.699996
0.699944
0.699999
0.699979
0.69995
0.699946
0.699981
0.699973
0.699991
0.7
0.69998
0.699987
0.699998
0.699988
0.699988
0.699983
0.699996
0.699998
0.699998
0.699997
0.7
0.699994
0.699998
0.699995
0.699996
0.699999
0.7
0.7
0.699995
0.699999
0.699956
0.84879
0.732808
0.7
0.7
0.7
0.741607
0.699795
0.793823
0.900253
0.866882
0.442929
0.841592
0.722585
0.763593
0.6854
0.699789
0.833554
0.817213
0.866913
0.712611
0.760136
0.7
0.825346
0.880685
0.699998
0.683755
0.724726
0.706436
0.698971
0.615688
0.774419
0.69988
0.777885
0.887051
0.751637
0.846259
0.811526
0.699669
0.771195
0.909718
0.692737
0.839216
0.688978
0.744822
0.882963
0.704487
0.789753
0.699771
0.692878
0.725809
0.761803
0.645342
0.656739
0.747434
0.815296
0.808183
0.648282
0.860627
0.740991
0.908552
0.765654
0.70016
0.849734
0.74047
0.673334
0.760887
0.902842
0.72046
0.752649
0.700007
0.736694
0.699999
0.849547
0.699775
0.86967
0.900626
0.696554
0.718072
0.873278
0.802558
0.709103
0.785042
0.869717
0.742164
0.812216
0.890705
0.668905
0.862809
0.828589
0.651284
0.703214
0.849858
0.863434
0.684553
0.906428
0.69312
0.898727
0.718132
0.699415
0.840381
0.867652
0.875624
0.856055
0.852046
0.827849
0.375103
0.805188
0.803169
0.80637
0.814585
0.7
0.801104
0.846465
0.872472
0.582748
0.792406
0.78417
0.686708
0.888193
0.808101
0.800223
0.7
0.701712
0.700514
0.670546
0.756741
0.613012
0.69182
0.882564
0.748458
0.674202
0.696721
0.776731
0.880953
0.33207
0.881795
0.871588
0.715436
0.700048
0.869447
0.671408
0.8635
0.739156
0.439667
0.699979
0.7
0.695949
0.700515
0.767503
0.888748
0.853036
0.906103
0.781592
0.880247
0.886685
0.77438
0.855483
0.597356
0.851847
0.814192
0.699872
0.794578
0.81557
0.706576
0.699762
0.865364
0.889341
0.605666
0.849025
0.818816
0.721498
0.737616
0.751782
0.784008
0.879456
0.778604
0.877501
0.775855
0.886099
0.707681
0.698543
0.766138
0.82944
0.603716
0.870659
0.7
0.876058
0.643758
0.868124
0.889585
0.684787
0.7
0.857317
0.754101
0.772925
0.683968
0.888624
0.903291
0.69496
0.763093
0.763567
0.83263
0.700305
0.884592
0.847622
0.693743
0.681649
0.889078
0.742689
0.803046
0.830025
0.720137
0.741531
0.870454
0.688206
0.852683
0.831965
0.712941
0.689303
0.700747
0.729209
0.883816
0.856819
0.691111
0.82974
0.771283
0.776439
0.762554
0.837834
0.7
0.881767
0.6988
0.695175
0.888306
0.69374
0.715549
0.818107
0.889464
0.677813
0.891807
0.774937
0.831937
0.783316
0.721807
0.806138
0.697286
0.85379
0.703337
0.680949
0.891834
0.801429
0.668982
0.876965
0.677093
0.768014
0.809967
0.700638
0.717725
0.877587
0.893403
0.752024
0.699923
0.65725
0.69909
0.904526
0.699918
0.810644
0.701882
0.910049
0.835561
0.814688
0.83883
0.793784
0.754437
0.7
0.911634
0.758326
0.676823
0.872078
0.867123
0.801618
0.712577
0.798038
0.833846
0.912696
0.809357
0.779461
0.745216
0.69188
0.613508
0.717118
0.863068
0.760862
0.694114
0.81341
0.699991
0.753353
0.759377
0.700214
0.887056
0.7
0.898226
0.707641
0.847872
0.693086
0.697538
0.819977
0.765542
0.770549
0.699805
0.648722
0.864983
0.910133
0.693789
0.835646
0.7
0.698306
0.699637
0.696026
0.731535
0.831843
0.69698
0.709292
0.820272
0.697042
0.853674
0.699598
0.685113
0.714192
0.749323
0.710551
0.74609
0.680964
0.665937
0.785212
0.672257
0.865277
0.804151
0.769184
0.664215
0.815502
0.809431
0.805821
0.699833
0.871179
0.786808
0.828917
0.887894
0.721617
0.737222
0.699928
0.700413
0.873286
0.755824
0.779599
0.903785
0.807707
0.690152
0.863059
0.86214
0.673543
0.707192
0.7
0.704667
0.699999
0.82865
0.735771
0.767057
0.791918
0.81328
0.700004
0.834495
0.816564
0.855928
0.711
0.838415
0.708893
0.702613
0.879014
0.805141
0.694074
0.900603
0.699118
0.880213
0.788241
0.808825
0.845864
0.889446
0.688586
0.611175
0.692158
0.859017
0.738046
0.795835
0.618494
0.653216
0.771084
0.90084
0.715199
0.68564
0.888355
0.878635
0.848721
0.872857
0.689554
0.7
0.662085
0.831202
0.852349
0.877682
0.749205
0.698162
0.87928
0.87481
0.79376
0.904105
0.747727
0.587222
0.702232
0.873995
0.867019
0.76077
0.827961
0.89679
0.698377
0.829292
0.799157
0.830328
0.635055
0.633833
0.911761
0.907564
0.735836
0.899491
0.798018
0.834197
0.799799
0.890924
0.713613
0.665202
0.767664
0.782538
0.788288
0.878796
0.870445
0.848507
0.800065
0.348019
0.805766
0.842173
0.884009
0.792831
0.851038
0.818042
0.787749
0.894957
0.707553
0.756436
0.774447
0.809963
0.801881
0.766783
0.885586
0.784391
0.833403
0.841625
0.871806
0.789136
0.704186
0.767732
0.890567
0.840618
0.892604
0.752822
0.75738
0.837857
0.811959
0.780887
0.774559
0.714071
0.729978
0.75746
0.885254
0.655305
0.752228
0.646169
0.699995
0.77716
0.795353
0.820041
0.821188
0.814241
0.891295
0.772731
0.758696
0.764744
0.82166
0.768324
0.844759
0.769854
0.700487
0.868818
0.792845
0.698567
0.699998
0.699378
0.176249
0.681602
0.490687
0.87645
0.804647
0.859547
0.899524
0.659689
0.759877
0.734398
0.786153
0.827432
0.737939
0.827809
0.699544
0.698289
0.787402
0.867224
0.761328
0.709337
0.826309
0.86578
0.841465
0.743485
0.80073
0.789521
0.826686
0.755546
0.642629
0.801394
0.83571
0.869808
0.781369
0.866508
0.876965
0.846344
0.832938
0.834197
0.844852
0.847225
0.740398
0.908318
0.681999
0.888973
0.826864
0.656583
0.890468
0.756924
0.860901
0.831977
0.802208
0.806069
0.757677
0.709877
0.807801
0.71122
0.756608
0.79791
0.823794
0.740833
0.894189
0.804579
0.867159
0.727246
0.721958
0.826108
0.753666
0.833523
0.802908
0.891309
0.821564
0.808246
0.809573
0.841766
0.836322
0.775153
0.827851
0.823196
0.806642
0.510919
0.81929
0.732933
0.890701
0.834216
0.820879
0.727073
0.834812
0.851378
0.832383
0.879445
0.899551
0.759301
0.884096
0.808638
0.903148
0.806297
0.825714
0.766777
0.830311
0.818624
0.863865
0.81585
0.776915
0.81192
0.813846
0.901001
0.834444
0.815342
0.813429
0.812177
0.698564
0.828454
0.709746
0.725522
0.743617
0.764467
0.81017
0.838272
0.747462
0.882377
0.69934
0.807185
0.744667
0.752137
0.881685
0.704124
0.890936
0.852765
0.768212
0.859122
0.883804
0.723848
0.831877
0.836817
0.886408
0.810561
0.697815
0.836049
0.729087
0.841965
0.773603
0.763548
0.838539
0.781725
0.737791
0.836607
0.839961
0.765827
0.838159
0.771468
0.628922
0.791669
0.88454
0.762482
0.794986
0.70243
0.876963
0.848757
0.727597
0.862382
0.792593
0.756271
0.686142
0.843331
0.563444
0.838836
0.848014
0.862445
0.688998
0.7
0.876448
0.848248
0.84012
0.803415
0.849724
0.767107
0.833406
0.853917
0.912296
0.761967
0.763983
0.739819
0.852338
0.808714
0.689008
0.867348
0.774173
0.536354
0.729689
0.878941
0.882456
0.858945
0.777547
0.854618
0.880556
0.851266
0.88713
0.803982
0.845318
0.850974
0.7332
0.764162
0.763211
0.912957
0.810834
0.577483
0.632162
0.821619
0.7253
0.641961
0.745825
0.860193
0.798928
0.881392
0.829807
0.853228
0.911745
0.814176
0.84703
0.859651
0.788487
0.801153
0.849705
0.760751
0.829951
0.912726
0.693402
0.845935
0.91256
0.876275
0.831612
0.84078
0.686871
0.85545
0.829677
0.683268
0.87562
0.775731
0.761607
0.780701
0.81322
0.847822
0.778064
0.853242
0.886707
0.817385
0.760649
0.694103
0.705237
0.857484
0.796508
0.724913
0.731325
0.689637
0.814405
0.828157
0.863975
0.733659
0.797833
0.873758
0.830971
0.838817
0.850271
0.773977
0.855533
0.797307
0.791706
0.794708
0.875281
0.823476
0.776208
0.779508
0.858597
0.821491
0.79416
0.758202
0.75896
0.898368
0.789834
0.791241
0.75052
0.832761
0.78506
0.781557
0.694559
0.779389
0.774771
0.798626
0.902911
0.857016
0.786609
0.70238
0.789262
0.731826
0.824691
0.785451
0.8209
0.89901
0.682083
0.903842
0.783475
0.815127
0.697928
0.780124
0.735238
0.830413
0.848374
0.651058
0.68394
0.871407
0.797669
0.652812
0.769707
0.742807
0.755678
0.726628
0.842563
0.782001
0.722872
0.757567
0.78392
0.781664
0.743942
0.887482
0.881265
0.866536
0.763527
0.721007
0.691593
0.873108
0.845951
0.747565
0.717269
0.86165
0.844481
0.856716
0.755045
0.746974
0.800959
0.772212
0.813195
0.753507
0.885154
0.737003
0.751049
0.752968
0.829038
0.751545
0.757232
0.884425
0.818843
0.712963
0.749129
0.777955
0.731143
0.758452
0.74373
0.847236
0.749662
0.885452
0.745546
0.696161
0.735672
0.741771
0.850903
0.753554
0.743145
0.722284
0.827797
0.738835
0.733862
0.898322
0.741189
0.748564
0.732928
0.870974
0.675006
0.703041
0.719361
0.745108
0.773961
0.805168
0.737531
0.83088
0.912953
0.755993
0.745436
0.713137
0.864532
0.896448
0.866902
0.688615
0.900962
0.885904
0.889264
0.692162
0.823628
0.826317
0.739198
0.883679
0.806955
0.852603
0.717951
0.69484
0.739536
0.895993
0.752483
0.712662
0.808007
0.718437
0.835475
0.696715
0.862381
0.788156
0.798287
0.743665
0.767256
0.745564
0.76791
0.703671
0.868794
0.769571
0.862476
0.714851
0.903817
0.719883
0.899793
0.66451
0.792913
0.840428
0.905348
0.777613
0.896086
0.76065
0.768707
0.796396
0.882479
0.748247
0.770119
0.733126
0.779906
0.794248
0.822202
0.843051
0.818837
0.809878
0.788455
0.864582
0.821367
0.802392
0.821229
0.809152
0.731983
0.770294
0.874294
0.790319
0.888581
0.760089
0.7378
0.820688
0.817091
0.675468
0.899576
0.716662
0.698365
0.888702
0.852622
0.720413
0.852214
0.865064
0.720392
0.7
0.863701
0.705488
0.863589
0.714374
0.871853
0.911578
0.836907
0.854795
0.893378
0.889903
0.79327
0.78781
0.690727
0.714488
0.906299
0.82464
0.735293
0.780562
0.803391
0.85336
0.737097
0.836182
0.701347
0.849875
0.7416
0.767998
0.742339
0.707844
0.807855
0.755226
0.888342
0.84449
0.700086
0.810027
0.706138
0.842061
0.765335
0.710057
0.883406
0.894574
0.712762
0.892907
0.911961
0.875689
0.747453
0.70839
0.887176
0.716262
0.873425
0.77932
0.845278
0.855256
0.793164
0.871276
0.883248
0.710649
0.78815
0.770947
0.819656
0.768911
0.867724
0.703615
0.783338
0.794378
0.86293
0.805174
0.669079
0.868789
0.850168
0.829419
0.845548
0.905619
0.778526
0.785137
0.769328
0.6757
0.912529
0.762755
0.712219
0.904265
0.789758
0.816123
0.760522
0.74201
0.750399
0.811926
0.852275
0.911072
0.802153
0.845244
0.781295
0.796837
0.856556
0.736343
0.784399
0.909482
0.789819
0.79832
0.700749
0.823198
0.722289
0.872057
0.681452
0.691047
0.850447
0.743684
0.762421
0.767522
0.793908
0.885388
0.800311
0.746772
0.782744
0.8758
0.800634
0.806311
0.730035
0.850434
0.780671
0.846007
0.813098
0.786612
0.838641
0.886194
0.807165
0.910377
0.52699
0.867835
0.912055
0.889242
0.715112
0.618648
0.828889
0.761947
0.853102
0.907249
0.795631
0.906332
0.810519
0.807501
0.747306
0.815146
0.861875
0.712377
0.863171
0.699956
0.783281
0.836204
0.788459
0.873712
0.652672
0.767045
0.741981
0.907517
0.704023
0.861368
0.759975
0.606569
0.738191
0.759829
0.798026
0.850417
0.766801
0.724328
0.696607
0.874972
0.853995
0.781601
0.698988
0.758451
0.809276
0.628759
0.723451
0.751833
0.706481
0.796548
0.808058
0.865603
0.770035
0.790055
0.88737
0.782612
0.779894
0.855783
0.776987
0.724312
0.789202
0.761974
0.771676
0.866701
0.77181
0.895559
0.820467
0.758281
0.886331
0.70504
0.796244
0.82847
0.768551
0.893361
0.839474
0.733355
0.76853
0.76348
0.777023
0.769698
0.83197
0.87947
0.850943
0.759079
0.889884
0.692583
0.786588
0.739531
0.855302
0.821503
0.737412
0.857471
0.790639
0.777694
0.898329
0.832656
0.658612
0.794432
0.753069
0.875018
0.734208
0.845981
0.866747
0.857607
0.794475
0.810227
0.815576
0.772749
0.88295
0.720032
0.812425
0.709683
0.898955
0.867214
0.902706
0.904064
0.739138
0.874803
0.760558
0.856573
0.763733
0.729755
0.909539
0.85223
0.866487
0.780482
0.75371
0.884356
0.712269
0.878638
0.876661
0.83929
0.824112
0.711605
0.886594
0.766065
0.851469
0.642707
0.706441
0.729205
0.7058
0.855972
0.7907
0.816002
0.828215
0.721713
0.866539
0.805172
0.833457
0.828624
0.871132
0.785238
0.743456
0.736506
0.883935
0.89022
0.806014
0.775131
0.697519
0.904761
0.868927
0.877549
0.742391
0.787273
0.868322
0.684268
0.744849
0.73012
0.804888
0.733291
0.840108
0.868981
0.909099
0.852208
0.871296
0.832125
0.770256
0.777473
0.73401
0.746317
0.768687
0.882058
0.857721
0.844834
0.876112
0.774239
0.626754
0.845675
0.891205
0.842723
0.748026
0.859244
0.872947
0.746542
0.895964
0.732468
0.816531
0.887781
0.764274
0.796351
0.865414
0.834915
0.867398
0.86149
0.892108
0.77196
0.818049
0.770293
0.797601
0.740156
0.636501
0.785813
0.803445
0.755217
0.890948
0.720887
0.826702
0.909065
0.802793
0.840007
0.752206
0.852511
0.734539
0.837791
0.778298
0.787321
0.745096
0.759728
0.806653
0.869282
0.883576
0.907648
0.648497
0.885053
0.837275
0.836481
0.707429
0.751318
0.770317
0.781027
0.800535
0.703226
0.79038
0.777887
0.827049
0.879335
0.844282
0.787236
0.873863
0.863912
0.809174
0.794934
0.891118
0.607549
0.651302
0.883903
0.841192
0.725856
0.728649
0.889801
0.816769
0.712248
0.910768
0.772251
0.852904
0.837157
0.896153
0.893592
0.885686
0.885015
0.803533
0.800477
0.832352
0.773831
0.781863
0.734153
0.716056
0.716435
0.785124
0.750048
0.878571
0.719288
0.7858
0.780072
0.803909
0.699496
0.888501
0.78305
0.826869
0.710801
0.77853
0.910473
0.886273
0.721752
0.813579
0.891715
0.849744
0.784017
0.808315
0.887702
0.891487
0.746699
0.824561
0.89077
0.803248
0.718133
0.866838
0.631835
0.812303
0.725414
0.655745
0.770735
0.86958
0.713174
0.808208
0.772706
0.853704
0.851596
0.774849
0.764011
0.77814
0.684681
0.891381
0.64659
0.778572
0.803453
0.890781
0.771282
0.840368
0.795327
0.827554
0.820732
0.71701
0.760057
0.784981
0.842717
0.739596
0.88994
0.830423
0.710331
0.699194
0.72211
0.713122
0.891457
0.859877
0.88349
0.793825
0.864562
0.862176
0.763995
0.809343
0.882115
0.779704
0.879959
0.730601
0.781462
0.905096
0.889778
0.851518
0.729222
0.706178
0.8899
0.816829
0.81038
0.774736
0.882265
0.847133
0.829504
0.728533
0.84485
0.842268
0.894875
0.89114
0.65375
0.755595
0.866904
0.827074
0.860245
0.872448
0.857656
0.867118
0.766935
0.832488
0.779477
0.842298
0.887497
0.501811
0.89083
0.730118
0.670006
0.791176
0.808179
0.628895
0.850282
0.862809
0.841036
0.742811
0.766149
0.623872
0.847175
0.831033
0.697877
0.892575
0.854153
0.83678
0.7711
0.742963
0.908571
0.708821
0.891126
0.889373
0.839269
0.84084
0.888022
0.729918
0.833941
0.878938
0.871737
0.729386
0.746855
0.846939
0.907158
0.809355
0.813329
0.890042
0.697957
0.669185
0.69029
0.899372
0.697707
0.692417
0.703154
0.771974
0.851937
0.831038
0.700292
0.753045
0.683798
0.699485
0.825754
0.713023
0.867626
0.8114
0.842135
0.687958
0.789686
0.798873
0.838184
0.696309
0.853509
0.898629
0.745826
0.82079
0.787112
0.785208
0.681123
0.734452
0.754405
0.752298
0.726727
0.810891
0.84166
0.857157
0.871238
0.780819
0.851311
0.809403
0.694273
0.699413
0.738983
0.872611
0.759161
0.745728
0.684683
0.896646
0.809218
0.810461
0.872762
0.840494
0.787249
0.815514
0.908341
0.832319
0.910191
0.85272
0.740621
0.815736
0.835269
0.681816
0.677592
0.898757
0.868841
0.698217
0.908512
0.635633
0.865482
0.884246
0.734308
0.882398
0.703964
0.912958
0.753357
0.878527
0.899939
0.818852
0.759304
0.723615
0.800775
0.861832
0.802207
0.691072
0.901745
0.786834
0.636012
0.77166
0.689124
0.773607
0.693951
0.673945
0.877506
0.764492
0.789398
0.768142
0.712578
0.840921
0.85622
0.700657
0.865659
0.694365
0.857423
0.848047
0.772193
0.722043
0.853479
0.904955
0.847765
0.807796
0.872385
0.879064
0.741349
0.799065
0.844639
0.801253
0.72999
0.866218
0.886918
0.787901
0.793183
0.854061
0.83327
0.883225
0.760121
0.811844
0.823266
0.84327
0.910555
0.848806
0.839222
0.724697
0.86398
0.86701
0.895061
0.860868
0.830069
0.863186
0.796119
0.887585
0.72886
0.880033
0.687058
0.85331
0.775834
0.77813
0.899044
0.787956
0.854143
0.861622
0.891018
0.858249
0.849127
0.912433
0.659522
0.855843
0.759587
0.848456
0.801678
0.869798
0.857854
0.833912
0.803946
0.885161
0.686593
0.69895
0.764184
0.766128
0.798379
0.902156
0.837267
0.800595
0.74701
0.89191
0.766658
0.712322
0.867061
0.84657
0.826675
0.809725
0.702592
0.889169
0.831063
0.690232
0.709246
0.795026
0.800559
0.717792
0.790624
0.789244
0.709722
0.804644
0.803721
0.87315
0.710316
0.802904
0.831069
0.719335
0.854803
0.888271
0.622045
0.862682
0.783259
0.779192
0.654839
0.729944
0.695809
0.909653
0.913297
0.833461
0.768631
0.81792
0.775361
0.840171
0.868249
0.855349
0.755106
0.681695
0.692596
0.90994
0.884813
0.83793
0.91226
0.827936
0.676645
0.722722
0.804976
0.896362
0.644802
0.771487
0.865298
0.738636
0.824366
0.754319
0.829006
0.885571
0.707365
0.735935
0.812122
0.725979
0.835245
0.718201
0.723701
0.861763
0.827965
0.769639
0.865931
0.682978
0.855078
0.797825
0.906346
0.870905
0.880054
0.807092
0.824797
0.839234
0.821954
0.892273
0.736908
0.846058
0.88482
0.803732
0.886839
0.884717
0.851141
0.685543
0.900272
0.849347
0.810521
0.884664
0.783823
0.806111
0.809168
0.819691
0.707092
0.70592
0.768648
0.738972
0.821027
0.708255
0.782211
0.886291
0.83288
0.891336
0.811017
0.825742
0.910806
0.879846
0.765945
0.913646
0.768616
0.761553
0.73198
0.830404
0.751602
0.795017
0.820366
0.81635
0.749519
0.857489
0.889512
0.676764
0.812511
0.813474
0.766249
0.835031
0.698571
0.856098
0.871144
0.823251
0.736155
0.814291
0.839121
0.808287
0.825125
0.910136
0.785255
0.684572
0.837005
0.788529
0.842411
0.820932
0.679246
0.893256
0.772194
0.909384
0.891036
0.885918
0.782686
0.730932
0.730741
0.821721
0.810223
0.884035
0.880271
0.882256
0.773672
0.818633
0.783544
0.726007
0.708118
0.817526
0.640192
0.910126
0.725245
0.884889
0.685857
0.82483
0.827062
0.812022
0.906692
0.813473
0.815369
0.834307
0.692791
0.763288
0.911128
0.764628
0.812566
0.79853
0.727604
0.824009
0.765293
0.768345
0.740995
0.760199
0.684258
0.904023
0.846012
0.753137
0.681505
0.727673
0.712192
0.89874
0.756317
0.772567
0.874811
0.879652
0.902911
0.900258
0.726931
0.83685
0.829858
0.836218
0.762773
0.711687
0.781503
0.843495
0.714587
0.82267
0.879704
0.831581
0.871549
0.717232
0.840178
0.764789
0.838331
0.890785
0.886641
0.791238
0.64599
0.795296
0.751853
0.774086
0.861284
0.687487
0.833712
0.819209
0.888657
0.904365
0.773564
0.772248
0.852567
0.708197
0.731989
0.866214
0.858252
0.858019
0.860683
0.890685
0.670558
0.727988
0.765742
0.781755
0.868466
0.837867
0.729052
0.738761
0.687059
0.794458
0.743944
0.698703
0.879298
0.834624
0.781779
0.77516
0.886587
0.754713
0.909653
0.670731
0.774598
0.880354
0.676048
0.881994
0.749685
0.688763
0.743705
0.816712
0.896024
0.625
0.834431
0.747606
0.756968
0.783349
0.766776
0.728977
0.847603
0.872235
0.826586
0.888648
0.911257
0.862665
0.676792
0.757582
0.827835
0.868732
0.905768
0.893327
0.871677
0.763076
0.893603
0.898554
0.752299
0.67821
0.775641
0.7309
0.708252
0.867948
0.796373
0.733702
0.725358
0.690207
0.829049
0.736461
0.889388
0.70878
0.731382
0.781142
0.776895
0.846889
0.730149
0.855943
0.776555
0.832646
0.859397
0.758387
0.717993
0.862454
0.890458
0.763903
0.655666
0.814885
0.730361
0.913233
0.831213
0.727667
0.818786
0.754329
0.848457
0.896879
0.700542
0.794793
0.691393
0.731166
0.736645
0.758524
0.830315
0.860336
0.777541
0.901936
0.700562
0.762256
0.859614
0.719407
0.700371
0.778474
0.714377
0.88117
0.902213
0.870772
0.884845
0.885738
0.822989
0.684863
0.764872
0.714053
0.83924
0.906774
0.814666
0.732203
0.877634
0.692764
0.89223
0.781641
0.785613
0.832074
0.727114
0.879256
0.65529
0.889724
0.761708
0.798329
0.859027
0.793115
0.860902
0.838965
0.902519
0.844695
0.881769
0.857225
0.813686
0.706958
0.89192
0.780464
0.840921
0.845273
0.86056
0.903849
0.831949
0.824856
0.750358
0.779477
0.751268
0.898982
0.849875
0.79506
0.845518
0.84214
0.733119
0.886516
0.673672
0.837325
0.796023
0.88923
0.874192
0.708812
0.881862
0.835575
0.756596
0.898863
0.791994
0.693902
0.778228
0.737938
0.773469
0.782462
0.907774
0.761563
0.863771
0.832842
0.891059
0.751634
0.835816
0.891208
0.865638
0.842131
0.756885
0.834749
0.799567
0.734088
0.838742
0.800638
0.775011
0.78425
0.8619
0.717215
0.790111
0.880546
0.781539
0.77271
0.887493
0.786622
0.797269
0.756241
0.695988
0.702149
0.862987
0.631092
0.79618
0.836838
0.834151
0.865099
0.836041
0.389713
0.890528
0.686171
0.863545
0.794076
0.765672
0.793031
0.867725
0.822847
0.753018
0.712566
0.720167
0.735104
0.781631
0.783464
0.75799
0.880803
0.840506
0.718504
0.786119
0.812115
0.685835
0.842974
0.791163
0.76005
0.736072
0.729033
0.695048
0.708276
0.785125
0.789181
0.849154
0.586809
0.731055
0.704244
0.871925
0.775406
0.785838
0.890454
0.858849
0.834327
0.756037
0.752964
0.856135
0.746921
0.875592
0.840977
0.833017
0.756194
0.753607
0.758926
0.661643
0.670037
0.753945
0.716243
0.74797
0.89068
0.67728
0.797125
0.806618
0.736933
0.745928
0.697194
0.751928
0.716062
0.750096
0.737871
0.847334
0.865642
0.82125
0.637934
0.886085
0.764055
0.845937
0.882349
0.913731
0.897221
0.766704
0.732752
0.837765
0.667039
0.821521
0.75712
0.864745
0.88649
0.772873
0.802119
0.698181
0.852372
0.889133
0.897434
0.77887
0.909513
0.812926
0.744132
0.749007
0.746875
0.899651
0.754951
0.77067
0.734122
0.641851
0.782144
0.859453
0.729825
0.812696
0.850661
0.912018
0.818622
0.665518
0.912871
0.750968
0.845457
0.752911
0.905093
0.735913
0.772458
0.840668
0.71038
0.648326
0.74208
0.882771
0.724132
0.889433
0.738768
0.773382
0.835891
0.894042
0.8719
0.895377
0.740308
0.83197
0.857026
0.59939
0.677004
0.745003
0.836446
0.873417
0.703211
0.897313
0.640178
0.867631
0.748592
0.906426
0.87733
0.890387
0.88051
0.738789
0.743036
0.771606
0.696729
0.757445
0.774791
0.714824
0.694086
0.840975
0.798935
0.843496
0.717847
0.74111
0.905554
0.753088
0.72154
0.811358
0.739577
0.715281
0.785197
0.716451
0.777065
0.884927
0.701835
0.774812
0.839602
0.84652
0.821717
0.719719
0.80379
0.808716
0.779327
0.877698
0.901423
0.813425
0.855859
0.848184
0.701811
0.812527
0.849856
0.866915
0.834765
0.774899
0.710994
0.80722
0.780084
0.811726
0.717049
0.898917
0.912508
0.855101
0.809691
0.871379
0.787261
0.817227
0.703322
0.769608
0.718848
0.850224
0.711701
0.733426
0.783314
0.809891
0.721671
0.736772
0.882686
0.747737
0.851266
0.779792
0.851685
0.838446
0.856356
0.752925
0.702872
0.853492
0.779345
0.785357
0.808175
0.887757
0.7207
0.733637
0.879155
0.810813
0.812961
0.911089
0.672228
0.786095
0.818919
0.905186
0.715255
0.898353
0.817143
0.781455
0.704182
0.732928
0.839713
0.842658
0.758848
0.827723
0.820893
0.695213
0.750322
0.67995
0.868117
0.888991
0.72507
0.771768
0.830766
0.780138
0.836352
0.672812
0.860395
0.714056
0.72164
0.658688
0.786513
0.882187
0.819839
0.735973
0.823195
0.890486
0.86913
0.770677
0.738149
0.768632
0.828417
0.705263
0.755619
0.701595
0.810805
0.689904
0.875889
0.84549
0.896766
0.810868
0.848378
0.823669
0.706534
0.888501
0.822141
0.777939
0.892622
0.884067
0.716165
0.684094
0.758644
0.840583
0.866716
0.706082
0.741567
0.713226
0.901144
0.757954
0.871593
0.782254
0.800995
0.781002
0.787514
0.766651
0.720167
0.851188
0.817641
0.715339
0.813719
0.714376
0.717714
0.770604
0.910084
0.752117
0.837483
0.699515
0.719712
0.811794
0.807497
0.70889
0.893959
0.736812
0.707648
0.838627
0.771666
0.802867
0.832982
0.775383
0.731887
0.87183
0.803774
0.654522
0.64647
0.852597
0.584565
0.783522
0.877589
0.893337
0.734199
0.788501
0.714219
0.792996
0.812049
0.747668
0.667512
0.701123
0.700532
0.700325
0.716082
0.849545
0.782475
0.711119
0.858116
0.737801
0.894824
0.85953
0.872179
0.856681
0.741159
0.876134
0.873301
0.789147
0.847148
0.698848
0.754926
0.806192
0.908244
0.914087
0.709893
0.753556
0.705784
0.7369
0.738701
0.786811
0.842472
0.884922
0.820583
0.746289
0.753967
0.813196
0.796546
0.743097
0.662402
0.753979
0.816533
0.667745
0.712563
0.742376
0.72418
0.75247
0.811808
0.901143
0.701341
0.829802
0.824884
0.78712
0.750798
0.774821
0.875083
0.7121
0.655114
0.657707
0.710807
0.665232
0.696396
0.735089
0.882923
0.748382
0.712405
0.784576
0.795094
0.834605
0.747212
0.734935
0.816319
0.785676
0.802998
0.80413
0.739087
0.738372
0.860148
0.726532
0.794796
0.745368
0.738612
0.89608
0.746994
0.87212
0.810666
0.794047
0.907185
0.908744
0.802671
0.891312
0.881794
0.886298
0.882858
0.752119
0.718414
0.867921
0.800674
0.80507
0.818646
0.730377
0.815344
0.785564
0.867456
0.913751
0.731498
0.812179
0.800933
0.746106
0.740873
0.703224
0.892
0.761813
0.717049
0.825422
0.86113
0.859381
0.740502
0.607417
0.734472
0.634786
0.703521
0.871389
0.779733
0.875779
0.903537
0.723153
0.889889
0.889604
0.770981
0.741511
0.87309
0.761569
0.766013
0.803194
0.868953
0.81029
0.752935
0.871117
0.848809
0.859125
0.873546
0.806697
0.698715
0.846599
0.794344
0.849266
0.827192
0.75287
0.78935
0.653307
0.825875
0.693158
0.862281
0.747839
0.8329
0.759864
0.858995
0.74708
0.90868
0.886355
0.779052
0.908156
0.613334
0.795252
0.685171
0.861073
0.643288
0.731131
0.72778
0.808217
0.773685
0.785908
0.723972
0.785398
0.845971
0.913016
0.837978
0.810343
0.765332
0.796518
0.786711
0.861404
0.635689
0.700549
0.772694
0.766749
0.824721
0.788491
0.906817
0.880182
0.85025
0.894631
0.759351
0.871734
0.823668
0.69185
0.777842
0.693162
0.75934
0.857923
0.7
0.912078
0.821714
0.779919
0.861808
0.874372
0.659125
0.870982
0.7
0.793582
0.832062
0.644317
0.806537
0.870425
0.906803
0.802231
0.712762
0.893304
0.769807
0.911522
0.742878
0.760883
0.650101
0.888674
0.699999
0.776815
0.704024
0.889801
0.891108
0.661313
0.879765
0.80323
0.885674
0.766251
0.900613
0.887349
0.743307
0.735117
0.808308
0.828115
0.773825
0.761484
0.888828
0.649541
0.831732
0.714119
0.835025
0.816533
0.877773
0.715958
0.880469
0.780755
0.763618
0.663856
0.846707
0.763631
0.787616
0.748175
0.65042
0.777428
0.769778
0.880998
0.887718
0.835309
0.888274
0.778638
0.816429
0.846659
0.886135
0.895982
0.68909
0.908113
0.69942
0.699505
0.854216
0.873593
0.884266
0.203217
0.812282
0.909999
0.741594
0.901768
0.714153
0.783381
0.6736
0.830726
0.781345
0.705101
0.763285
0.762025
0.848338
0.875112
0.829852
0.766493
0.841289
0.859063
0.809155
0.721383
0.689147
0.892364
0.718292
0.847201
0.877696
0.843493
0.707755
0.779581
0.674276
0.889234
0.845807
0.883942
0.858278
0.879131
0.861295
0.89375
0.890428
0.612383
0.777899
0.826008
0.713439
0.865413
0.837726
0.839898
0.643198
0.711806
0.682755
0.747455
0.887802
0.892277
0.717842
0.890327
0.856471
0.759796
0.884998
0.754988
0.716641
0.757591
0.724677
0.789738
0.698965
0.879414
0.857567
0.865013
0.732501
0.883878
0.840974
0.844806
0.753491
0.699747
0.750634
0.665487
0.860214
0.730454
0.633529
0.841832
0.729063
0.774853
0.841605
0.79166
0.72812
0.724962
0.778389
0.854675
0.891794
0.800669
0.707297
0.853543
0.890322
0.899621
0.810361
0.852073
0.837931
0.765793
0.729596
0.874916
0.842962
0.78431
0.869844
0.714052
0.71716
0.909815
0.700744
0.801149
0.836107
0.890403
0.787922
0.838795
0.84035
0.772701
0.84774
0.879984
0.7694
0.785027
0.637752
0.724947
0.734422
0.742311
0.8671
0.867166
0.82679
0.708355
0.717256
0.85813
0.665904
0.698589
0.893911
0.705158
0.864685
0.756554
0.697126
0.775684
0.828505
0.704291
0.867083
0.88059
0.787409
0.869314
0.691302
0.840545
0.872923
0.608797
0.883063
0.859178
0.708254
0.778004
0.742168
0.912596
0.778995
0.778644
0.886188
0.83926
0.878753
0.820102
0.898885
0.748881
0.889775
0.72333
0.857369
0.858963
0.77549
0.691792
0.792446
0.699813
0.897436
0.912384
0.789241
0.911527
0.876774
0.764897
0.88456
0.779814
0.839135
0.705255
0.697102
0.830977
0.590657
0.85949
0.882784
0.883843
0.753572
0.651216
0.869696
0.713592
0.758499
0.675138
0.899317
0.729602
0.806113
0.883901
0.874807
0.877373
0.653623
0.798303
0.906725
0.832222
0.672352
0.807522
0.909905
0.800597
0.891149
0.726041
0.872034
0.89246
0.767171
0.82448
0.872584
0.681009
0.875364
0.792055
0.867061
0.873937
0.758065
0.705289
0.846855
0.607782
0.818274
0.880635
0.776075
0.766391
0.763576
0.846823
0.739927
0.857825
0.682879
0.863835
0.752674
0.85622
0.704435
0.741409
0.858644
0.78341
0.701868
0.660499
0.688931
0.691097
0.877907
0.745075
0.865115
0.758254
0.762595
0.733301
0.884272
0.900526
0.911704
0.827288
0.723055
0.805027
0.890284
0.772088
0.791334
0.700649
0.697019
0.829952
0.895133
0.668037
0.642854
0.661345
0.842575
0.878045
0.71188
0.699982
0.612865
0.786243
0.719128
0.744017
0.872323
0.880674
0.897231
0.870948
0.648939
0.773003
0.685348
0.785575
0.722043
0.748055
0.845208
0.804053
0.737224
0.892747
0.883732
0.891582
0.774952
0.893522
0.833726
0.878395
0.537599
0.911975
0.802872
0.912396
0.770989
0.6794
0.860927
0.755031
0.91178
0.698997
0.843584
0.888555
0.758818
0.911595
0.901955
0.87901
0.697101
0.898773
0.906835
0.669581
0.74758
0.796349
0.824054
0.844724
0.882991
0.887268
0.790338
0.866872
0.646035
0.857755
0.784479
0.829574
0.842434
0.728748
0.80075
0.78613
0.830452
0.861196
0.881507
0.694649
0.793765
0.830754
0.882413
0.73999
0.736679
0.855277
0.768392
0.734743
0.68784
0.71935
0.889584
0.613932
0.755816
0.890127
0.859224
0.875438
0.806381
0.718708
0.776661
0.780412
0.868496
0.819161
0.752259
0.740774
0.720242
0.782465
0.895185
0.892263
0.812418
0.706725
0.839458
0.790271
0.650545
0.764431
0.643593
0.798306
0.871365
0.741732
0.889667
0.754429
0.8871
0.892061
0.711851
0.895768
0.85716
0.743295
0.682715
0.688079
0.859817
0.856567
0.8842
0.693813
0.872611
0.798025
0.769417
0.68689
0.863306
0.869443
0.810898
0.796158
0.749673
0.885447
0.826811
0.71769
0.759328
0.886893
0.644566
0.801
0.871477
0.903133
0.888406
0.727175
0.794043
0.876898
0.825814
0.893841
0.71852
0.741165
0.714605
0.90853
0.734802
0.898427
0.782794
0.892644
0.898232
0.775463
0.885291
0.803216
0.699196
0.907091
0.736095
0.672675
0.760454
0.913769
0.793039
0.889574
0.796189
0.661703
0.837737
0.771383
0.816991
0.847106
0.72118
0.825514
0.873328
0.721275
0.753046
0.7654
0.897905
0.869974
0.808186
0.912155
0.765474
0.903898
0.739327
0.774852
0.744702
0.884175
0.892664
0.728482
0.870036
0.741891
0.632409
0.825893
0.877959
0.881724
0.634617
0.823369
0.895076
0.742994
0.833316
0.899101
0.886682
0.868792
0.700514
0.724684
0.82801
0.824883
0.910613
0.893245
0.865574
0.879737
0.71752
0.680494
0.878394
0.636689
0.877033
0.675099
0.75782
0.892994
0.748804
0.769599
0.879753
0.643578
0.890673
0.86547
0.786382
0.829865
0.913797
0.710634
0.879078
0.880272
0.723296
0.755733
0.862441
0.759764
0.838327
0.684779
0.887645
0.90333
0.878127
0.674942
0.659761
0.863818
0.765714
0.739711
0.880656
0.688546
0.752298
0.545671
0.754039
0.899531
0.762109
0.892683
0.787786
0.884148
0.752767
0.909018
0.879621
0.459301
0.754904
0.644429
0.764585
0.910898
0.721317
0.836771
0.833776
0.890383
0.625563
0.789798
0.861083
0.79515
0.746868
0.781304
0.79855
0.73951
0.886695
0.910052
0.889299
0.749683
0.628081
0.768354
0.805646
0.817434
0.664413
0.804874
0.81066
0.877481
0.792928
0.696828
0.675959
0.701649
0.89885
0.626412
0.908281
0.725301
0.720291
0.85502
0.86876
0.903194
0.734794
0.737869
0.726889
0.716012
0.70807
0.86929
0.792092
0.748294
0.615881
0.881325
0.831859
0.549482
0.816564
0.807373
0.725602
0.894396
0.806615
0.883448
0.843816
0.718242
0.90724
0.694181
0.835828
0.746423
0.730752
0.887638
0.819711
0.755899
0.681615
0.750474
0.694986
0.880281
0.746897
0.728159
0.704326
0.837338
0.911617
0.900067
0.859436
0.769963
0.785774
0.68912
0.880072
0.886779
0.734876
0.832486
0.910252
0.815331
0.724658
0.857863
0.772818
0.88363
0.888549
0.883067
0.735806
0.734186
0.641083
0.807134
0.798702
0.86315
0.869205
0.80379
0.766525
0.73543
0.706564
0.804027
0.838056
0.837058
0.886836
0.63046
0.65897
0.761326
0.898957
0.731096
0.810837
0.738101
0.742144
0.909307
0.702744
0.840132
0.787874
0.881352
0.617725
0.811753
0.722053
0.905733
0.889328
0.790326
0.816092
0.719899
0.703111
0.61443
0.859186
0.746791
0.63327
0.688467
0.846624
0.616868
0.909881
0.885033
0.844156
0.838142
0.785975
0.886468
0.730962
0.742249
0.837814
0.765973
0.680202
0.71254
0.910817
0.862594
0.8051
0.815338
0.282228
0.787224
0.803175
0.847111
0.855551
0.675576
0.885223
0.905997
0.742806
0.854276
0.689679
0.866977
0.890779
0.719239
0.799571
0.892169
0.87109
0.72421
0.880805
0.85612
0.744137
0.805003
0.62719
0.886397
0.745475
0.740741
0.878166
0.620947
0.681315
0.814602
0.789815
0.884657
0.724545
0.803253
0.768668
0.761869
0.83773
0.910941
0.896198
0.898684
0.846301
0.695003
0.71976
0.806024
0.754642
0.753202
0.733023
0.892386
0.803856
0.79431
0.686767
0.892358
0.680592
0.882054
0.9008
0.807883
0.813965
0.719573
0.74759
0.882003
0.856149
0.686443
0.883951
0.73157
0.905895
0.695904
0.795619
0.815355
0.911246
0.796863
0.748764
0.722815
0.683689
0.639143
0.700739
0.757291
0.789718
0.633287
0.79909
0.89856
0.891582
0.78981
0.674328
0.70021
0.630347
0.86443
0.813868
0.891017
0.763218
0.675668
0.714657
0.677331
0.740298
0.710409
0.823975
0.904864
0.891906
0.823804
0.722842
0.78539
0.813137
0.780016
0.678731
0.891416
0.720763
0.772704
0.908306
0.761059
0.69137
0.73221
0.815783
0.81189
0.892336
0.845868
0.892013
0.6888
0.679732
0.75234
0.863918
0.847342
0.729562
0.799971
0.71988
0.854471
0.726155
0.711866
0.849172
0.799298
0.774128
0.690551
0.820007
0.662544
0.786919
0.798354
0.83025
0.709323
0.892591
0.702826
0.732985
0.696587
0.6906
0.865681
0.854058
0.869842
0.813143
0.715762
0.890113
0.905703
0.904523
0.88626
0.693073
0.727626
0.846841
0.891319
0.710902
0.743018
0.840601
0.68799
0.652658
0.878333
0.88878
0.62395
0.728001
0.82184
0.815933
0.614512
0.757001
0.740852
0.685735
0.851406
0.845007
0.695804
0.719045
0.722287
0.880577
0.699054
0.833166
0.864596
0.756866
0.7562
0.683233
0.72592
0.723351
0.89314
0.723154
0.719715
0.801577
0.674067
0.641591
0.707386
0.830013
0.897021
0.737992
0.910939
0.7771
0.883808
0.67
0.857858
0.728828
0.905661
0.878879
0.698628
0.791232
0.833647
0.882949
0.739419
0.738603
0.787563
0.868386
0.752723
0.751884
0.773186
0.837013
0.859033
0.755353
0.841614
0.790324
0.766538
0.812354
0.759146
0.672585
0.781238
0.858592
0.894466
0.748266
0.723662
0.749093
0.907458
0.782267
0.429967
0.701846
0.79771
0.480473
0.7
0.598125
0.898629
0.910863
0.762516
0.788409
0.671459
0.878602
0.873349
0.79281
0.703557
0.870492
0.607954
0.718041
0.7442
0.803257
0.815872
0.714906
0.611295
0.892995
0.784256
0.865432
0.77663
0.627262
0.784974
0.813904
0.720646
0.909436
0.863073
0.662509
0.719408
0.908238
0.89954
0.783336
0.861611
0.676353
0.910788
0.836188
0.773492
0.856381
0.690378
0.84463
0.873641
0.806078
0.739753
0.780647
0.697746
0.686963
0.777481
0.809192
0.808489
0.653212
0.732031
0.836165
0.888324
0.849988
0.802292
0.772819
0.777469
0.781421
0.700088
0.713555
0.704332
0.866439
0.907342
0.786916
0.891093
0.840137
0.834787
0.767556
0.812313
0.709484
0.796223
0.864449
0.85379
0.724675
0.785256
0.802498
0.835372
0.691272
0.697573
0.685879
0.783871
0.694486
0.716586
0.807515
0.707001
0.612958
0.862747
0.720144
0.665861
0.898831
0.911347
0.684033
0.904564
0.682011
0.88646
0.899318
0.632858
0.884514
0.81512
0.835712
0.830745
0.798107
0.77057
0.739586
0.772607
0.791136
0.859375
0.709635
0.77752
0.749647
0.834483
0.675464
0.668478
0.683024
0.83381
0.672247
0.464678
0.798721
0.720212
0.780649
0.61358
0.811099
0.658703
0.792841
0.725723
0.836461
0.73059
0.818465
0.719737
0.748811
0.813412
0.654209
0.88878
0.859049
0.87405
0.883493
0.698392
0.669786
0.858266
0.711036
0.763611
0.878096
0.897342
0.711863
0.800152
0.890626
0.852546
0.890868
0.82765
0.86587
0.767695
0.716008
0.876938
0.857837
0.897898
0.716232
0.78972
0.748971
0.721901
0.739004
0.725553
0.786123
0.702792
0.659516
0.734466
0.762856
0.658452
0.698547
0.709905
0.832039
0.715217
0.761063
0.674416
0.888248
0.825411
0.90576
0.706791
0.848484
0.669325
0.862191
0.661161
0.753371
0.792779
0.80841
0.886105
0.696021
0.707616
0.790481
0.861169
0.790844
0.849684
0.78269
0.877367
0.708048
0.883753
0.805017
0.869428
0.842213
0.80496
0.82284
0.892447
0.768669
0.617005
0.801033
0.771974
0.702664
0.794112
0.844456
0.688127
0.877615
0.721485
0.480675
0.869463
0.826928
0.513593
0.655352
0.83619
0.888338
0.796924
0.652453
0.688659
0.76752
0.805509
0.861256
0.63658
0.762613
0.662957
0.70179
0.862254
0.843167
0.801171
0.862737
0.693218
0.657114
0.874153
0.88425
0.691271
0.745717
0.61699
0.601636
0.861208
0.691016
0.697382
0.851305
0.730796
0.782022
0.795436
0.809751
0.797698
0.805451
0.871154
0.865292
0.667518
0.594949
0.696897
0.809375
0.880205
0.726635
0.607043
0.702964
0.911719
0.732349
0.875191
0.802706
0.700247
0.88748
0.613894
0.672034
0.85808
0.824262
0.912755
0.781218
0.781818
0.866401
0.891055
0.835634
0.642744
0.889598
0.861459
0.752598
0.609056
0.691362
0.869459
0.812737
0.647241
0.662908
0.699807
0.863711
0.913232
0.663201
0.645415
0.804892
0.651208
0.664251
0.648959
0.833709
0.652821
0.753217
0.836713
0.870707
0.80908
0.727907
0.723104
0.778812
0.784134
0.657373
0.664815
0.722155
0.826784
0.76923
0.691748
0.775469
0.646663
0.606312
0.782358
0.683718
0.64744
0.834802
0.697602
0.888793
0.787051
0.718197
0.897838
0.808463
0.869103
0.841907
0.687492
0.734679
0.806009
0.808943
0.82747
0.738874
0.68834
0.873058
0.795461
0.679952
0.674254
0.834989
0.881384
0.793182
0.717462
0.840503
0.746763
0.884483
0.663894
0.670965
0.81912
0.782227
0.853894
0.717194
0.7817
0.811009
0.664033
0.650339
0.719424
0.844198
0.704711
0.808984
0.683014
0.780889
0.879276
0.899262
0.867937
0.789673
0.875896
0.779521
0.701538
0.613552
0.682716
0.887405
0.807911
0.654318
0.612725
0.824125
0.72712
0.713731
0.849889
0.777524
0.611471
0.913332
0.879985
0.88708
0.912741
0.739338
0.695725
0.740407
0.906578
0.767438
0.882392
0.693434
0.839473
0.831539
0.668325
0.89827
0.844515
0.828022
0.805672
0.885368
0.701229
0.724554
0.69021
0.907196
0.879471
0.698209
0.911699
0.865425
0.905138
0.658963
0.794223
0.655531
0.895957
0.743787
0.504236
0.685083
0.771685
0.885064
0.832181
0.794289
0.739615
0.902206
0.779388
0.835328
0.69718
0.89991
0.736232
0.748842
0.851522
0.771804
0.738958
0.904671
0.811661
0.77171
0.818177
0.675652
0.869877
0.8929
0.721757
0.681587
0.880185
0.912071
0.817494
0.758437
0.82701
0.76549
0.910038
0.680188
0.873278
0.718192
0.872202
0.644107
0.723544
0.652565
0.618922
0.75215
0.871531
0.882079
0.756469
0.882564
0.881571
0.671774
0.875186
0.780902
0.90974
0.71432
0.870259
0.779556
0.887104
0.635501
0.701054
0.762147
0.664112
0.88564
0.898619
0.883856
0.771275
0.728658
0.651018
0.696138
0.877496
0.853899
0.892473
0.861146
0.879387
0.745465
0.831123
0.878648
0.698922
0.863586
0.838249
0.744287
0.745891
0.882872
0.791895
0.845415
0.222568
0.749528
0.743432
0.829864
0.701052
0.769438
0.781614
0.865483
0.812242
0.747565
0.862517
0.857965
0.694738
0.6181
0.648504
0.71002
0.853705
0.805304
0.850517
0.646666
0.902777
0.913121
0.779999
0.693733
0.586589
0.909812
0.746202
0.843425
0.624138
0.733339
0.864255
0.851338
0.750215
0.695958
0.814793
0.708684
0.670343
0.897056
0.804899
0.910545
0.778437
0.760928
0.854096
0.891096
0.884432
0.708496
0.751077
0.811188
0.818989
0.641148
0.762715
0.865261
0.891538
0.83425
0.785248
0.839993
0.760627
0.886256
0.7257
0.861053
0.662196
0.624841
0.80661
0.855645
0.786212
0.869273
0.717089
0.805349
0.736687
0.906763
0.817606
0.837577
0.85323
0.831077
0.813691
0.785067
0.802561
0.826784
0.677586
0.840891
0.678485
0.843285
0.726824
0.707863
0.891145
0.730822
0.794829
0.768957
0.787836
0.868576
0.645358
0.706796
0.744902
0.711039
0.842253
0.764065
0.621521
0.861603
0.666783
0.799581
0.900143
0.660559
0.50454
0.787349
0.796189
0.756955
0.681962
0.744657
0.795397
0.793042
0.855488
0.868004
0.863959
0.734539
0.549594
0.854398
0.862336
0.75729
0.882532
0.732009
0.846698
0.82515
0.800921
0.732821
0.772032
0.837905
0.740488
0.882651
0.860363
0.841441
0.724055
0.765817
0.786732
0.844356
0.753536
0.813914
0.738557
0.83804
0.770377
0.881253
0.687396
0.742206
0.769172
0.700235
0.606158
0.635521
0.70901
0.70962
0.80448
0.856826
0.724743
0.725471
0.72642
0.742969
0.901917
0.818249
0.772627
0.713579
0.68736
0.640269
0.836061
0.726338
0.739961
0.694562
0.620924
0.827883
0.894434
0.733326
0.897814
0.759033
0.756235
0.619269
0.80318
0.736015
0.770065
0.893861
0.865597
0.637606
0.727436
0.688462
0.500261
0.892289
0.887296
0.685491
0.760076
0.631771
0.884511
0.854804
0.891074
0.770384
0.741762
0.74018
0.850004
0.832262
0.742232
0.876935
0.857462
0.397763
0.582802
0.756217
0.724293
0.785417
0.778643
0.839558
0.844759
0.733492
0.864994
0.910962
0.889802
0.786925
0.869896
0.786847
0.566794
0.888057
0.67737
0.817669
0.577321
0.741792
0.835133
0.803435
0.786652
0.850348
0.822201
0.909268
0.912468
0.894737
0.713075
0.684514
0.770715
0.899098
0.787554
0.774434
0.693631
0.849794
0.822077
0.802814
0.823595
0.887254
0.816487
0.77876
0.627537
0.727027
0.69919
0.700936
0.804956
0.675607
0.828842
0.743641
0.756762
0.780687
0.823374
0.727921
0.862931
0.737264
0.816212
0.911774
0.793497
0.728497
0.741162
0.815301
0.686063
0.749461
0.911287
0.807409
0.708355
0.822398
0.908763
0.816196
0.898667
0.758461
0.631277
0.75606
0.77335
0.622994
0.857366
0.824861
0.758962
0.870038
0.627054
0.740649
0.758084
0.785761
0.811393
0.887563
0.704396
0.810437
0.729102
0.795367
0.610763
0.836426
0.907291
0.852298
0.731722
0.716176
0.660949
0.525756
0.789972
0.820145
0.870247
0.787903
0.868398
0.435869
0.821314
0.887617
0.717147
0.78076
0.779027
0.835752
0.876317
0.696437
0.887261
0.86961
0.695307
0.892151
0.769258
0.903816
0.70003
0.726044
0.792816
0.704196
0.911516
0.726443
0.807666
0.864225
0.674524
0.435098
0.691051
0.713599
0.824934
0.550079
0.739216
0.875484
0.78227
0.664343
0.705499
0.654924
0.783931
0.840757
0.837434
0.70223
0.715819
0.848763
0.756916
0.710822
0.865727
0.778593
0.65119
0.117032
0.607788
0.106183
0.80007
0.755255
0.718509
0.888455
0.74144
0.598296
0.7569
0.631587
0.728379
0.617363
0.719346
0.707479
0.72412
0.814216
0.315854
0.777429
0.789131
0.727762
0.710088
0.912554
0.757555
0.868988
0.695678
0.883187
0.76727
0.896593
0.790405
0.867531
0.713872
0.875948
0.728676
0.88889
0.78799
0.912033
0.862006
0.675512
0.624481
0.68661
0.880482
0.732464
0.888821
0.610197
0.603105
0.738796
0.735301
0.796126
0.674381
0.733783
0.778135
0.725933
0.809385
0.717389
0.799225
0.660865
0.817633
0.73828
0.869686
0.783727
0.833997
0.669356
0.874454
0.792463
0.70445
0.565375
0.727339
0.888481
0.771733
0.842505
0.731021
0.795909
0.874101
0.757005
0.73172
0.91069
0.820391
0.830276
0.753626
0.679808
0.888086
0.835703
0.834897
0.772626
0.701581
0.801793
0.408927
0.691741
0.774516
0.783229
0.668434
0.671948
0.719373
0.668375
0.87239
0.836728
0.693299
0.790166
0.775378
0.700996
0.896062
0.716984
0.86806
0.885407
0.646219
0.715463
0.826192
0.639541
0.677692
0.821593
0.809465
0.876189
0.83074
0.786168
0.895653
0.755164
0.755962
0.722626
0.63786
0.819423
0.671222
0.897386
0.830619
0.833875
0.784962
0.67087
0.772575
0.738716
0.787008
0.830469
0.618091
0.886989
0.74576
0.640068
0.71064
0.912706
0.77414
0.855282
0.74012
0.797594
0.848511
0.645198
0.736469
0.856362
0.73334
0.784868
0.854098
0.889375
0.756703
0.826497
0.811907
0.845843
0.815551
0.72429
0.743952
0.828925
0.908668
0.755069
0.898672
0.712468
0.776235
0.697202
0.67313
0.733155
0.755762
0.862437
0.807916
0.722155
0.703322
0.840267
0.524674
0.886175
0.723943
0.80278
0.779409
0.81427
0.694628
0.619491
0.508865
0.828789
0.709416
0.707878
0.66147
0.908202
0.780342
0.209231
0.832808
0.846074
0.839452
0.722833
0.689455
0.812477
0.735539
0.739531
0.78979
0.657006
0.662767
0.765504
0.904587
0.85805
0.784516
0.697371
0.841602
0.732302
0.813009
0.602382
0.655685
0.814923
0.761805
0.675057
0.622222
0.756557
0.887328
0.707901
0.885628
0.817266
0.891206
0.891967
0.638227
0.771465
0.850496
0.640811
0.800296
0.787521
0.417066
0.659872
0.743193
0.829759
0.760397
0.817308
0.640504
0.695206
0.829356
0.68183
0.789849
0.775359
0.742747
0.796611
0.705415
0.753685
0.483746
0.774698
0.73922
0.863438
0.716212
0.810906
0.621233
0.726197
0.660179
0.704474
0.524799
0.910151
0.822485
0.790906
0.859285
0.785854
0.887843
0.905965
0.810962
0.851263
0.783778
0.803512
0.728962
0.776328
0.298923
0.783817
0.767644
0.612783
0.82022
0.892359
0.850461
0.86049
0.855179
0.679091
0.906594
0.728741
0.85725
0.8959
0.700082
0.887777
0.713477
0.882725
0.74458
0.687248
0.739076
0.638838
0.781639
0.736076
0.563218
0.740067
0.736312
0.707611
0.825613
0.727275
0.835296
0.651581
0.838436
0.619108
0.904052
0.704043
0.737294
0.740437
0.824227
0.793553
0.799754
0.791009
0.7681
0.661592
0.209546
0.242093
0.652205
0.628251
0.784481
0.528384
0.730981
0.831606
0.768047
0.544679
0.596794
0.246384
0.824084
0.669995
0.751656
0.742874
0.715856
0.872016
0.655603
0.608236
0.769551
0.822883
0.674431
0.347739
0.692043
0.904927
0.659212
0.608219
0.618031
0.812564
0.770037
0.62479
0.594182
0.885971
0.855027
0.741178
0.741998
0.846215
0.839865
0.776533
0.816864
0.799594
0.0639381
0.763773
0.78722
0.693244
0.701334
0.704954
0.727115
0.825623
0.741172
0.664623
0.860679
0.875353
0.639078
0.898903
0.808229
0.701239
0.737163
0.870717
0.739394
0.770911
0.826404
0.65861
0.758889
0.741056
0.818374
0.785536
0.59726
0.786758
0.638042
0.602036
0.696478
0.674615
0.738653
0.855145
0.577401
0.775025
0.713159
0.666358
0.690109
0.90332
0.786625
0.905273
0.648187
0.782268
0.625802
0.783001
0.649993
0.580838
0.827473
0.48979
0.839495
0.740038
0.885009
0.681131
0.738015
0.738948
0.606863
0.705029
0.579429
0.646443
0.718212
0.866034
0.886378
0.595365
0.725696
0.766986
0.891119
0.614298
0.705523
0.828847
0.706637
0.894099
0.637218
0.688633
0.876487
0.717711
0.81735
0.761134
0.688807
0.73864
0.788871
0.820557
0.39745
0.889466
0.900505
0.771901
0.83477
0.762897
0.694583
0.878013
0.591623
0.76914
0.659319
0.706248
0.701086
0.883805
0.602026
0.867654
0.652771
0.628033
0.750202
0.886203
0.771962
0.751902
0.786945
0.727782
0.886552
0.857824
0.875285
0.715141
0.571433
0.758409
0.684927
0.691313
0.646453
0.694538
0.429448
0.871178
0.604014
0.855841
0.703258
0.276636
0.87903
0.706124
0.833727
0.614774
0.817408
0.776175
0.602871
0.6412
0.535918
0.680576
0.687915
0.89771
0.500608
0.831054
0.189647
0.782076
0.722277
0.608368
0.702383
0.749881
0.713847
0.884538
0.572577
0.690692
0.666153
0.855058
0.561696
0.553177
0.828144
0.381859
0.832366
0.668197
0.408676
0.863949
0.554639
0.375227
0.841734
0.701527
0.723717
0.669947
0.656533
0.781528
0.658292
0.738133
0.86083
0.733047
0.65282
0.64844
0.691388
0.731843
0.668373
0.549304
0.61116
0.622848
0.288732
0.598509
0.664644
0.726621
0.807785
0.699996
0.70032
0.70023
0.70043
0.700245
0.696689
0.700819
0.701293
0.701477
0.7
0.699999
0.700143
0.700087
0.699998
0.7
0.7
0.699691
0.702736
0.702485
0.701819
0.690866
0.697995
0.702414
0.698784
0.701873
0.711532
0.711096
0.71285
0.700913
0.697277
0.700642
0.68954
0.702618
0.694915
0.711042
0.705533
0.705458
0.689142
0.709581
0.686645
0.834421
0.709194
0.686935
0.699577
0.757635
0.735587
0.693157
0.689962
0.689033
0.832623
0.745213
0.752707
0.720368
0.794814
0.775261
0.750401
0.703986
0.66628
0.768089
0.7403
0.834115
0.685606
0.707818
0.829723
0.675981
0.66431
0.666869
0.823676
0.749733
0.842864
0.740468
0.792413
0.761394
0.668137
0.882201
0.883186
0.742173
0.701396
0.736184
0.798616
0.7123
0.658934
0.698689
0.855555
0.694572
0.891985
0.877637
0.724505
0.813406
0.776865
0.855977
0.856366
0.706373
0.648456
0.767658
0.790593
0.656224
0.747918
0.836582
0.791878
0.825747
0.649555
0.88885
0.711186
0.815279
0.779574
0.717133
0.73005
0.787592
0.885738
0.683706
0.79698
0.68961
0.639325
0.656713
0.801164
0.686179
0.838836
0.836965
0.727311
0.882686
0.656226
0.711795
0.751085
0.827911
0.761407
0.80158
0.804426
0.887737
0.807081
0.722507
0.620359
0.606575
0.911994
0.681706
0.690086
0.728435
0.484469
0.795791
0.745176
0.891604
0.688775
0.818914
0.638177
0.911402
0.912376
0.797271
0.797318
0.686968
0.80669
0.6656
0.650193
0.657972
0.863687
0.618842
0.723428
0.68363
0.690106
0.686231
0.891019
0.814906
0.798794
0.6276
0.665594
0.709926
0.80516
0.808105
0.691308
0.409049
0.345514
0.456112
0.481023
0.228327
0.548896
0.815376
0.794373
0.835994
0.721996
0.795566
0.303009
0.658635
0.761348
0.733407
0.893052
0.90978
0.832686
0.648488
0.709573
0.803672
0.560897
0.820776
0.304222
0.863289
0.554065
0.906269
0.729206
0.841248
0.864235
0.799513
0.800878
0.633784
0.764706
0.480861
0.843711
0.840502
0.871091
0.763253
0.763375
0.892439
0.587018
0.862975
0.74587
0.854003
0.74406
0.623335
0.664756
0.737698
0.890827
0.745462
0.62073
0.600734
0.603441
0.616354
0.649037
0.647102
0.637355
0.635625
0.864208
0.738434
0.865718
0.660244
0.73986
0.788486
0.874011
0.885804
0.908864
0.855034
0.87695
